0.000000000000000000e+00,1.480000000000000071e+01,1.059653846450380570e+03,7.450353022932831664e+02,1.030000000000000071e+01,8.838200322317277369e+00,6.464466094067262247e+00
0.000000000000000000e+00,1.480000000000000071e+01,1.059653846450380570e+03,7.450353022932831664e+02,1.030000000000000071e+01,8.838200322317277369e+00,6.463831971487389971e+00
0.000000000000000000e+00,1.480000000000000071e+01,1.059653846450380570e+03,7.450353022932831664e+02,1.030000000000000071e+01,8.838200322317277369e+00,6.463197962682612818e+00
0.000000000000000000e+00,1.480000000000000071e+01,1.059653846450380570e+03,7.450353022932831664e+02,1.030000000000000071e+01,8.838200322317277369e+00,6.462564067673336687e+00
0.000000000000000000e+00,1.479999974601839163e+01,1.059653880250304155e+03,7.450353029504390179e+02,1.030000101592643880e+01,8.838200050430266685e+00,6.461930286479955043e+00
0.000000000000000000e+00,1.477495929664604368e+01,1.062980521482661516e+03,7.451000976762142045e+02,1.040016281341582527e+01,8.811394279153548226e+00,6.461296619122856022e+00
0.000000000000000000e+00,1.474995115597525164e+01,1.066289124174105609e+03,7.451648200493222021e+02,1.050019537609898990e+01,8.784623094303427138e+00,6.460663065622433088e+00
0.000000000000000000e+00,1.472494301530446137e+01,1.069584020674458770e+03,7.452295536674951109e+02,1.060022793878215452e+01,8.757851909453306050e+00,6.460029625999065495e+00
0.000000000000000000e+00,1.469999999999999929e+01,1.072860154888117222e+03,7.452941299126313197e+02,1.069999695818697205e+01,8.731150441230397519e+00,6.459396300273140490e+00
0.000000000000000000e+00,1.469999999999999929e+01,1.073692119443093816e+03,7.452941299126313197e+02,1.062478020188863503e+01,8.731150441230397519e+00,6.458763088465026669e+00
0.000000000000000000e+00,1.469999999999999929e+01,1.074525353966363127e+03,7.452941299126313197e+02,1.054975577987626245e+01,8.731150441230397519e+00,6.458129990595105063e+00
0.000000000000000000e+00,1.469999999999999929e+01,1.075358588489632893e+03,7.452941299126313197e+02,1.047473135786388809e+01,8.731150441230397519e+00,6.457497006683742491e+00
0.000000000000000000e+00,1.469999544622989340e+01,1.076188366918178190e+03,7.452941417034841152e+02,1.040000455377010624e+01,8.731145563181925695e+00,6.456864136751303107e+00
0.000000000000000000e+00,1.464978834255942708e+01,1.073969984741962207e+03,7.454241593812391784e+02,1.045021165744057257e+01,8.677363163193742679e+00,6.456231380818151067e+00
0.000000000000000000e+00,1.459977206121784477e+01,1.071761769744771982e+03,7.455537280137609741e+02,1.050022793878215488e+01,8.623785174176687107e+00,6.455598738904646972e+00
0.000000000000000000e+00,1.454975577987626245e+01,1.069555297722690057e+03,7.456833416970069948e+02,1.055024422012373897e+01,8.570207185159629759e+00,6.454966211031143430e+00
0.000000000000000000e+00,1.449959712828022518e+01,1.067363178638763657e+03,7.458133695937023049e+02,1.060048120114567460e+01,8.516476460268782134e+00,6.454333797217991275e+00
0.000000000000000000e+00,1.434916965157928992e+01,1.074235467334358191e+03,7.462035996672397005e+02,1.090166069684141981e+01,8.355048474801174407e+00,6.453701497485542227e+00
0.000000000000000000e+00,1.419912080755454120e+01,1.080829826660007939e+03,7.465932545484605498e+02,1.120175838489091369e+01,8.194027353109124334e+00,6.453069311854132906e+00
0.000000000000000000e+00,1.404907196352979604e+01,1.087184945110815988e+03,7.469833165846496286e+02,1.150185607294040935e+01,8.033006231417074261e+00,6.452437240344111480e+00
0.000000000000000000e+00,1.389881640372795957e+01,1.093265131771012648e+03,7.473743246359811110e+02,1.179994960143067750e+01,7.871761433614846482e+00,6.451805282975811018e+00
0.000000000000000000e+00,1.367346141322044950e+01,1.092648902686280508e+03,7.479615308954030297e+02,1.159863236730706504e+01,7.629104450082841105e+00,6.451173439769562812e+00
0.000000000000000000e+00,1.344838814718332642e+01,1.091796103430572884e+03,7.485489247942908833e+02,1.139856724194073578e+01,7.386753282924164665e+00,6.450541710745699042e+00
0.000000000000000000e+00,1.322331488114620512e+01,1.090709935234215891e+03,7.491372420100968839e+02,1.119850211657440475e+01,7.144402115765489114e+00,6.449910095924546560e+00
0.000000000000000000e+00,1.299875694485450417e+01,1.089393378831280870e+03,7.497251345220652183e+02,1.099843699120807550e+01,6.902603022496857754e+00,6.449278595326424224e+00
0.000000000000000000e+00,1.287398241615109029e+01,1.086835408698268338e+03,7.500521931172047516e+02,1.079837186584174624e+01,6.767817244569171109e+00,6.448647208971650890e+00
0.000000000000000000e+00,1.274894171279713362e+01,1.084243771450979466e+03,7.503802357927656885e+02,1.059830674047541521e+01,6.632745420662374158e+00,6.448015936880543642e+00
0.000000000000000000e+00,1.262390100944317872e+01,1.081613673928501385e+03,7.507085655392367016e+02,1.039824161510908596e+01,6.497673596755577208e+00,6.447384779073409788e+00
0.000000000000000000e+00,1.249899240493476960e+01,1.078939034299174182e+03,7.510368354135355276e+02,1.019880072506155599e+01,6.362743157251550485e+00,6.446753735570561084e+00
0.000000000000000000e+00,1.239905568218821230e+01,1.074399844523954243e+03,7.512996839818753188e+02,1.009905568218821159e+01,6.254562682486332292e+00,6.446122806392297733e+00
0.000000000000000000e+00,1.229902311950504767e+01,1.069878271324849038e+03,7.515629689352110745e+02,9.999023119505046964e+00,6.146279425498322624e+00,6.445491991558918166e+00
0.000000000000000000e+00,1.219899055682188127e+01,1.065364355451519259e+03,7.518264384840385901e+02,9.898990556821882336e+00,6.037996168510312955e+00,6.444861291090722588e+00
4.809624467616641563e-04,1.209911372301099775e+01,1.060847095130881371e+03,7.520896822249577554e+02,9.798501726986673432e+00,5.929880550530858052e+00,6.444230705008002325e+00
7.580592640833614393e-01,1.202419407359166392e+01,1.053869208681703640e+03,7.522872677602407521e+02,9.572582220774989992e+00,5.848647977836512801e+00,6.443600233331048699e+00
1.508303484207099254e+00,1.194916965157928956e+01,1.046945803387765409e+03,7.524852336733648599e+02,9.347508954737870468e+00,5.767302442879564950e+00,6.442969876080139713e+00
2.258547704330837291e+00,1.187414522956691698e+01,1.040061927415865739e+03,7.526833038041730788e+02,9.122435688700749168e+00,5.685956907922617098e+00,6.442339633275564026e+00
3.020706847262013550e+00,1.179957052894265779e+01,1.033221552937967999e+03,7.528802899995953339e+02,8.897076389566141330e+00,5.605098651322903081e+00,6.441709504937598751e+00
1.033734939759035676e+01,1.177469879518072382e+01,1.027048507667303738e+03,7.529460106565518345e+02,8.621686746987952787e+00,5.578105879846697590e+00,6.441079491086514786e+00
1.758971019211982423e+01,1.174969065450993178e+01,1.020889308031565861e+03,7.530121033213374631e+02,8.346597199609247397e+00,5.550965173887903781e+00,6.440449591742581248e+00
2.484207098664928992e+01,1.172468251383913973e+01,1.014747254220649097e+03,7.530782075902055794e+02,8.071507652230543783e+00,5.523824467929109083e+00,6.439819806926071699e+00
3.215059523082294390e+01,1.170004990137856993e+01,1.008703557827455256e+03,7.531433305724953016e+02,7.797515634052977873e+00,5.497091300533332614e+00,6.439190136657243713e+00
5.328036470205157116e+01,1.175066753500488481e+01,1.010330291856349959e+03,7.530095213588501792e+02,7.647997394985345920e+00,5.552012405205846157e+00,6.438560580956359303e+00
7.428720286551623531e+01,1.180068381634646713e+01,1.011935987376629555e+03,7.528773485366313025e+02,7.497948550960598091e+00,5.606281031099547008e+00,6.437931139843672490e+00
9.529404102898088524e+01,1.185070009768804944e+01,1.013539955265051503e+03,7.527452221058289297e+02,7.347899706935850261e+00,5.660549656993247858e+00,6.437301813339435519e+00
1.161540758134095057e+02,1.190099534560478034e+01,1.015172742613987793e+03,7.526124055032634033e+02,7.200120520695815429e+00,5.715120337167365783e+00,6.436672601463897969e+00
1.236098990556822201e+02,1.200146532074242955e+01,1.028647858624895662e+03,7.523472308095673498e+02,7.301465320742429377e+00,5.823977864325508236e+00,6.436043504237306756e+00
1.311123412569195921e+02,1.210149788342559418e+01,1.042112652342367255e+03,7.520833961861422949e+02,7.401497883425594893e+00,5.932362348830827692e+00,6.435414521679897248e+00
1.386147834581569782e+02,1.220153044610875881e+01,1.055704698646917450e+03,7.518197465419498258e+02,7.501530446108759520e+00,6.040746833336148036e+00,6.434785653811909256e+00
1.459824649571996247e+02,1.230060373203578905e+01,1.069412988120333011e+03,7.515588073381135246e+02,7.601918553512269305e+00,6.148091328990484605e+00,6.434156900653580813e+00
1.335545424943015007e+02,1.232539889286877255e+01,1.081871250940742812e+03,7.514935301863239374e+02,7.752393357212634228e+00,6.174925180485741016e+00,6.433528262225135741e+00
1.213005535656137823e+02,1.235040703353956282e+01,1.094376074008966498e+03,7.514277038146161658e+02,7.902442201237381170e+00,6.201989668081723472e+00,6.432899738546799639e+00
1.090465646369260639e+02,1.237541517421035486e+01,1.106918633255532313e+03,7.513618889738971802e+02,8.052491045262128111e+00,6.229054155677705928e+00,6.432271329638802548e+00
9.686324693171617639e+01,1.239991617082164055e+01,1.119282006022606311e+03,7.512974199890168165e+02,8.199832341643279676e+00,6.255569777075666416e+00,6.431643035521354967e+00
9.064213611201563481e+01,1.234913708889612494e+01,1.117018435411210021e+03,7.514310462821174497e+02,8.098274177792250228e+00,6.200602465476106495e+00,6.431014856214678055e+00
8.439010094431780828e+01,1.229912080755454262e+01,1.114790031841788277e+03,7.515627117309840060e+02,7.998241615109084712e+00,6.146460869816959161e+00,6.430386791738977870e+00
7.813806577661999597e+01,1.224910452621296031e+01,1.112562797810565144e+03,7.516944233286715189e+02,7.898209052425918308e+00,6.092319274157810938e+00,6.429758842114468465e+00
7.190600532554748270e+01,1.219999999999999929e+01,1.110341751098849500e+03,7.518237788517643594e+02,7.796786100850798817e+00,6.039164634669532461e+00,6.429131007361348793e+00
6.741647671768150474e+01,1.219999999999999929e+01,1.108574084811269586e+03,7.518237788517643594e+02,7.443503744708562131e+00,6.039164634669532461e+00,6.428503287499823138e+00
6.291501139693907874e+01,1.219999999999999929e+01,1.106803136334148348e+03,7.518237788517643594e+02,7.093389775317483270e+00,6.039164634669532461e+00,6.427875682550085124e+00
5.841354607619665273e+01,1.219999999999999929e+01,1.105032187857026656e+03,7.518237788517643594e+02,6.743275805926406186e+00,6.039164634669532461e+00,6.427248192532328375e+00
5.389979995324161877e+01,1.219999999999999929e+01,1.103305274306735555e+03,7.518237788517643594e+02,6.391965748962713967e+00,6.039164634669532461e+00,6.426620817466742963e+00
4.813578638879840810e+01,1.219999999999999929e+01,1.107629117772305335e+03,7.518237788517643594e+02,5.915564962552912753e+00,6.039164634669532461e+00,6.425993557373516296e+00
4.238391403451642248e+01,1.219999999999999929e+01,1.111879394117397851e+03,7.518237788517643594e+02,5.440410289807878108e+00,6.039164634669532461e+00,6.425366412272825123e+00
3.663204168023442975e+01,1.219999999999999929e+01,1.116129670462489685e+03,7.518237788517643594e+02,4.965255617062843463e+00,6.039164634669532461e+00,6.424739382184850633e+00
3.087451898453823773e+01,1.219993688992042635e+01,1.120313416200772963e+03,7.518239451330809970e+02,4.494873633351287090e+00,6.039096271450477005e+00,6.424112467129770465e+00
2.461771409964179114e+01,1.217447085639856752e+01,1.120943868418577040e+03,7.518910475902487178e+02,4.321295994789970507e+00,6.011510503219834156e+00,6.423485667127750709e+00
1.836567893194397527e+01,1.214946271572777547e+01,1.121577493254904994e+03,7.519569551699835301e+02,4.146239010094431521e+00,5.984420741799720389e+00,6.422858982198957456e+00
1.211364376424616118e+01,1.212445457505698521e+01,1.122205660950071888e+03,7.520228743050889761e+02,3.971182025398892534e+00,5.957330980379607510e+00,6.422232412363560350e+00
5.949043840910967162e+00,1.210007110167513922e+01,1.122842638377596813e+03,7.520871580069717766e+02,3.800071101675140284e+00,5.930917882132789920e+00,6.421605957641714824e+00
4.466297622924127353e+00,1.212556170628459817e+01,1.125780629206837830e+03,7.520199557655442959e+02,3.825561706284597907e+00,5.958530266692476651e+00,6.420979618053575422e+00
2.965809182676651723e+00,1.215056984695539022e+01,1.128688568068750328e+03,7.519540371420688416e+02,3.850569846955389064e+00,5.985620028112590418e+00,6.420353393619299354e+00
1.465320742429175871e+00,1.217557798762618049e+01,1.131602651050267468e+03,7.518881300738297568e+02,3.875577987626180221e+00,6.012709789532704185e+00,6.419727284359029618e+00
0.000000000000000000e+00,1.219968179394059327e+01,1.134582667503173752e+03,7.518246172935539562e+02,3.899602242425742382e+00,6.038819699306134936e+00,6.419101290292915429e+00
0.000000000000000000e+00,1.209762292412894880e+01,1.145583288110757849e+03,7.520936128972160759e+02,3.772028655161185462e+00,5.928187886033634335e+00,6.418475411441097123e+00
0.000000000000000000e+00,1.199759036144578417e+01,1.156258159589274328e+03,7.523574546900939595e+02,3.646987951807228789e+00,5.819752589656573605e+00,6.417849647823708814e+00
0.000000000000000000e+00,1.189755779876261776e+01,1.166738029524618241e+03,7.526214816644966277e+02,3.521947248453272561e+00,5.711317293279511986e+00,6.417223999460889061e+00
0.000000000000000000e+00,1.179692413535666873e+01,1.177082329393438386e+03,7.528872822815743575e+02,3.397746251286159147e+00,5.602226441164071424e+00,6.416598466372763987e+00
0.000000000000000000e+00,1.164623901009443330e+01,1.191869191438267762e+03,7.532856334094599333e+02,3.323119505047216204e+00,5.438493967855798417e+00,6.415973048579463267e+00
0.000000000000000000e+00,1.149619016606968458e+01,1.206178560377358735e+03,7.536827215926798544e+02,3.248095083034842290e+00,5.275456767170926931e+00,6.415347746101105919e+00
0.000000000000000000e+00,1.134614132204493586e+01,1.220076340615223899e+03,7.540802286400895582e+02,3.173070661022468375e+00,5.112419566486055444e+00,6.414722558957812737e+00
0.000000000000000000e+00,1.119695223361145153e+01,1.233476461346950373e+03,7.544758739402842593e+02,3.099072026502111665e+00,4.950311400287919383e+00,6.414097487169701850e+00
0.000000000000000000e+00,1.109736242266362538e+01,1.241439079292111956e+03,7.547402145331067231e+02,3.074340605665906612e+00,4.841840080135989766e+00,6.413472530756878953e+00
0.000000000000000000e+00,1.099732985998046075e+01,1.249279390216672255e+03,7.550059168286624072e+02,3.049332464995115011e+00,4.732889294089587473e+00,6.412847689739455070e+00
0.000000000000000000e+00,1.089729729729729613e+01,1.256955473567011495e+03,7.552718062682732807e+02,3.024324324324323854e+00,4.623938508043185180e+00,6.412222964137535008e+00
0.000000000000000000e+00,1.079824823685435753e+01,1.264281380236473296e+03,7.555352661066984865e+02,2.998647604243882547e+00,4.516056958984085767e+00,6.411598353971219133e+00
0.000000000000000000e+00,1.074861608596548379e+01,1.264592798682786906e+03,7.556673514406621734e+02,2.897232171930966160e+00,4.461921124619046886e+00,6.410973859260599816e+00
0.000000000000000000e+00,1.069859980462389970e+01,1.264893339768436817e+03,7.558005057732054865e+02,2.797199609247801089e+00,4.407367115375604882e+00,6.410349480025775648e+00
0.000000000000000000e+00,1.064858352328231916e+01,1.265176315802458021e+03,7.559337070396303488e+02,2.697167046564636017e+00,4.352813106132162879e+00,6.409725216286831895e+00
0.000000000000000000e+00,1.060011787365224656e+01,1.265453739967266756e+03,7.560628235305550788e+02,2.600117873652246114e+00,4.299950440701112875e+00,6.409101068063855600e+00
0.000000000000000000e+00,1.062572451970042309e+01,1.267270118023424175e+03,7.559945998145359454e+02,2.625724519700423532e+00,4.327886987697023180e+00,6.408477035376929365e+00
0.000000000000000000e+00,1.065073266037121513e+01,1.269056694295329407e+03,7.559279825823630290e+02,2.650732660371215132e+00,4.355170572427933706e+00,6.407853118246128687e+00
0.000000000000000000e+00,1.067574080104200718e+01,1.270845284584901947e+03,7.558613770895979087e+02,2.675740801042006289e+00,4.382454157158844232e+00,6.407229316691529952e+00
0.000000000000000000e+00,1.070131626751746090e+01,1.272654831528919885e+03,7.557932727780323603e+02,2.701506874657698454e+00,4.410356037776810290e+00,6.406605630733205103e+00
0.000000000000000000e+00,1.077727124715076634e+01,1.275802638907779965e+03,7.555910862419624436e+02,2.803028329534354324e+00,4.493141485500339094e+00,6.405982060391218091e+00
0.000000000000000000e+00,1.085229566916313892e+01,1.278925014923213439e+03,7.553914829803427438e+02,2.903060892217519839e+00,4.574913416652981901e+00,6.405358605685631979e+00
0.000000000000000000e+00,1.092732009117551328e+01,1.282042960514990455e+03,7.551919851486063635e+02,3.003093454900684467e+00,4.656685347805624708e+00,6.404735266636508939e+00
0.000000000000000000e+00,1.100181972790069018e+01,1.285131934382569398e+03,7.549939870118616909e+02,3.103918869049478779e+00,4.737883722825944055e+00,6.404112043263904042e+00
0.000000000000000000e+00,1.105157929013350859e+01,1.287084141745189299e+03,7.548617985558067858e+02,3.254737870400521871e+00,4.792052725497485177e+00,6.403488935587867026e+00
0.000000000000000000e+00,1.110159557147508913e+01,1.289044909529637835e+03,7.547289747452149413e+02,3.404786714425269700e+00,4.846502004903776140e+00,6.402865943628446743e+00
0.000000000000000000e+00,1.115161185281667322e+01,1.291002818355362706e+03,7.545961976691673954e+02,3.554835558450017086e+00,4.900951284310067102e+00,6.402243067405691157e+00
0.000000000000000000e+00,1.120103499589059481e+01,1.293003501841701791e+03,7.544650410622469963e+02,3.703786497464033989e+00,4.954754277508470750e+00,6.401620306939638461e+00
0.000000000000000000e+00,1.122582220774991768e+01,1.298532958495444063e+03,7.543992791997081895e+02,3.803288830999674630e+00,4.981718850255081321e+00,6.400997662250324183e+00
0.000000000000000000e+00,1.125083034842070973e+01,1.304008241292089451e+03,7.543329428135835997e+02,3.903321393682839702e+00,5.008923990288997707e+00,6.400375133357785629e+00
0.000000000000000000e+00,1.127583848909150177e+01,1.309497650975783245e+03,7.542666180927119512e+02,4.003353956366004773e+00,5.036129130322914982e+00,6.399752720282048557e+00
0.000000000000000000e+00,1.130084662976229382e+01,1.314875064049108005e+03,7.542003050340164236e+02,4.099183554778088379e+00,5.063334008742264913e+00,6.399130423043141391e+00
0.000000000000000000e+00,1.132585477043308231e+01,1.316024746006910163e+03,7.541340036344215605e+02,3.970726147834581443e+00,5.090526017443187001e+00,6.398508241661087226e+00
0.000000000000000000e+00,1.135086291110387435e+01,1.317195040161376255e+03,7.540677138908523602e+02,3.845685444480625215e+00,5.117718203089538953e+00,6.397886176155899385e+00
0.000000000000000000e+00,1.137587105177466640e+01,1.318365171659848102e+03,7.540014358002362087e+02,3.720644741126668986e+00,5.144910388735890017e+00,6.397264226547598298e+00
0.000000000000000000e+00,1.140000000000000036e+01,1.319558758171612681e+03,7.539374988415074768e+02,3.600175728839885902e+00,5.171146599105611585e+00,6.396642392856195514e+00
0.000000000000000000e+00,1.140000000000000036e+01,1.322276752297156463e+03,7.539374988415074768e+02,3.625887333116248890e+00,5.171146599105611585e+00,6.396020675101692810e+00
0.000000000000000000e+00,1.140000000000000036e+01,1.324964987879815226e+03,7.539374988415074768e+02,3.650895473787040046e+00,5.171146599105611585e+00,6.395399073304096405e+00
0.000000000000000000e+00,1.140000000000000036e+01,1.327653223462474671e+03,7.539374988415074768e+02,3.675903614457831203e+00,5.171146599105611585e+00,6.394777587483409853e+00
0.000000000000000000e+00,1.140037719409617800e+01,1.330280555529648154e+03,7.539364994671860813e+02,3.703794769488998995e+00,5.171556442768022954e+00,6.394156217659622499e+00
0.000000000000000000e+00,1.145183979159882703e+01,1.330957626383497882e+03,7.538001702745272041e+02,4.036958645392385137e+00,5.227473594312784577e+00,6.393534963852730790e+00
0.000000000000000000e+00,1.150185607294041112e+01,1.331634723013360599e+03,7.536677197719661763e+02,4.362064474112671064e+00,5.281819237929754607e+00,6.392913826082724960e+00
0.000000000000000000e+00,1.155187235428199344e+01,1.332299999978430151e+03,7.535353158070801101e+02,4.687170302832956992e+00,5.336164881546725525e+00,6.392292804369585468e+00
0.000000000000000000e+00,1.159878865588492936e+01,1.332803400322566176e+03,7.534111607254932323e+02,5.016976025255377003e+00,5.387140960213416818e+00,6.391671898733294555e+00
0.000000000000000000e+00,1.144428524910452438e+01,1.316864788109673782e+03,7.538201798661239081e+02,5.596906545099322727e+00,5.219103955005352624e+00,6.391051109193833568e+00
0.000000000000000000e+00,1.129423640507977744e+01,1.301548323735704798e+03,7.542178319613850590e+02,6.172093780527522000e+00,5.055911706301822406e+00,6.390430435771172313e+00
0.000000000000000000e+00,1.114418756105503050e+01,1.286390531071175019e+03,7.546159038136432855e+02,6.747281015955720385e+00,4.892719457598292188e+00,6.389809878485280592e+00
0.000000000000000000e+00,1.098990644826214513e+01,1.271147361360107880e+03,7.550256433720708173e+02,7.298059539069897461e+00,4.724893771139599963e+00,6.389189437356126433e+00
0.000000000000000000e+00,1.058423966134809113e+01,1.243661910357634952e+03,7.561051339852647288e+02,7.066134809508301196e+00,4.281314363304314696e+00,6.388569112403675199e+00
0.000000000000000000e+00,1.018410941061543085e+01,1.216874960274902151e+03,7.571729211905225156e+02,6.841061543471179895e+00,3.843816577747213081e+00,6.387948903647878041e+00
0.000000000000000000e+00,9.783979159882772336e+00,1.190534815466151031e+03,7.582437285629828239e+02,6.615988277434058595e+00,3.406318792190111910e+00,6.387328811108695881e+00
0.000000000000000000e+00,9.391816884038542312e+00,1.165087187616766869e+03,7.592961550963251511e+02,6.390915011396937295e+00,2.957718922967914388e+00,6.386708834806079871e+00
0.000000000000000000e+00,9.243894496906543523e+00,1.154130654935479924e+03,7.596938867164532212e+02,6.165841745359816883e+00,1.904162049602984741e+00,6.386088974759974057e+00
0.000000000000000000e+00,9.093845652881796582e+00,1.143128295163561006e+03,7.600977615618044183e+02,5.940768479322694695e+00,8.638360041069580442e-01,6.385469230990325151e+00
0.000000000000000000e+00,8.943796808857049641e+00,1.132216676598846334e+03,7.605020660582462142e+02,5.715695213285572507e+00,-1.764900413890685693e-01,6.384849603517070982e+00
4.885886899907179899e-03,8.800000000000000711e+00,1.121585302058464322e+03,7.608899283396025339e+02,5.500488588689990799e+00,-1.164918003565124094e+00,6.384230092360151154e+00
5.210029306414879491e-01,8.800000000000000711e+00,1.116841146567057194e+03,7.608899283396025339e+02,5.552100293064148318e+00,-2.616220481595815106e-01,6.383610697539493728e+00
1.021165744057313196e+00,8.800000000000000711e+00,1.112038134741719432e+03,7.608899283396025339e+02,5.602116574405730631e+00,6.137511871970582344e-01,6.382991419075033868e+00
1.521328557473138554e+00,8.800000000000000711e+00,1.107235122916381442e+03,7.608899283396025339e+02,5.652132855747313833e+00,1.489124422553697924e+00,6.382372256986688974e+00
2.061967817102146938e+00,8.800259259869525508e+00,1.102281804109056338e+03,7.608892286938944380e+02,5.701346338102757372e+00,2.328909438245539754e+00,6.381753211294386219e+00
5.390752197981128369e+00,8.826082709215240740e+00,1.089523769558585855e+03,7.608195462328826579e+02,5.726082709215239319e+00,2.355593266243142914e+00,6.381134282018041226e+00
8.641810485183992085e+00,8.851090849886032785e+00,1.076902443673287735e+03,7.607520759894877074e+02,5.751090849886030476e+00,2.383119788048844168e+00,6.380515469177568733e+00
1.189286877238685669e+01,8.876098990556821278e+00,1.064235086391961431e+03,7.606846177116899526e+02,5.776098990556822521e+00,2.410646309854545866e+00,6.379896772792875481e+00
1.522909714449490259e+01,8.899725364092116564e+00,1.051734834314357613e+03,7.606208976857431026e+02,5.796155097289622304e+00,2.436651917183382476e+00,6.379278192883873544e+00
2.257342885053730441e+01,8.873884728101595343e+00,1.045492338657388700e+03,7.606905900972942618e+02,5.434386193422337641e+00,2.408209065736332644e+00,6.378659729470459894e+00
2.982578964506677011e+01,8.848876587430805074e+00,1.039197090101561116e+03,7.607580494344175577e+02,5.084272224031258780e+00,2.380682543930630946e+00,6.378041382572535944e+00
3.707815043959623580e+01,8.823868446760014805e+00,1.032919720326909101e+03,7.608255207374198790e+02,4.734158254640181696e+00,2.353156022124929692e+00,6.377423152209998669e+00
4.446724179374287900e+01,8.800580838953862894e+00,1.026978717230854500e+03,7.608883608968330918e+02,4.396446700527674167e+00,2.327523134763643586e+00,6.376805038402735271e+00
5.759687398241616307e+01,8.852295669163140701e+00,1.029977458231920082e+03,7.607488257720946194e+02,4.347704330836861253e+00,2.384431502853380014e+00,6.376187041170636505e+00
7.060110713122762149e+01,8.902311950504721239e+00,1.032884291415105736e+03,7.606139223315343543e+02,4.297688049495278939e+00,2.439470742807338777e+00,6.375569160533586022e+00
8.360534028003907281e+01,8.952328231846303552e+00,1.035797602251349645e+03,7.604790667272926612e+02,4.247671768153695737e+00,2.494509982761297984e+00,6.374951396511463031e+00
9.617586639813258387e+01,9.002997380381577486e+00,1.038774619913334391e+03,7.603424996235227127e+02,4.202146253154650068e+00,2.550265246752876358e+00,6.374333749124142301e+00
9.861803972647349781e+01,9.078541191794204934e+00,1.044082135195773162e+03,7.601389795285115270e+02,4.383262780853145024e+00,2.633290069176151604e+00,6.373716218391500377e+00
1.011188537935525886e+02,9.153565613806577517e+00,1.049361462129482106e+03,7.599369665377645333e+02,4.558319765548681346e+00,2.715745769077031468e+00,6.373098804333406697e+00
1.036196678606317079e+02,9.228590035818951876e+00,1.054664259044273422e+03,7.597350608916135570e+02,4.733376750244220332e+00,2.798201468977913109e+00,6.372481506969719156e+00
1.058319374172550482e+02,9.300000000000000711e+00,1.060148480634178213e+03,7.595429821042695266e+02,4.905781046565813597e+00,2.876684693753361000e+00,6.371864326320303640e+00
9.236926082709219088e+01,9.300000000000000711e+00,1.072290563202364410e+03,7.595429821042695266e+02,5.004851839791598422e+00,2.876684693753361000e+00,6.371247262405019818e+00
7.936502767828072535e+01,9.300000000000000711e+00,1.084270502634040895e+03,7.595429821042695266e+02,5.104884402474763050e+00,2.876684693753361000e+00,6.370630315243719366e+00
6.636079452946927404e+01,9.300000000000000711e+00,1.096250442065717607e+03,7.595429821042695266e+02,5.204916965157928566e+00,2.876684693753361000e+00,6.370013484856250408e+00
5.386548209779620322e+01,9.299319628926498993e+00,1.107587049980564871e+03,7.595448117645410093e+02,5.304096658633757677e+00,2.875937117543323485e+00,6.369396771262464618e+00
5.216281341582546816e+01,9.247508954737870823e+00,1.103740807765630507e+03,7.596841632542016214e+02,5.378736567893193765e+00,2.819008731023254999e+00,6.368780174482197687e+00
5.041224356887008184e+01,9.197492673396286733e+00,1.100038938223525975e+03,7.598187370606848390e+02,5.453760989905567236e+00,2.764051982416900088e+00,6.368163694535293295e+00
4.866167372191469553e+01,9.147476392054706196e+00,1.096347995507872838e+03,7.599533585536119062e+02,5.528785411917941595e+00,2.709095233810545622e+00,6.367547331441585357e+00
4.681081660815644341e+01,9.096737591217486596e+00,1.092530257255599281e+03,7.600899735340367442e+02,5.601726132266605873e+00,2.605687023168374861e+00,6.366931085220905118e+00
4.043047867144256458e+01,9.021165744057311642e+00,1.083158065274549017e+03,7.602935428559787852e+02,5.626278085314229571e+00,-8.190254206318834385e-01,6.366314955893080274e+00
3.417844350374475226e+01,8.946141322044935507e+00,1.073993659854042789e+03,7.604957454928002107e+02,5.651286225985021616e+00,-4.126997159018212180e+00,6.365698943477934968e+00
2.792640833604693640e+01,8.871116900032562924e+00,1.064890826713747856e+03,7.606980557111826329e+02,5.676294366655811885e+00,-7.434968897404540478e+00,6.365083047995286236e+00
2.175903510837689936e+01,8.796092478020190342e+00,1.055849225393294773e+03,7.609004735970064530e+02,5.696997233020660190e+00,-1.061763072088519522e+01,6.364467269464953780e+00
1.779029632041670794e+01,8.721068056007814207e+00,1.046868516972844645e+03,7.611029992362437042e+02,5.489514816020835575e+00,-1.120678713015343320e+01,6.363851607906750196e+00
1.378899381309010330e+01,8.646043633995439848e+00,1.037948364067604416e+03,7.613056327149585059e+02,5.289449690654506320e+00,-1.181143190392307574e+01,6.363236063340481863e+00
9.787691305763502214e+00,8.571019211983065489e+00,1.029088430822344435e+03,7.615083741193056994e+02,5.089384565288175288e+00,-1.241607667769271828e+01,6.362620635785953382e+00
5.908586646339205828e+00,8.493290872416221049e+00,1.020101048507871155e+03,7.617185367536516196e+02,4.890215116184180921e+00,-1.300528779462950624e+01,6.362005325262969357e+00
4.682839465971968096e+00,8.315597525236075427e+00,1.004940341403808020e+03,7.621994203967184376e+02,4.715597525236075782e+00,-1.324382125170587443e+01,6.361390131791325508e+00
3.432432432432404923e+00,8.140540540540536441e+00,9.901261955293174424e+02,7.626737638709599878e+02,4.540540540540537684e+00,-1.348625769461264134e+01,6.360775055390814892e+00
2.182025398892842194e+00,7.965483555844997454e+00,9.755051987148134458e+02,7.631486981140717489e+02,4.365483555844997809e+00,-1.372869413751941536e+01,6.360160096081224346e+00
9.799532200201881427e-01,7.788009969466367366e+00,9.612667097619894321e+02,7.636307932711014246e+02,4.186605990708692993e+00,-1.397461784369099824e+01,6.359545253882347815e+00
7.362422663627431474e-01,7.536242266362743081e+00,9.518682838662906534e+02,7.643157483000738921e+02,3.883490719635291910e+00,-1.432820319306977375e+01,6.358930528813960592e+00
4.861608596548305239e-01,7.286160859654830624e+00,9.424089399837225756e+02,7.649973335739485947e+02,3.583393031585796695e+00,-1.467933170802330167e+01,6.358315920895844187e+00
2.360794529469179281e-01,7.036079452946918167e+00,9.329650099052462338e+02,7.656801355521249661e+02,3.283295343536301480e+00,-1.503046022297682782e+01,6.357701430147774779e+00
0.000000000000000000e+00,6.789001392449230288e+00,9.237965690412844424e+02,7.663559352575761068e+02,2.992460830056815624e+00,-1.537752363659700450e+01,6.357087056589519669e+00
0.000000000000000000e+00,6.615141647671764602e+00,9.201436589675922733e+02,7.668321865685736611e+02,2.894366655812437017e+00,-1.562513150405936635e+01,6.356472800240848819e+00
0.000000000000000000e+00,6.440084662976225616e+00,9.163692815240428899e+02,7.673123156493671786e+02,2.794334093129271945e+00,-1.587437857006440289e+01,6.355858661121527753e+00
0.000000000000000000e+00,6.265027678280687518e+00,9.125380575411096515e+02,7.677930463438235620e+02,2.694301530446107318e+00,-1.612362563606943766e+01,6.355244639251307781e+00
0.000000000000000000e+00,6.092017509871318737e+00,9.084999911912766493e+02,7.682687482862504567e+02,2.594268967762942246e+00,-1.637003846082101433e+01,6.354630734649955315e+00
0.000000000000000000e+00,5.967795506349721002e+00,8.993991705593273309e+02,7.686106681452004068e+02,2.494236405079776731e+00,-1.654872220097980673e+01,6.354016947337218113e+00
0.000000000000000000e+00,5.842754802995764329e+00,8.905173787954520321e+02,7.689551488419056113e+02,2.394203842396612103e+00,-1.672854890795458260e+01,6.353403277332843047e+00
0.000000000000000000e+00,5.717714099641807657e+00,8.817140176972496874e+02,7.692999384600559551e+02,2.294171279713447031e+00,-1.690837561492935848e+01,6.352789724656574322e+00
0.000000000000000000e+00,5.594857557013442673e+00,8.729401952588755194e+02,7.696390066382198256e+02,2.195177477338844163e+00,-1.705964468613488449e+01,6.352176289328156145e+00
0.000000000000000000e+00,5.520579615760337511e+00,8.629724971425731610e+02,7.698441492860696371e+02,2.120579615760337600e+00,-1.606263851759078776e+01,6.351562971367324728e+00
0.000000000000000000e+00,5.445555193747963152e+00,8.531090337463874675e+02,7.700514645546122665e+02,2.045555193747963685e+00,-1.510379374526757523e+01,6.350949770793810956e+00
0.000000000000000000e+00,5.370530771735589681e+00,8.433219202887471511e+02,7.702588915112099812e+02,1.970530771735589992e+00,-1.414494897294436093e+01,6.350336687627347487e+00
0.000000000000000000e+00,5.294584352493690638e+00,8.337099411322028573e+02,7.704689815117478702e+02,1.890447785668554204e+00,-1.321396824032755823e+01,6.349723721887656325e+00
0.000000000000000000e+00,5.193975903614457046e+00,8.264384705904811881e+02,7.707474702798664339e+02,1.634939759036141194e+00,-1.283754177003161523e+01,6.349110873594463023e+00
0.000000000000000000e+00,5.093943340931290642e+00,8.191830649646062739e+02,7.710245647017894726e+02,1.384858352328228515e+00,-1.245449163954066130e+01,6.348498142767486030e+00
0.000000000000000000e+00,4.993910778248126014e+00,8.119838673783697232e+02,7.713018584339549761e+02,1.134776945620316058e+00,-1.207144150904971092e+01,6.347885529426436690e+00
0.000000000000000000e+00,4.893878215564961387e+00,8.048960822743852077e+02,7.715793516914817474e+02,8.976350720304775432e-01,-1.163779698151813768e+01,6.347273033591028124e+00
0.000000000000000000e+00,4.793845652881796759e+00,7.991197325793147002e+02,7.718570446897988404e+02,8.734614132204491233e-01,-9.256667529543486594e+00,6.346660655280967234e+00
0.000000000000000000e+00,4.693813090198631244e+00,7.933567625389986233e+02,7.721349376446448787e+02,8.484532725496578554e-01,-6.943088054479946258e+00,6.346048394515955593e+00
0.000000000000000000e+00,4.593780527515465728e+00,7.876307749277843868e+02,7.724130307720702149e+02,8.234451318788665874e-01,-4.629508579416405922e+00,6.345436251315691223e+00
0.000000000000000000e+00,4.497817986234714738e+00,7.821317887632297925e+02,7.726799974330638179e+02,7.968584860576281015e-01,-2.547496924854135258e+00,6.344824225699872144e+00
0.000000000000000000e+00,4.473428850537283452e+00,7.801769022163972522e+02,7.727478771643868640e+02,7.202865516118521771e-01,-6.809712617817099023e+00,6.344212317688191938e+00
0.000000000000000000e+00,4.448420709866493183e+00,7.781868279086440907e+02,7.728174920691322995e+02,6.452621295994783734e-01,-1.090306301430904945e+01,6.343600527300334413e+00
0.000000000000000000e+00,4.423412569195702027e+00,7.762010437340329645e+02,7.728871195178696780e+02,5.702377075871044587e-01,-1.499641341080099899e+01,6.342988854555983380e+00
0.000000000000000000e+00,4.397504231630002813e+00,7.741907081505618180e+02,7.729592665597291443e+02,4.942137494540828624e-01,-1.883628388007480581e+01,6.342377299474824426e+00
0.000000000000000000e+00,4.346792575708238182e+00,7.714720348690566425e+02,7.731005223666534221e+02,3.935851514164759868e-01,-1.890717731248768274e+01,6.341765862076529814e+00
0.000000000000000000e+00,4.296776294366655868e+00,7.687791720521295247e+02,7.732398918477066445e+02,2.935525887333108597e-01,-1.898104235706257370e+01,6.341154542380770920e+00
0.000000000000000000e+00,4.246760013025072666e+00,7.660946040162548343e+02,7.733793115870480506e+02,1.935200260501458436e-01,-1.905490740163746466e+01,6.340543340407225337e+00
0.000000000000000000e+00,4.200000000000000178e+00,7.636679526382329186e+02,7.735097000012654007e+02,9.773941424088974927e-02,-1.911123826976422180e+01,6.339932256175546677e+00
0.000000000000000000e+00,4.200000000000000178e+00,7.671028463581130836e+02,7.735097000012654007e+02,7.336372517095393619e-02,-1.853350196412710815e+01,6.339321289705403650e+00
0.000000000000000000e+00,4.200000000000000178e+00,7.703988159011745438e+02,7.735097000012654007e+02,4.835558450016266829e-02,-1.797913218660544743e+01,6.338710441016453423e+00
0.000000000000000000e+00,4.200000000000000178e+00,7.736947854442356629e+02,7.735097000012654007e+02,2.334744382937140386e-02,-1.742476240908378671e+01,6.338099710128347830e+00
0.000000000000000000e+00,4.199404053490782829e+00,7.770978651162510005e+02,7.735113620820197866e+02,0.000000000000000000e+00,-1.690805720880924312e+01,6.337489097060736043e+00
0.000000000000000000e+00,4.173331162487788681e+00,7.832170322974050123e+02,7.735840846713791734e+02,0.000000000000000000e+00,-1.694528700435258628e+01,6.336878601833269009e+00
0.000000000000000000e+00,4.148323021816998413e+00,7.892362475835454916e+02,7.736538503280891064e+02,0.000000000000000000e+00,-1.698099643005401305e+01,6.336268224465584353e+00
0.000000000000000000e+00,4.123314881146206368e+00,7.952317227991899244e+02,7.737236285695612423e+02,0.000000000000000000e+00,-1.701670585575543981e+01,6.335657964977322365e+00
0.000000000000000000e+00,4.096532808194870867e+00,8.007666727473175570e+02,7.737983705723621597e+02,1.236403357668721531e-03,-1.696468819559804331e+01,6.335047823388118893e+00
0.000000000000000000e+00,4.019895799413871984e+00,7.993588891091940241e+02,7.740123243781391693e+02,5.340280039075231272e-02,-1.336531529797725248e+01,6.334437799717606232e+00
0.000000000000000000e+00,3.944871377401498069e+00,7.979984317268513223e+02,7.742218909680158276e+02,1.034190817323348416e-01,-9.914295911177422482e+00,6.333827893985408686e+00
0.000000000000000000e+00,3.869846955389124155e+00,7.966276540082042175e+02,7.744315710704257754e+02,1.534353630739173635e-01,-6.463276524377592480e+00,6.333218106211149667e+00
0.000000000000000000e+00,3.801281621365075747e+00,7.954190369001383942e+02,7.746232986109766898e+02,2.100248119094200450e-01,-3.244140068927771736e+00,6.332608436414452591e+00
0.000000000000000000e+00,3.853467925757082302e+00,7.985479807248211728e+02,7.744773626908179267e+02,4.673396287854120756e-01,-3.189995696563737493e+00,6.331998884614931100e+00
0.000000000000000000e+00,3.903484207098665060e+00,8.015571472520905445e+02,7.743375468073400043e+02,7.174210354933245881e-01,-3.133478261485584060e+00,6.331389450832195287e+00
0.000000000000000000e+00,3.953500488440247818e+00,8.045764362853232115e+02,7.741977813964874713e+02,9.675024422012372671e-01,-3.076960826407430183e+00,6.330780135085858795e+00
0.000000000000000000e+00,4.003516769781829687e+00,8.075521976877430461e+02,7.740580664309346730e+02,1.199999999999999956e+00,-3.020446448119510574e+00,6.330170937395517505e+00
0.000000000000000000e+00,4.053533051123412001e+00,8.095543377785214716e+02,7.739184018833756227e+02,1.199999999999999956e+00,-2.963993498576284580e+00,6.329561857780781509e+00
0.000000000000000000e+00,4.103549332464994315e+00,8.115772841682110084e+02,7.737787877265244560e+02,1.199999999999999956e+00,-2.907539168736238189e+00,6.328952896261245797e+00
0.000000000000000000e+00,4.153565613806577517e+00,8.136032820224388615e+02,7.736392239331148630e+02,1.199999999999999956e+00,-2.851084838896191354e+00,6.328344052856497370e+00
0.000000000000000000e+00,4.207434077501114089e+00,8.158089517756751547e+02,7.734889680415282101e+02,1.198625843480750408e+00,-2.790294857505745796e+00,6.327735327586130332e+00
0.000000000000000000e+00,4.360794529469227854e+00,8.226996355787256334e+02,7.730615151713292335e+02,1.146401823510257323e+00,-2.617583622102133134e+00,6.327126720469731680e+00
0.000000000000000000e+00,4.510843373493975683e+00,8.294722627585633745e+02,7.726437501551961304e+02,1.096385542168675009e+00,-2.448595776024509618e+00,6.326518231526878644e+00
0.000000000000000000e+00,4.660892217518723513e+00,8.362854544516801525e+02,7.722264364184009082e+02,1.046369260827092251e+00,-2.279607929946886991e+00,6.325909860777152893e+00
1.421461733438970053e-02,4.809623360100104605e+00,8.431626361330456803e+02,7.718132319926847913e+02,1.004975116067036378e+00,-2.112127435976764112e+00,6.325301608240128104e+00
5.366330185607431913e-01,4.934158254640185426e+00,8.505427509824337449e+02,7.714675896744332704e+02,1.187821556496260200e+00,-1.972306247143683855e+00,6.324693473935372623e+00
1.036795831976568438e+00,5.059198957994142098e+00,8.579689330062076351e+02,7.711208547340037285e+02,1.362878541191798965e+00,-1.831907769005834075e+00,6.324085457882453909e+00
1.536958645392393574e+00,5.184239661348097883e+00,8.654522263939793447e+02,7.707744313325416670e+02,1.537935525887337729e+00,-1.691509290867984072e+00,6.323477560100937644e+00
2.118773093488380166e+00,5.311684271756938358e+00,8.731485752063799737e+02,7.704216684091686602e+02,1.708647580014468925e+00,-1.548440350008002842e+00,6.322869780610376189e+00
4.955063497232242042e+00,5.488049495278414902e+00,8.841166088879261906e+02,7.699340261818271074e+02,1.807456854444808858e+00,-1.351070248814752128e+00,6.322262119430329896e+00
7.705958971019281734e+00,5.663106479973954777e+00,8.951189160974370225e+02,7.694506115721643482e+02,1.907489417127973708e+00,-1.155150410825819263e+00,6.321654576580348461e+00
1.045685444480631965e+01,5.838163464669492875e+00,9.062423394441477740e+02,7.689678036198081372e+02,2.007521979811139001e+00,-9.592305728368863971e-01,6.321047152079982467e+00
1.340955195825937452e+01,6.013220449365031861e+00,9.173164624023216902e+02,7.684856011834951914e+02,2.109976321555908640e+00,-7.633494919144001578e-01,6.320439845948767399e+00
2.106903288831017562e+01,6.188277434060570847e+00,9.255506891544062000e+02,7.680040031248229297e+02,2.261380657766203672e+00,-5.681777013627440365e-01,6.319832658206252063e+00
2.857147508954755466e+01,6.363334418756108946e+00,9.338928014930162362e+02,7.675230083082403780e+02,2.411429501790951502e+00,-3.729894201036654255e-01,6.319225588871970167e+00
3.607391729078493370e+01,6.538391403451648820e+00,9.422849612502039918e+02,7.670426156010398699e+02,2.561478345815698887e+00,-1.778011388445866758e-01,6.318618637965450979e+00
4.339700185161557755e+01,6.713448388147187806e+00,9.505849044916045614e+02,7.665628238733473836e+02,2.719527694674652718e+00,1.734829733453580394e-02,6.318011805506222878e+00
4.784728101595581506e+01,6.888505372842725905e+00,9.565474293316453895e+02,7.660836319981145834e+02,3.050081406707920273e+00,2.118025651748283167e-01,6.317405091513816018e+00
5.234874633669824107e+01,7.063562357538265779e+00,9.625462205278516876e+02,7.656050388511096116e+02,3.375187235428206201e+00,4.062731253613144355e-01,6.316798496007746344e+00
5.685021165744066707e+01,7.238619342233802989e+00,9.685341864974789132e+02,7.651270433109074247e+02,3.700293064148492572e+00,6.007436855478005544e-01,6.316192019007529801e+00
6.124531624315197575e+01,7.410722997042179294e+00,9.740129508495234631e+02,7.646576931736741471e+02,4.023994746524238941e+00,7.919059510158138471e-01,6.315585660532684997e+00
6.396580918267670768e+01,7.534809508303487391e+00,9.729666164203498511e+02,7.643196497564805441e+02,4.323542819928367642e+00,9.293152507498397830e-01,6.314979420602717219e+00
6.671670465646374737e+01,7.659850211657443175e+00,9.718667868155908991e+02,7.639793088940757571e+02,4.623640507977863301e+00,1.067790861212563058e+00,6.314373299237132642e+00
6.946760013025078706e+01,7.784890915011399848e+00,9.706686926914711648e+02,7.636392709948282800e+02,4.923738196027358960e+00,1.206266471675286445e+00,6.313767296455435662e+00
7.239498962652540115e+01,7.909931618365356520e+00,9.695037087720551199e+02,7.632995356543830212e+02,5.199165937238084290e+00,1.344722082908148320e+00,6.313161412277117357e+00
7.901856072940422848e+01,8.034972321719312305e+00,9.702888299836293982e+02,7.629601024691031625e+02,5.173005535656137077e+00,1.482835059941796985e+00,6.312555646721679459e+00
8.552067730380994703e+01,8.160013025073268977e+00,9.709717269128011594e+02,7.626209710360701592e+02,5.147997394985346808e+00,1.620956192862828216e+00,6.311949999808610379e+00
9.202279387821567980e+01,8.285053728427225650e+00,9.715875989732018070e+02,7.622821409530810115e+02,5.122989254314554763e+00,1.759077325783859447e+00,6.311344471557394975e+00
9.833132899153764583e+01,8.408590729569542788e+00,9.721753130944373424e+02,7.619476810003211540e+02,5.100859722030889110e+00,1.895521571778575609e+00,6.310739061987514553e+00
1.017837837837838464e+02,8.508108108108109136e+00,9.735344194537044586e+02,7.616784644914511091e+02,5.127027027027027728e+00,2.005192895139304543e+00,6.310133771118453083e+00
1.052849234776946190e+02,8.608140670791275539e+00,9.748341986726138657e+02,7.614080458672995064e+02,5.152035167697818885e+00,2.115437759504044557e+00,6.309528598969680324e+00
1.087860631716054058e+02,8.708173233474440167e+00,9.761015291835165044e+02,7.611378191883926547e+02,5.177043308368610042e+00,2.225682623868784127e+00,6.308923545560670476e+00
1.114774338715234308e+02,8.802750895281540977e+00,9.773598398648535976e+02,7.608825046220761124e+02,5.197342884092492454e+00,2.329912398392271822e+00,6.308318610910887969e+00
9.603484207098642855e+01,8.827059589710193777e+00,9.790196701040783864e+02,7.608169104518867698e+02,5.118821230869422756e+00,2.356668521001178185e+00,6.307713795039802562e+00
8.128003907521959093e+01,8.852067730380985822e+00,9.806707021596860159e+02,7.607494406759576577e+02,5.043796808857049285e+00,2.384195042806879883e+00,6.307109097966868028e+00
6.652523607945273909e+01,8.877075871051774314e+00,9.823241836064466952e+02,7.606819828655014817e+02,4.968772386844675815e+00,2.411721564612581581e+00,6.306504519711541690e+00
5.205906143663102625e+01,8.899087990406387760e+00,9.837712413183546687e+02,7.606226165571481488e+02,4.900000000000000355e+00,2.435950358403401683e+00,6.305900060293277321e+00
4.189221751872341315e+01,8.872907847606642306e+00,9.817408515705498075e+02,7.606932250031104559e+02,4.900000000000000355e+00,2.407133810978296928e+00,6.305295719731521586e+00
3.163887984369899087e+01,8.847899706935852038e+00,9.798048527933240166e+02,7.607606848075911330e+02,4.900000000000000355e+00,2.379607289172595230e+00,6.304691498045718490e+00
2.138554216867457569e+01,8.822891566265061769e+00,9.778722565520452008e+02,7.608281565780752089e+02,4.900000000000000355e+00,2.352080767366893976e+00,6.304087395255312920e+00
1.169242277307397870e+01,8.800000000000000711e+00,9.759966636022044213e+02,7.608899283396025339e+02,4.900000000000000355e+00,2.326883964203602773e+00,6.303483411379734669e+00
9.016281341582516262e+00,8.800000000000000711e+00,9.748804360667851370e+02,7.608899283396025339e+02,4.900000000000000355e+00,2.326883964203602773e+00,6.302879546438422409e+00
6.265385867795476571e+00,8.800000000000000711e+00,9.737503156372938520e+02,7.608899283396025339e+02,4.900000000000000355e+00,2.326883964203602773e+00,6.302275800450805043e+00
3.514490394008438212e+00,8.800000000000000711e+00,9.726201952078024533e+02,7.608899283396025339e+02,4.900000000000000355e+00,2.326883964203602773e+00,6.301672173436304369e+00
9.686455642180852310e-01,8.800000000000000711e+00,9.714900747783113957e+02,7.608899283396025339e+02,4.903862277206969544e+00,2.326883964203602773e+00,6.301068665414342185e+00
7.284272224031236309e-01,8.800000000000000711e+00,9.703599543488197696e+02,7.608899283396025339e+02,5.008629111038750636e+00,2.326883964203602773e+00,6.300465276404342063e+00
4.783458156952110629e-01,8.800000000000000711e+00,9.692298339193285983e+02,7.608899283396025339e+02,5.108661673721915264e+00,2.326883964203602773e+00,6.299862006425710703e+00
2.282644089872984394e-01,8.800000000000000711e+00,9.680997134898370859e+02,7.608899283396025339e+02,5.208694236405080780e+00,2.326883964203602773e+00,6.299258855497861909e+00
0.000000000000000000e+00,8.801985637504946780e+00,9.671639735830852942e+02,7.608845699420179471e+02,5.311663541408862876e+00,2.329069012275248873e+00,6.298655823640200602e+00
0.000000000000000000e+00,8.854379680885706705e+00,9.696934439175070111e+02,7.607432038400074816e+02,5.463139042657116029e+00,2.386724804518128629e+00,6.298052910872129928e+00
0.000000000000000000e+00,8.904395962227289019e+00,9.721121809890344139e+02,7.606083023931353182e+02,5.613187886681862970e+00,2.441764044472087392e+00,6.297450117213046816e+00
0.000000000000000000e+00,8.954412243568869556e+00,9.745348715753614215e+02,7.604734487815213697e+02,5.763236730706611688e+00,2.496803284426046599e+00,6.296847442682350859e+00
0.000000000000000000e+00,9.004428524910451870e+00,9.769015061618592881e+02,7.603386429797275241e+02,5.916349659453121745e+00,2.551838962408548017e+00,6.296244887299424775e+00
0.000000000000000000e+00,9.054444806252035960e+00,9.784535292076163842e+02,7.602038849623324950e+02,6.117779225008142419e+00,2.606821821019679852e+00,6.295642451083661939e+00
0.000000000000000000e+00,9.104461087593618274e+00,9.800197707902177626e+02,7.600691747039339816e+02,6.317844350374472562e+00,2.661805993431329842e+00,6.295040134054443293e+00
0.000000000000000000e+00,9.154477368935200587e+00,9.815841250754698422e+02,7.599345121791474185e+02,6.517909475740801817e+00,2.716790165842979832e+00,6.294437936231149777e+00
0.000000000000000000e+00,9.204493650276782901e+00,9.831994233763192597e+02,7.597998973626060888e+02,6.721136492265197049e+00,2.771770729053427917e+00,6.293835857633154340e+00
0.000000000000000000e+00,9.254509931618365215e+00,9.856594862818897127e+02,7.596653302289615795e+02,6.972549658091828029e+00,2.826698814869536669e+00,6.293233898279831706e+00
0.000000000000000000e+00,9.304526212959949305e+00,9.880980666911518711e+02,7.595308107528830988e+02,7.222631064799740486e+00,2.881628212643314590e+00,6.292632058190547717e+00
0.000000000000000000e+00,9.354542494301529842e+00,9.905405567054522180e+02,7.593963389090577039e+02,7.472712471507652943e+00,2.936557610417092956e+00,6.292030337384665550e+00
0.000000000000000000e+00,9.400000000000000355e+00,9.930189512308020312e+02,7.592741649101077428e+02,7.713401902654382525e+00,2.986480422456281758e+00,6.291428735881545720e+00
0.000000000000000000e+00,9.400000000000000355e+00,9.959735381294186709e+02,7.592741649101077428e+02,7.836437642461739017e+00,2.986480422456281758e+00,6.290827253700549626e+00
0.000000000000000000e+00,9.400000000000000355e+00,9.989151467924187955e+02,7.592741649101077428e+02,7.961478345815694802e+00,2.986480422456281758e+00,6.290225890861022684e+00
0.000000000000000000e+00,9.400000000000000355e+00,1.001856755455418806e+03,7.592741649101077428e+02,8.086519049169650586e+00,2.986480422456281758e+00,6.289624647382313860e+00
0.000000000000000000e+00,9.397790244813734262e+00,1.005280666677742602e+03,7.592801032129873420e+02,8.197790244813733196e+00,2.984053602261870886e+00,6.289023523283773898e+00
0.000000000000000000e+00,9.345359817648974499e+00,1.017500202511807515e+03,7.594210235305533843e+02,8.145359817648973433e+00,2.926472916294563298e+00,6.288422518584740217e+00
0.000000000000000000e+00,9.295343536307392185e+00,1.029279590843232654e+03,7.595555041174662847e+02,8.095343536307391119e+00,2.871543518520784932e+00,6.287821633304550240e+00
0.000000000000000000e+00,9.245327254965809871e+00,1.040967187265411894e+03,7.596900323412785383e+02,8.045327254965810582e+00,2.816614120747007011e+00,6.287220867462538720e+00
0.000000000000000000e+00,9.199999999999999289e+00,1.052685716863655671e+03,7.598119897125940270e+02,8.002267285294019317e+00,2.766834354014520159e+00,6.286620221078029758e+00
0.000000000000000000e+00,9.199999999999999289e+00,1.066082740470811814e+03,7.598119897125940270e+02,8.054705307717357599e+00,2.766834354014520159e+00,6.286019694170353667e+00
0.000000000000000000e+00,9.199999999999999289e+00,1.079433688711716968e+03,7.598119897125940270e+02,8.104721589058939912e+00,2.766834354014520159e+00,6.285419286758833657e+00
0.000000000000000000e+00,9.199999999999999289e+00,1.092784636952621440e+03,7.598119897125940270e+02,8.154737870400520450e+00,2.766834354014520159e+00,6.284818998862784944e+00
0.000000000000000000e+00,9.201162701872080518e+00,1.105908328588082213e+03,7.598088609021907587e+02,8.214438631754450881e+00,2.768111585971151367e+00,6.284218830501519193e+00
0.000000000000000000e+00,9.227385216541842183e+00,1.116134829457699425e+03,7.597383024523575159e+02,8.446466948876592440e+00,2.796917107423952942e+00,6.283618781694353395e+00
0.000000000000000000e+00,9.252393357212634228e+00,1.126457580627360358e+03,7.596710238357890148e+02,8.671540214913706635e+00,2.824388634913183704e+00,6.283018852460587667e+00
0.000000000000000000e+00,9.277401497883426273e+00,1.136811496532270212e+03,7.596037571338795260e+02,8.896613480950836816e+00,2.851860162402415799e+00,6.282419042819527455e+00
0.000000000000000000e+00,9.307989571874376367e+00,1.147074371145186205e+03,7.595214985393430425e+02,9.115918934848115995e+00,2.885450982393995112e+00,6.281819352790469324e+00
0.000000000000000000e+00,9.437088896125045423e+00,1.155815268114716446e+03,7.591745119473952172e+02,9.264506675350054010e+00,3.027053508738578369e+00,6.281219782392711615e+00
0.000000000000000000e+00,9.562129599478996766e+00,1.164649739735881440e+03,7.588387367718596579e+02,9.414555519374795622e+00,3.164207012193020141e+00,6.280620331645542898e+00
0.000000000000000000e+00,9.687170302832956992e+00,1.173541131491613442e+03,7.585032584849125215e+02,9.564604363399547893e+00,3.301360515647472127e+00,6.280021000568249967e+00
0.000000000000000000e+00,9.815671479938501420e+00,1.182661490112189540e+03,7.581588052654723242e+02,9.714653207424289505e+00,3.442272516563568363e+00,6.279421789180119617e+00
0.000000000000000000e+00,9.992152393357216056e+00,1.194191737176274728e+03,7.576862486985320402e+02,9.864702051449043552e+00,3.635266254201676706e+00,6.278822697500424432e+00
0.000000000000000000e+00,1.016720937805274971e+01,1.205741450361655097e+03,7.572180869856110803e+02,1.001475089547378694e+01,3.826716111041168489e+00,6.278223725548445877e+00
0.000000000000000000e+00,1.034226636274829403e+01,1.217377711365674941e+03,7.567505034540905626e+02,1.016479973949853921e+01,4.018165967880673151e+00,6.277624873343454759e+00
0.000000000000000000e+00,1.050889207077466914e+01,1.228695091552317081e+03,7.563059760452240425e+02,1.031087757502420743e+01,4.200375497810195924e+00,6.277026140904718332e+00
0.000000000000000000e+00,1.058244871377401530e+01,1.235383486805386156e+03,7.561099065964402826e+02,1.040993161836535563e+01,4.280620872530334076e+00,6.276427528251497634e+00
0.000000000000000000e+00,1.065747313578638789e+01,1.242194497333989148e+03,7.559100291651187717e+02,1.050996418104851671e+01,4.362471661437924197e+00,6.275829035403058143e+00
0.000000000000000000e+00,1.073249755779876402e+01,1.249038977416365697e+03,7.557102573809497699e+02,1.060999674373168489e+01,4.444322450345519648e+00,6.275230662378652902e+00
0.000000000000000000e+00,1.080752197981113660e+01,1.255815860560706824e+03,7.555105911601939397e+02,1.071185579647284669e+01,4.526164287738994041e+00,6.274632409197534955e+00
0.000000000000000000e+00,1.088254640182351274e+01,1.261399797962759294e+03,7.553110304192011881e+02,1.083757733637251874e+01,4.607894052969792043e+00,6.274034275878955569e+00
0.000000000000000000e+00,1.095757082383588177e+01,1.267033059720823758e+03,7.551115750744089610e+02,1.096261803972647186e+01,4.689626710579604563e+00,6.273436262442154465e+00
0.000000000000000000e+00,1.103259524584825968e+01,1.272687333968107168e+03,7.549122250423432661e+02,1.108765874308043209e+01,4.771359368189423300e+00,6.272838368906374917e+00
0.000000000000000000e+00,1.110557081182637873e+01,1.278426778167264729e+03,7.547184200076172829e+02,1.119999999999999929e+01,4.850854249100100546e+00,6.272240595290855758e+00
0.000000000000000000e+00,1.115509605991533881e+01,1.285000161411483987e+03,7.545869499649757017e+02,1.119999999999999929e+01,4.904741684435280469e+00,6.271642941614826938e+00
0.000000000000000000e+00,1.120511234125691935e+01,1.291578876391406084e+03,7.544542228517706235e+02,1.119999999999999929e+01,4.959164952905782187e+00,6.271045407897520185e+00
0.000000000000000000e+00,1.125512862259850344e+01,1.298185354720966188e+03,7.543215424220883278e+02,1.119999999999999929e+01,5.013588221376287457e+00,6.270447994158161009e+00
0.000000000000000000e+00,1.130697972538501617e+01,1.304290160879382029e+03,7.541840440378896346e+02,1.119731386447694987e+01,5.070001237835096042e+00,6.269850700415970479e+00
0.000000000000000000e+00,1.138274177792250264e+01,1.305358208811083159e+03,7.539832286253848679e+02,1.114483881471833193e+01,5.152338447108331998e+00,6.269253526690162559e+00
0.000000000000000000e+00,1.145776619993487344e+01,1.306440110095728642e+03,7.537844738384374068e+02,1.109482253337674962e+01,5.233876276371651315e+00,6.268656472999957430e+00
0.000000000000000000e+00,1.153279062194724958e+01,1.307496706203702843e+03,7.535858238099334585e+02,1.104480625203516730e+01,5.315414105634975073e+00,6.268059539364561950e+00
1.374102656917780725e-02,1.159999999999999964e+01,1.308902697521571781e+03,7.534079553831461453e+02,1.099478997069358677e+01,5.388458411016699756e+00,6.267462725803183865e+00
2.761315532399910566e-01,1.159999999999999964e+01,1.316316687802546085e+03,7.534079553831461453e+02,1.094477368935200090e+01,5.388458411016699756e+00,6.266866032335021153e+00
5.262129599479117292e-01,1.159999999999999964e+01,1.323466999920669423e+03,7.534079553831461453e+02,1.089475740801041859e+01,5.388458411016699756e+00,6.266269458979278006e+00
7.762943666558163036e-01,1.159999999999999964e+01,1.330617312038792079e+03,7.534079553831461453e+02,1.084474112666883627e+01,5.388458411016699756e+00,6.265673005755145297e+00
1.105447376838650797e+00,1.159999999999999964e+01,1.337432129943077371e+03,7.534079553831461453e+02,1.081827030215858088e+01,5.388458411016699756e+00,6.265076672681813896e+00
2.658743080429849304e+00,1.159999999999999964e+01,1.340777511865864199e+03,7.534079553831461453e+02,1.115939433409313430e+01,5.388458411016699756e+00,6.264480459778472898e+00
4.159231520677373339e+00,1.159999999999999964e+01,1.344182422398303515e+03,7.534079553831461453e+02,1.148450016281342911e+01,5.388458411016699756e+00,6.263884367064302516e+00
5.659719960924801008e+00,1.159999999999999964e+01,1.347587332930743287e+03,7.534079553831461453e+02,1.180960599153370794e+01,5.388458411016699756e+00,6.263288394558482963e+00
7.337538065900126583e+00,1.160287396076536126e+01,1.350994372041892348e+03,7.534003515571607750e+02,1.213674254416554277e+01,5.391578184950468255e+00,6.262692542280192676e+00
1.142852491045267271e+01,1.165535656138065868e+01,1.354428834341878201e+03,7.532615182717437392e+02,1.248749592966460753e+01,5.448549682734784128e+00,6.262096810248595880e+00
1.542982741777940348e+01,1.170537284272224277e+01,1.357868857422507972e+03,7.531292569784225179e+02,1.283760989905569794e+01,5.502843914122419022e+00,6.261501198482864794e+00
1.943112992510587489e+01,1.175538912406382330e+01,1.361315042688866015e+03,7.529970421231001865e+02,1.318772386844676525e+01,5.557138145510051253e+00,6.260905707002165421e+00
2.351312086374197463e+01,1.180736777683454442e+01,1.364553623438090881e+03,7.528596891505347912e+02,1.351643587380391587e+01,5.613555451016493336e+00,6.260310335825653105e+00
2.854216867469884988e+01,1.188313253012048243e+01,1.365724267868341485e+03,7.526595711559267556e+02,1.363855421686747071e+01,5.695701425131002082e+00,6.259715084972483190e+00
3.354379680885726600e+01,1.195815695213285856e+01,1.366897862463178171e+03,7.524615135138666346e+02,1.376359492022143094e+01,5.777046960087952598e+00,6.259119954461811908e+00
3.854542494301535527e+01,1.203318137414523115e+01,1.368045641620840570e+03,7.522635600796356812e+02,1.388863562357538406e+01,5.858392495044897785e+00,6.258524944312784832e+00
4.387583659651002677e+01,1.210820579615760550e+01,1.368647433486306909e+03,7.520657107710119362e+02,1.398499084532557646e+01,5.939728357609070031e+00,6.257930054544544873e+00
5.326506024096394043e+01,1.218323021816997809e+01,1.361627812688713675e+03,7.518679655058609796e+02,1.372256593943340697e+01,6.020956898875734709e+00,6.257335285176235828e+00
6.251807228915700421e+01,1.225825464018235422e+01,1.354832061255672215e+03,7.516703242021334290e+02,1.347248453272548652e+01,6.102188255954998475e+00,6.256740636226991725e+00
7.177108433734947823e+01,1.233327906219472503e+01,1.347932197150618777e+03,7.514727867778668724e+02,1.322240312601758205e+01,6.183419613034256912e+00,6.256146107715944815e+00
8.075169359826392679e+01,1.239846672793841442e+01,1.340794426229691226e+03,7.513012336141240439e+02,1.296813285154335382e+01,6.254001171857513697e+00,6.255551699662226461e+00
8.694399218495608750e+01,1.237222403126017589e+01,1.332108286354521852e+03,7.513702865800839845e+02,1.266668837512210644e+01,6.225600614291759705e+00,6.254957412084960033e+00
9.319602735265409876e+01,1.234721589058938385e+01,1.323490851499719383e+03,7.514361028920365015e+02,1.236659068707260367e+01,6.198536126695776360e+00,6.254363245003266236e+00
9.944806252035171212e+01,1.232220774991859180e+01,1.314897626151458326e+03,7.515019307353646809e+02,1.206649299902311689e+01,6.171471639099795681e+00,6.253769198436262222e+00
1.045928701480270888e+02,1.230000000000000071e+01,1.306815161175996309e+03,7.515603969008615195e+02,1.178072864207450721e+01,6.147437810271071612e+00,6.253175272403062479e+00
9.776978183002275102e+01,1.230000000000000071e+01,1.303322498286524933e+03,7.515603969008615195e+02,1.163314881146206403e+01,6.147437810271071612e+00,6.252581466922774389e+00
9.126766525561681931e+01,1.230000000000000071e+01,1.299757305795360708e+03,7.515603969008615195e+02,1.148309996743731176e+01,6.147437810271071612e+00,6.251987782014504447e+00
8.476554868121129971e+01,1.230000000000000071e+01,1.296192113304196710e+03,7.515603969008615195e+02,1.133305112341256837e+01,6.147437810271071612e+00,6.251394217697355593e+00
7.791258420443176647e+01,1.230319749687536834e+01,1.292474105856545066e+03,7.515519785176076084e+02,1.119026693469622913e+01,6.150897423327284841e+00,6.250800773990424553e+00
6.702832953435358831e+01,1.235568218821230779e+01,1.287000793404205979e+03,7.514138200371282892e+02,1.111647671768153600e+01,6.207684569797822682e+00,6.250207450912802720e+00
5.627482904591300183e+01,1.240569846955389366e+01,1.281530314545689180e+03,7.512822067468722480e+02,1.104145229566916164e+01,6.261800957302555481e+00,6.249614248483585044e+00
4.552132855747310458e+01,1.245571475089547420e+01,1.276008420078573636e+03,7.511506395537846856e+02,1.096642787365678906e+01,6.315917344807283840e+00,6.249021166721854037e+00
3.512467877929399407e+01,1.249673627549330845e+01,1.270278695973912363e+03,7.510427675490542470e+02,1.088156188510697930e+01,6.360301626517681051e+00,6.248428205646692213e+00
2.819537609899054331e+01,1.244425268642135940e+01,1.262837284302545868e+03,7.511807862986136115e+02,1.067701074568544328e+01,6.303515672670783054e+00,6.247835365277179420e+00
2.119309671116876359e+01,1.239423640507977709e+01,1.255480417473754642e+03,7.513123640534962533e+02,1.047694562031910692e+01,6.249399285166050255e+00,6.247242645632388403e+00
1.419081732334743684e+01,1.234422012373819477e+01,1.248156524131755987e+03,7.514439879110989295e+02,1.027688049495278477e+01,6.195282897661321897e+00,6.246650046731391015e+00
7.745354519625687217e+00,1.229204547737000119e+01,1.240779008673362114e+03,7.515813410354246571e+02,1.011332178007912930e+01,6.138823410567423089e+00,6.246057568593254672e+00
6.046564636926082592e+00,1.221628134158254575e+01,1.232539071828837223e+03,7.517808841562316502e+02,1.032324975577987658e+01,6.056750564317765040e+00,6.245465211237039682e+00
4.295994789970637662e+00,1.214125691957016961e+01,1.224371559771406737e+03,7.519785836122990759e+02,1.052331488114621294e+01,5.975481247057389922e+00,6.244872974681805466e+00
2.545424943015305974e+00,1.206623249755779881e+01,1.216250947223789126e+03,7.521763870756826691e+02,1.072338000651253509e+01,5.894211929797018357e+00,6.244280858946608781e+00
9.614549706962771669e-01,1.200000000000000000e+01,1.208769594901740447e+03,7.523510969502049193e+02,1.093221134119266935e+01,5.822466360653095307e+00,6.243688864050501053e+00
7.206121784435042255e-01,1.200000000000000000e+01,1.206387010345557883e+03,7.523510969502049193e+02,1.123526538586779466e+01,5.822466360653095307e+00,6.243096990012524827e+00
4.705307717355834973e-01,1.200000000000000000e+01,1.203940015724116847e+03,7.523510969502049193e+02,1.153536307391729920e+01,5.822466360653095307e+00,6.242505236851728867e+00
2.204493650276789785e-01,1.200000000000000000e+01,1.201493021102676266e+03,7.523510969502049193e+02,1.183546076196678598e+01,5.822466360653095307e+00,6.241913604587152165e+00
0.000000000000000000e+00,1.199480198876084103e+01,1.198954906263477596e+03,7.523648123209483174e+02,1.213075070873021488e+01,5.758877982376558791e+00,6.241322093237828383e+00
0.000000000000000000e+00,1.191608596548355692e+01,1.195463023750432740e+03,7.525725642485828075e+02,1.237971344838814680e+01,4.795928108995621386e+00,6.240730702822787634e+00
0.000000000000000000e+00,1.184106154347117901e+01,1.192001990338830410e+03,7.527706803626439296e+02,1.262979485509606725e+01,3.878138379923482759e+00,6.240139433361062693e+00
0.000000000000000000e+00,1.176603712145880820e+01,1.188542553904790566e+03,7.529689008130358161e+02,1.287987626180397172e+01,2.960348650851403640e+00,6.239548284871672124e+00
0.000000000000000000e+00,1.169999999999999929e+01,1.184705762244889684e+03,7.531434625078144336e+02,1.309116623953309677e+01,2.152502483074385964e+00,6.238957257373639820e+00
0.000000000000000000e+00,1.169999999999999929e+01,1.176671525220019248e+03,7.531434625078144336e+02,1.295998046239010115e+01,2.152502483074385964e+00,6.238366350885979905e+00
0.000000000000000000e+00,1.169999999999999929e+01,1.168788475112026617e+03,7.531434625078144336e+02,1.283493975903614093e+01,2.152502483074385964e+00,6.237775565427703839e+00
0.000000000000000000e+00,1.169999999999999929e+01,1.160905425004034669e+03,7.531434625078144336e+02,1.270989905568218958e+01,2.152502483074385964e+00,6.237184901017823968e+00
0.000000000000000000e+00,1.169999999999999929e+01,1.153055655689568994e+03,7.531434625078144336e+02,1.262521495594818788e+01,2.212739836259822734e+00,6.236594357675340206e+00
0.000000000000000000e+00,1.169999999999999929e+01,1.145523569927485141e+03,7.531434625078144336e+02,1.299251058287202554e+01,3.090191950312284774e+00,6.236003935419254240e+00
0.000000000000000000e+00,1.169999999999999929e+01,1.137983261128535332e+03,7.531434625078144336e+02,1.334262455226311594e+01,3.926597886245773328e+00,6.235413634268565986e+00
0.000000000000000000e+00,1.169999999999999929e+01,1.130442952329586433e+03,7.531434625078144336e+02,1.369273852165418148e+01,4.763003822179207702e+00,6.234823454242265584e+00
0.000000000000000000e+00,1.169265753601677105e+01,1.123318644751979946e+03,7.531628773756868895e+02,1.397980822404612411e+01,5.427300555261544091e+00,6.234233395359339625e+00
0.000000000000000000e+00,1.158772386844676028e+01,1.119744686227425973e+03,7.534404376796535416e+02,1.369124063822859227e+01,4.430670901123591854e+00,6.233643457638775587e+00
0.000000000000000000e+00,1.148769130576359387e+01,1.116101838478896298e+03,7.537052254435807299e+02,1.341615109084987978e+01,3.480590525033215421e+00,6.233053641099556508e+00
0.000000000000000000e+00,1.138765874308043102e+01,1.112452619482292221e+03,7.539701993860173843e+02,1.314106154347118505e+01,2.530510148942901161e+00,6.232463945760655655e+00
0.000000000000000000e+00,1.129299771509925421e+01,1.108936339565361322e+03,7.542211163226272674e+02,1.286597199609247255e+01,1.458928193012403840e+00,6.231874371641048072e+00
0.000000000000000000e+00,1.124379680885705035e+01,1.106633171778259793e+03,7.543515987429918823e+02,1.259088244871377604e+01,-9.033175857797721697e-01,6.231284918759703473e+00
0.000000000000000000e+00,1.119378052751546448e+01,1.104306587237760823e+03,7.544842897472516370e+02,1.231579290133506532e+01,-3.218237176924947374e+00,6.230695587135586244e+00
0.000000000000000000e+00,1.114376424617388572e+01,1.101981844419853587e+03,7.546170274406157432e+02,1.204070335395636882e+01,-5.533156768069972031e+00,6.230106376787659883e+00
0.000000000000000000e+00,1.109646710791030166e+01,1.099579942570136154e+03,7.547425917758639571e+02,1.180381078813259421e+01,-7.324450577716444144e+00,6.229517287734879005e+00
0.000000000000000000e+00,1.107186584174535859e+01,1.096423737781387217e+03,7.548079197214291298e+02,1.185626831650928281e+01,-4.099725443080839860e+00,6.228928319996200891e+00
0.000000000000000000e+00,1.104685770107456833e+01,1.093297410745523166e+03,7.548743396769081073e+02,1.190628459785086513e+01,-1.025071249977862919e+00,6.228339473590573050e+00
0.000000000000000000e+00,1.102184956040377628e+01,1.090178063484196855e+03,7.549407713227755039e+02,1.195630087919244744e+01,2.049582943125312973e+00,6.227750748536942105e+00
0.000000000000000000e+00,1.099449481400617579e+01,1.087266795733086383e+03,7.550134499747573500e+02,1.199029690771647161e+01,4.731672618091240956e+00,6.227162144854250236e+00
0.000000000000000000e+00,1.094366655812438616e+01,1.085979237044504544e+03,7.551485321530685724e+02,1.185916639531096806e+01,4.674516745636180914e+00,6.226573662561433409e+00
0.000000000000000000e+00,1.089365027678280562e+01,1.084661004817350431e+03,7.552815036924853302e+02,1.173412569195701494e+01,4.620015238996071361e+00,6.225985301677431139e+00
0.000000000000000000e+00,1.084363399544122153e+01,1.083338166505272056e+03,7.554145220691626719e+02,1.160908498860305471e+01,4.565513732355960030e+00,6.225397062221168731e+00
0.000000000000000000e+00,1.079361771409963922e+01,1.082304849614959494e+03,7.555475873078515860e+02,1.148669539241684667e+01,4.511006802261429804e+00,6.224808944211575046e+00
0.000000000000000000e+00,1.074360143275805690e+01,1.083944042690127390e+03,7.556806994333203420e+02,1.138720286551611416e+01,4.456451516921460687e+00,6.224220947667569170e+00
0.000000000000000000e+00,1.069358515141647459e+01,1.085482915897793418e+03,7.558138584703552851e+02,1.128717030283295308e+01,4.401897507678020460e+00,6.223633072608074635e+00
0.000000000000000000e+00,1.064356887007489227e+01,1.086998236973486428e+03,7.559470644437592455e+02,1.118713774014978313e+01,4.347343498434576681e+00,6.223045319052005198e+00
0.000000000000000000e+00,1.060201172303212580e+01,1.088334490706600491e+03,7.560577773864795290e+02,1.111207033819275125e+01,4.302016607902574563e+00,6.222457687018266626e+00
0.000000000000000000e+00,1.062823184630413564e+01,1.088539544314487102e+03,7.559879202134966363e+02,1.126939107782481919e+01,4.330622451270305540e+00,6.221870176525773566e+00
0.000000000000000000e+00,1.065323998697492769e+01,1.088749675395278700e+03,7.559213041584615667e+02,1.141943992184956258e+01,4.357906036001215178e+00,6.221282787593422015e+00
0.000000000000000000e+00,1.067824812764571973e+01,1.088957134601759435e+03,7.558546998425233596e+02,1.156948876587431485e+01,4.385189620732126592e+00,6.220695520240114185e+00
0.000000000000000000e+00,1.070325626831650823e+01,1.089354222893681481e+03,7.557881072625797287e+02,1.169999999999999929e+01,4.412471809840162962e+00,6.220108374484746960e+00
0.000000000000000000e+00,1.072826440898730027e+01,1.091906889433416382e+03,7.557215264155286150e+02,1.169999999999999929e+01,4.439741916405466782e+00,6.219521350346208344e+00
0.000000000000000000e+00,1.075327254965809232e+01,1.094364168763717316e+03,7.556549572982697782e+02,1.169999999999999929e+01,4.467012340917997371e+00,6.218934447843384561e+00
0.000000000000000000e+00,1.077828069032888436e+01,1.096826232886008938e+03,7.555883999077036606e+02,1.169999999999999929e+01,4.494282765430529736e+00,6.218347666995166279e+00
0.000000000000000000e+00,1.079583263577456265e+01,1.099057671393379906e+03,7.555416938957170032e+02,1.167707949676009349e+01,4.513421396643198413e+00,6.217761007820425512e+00
0.000000000000000000e+00,1.074340605665906700e+01,1.099583032745952096e+03,7.556812194945264309e+02,1.138873331162486657e+01,4.456238415322853363e+00,6.217174470338038716e+00
0.000000000000000000e+00,1.069338977531748469e+01,1.100107984095620168e+03,7.558143787148582078e+02,1.111364376424617184e+01,4.401684406079413137e+00,6.216588054566881461e+00
0.000000000000000000e+00,1.064337349397590238e+01,1.100615913268952909e+03,7.559475848716562041e+02,1.083855421686745757e+01,4.347130396835969357e+00,6.216001760525819542e+00
0.000000000000000000e+00,1.059999999999999964e+01,1.101213628719448934e+03,7.560631376047609820e+02,1.056902617971102032e+01,4.299821841945174583e+00,6.215415588233714317e+00
0.000000000000000000e+00,1.059999999999999964e+01,1.102847769379010060e+03,7.560631376047609820e+02,1.034503419081731401e+01,4.299821841945174583e+00,6.214829537709430696e+00
0.000000000000000000e+00,1.059999999999999964e+01,1.104441231769494152e+03,7.560631376047609820e+02,1.011996092478019982e+01,4.299821841945174583e+00,6.214243608971819377e+00
0.000000000000000000e+00,1.059999999999999964e+01,1.106034694159978471e+03,7.560631376047609820e+02,9.894887658743071412e+00,4.299821841945174583e+00,6.213657802039736389e+00
0.000000000000000000e+00,1.059784352816667052e+01,1.107118478878120641e+03,7.560688837151901680e+02,9.699999999999999289e+00,4.297468018953642499e+00,6.213072116932026212e+00
0.000000000000000000e+00,1.057163790296320194e+01,1.103525998150319538e+03,7.561387170925758028e+02,9.699999999999999289e+00,4.268864166050023279e+00,6.212486553667537770e+00
0.000000000000000000e+00,1.054662976229241345e+01,1.100105873238657523e+03,7.562053714741223303e+02,9.699999999999999289e+00,4.241567386385873384e+00,6.211901112265108438e+00
0.000000000000000000e+00,1.052162162162162140e+01,1.096693697220257945e+03,7.562720376080054621e+02,9.699999999999999289e+00,4.214270606721720824e+00,6.211315792743574704e+00
1.096585362890670212e-01,1.049163046533757360e+01,1.093343601153856753e+03,7.563520031662209249e+02,9.691227317096872795e+00,4.181527339380249231e+00,6.210730595121770392e+00
1.419732985998093167e+00,1.041481602084011548e+01,1.090430674968918311e+03,7.565568899054958365e+02,9.586421361120152085e+00,4.097600323577467840e+00,6.210145519418520443e+00
2.670140019537615927e+00,1.033979159882774290e+01,1.087505901342009793e+03,7.567571096138125313e+02,9.486388798436991010e+00,4.015630466057069192e+00,6.209560565652653352e+00
3.920547053077219513e+00,1.026476717681536677e+01,1.084579945483541678e+03,7.569574353248475518e+02,9.386356235753822830e+00,3.933660608536665215e+00,6.208975733842990508e+00
5.564350047026253243e+00,1.019999999999999929e+01,1.082080802192129795e+03,7.571304580742929602e+02,9.275818048550739547e+00,3.617196983693795165e+00,6.208391024008344417e+00
1.096971670465665127e+01,1.019999999999999929e+01,1.082405879170937169e+03,7.571304580742929602e+02,9.072582220774982886e+00,8.272922968400782118e-01,6.207806436167529363e+00
1.622142624552264678e+01,1.019999999999999929e+01,1.082716201841552447e+03,7.571304580742929602e+02,8.872517095408660737e+00,-1.843205810659126920e+00,6.207221970339358741e+00
2.147313578638897980e+01,1.019999999999999929e+01,1.083026524512167043e+03,7.571304580742929602e+02,8.672451970042324376e+00,-4.513703918158505246e+00,6.206637626542631736e+00
2.715620950413171286e+01,1.020453432331850507e+01,1.083389390949619383e+03,7.571183425036000472e+02,8.500000000000000000e+00,-6.606871668821299615e+00,6.206053404796151085e+00
3.653012048192802297e+01,1.025691957017258460e+01,1.084219607792053012e+03,7.569783956606316906e+02,8.500000000000000000e+00,-4.195219684291438433e+00,6.205469305118717749e+00
4.578313253012048989e+01,1.030693585151416514e+01,1.085024286388346809e+03,7.568448260081793251e+02,8.500000000000000000e+00,-1.892627420247683379e+00,6.204885327529117589e+00
5.503614457831356077e+01,1.035695213285574923e+01,1.085820809529049939e+03,7.567113034844290951e+02,8.500000000000000000e+00,4.099648437962207792e-01,6.204301472046144461e+00
6.476245874572097705e+01,1.041236381590841553e+01,1.087174842976186710e+03,7.565634328856698403e+02,8.493086656798054079e+00,2.481507387144021415e+00,6.203717738688585115e+00
7.838586779550678330e+01,1.051396939107782735e+01,1.094044121081342155e+03,7.562924390992417329e+02,8.414522956691630640e+00,2.997561413042250322e+00,6.203134127475220083e+00
9.189026375773363498e+01,1.061400195376099198e+01,1.100702357475776125e+03,7.560258306841500371e+02,8.339498534679256281e+00,3.529287902925688947e+00,6.202550638424823681e+00
1.053946597199613393e+02,1.071403451644415661e+01,1.107394829317969879e+03,7.557594101725594555e+02,8.264474112666880146e+00,4.061014392809162210e+00,6.201967271556173777e+00
1.197125061574418083e+02,1.081406707912732124e+01,1.113017646955399414e+03,7.554931773658910288e+02,8.186604261565237906e+00,4.536665590779853652e+00,6.201384026888035805e+00
1.406756756756763025e+02,1.091409964181048764e+01,1.111232793786660295e+03,7.552271320658448985e+02,8.085900358189512360e+00,4.642238835386921281e+00,6.200800904439180528e+00
1.614324324324323925e+02,1.101413220449364871e+01,1.109447927325284127e+03,7.549612740744006487e+02,7.985867795506349509e+00,4.751189621433320021e+00,6.200217904228363608e+00
1.821891891891897899e+02,1.111416476717681867e+01,1.107584338872902208e+03,7.546956031938163960e+02,7.885835232823180441e+00,4.860140407479725866e+00,6.199635026274348704e+00
1.988340027699818222e+02,1.120425118023376321e+01,1.106285235019617858e+03,7.544565076498406597e+02,7.764426488107766922e+00,4.958253265302915658e+00,6.199052270595886149e+00
1.860068381634642947e+02,1.122855747313578689e+01,1.110287851591825984e+03,7.543920230892128984e+02,7.457310322370553912e+00,4.984694412446291523e+00,6.198469637211727168e+00
1.737528492347769884e+02,1.125356561380657716e+01,1.114121133733871602e+03,7.543256879791251777e+02,7.157212634321068911e+00,5.011899552480207021e+00,6.197887126140618541e+00
1.614988603060888863e+02,1.127857375447736921e+01,1.117963688996709607e+03,7.542593645339539989e+02,6.857114946271565259e+00,5.039104692514125183e+00,6.197304737401300834e+00
1.488925336496952525e+02,1.129758256740758071e+01,1.121967002743214152e+03,7.542089596174880626e+02,6.566265777523463854e+00,5.059783455659796481e+00,6.196722471012511058e+00
1.335600781504391819e+02,1.127140996418104812e+01,1.127146586703002413e+03,7.542783622455440309e+02,6.342689677629430811e+00,5.031311553441907947e+00,6.196140326992987113e+00
1.183051123412570291e+02,1.124640182351025786e+01,1.132270932721955432e+03,7.543446890319132763e+02,6.117616411592316616e+00,5.004106413407991560e+00,6.195558305361457130e+00
1.030501465320738674e+02,1.122139368283946581e+01,1.137374907400951543e+03,7.544110274840805914e+02,5.892543145555187323e+00,4.976901273374074286e+00,6.194976406136649238e+00
8.823059179185419509e+01,1.118078353477781128e+01,1.142942009664883926e+03,7.545187803693098658e+02,5.695458343753880825e+00,4.932687043229545765e+00,6.194394629337283575e+00
7.654737870400491317e+01,1.099964181048517986e+01,1.152159533586199359e+03,7.549997738108520480e+02,5.671377401497882609e+00,4.735249761151615111e+00,6.193812974982078501e+00
6.479355258873340517e+01,1.082458482578964620e+01,1.160868694301512051e+03,7.554651956862995803e+02,5.646369260827092340e+00,4.544448186197626249e+00,6.193231443089748822e+00
5.303972647346112979e+01,1.064952784109410366e+01,1.169204665887265946e+03,7.559311917371222762e+02,5.621361120156300295e+00,4.353646611243624953e+00,6.192650033679009347e+00
4.169707682772870072e+01,1.048080376771697075e+01,1.177071996049617610e+03,7.563808738317234202e+02,5.560432485224121812e+00,4.169695600452577366e+00,6.192068746768560672e+00
3.325724519700403903e+01,1.035672419407358902e+01,1.183922631000746378e+03,7.567119118786513354e+02,5.170172582220765811e+00,4.034054276150238927e+00,6.191487582377106058e+00
2.475447736893473305e+01,1.023168349071962879e+01,1.190587302097393149e+03,7.570458070991612658e+02,4.795050472158885135e+00,3.897371230488983596e+00,6.190906540523350543e+00
1.625170954086598130e+01,1.010664278736567567e+01,1.197050005456124836e+03,7.573799971088263874e+02,4.419928362097028440e+00,3.760688184827738034e+00,6.190325621225983177e+00
8.648802868991145587e+00,1.000759613426857975e+01,1.203699240166740083e+03,7.576449242254541332e+02,4.074971687678866417e+00,3.652423497708188638e+00,6.189744824503695675e+00
6.704982090524216787e+00,1.008606317160534083e+01,1.213215214402022411e+03,7.574350274928480076e+02,3.927873656789316215e+00,3.738238244053395665e+00,6.189164150375175311e+00
4.704330836860851406e+00,1.016108759361771874e+01,1.222704675510497736e+03,7.572344489499034808e+02,3.777824812764563500e+00,3.820288006134465952e+00,6.188583598859106694e+00
2.703679583197615255e+00,1.023611201563008954e+01,1.232255084085573344e+03,7.570339766103936654e+02,3.627775968739821000e+00,3.902337768215530911e+00,6.188003169974168216e+00
9.539998238853335533e-01,1.031419626959873170e+01,1.241732338669242154e+03,7.568254409876180944e+02,3.535988351179900402e+00,3.987711641970733911e+00,6.187422863739032053e+00
7.127971344838766043e-01,1.041488114620644900e+01,1.250318678039696806e+03,7.565567161496893505e+02,3.902084011722573020e+00,4.097633317584260304e+00,6.186842680172375708e+00
4.627157277759559317e-01,1.051491370888961718e+01,1.258980654218507425e+03,7.562899214088731696e+02,4.252197981113662095e+00,4.206846965559508433e+00,6.186262619292858034e+00
2.126343210680514129e-01,1.061494627157277826e+01,1.267695780652630901e+03,7.560233147685393078e+02,4.602311950504728522e+00,4.316060613534749457e+00,6.185682681119149429e+00
0.000000000000000000e+00,1.070442594341319698e+01,1.275303960678114890e+03,7.557849928445285741e+02,4.952425919895817152e+00,4.413747456805579006e+00,6.185102865669906080e+00
0.000000000000000000e+00,1.072875284923477679e+01,1.276105303419160464e+03,7.557202261251558184e+02,5.302539889286883579e+00,4.440274541884225989e+00,6.184523172963785065e+00
0.000000000000000000e+00,1.075376098990556883e+01,1.276936727741089044e+03,7.556536572369634541e+02,5.652653858677972210e+00,4.467544966396758355e+00,6.183943603019433688e+00
0.000000000000000000e+00,1.077876913057635733e+01,1.277766968300609506e+03,7.555871000754035549e+02,6.002767828069038636e+00,4.494815390909288944e+00,6.183364155855506361e+00
0.000000000000000000e+00,1.080377727124715292e+01,1.278113868972104456e+03,7.555205546373771313e+02,6.317618124025840665e+00,4.522084129132539765e+00,6.182784831490638844e+00
0.000000000000000000e+00,1.082878541191794142e+01,1.274582147322936862e+03,7.554540209197874674e+02,6.415141647671770642e+00,4.549341131797113746e+00,6.182205629943477554e+00
0.000000000000000000e+00,1.085379355258873524e+01,1.271187400234281085e+03,7.553874989195383023e+02,6.515174210354937934e+00,4.576598430688154195e+00,6.181626551232654698e+00
0.000000000000000000e+00,1.087880169325952551e+01,1.267777455022708182e+03,7.553209886335345118e+02,6.615206773038099897e+00,4.603855729579192868e+00,6.181047595376798931e+00
2.687253124997732862e-02,1.090974563058297342e+01,1.264182910294082376e+03,7.552387083707160400e+02,6.721511906615519116e+00,4.637573807337298071e+00,6.180468762394542459e+00
2.881797460110748221e-01,1.098645392380332275e+01,1.259329539157689396e+03,7.550348163100608190e+02,6.872907847606644971e+00,4.721099528681489410e+00,6.179890052304511272e+00
5.382611527189955503e-01,1.106147834581569889e+01,1.254427706143449996e+03,7.548355067993310286e+02,7.022956691631397241e+00,4.802793015836854806e+00,6.179311465125320701e+00
7.883425594269000136e-01,1.113650276782806969e+01,1.249442105012002457e+03,7.546363024858633253e+02,7.173005535656140630e+00,4.884486502992214874e+00,6.178733000875585191e+00
9.727353750070928395e-01,1.120440036367057779e+01,1.244060854391368366e+03,7.544561118406272726e+02,7.323054379680892012e+00,4.958415503007861602e+00,6.178154659573920071e+00
7.114946271572747394e-01,1.122885053728427174e+01,1.236417713138142517e+03,7.543912456570816403e+02,7.473103223705635401e+00,4.985013222681063283e+00,6.177576441238933569e+00
4.614132204493540113e-01,1.125385867795506378e+01,1.228811592575165605e+03,7.543249106837098452e+02,7.623152067730387671e+00,5.012218362714981446e+00,6.176998345889230357e+00
2.113318137414495201e-01,1.127886681862585228e+01,1.221176522465118524e+03,7.542585873752187808e+02,7.773200911755130171e+00,5.039423502748896944e+00,6.176420373543403564e+00
0.000000000000000000e+00,1.129446834235973718e+01,1.213926634597843758e+03,7.542172172434562754e+02,7.900000000000000355e+00,5.056394205201798719e+00,6.175842524220060525e+00
0.000000000000000000e+00,1.124223380006512407e+01,1.209306426181598454e+03,7.543557446303998404e+02,7.900000000000000355e+00,4.999557222473733908e+00,6.175264797937781047e+00
0.000000000000000000e+00,1.119221751872354176e+01,1.204652082510846640e+03,7.544884370933211812e+02,7.900000000000000355e+00,4.945133954003228638e+00,6.174687194715162697e+00
0.000000000000000000e+00,1.114220123738195944e+01,1.200013697969802024e+03,7.546211762461168746e+02,7.900000000000000355e+00,4.890710685532726920e+00,6.174109714570787943e+00
0.000000000000000000e+00,1.109572508706171057e+01,1.195092192738074118e+03,7.547445620216791440e+02,7.888778603582499827e+00,4.840136519014920147e+00,6.173532357523233927e+00
0.000000000000000000e+00,1.107108433734939723e+01,1.188123370876720628e+03,7.548099951681142556e+02,7.784337349397589811e+00,4.813305034452018738e+00,6.172955123591076010e+00
0.000000000000000000e+00,1.104607619667860519e+01,1.181234591882600625e+03,7.548764154888714302e+02,7.684304786714421631e+00,4.786073883482313107e+00,6.172378012792893109e+00
0.000000000000000000e+00,1.102106805600781314e+01,1.174364958388452578e+03,7.549428475001129755e+02,7.584272224031258780e+00,4.758842732512608364e+00,6.171801025147249042e+00
0.000000000000000000e+00,1.099605991533702287e+01,1.168081626716401388e+03,7.550092912049256029e+02,7.477673569175055768e+00,4.731609810355801748e+00,6.171224160672706738e+00
0.000000000000000000e+00,1.097105177466623438e+01,1.165220112555779451e+03,7.550757466063970469e+02,7.326310647997393843e+00,4.704365316671041519e+00,6.170647419387830013e+00
0.000000000000000000e+00,1.094604363399543878e+01,1.162313284456487509e+03,7.551422137076165200e+02,7.176261803972641573e+00,4.677121108921969750e+00,6.170070801311171138e+00
0.000000000000000000e+00,1.092103549332465029e+01,1.159412501145467786e+03,7.552086925116734619e+02,7.026212959947899073e+00,4.649876901172898869e+00,6.169494306461287714e+00
0.000000000000000000e+00,1.090000000000000036e+01,1.156468981082720575e+03,7.552646199449073947e+02,6.895250347142680702e+00,4.626960549342300055e+00,6.168917934856725793e+00
0.000000000000000000e+00,1.090000000000000036e+01,1.153209764134464876e+03,7.552646199449073947e+02,6.871019211983067088e+00,4.626960549342300055e+00,6.168341686516031430e+00
0.000000000000000000e+00,1.090000000000000036e+01,1.149958769934672773e+03,7.552646199449073947e+02,6.846011071312275043e+00,4.626960549342300055e+00,6.167765561457740908e+00
0.000000000000000000e+00,1.090000000000000036e+01,1.146707775734879988e+03,7.552646199449073947e+02,6.821002930641484774e+00,4.626960549342300055e+00,6.167189559700395840e+00
0.000000000000000000e+00,1.089707519609392072e+01,1.142833379419082121e+03,7.552723968981363214e+02,6.795994789970692729e+00,4.623772697221857797e+00,6.166613681262526292e+00
0.000000000000000000e+00,1.087098664929990299e+01,1.134627433371618508e+03,7.553417718397315639e+02,6.770986649299902460e+00,4.595337823675742506e+00,6.166037926162661442e+00
0.000000000000000000e+00,1.084597850862911095e+01,1.126593198687358154e+03,7.554082857861045568e+02,6.745978508629110415e+00,4.568080524784702057e+00,6.165462294419326916e+00
0.000000000000000000e+00,1.082097036795831890e+01,1.118582094766763248e+03,7.554748114476901719e+02,6.720970367958319258e+00,4.540823225893663384e+00,6.164886786051042122e+00
0.000000000000000000e+00,1.080000000000000071e+01,1.111250127342849737e+03,7.555306050197250443e+02,6.717789461274950469e+00,4.517966845052740155e+00,6.164311401076323804e+00
0.000000000000000000e+00,1.080000000000000071e+01,1.107756206264634557e+03,7.555306050197250443e+02,6.874275480299576913e+00,4.517966845052740155e+00,6.163736139513686929e+00
0.000000000000000000e+00,1.080000000000000071e+01,1.104203741878003939e+03,7.555306050197250443e+02,7.024324324324329183e+00,4.517966845052740155e+00,6.163161001381640247e+00
0.000000000000000000e+00,1.080000000000000071e+01,1.100651277491373776e+03,7.555306050197250443e+02,7.174373168349072571e+00,4.517966845052740155e+00,6.162585986698683627e+00
0.000000000000000000e+00,1.080000000000000071e+01,1.098259135486386867e+03,7.555306050197250443e+02,7.354207446319214192e+00,4.517966845052740155e+00,6.162011095483321377e+00
0.000000000000000000e+00,1.080000000000000071e+01,1.103309738648130178e+03,7.555306050197250443e+02,7.736177140996417734e+00,4.517966845052740155e+00,6.161436327754055142e+00
0.000000000000000000e+00,1.080000000000000071e+01,1.108154008266262508e+03,7.555306050197250443e+02,8.111299251058300186e+00,4.517966845052740155e+00,6.160861683529372357e+00
0.000000000000000000e+00,1.080000000000000071e+01,1.112998277884394611e+03,7.555306050197250443e+02,8.486421361120155993e+00,4.517966845052740155e+00,6.160287162827760454e+00
0.000000000000000000e+00,1.078477231507394407e+01,1.118510422646512552e+03,7.555711265969866872e+02,8.796954463014790448e+00,4.118595729278948347e+00,6.159712765667710421e+00
0.000000000000000000e+00,1.065444480625203738e+01,1.128277067625128211e+03,7.559180950876526595e+02,8.770888961250408400e+00,7.005421730774966660e-01,6.159138492067697257e+00
0.000000000000000000e+00,1.052940410289807716e+01,1.137658432675132417e+03,7.562512899862625773e+02,8.745880820579614578e+00,-2.578856202847655155e+00,6.158564342046203066e+00
0.000000000000000000e+00,1.040436339954412581e+01,1.146797797137959378e+03,7.565847787468601382e+02,8.720872679908824310e+00,-5.858254578772595700e+00,6.157990315621698407e+00
0.000000000000000000e+00,1.029516493305354352e+01,1.155684053938239003e+03,7.568762562214224090e+02,8.727774463367076407e+00,-8.697357291970345017e+00,6.157416412812651174e+00
0.000000000000000000e+00,1.027085639856724342e+01,1.164358562077834449e+03,7.569411722955878759e+02,8.962292412894820259e+00,-9.202370403039132896e+00,6.156842633637526596e+00
0.000000000000000000e+00,1.024584825789644960e+01,1.173003826096116200e+03,7.570079682329051138e+02,9.187365678931950441e+00,-9.723249279093604258e+00,6.156268978114790791e+00
0.000000000000000000e+00,1.022084011722566110e+01,1.181616689544696328e+03,7.570747759600188829e+02,9.412438944969064636e+00,-1.024412815514804187e+01,6.155695446262896553e+00
1.876017650098354417e-01,1.019583197655486728e+01,1.187164261930260182e+03,7.571415954800500003e+02,9.574986431332019876e+00,-1.050282796691542408e+01,6.155122038100297566e+00
1.750569846955477349e+00,1.017082383588407524e+01,1.173813065483342598e+03,7.572084267961216710e+02,9.366590687072603671e+00,-9.041800492492507502e+00,6.154548753645443959e+00
3.251058287202904573e+00,1.014581569521328319e+01,1.161035633139009178e+03,7.572752699113580093e+02,9.166525561706277969e+00,-7.639177584463269000e+00,6.153975592916779647e+00
4.751546727450429053e+00,1.012080755454249292e+01,1.148297126684373779e+03,7.573421248288832430e+02,8.966460436339943385e+00,-6.236554676433939015e+00,6.153402555932744988e+00
7.470804838166468897e+00,1.008244079712994967e+01,1.133550851823681796e+03,7.574447158901638204e+02,8.698454318007710739e+00,-4.738333075674560746e+00,6.152829642711782121e+00
1.855975252360855876e+01,9.953956366004550915e+00,1.106013497411881417e+03,7.577884747678937174e+02,7.982155649625489957e+00,-2.652378738358726729e+00,6.152256853272321635e+00
2.931325301204845246e+01,9.828915662650599572e+00,1.079254251802199633e+03,7.581233209300418139e+02,7.281927710843357104e+00,-5.828457593052582819e-01,6.151684187632788792e+00
4.006675350048904249e+01,9.703874959296639346e+00,1.052854811898081152e+03,7.584584631418703111e+02,6.581699772061178955e+00,1.486687219748343836e+00,6.151111645811616846e+00
5.220900098769346442e+01,9.606416727284386781e+00,1.029122510816894192e+03,7.587198828598781120e+02,5.975263034898262937e+00,3.217318679663830228e+00,6.150539227827220401e+00
7.297785737544886331e+01,9.658482578964509457e+00,1.018092272278605037e+03,7.585802000668420533e+02,5.853793552588726357e+00,3.270008894790533027e+00,6.149966933698019389e+00
9.348453272549701865e+01,9.708498860306091771e+00,1.006790762994914758e+03,7.584460645861704506e+02,5.728752849234774125e+00,3.324829613940121664e+00,6.149394763442426637e+00
1.139912080755465240e+02,9.758515141647675861e+00,9.954006851783574348e+02,7.583119765339611149e+02,5.603712145880813900e+00,3.379650333089713410e+00,6.148822717078854971e+00
1.336931273564414084e+02,9.819150705633939324e+00,9.862104153390141619e+02,7.581494837744528468e+02,5.509748141909001085e+00,3.446078270310097835e+00,6.148250794625704785e+00
1.488570498209060702e+02,9.946369260827101044e+00,9.887892281334745803e+02,7.578087838268736505e+02,5.587821556496259667e+00,3.585273897488693962e+00,6.147678996101379134e+00
1.641120156300882229e+02,1.007140996418105239e+01,9.912302074641704621e+02,7.574742153938251477e+02,5.662845978508631362e+00,3.722090470748004698e+00,6.147107321524278412e+00
1.793669814392713704e+02,1.019645066753501439e+01,9.936343063687902486e+02,7.571399422506740393e+02,5.737870400521006609e+00,3.858907044007324760e+00,6.146535770912788799e+00
1.937627925984847366e+02,1.031365064131961518e+01,9.958738623891106272e+02,7.568268974043436401e+02,5.816617234778798995e+00,3.987118403027505753e+00,6.145964344285308023e+00
2.034295017909480805e+02,1.038791924454575444e+01,9.973898123981172148e+02,7.566286578773988367e+02,5.917225659394340198e+00,4.068220061602146664e+00,6.145393041660216049e+00
2.131826766525563528e+02,1.046294366655812524e+01,9.989061235626995767e+02,7.564285061247975364e+02,6.017258222077501273e+00,4.150150124846478050e+00,6.144821863055899946e+00
2.229358515141652504e+02,1.053796808857050316e+01,1.000409630245817652e+03,7.562284602368873720e+02,6.117290784760669453e+00,4.232080188090813877e+00,6.144250808490729021e+00
2.326506484860541093e+02,1.061299251058287396e+01,1.000480609572905450e+03,7.560285201296992454e+02,6.213420683749651729e+00,4.313992056073825410e+00,6.143679877983085014e+00
2.421488114620649128e+02,1.068801693259525010e+01,9.913432630164070360e+02,7.558286857193529613e+02,6.288016932595249742e+00,4.395800993806074253e+00,6.143109071551331901e+00
2.516519049169652931e+02,1.076304135460762090e+01,9.824382695263479945e+02,7.556289569220568865e+02,6.363041354607620548e+00,4.477612301940553152e+00,6.142538389213839878e+00
2.611549983718663270e+02,1.083806577661999704e+01,9.734167698742027142e+02,7.554293336541074950e+02,6.438065776619996683e+00,4.559423610075036493e+00,6.141967830988964039e+00
2.649522455837715711e+02,1.089325374263961876e+01,9.651470267426024066e+02,7.552825583782907870e+02,6.516887729111386918e+00,4.619605783144391964e+00,6.141397396895068361e+00
2.337541517421021240e+02,1.084125691957017068e+01,9.613667278895788968e+02,7.554208450723864416e+02,6.617486160859659350e+00,4.562918874199040964e+00,6.140827086950499947e+00
2.037443829371535742e+02,1.079124063822858837e+01,9.575378997834036454e+02,7.555539125388577304e+02,6.717518723542821313e+00,4.508391150795471702e+00,6.140256901173614779e+00
1.737346141322030917e+02,1.074122435688700428e+01,9.537226166936840173e+02,7.556870268932864292e+02,6.817551286225990381e+00,4.453863427391898888e+00,6.139686839582755518e+00
1.451619192756279233e+02,1.068740093039162531e+01,9.505365423348151808e+02,7.558303262098758069e+02,6.886341598247443407e+00,4.395170428166458088e+00,6.139116902196263936e+00
1.243005535656128444e+02,1.061178769130576072e+01,9.502867731472750847e+02,7.560317301381451216e+02,6.782383588407681074e+00,4.312635489268061839e+00,6.138547089032477366e+00
1.032937154021488624e+02,1.053676326929338991e+01,9.500045987760660182e+02,7.562316719434058996e+02,6.682351025724518223e+00,4.230745115442321236e+00,6.137977400109727810e+00
8.228687723868351611e+01,1.046173884728101200e+01,9.496988798922513979e+02,7.564317195307363590e+02,6.582318463041349155e+00,4.148854741616575303e+00,6.137407835446349047e+00
6.266238015535823536e+01,1.038284152691891649e+01,9.505967028536446151e+02,7.566422083301622479e+02,6.452691779962206553e+00,4.062708696424310872e+00,6.136838395060662421e+00
5.028166720937749545e+01,1.028225333767502114e+01,9.592795576104419979e+02,7.569107353486728016e+02,6.146760013025059699e+00,3.952724610092740232e+00,6.136269078970992830e+00
3.777759687398226873e+01,1.018222077499185652e+01,9.674754471417006698e+02,7.571779683529962313e+02,5.846662324975574698e+00,3.843351573862175297e+00,6.135699887195653623e+00
2.527352653858623199e+01,1.008218821230869011e+01,9.755148917300821267e+02,7.574453901211915081e+02,5.546564636926069269e+00,3.733978537631603256e+00,6.135130819752961706e+00
1.429959353792161636e+01,1.000000000000000000e+01,9.836631542138692339e+02,7.576652491448028286e+02,5.254513462315227201e+00,3.644116056041128093e+00,6.134561876661228652e+00
1.087430804298259268e+01,1.000000000000000000e+01,9.931900707197829661e+02,7.576652491448028286e+02,5.005307717355899300e+00,3.644116056041128093e+00,6.133993057938754490e+00
7.373168349071928418e+00,1.000000000000000000e+01,1.002682602908178069e+03,7.576652491448028286e+02,4.755226310647994836e+00,3.644116056041128093e+00,6.133424363603842799e+00
3.872028655161039001e+00,1.000000000000000000e+01,1.012175135096573854e+03,7.576652491448028286e+02,4.505144903940074386e+00,3.644116056041128093e+00,6.132855793674795386e+00
9.467954183756502884e-01,1.000707928235590671e+01,1.022442585743075142e+03,7.576463068523618176e+02,4.247116933877325806e+00,3.651860136509560650e+00,6.132287348169898955e+00
7.049820905242492053e-01,1.005900358189514954e+01,1.037041710627045632e+03,7.575073976534603162e+02,3.945978508629099046e+00,3.708660520176038755e+00,6.131719027107448206e+00
4.549006838163445754e-01,1.010901986323673185e+01,1.051611435240813080e+03,7.573736412663284909e+02,3.645880820579613601e+00,3.763373708316887001e+00,6.131150830505727178e+00
2.048192771084237918e-01,1.015903614457831594e+01,1.066265526171249576e+03,7.572399321067559868e+02,3.345783132530108617e+00,3.818086896457738355e+00,6.130582758383014585e+00
0.000000000000000000e+00,1.020905242591989825e+01,1.083278920521532427e+03,7.571062701497331773e+02,3.110744559908198426e+00,3.872791437585013430e+00,6.130014810757592691e+00
0.000000000000000000e+00,1.025906870726148057e+01,1.113121068332459345e+03,7.569726553702697629e+02,3.188603060892220231e+00,3.927450278694677888e+00,6.129446987647732215e+00
0.000000000000000000e+00,1.030908498860306111e+01,1.142779607520480567e+03,7.568390877433918149e+02,3.263627482904591925e+00,3.982110126784395021e+00,6.128879289071704761e+00
0.000000000000000000e+00,1.035910126994464520e+01,1.172622094694604584e+03,7.567055672441439356e+02,3.338651904916968061e+00,4.036769974874115263e+00,6.128311715047771280e+00
0.000000000000000000e+00,1.042078970125466064e+01,1.200530291183870077e+03,7.565409531582151885e+02,3.462701527289539616e+00,4.104150666871722031e+00,6.127744265594200712e+00
0.000000000000000000e+00,1.054783458156952669e+01,1.217999930300178221e+03,7.562021599909953693e+02,3.873070661022482764e+00,4.242751767692556797e+00,6.127176940729241572e+00
0.000000000000000000e+00,1.067287528492347803e+01,1.235843903792827177e+03,7.558690083735714325e+02,4.273200911755130171e+00,4.379169864921866662e+00,6.126609740471155696e+00
0.000000000000000000e+00,1.079791598827743826e+01,1.253890342304156320e+03,7.555361501727230689e+02,4.673331162487802892e+00,4.515587962151185408e+00,6.126042664838188045e+00
3.665557470684223385e-02,1.092704305858189073e+01,1.269375728105330154e+03,7.551927218715975414e+02,5.077575834136271560e+00,4.656394363288609561e+00,6.125475713848583581e+00
2.959947899707023877e-01,1.107759687398242221e+01,1.272104559787536800e+03,7.547927001278064836e+02,5.503191142950194070e+00,4.820205993218898755e+00,6.124908887520584599e+00
5.460761966786068511e-01,1.122764571800716382e+01,1.274824150781704247e+03,7.543944417772017914e+02,5.928329534353632191e+00,4.983476071213639003e+00,6.124342185872432509e+00
7.961576033865275237e-01,1.137769456203191609e+01,1.277456230856536195e+03,7.539966034785378497e+02,6.353467925757096957e+00,5.146746149208389909e+00,6.123775608922357172e+00
9.629228978576541698e-01,1.149258457957153112e+01,1.280225123453816650e+03,7.536922688257268419e+02,6.739629837565746406e+00,5.271767151649776828e+00,6.123209156688585786e+00
7.036795831976472293e-01,1.144073591663953060e+01,1.284124778949739266e+03,7.538295812910456561e+02,6.937056333441882217e+00,5.215403764562205779e+00,6.122642829189344660e+00
4.535981764897426549e-01,1.139071963529794829e+01,1.287952879365022682e+03,7.539620886962065924e+02,7.137121458808205254e+00,5.161032313756741985e+00,6.122076626442860103e+00
2.035167697818218990e-01,1.134070335395636420e+01,1.291740096312058995e+03,7.540946426935937552e+02,7.337186584174542503e+00,5.106660862951275526e+00,6.121510548467348656e+00
0.000000000000000000e+00,1.130000000000000071e+01,1.295063667805900423e+03,7.542025498166669877e+02,7.481250258455679258e+00,5.062413263011933395e+00,6.120944595281015310e+00
0.000000000000000000e+00,1.130000000000000071e+01,1.296376003410379099e+03,7.542025498166669877e+02,7.351676978182998035e+00,5.062413263011933395e+00,6.120378766902080159e+00
0.000000000000000000e+00,1.130000000000000071e+01,1.297711275292581831e+03,7.542025498166669877e+02,7.226636274829045803e+00,5.062413263011933395e+00,6.119813063348740201e+00
0.000000000000000000e+00,1.130000000000000071e+01,1.299046547174784791e+03,7.542025498166669877e+02,7.101595571475085578e+00,5.062413263011933395e+00,6.119247484639203094e+00
0.000000000000000000e+00,1.128862319368571399e+01,1.299053766940159903e+03,7.542327165982856059e+02,6.948162721065129332e+00,5.050031074788963181e+00,6.118682030791662285e+00
0.000000000000000000e+00,1.121090849886030405e+01,1.291711737810781415e+03,7.544388447338594688e+02,6.643633995441215134e+00,4.965448639926683505e+00,6.118116701824312109e+00
0.000000000000000000e+00,1.113588407684792791e+01,1.284659194363643792e+03,7.546379447998148180e+02,6.343536307391710594e+00,4.883794220486471716e+00,6.117551497755339796e+00
0.000000000000000000e+00,1.106085965483555533e+01,1.277641005127871722e+03,7.548371499804541145e+02,6.043438619342224705e+00,4.802139801046266143e+00,6.116986418602936126e+00
0.000000000000000000e+00,1.100383466861878468e+01,1.269771379122686540e+03,7.549886334129656689e+02,5.769896624766050586e+00,4.740077444045635247e+00,6.116421464385278561e+00
0.000000000000000000e+00,1.102972972972972876e+01,1.257327302586990072e+03,7.549198371727053427e+02,5.621621621621617493e+00,4.768274355114096252e+00,6.115856635120542784e+00
0.000000000000000000e+00,1.105473787040052258e+01,1.244958631491695087e+03,7.548534092108608320e+02,5.471572777596865222e+00,4.795505506083801883e+00,6.115291930826905364e+00
0.000000000000000000e+00,1.107974601107131285e+01,1.232545117172259779e+03,7.547869929384324905e+02,5.321523933572112064e+00,4.822736657053508402e+00,6.114727351522533105e+00
0.000000000000000000e+00,1.109999999999999964e+01,1.220539686961092457e+03,7.547332112413399727e+02,5.207754289735566644e+00,4.844791052760740513e+00,6.114162897225593696e+00
0.000000000000000000e+00,1.109999999999999964e+01,1.210696728255837797e+03,7.547332112413399727e+02,5.259524584825791216e+00,4.844791052760740513e+00,6.113598567954244167e+00
0.000000000000000000e+00,1.109999999999999964e+01,1.200813727768670105e+03,7.547332112413399727e+02,5.309540866167376194e+00,4.844791052760740513e+00,6.113034363726649545e+00
0.000000000000000000e+00,1.109999999999999964e+01,1.190930727281501959e+03,7.547332112413399727e+02,5.359557147508959396e+00,4.844791052760740513e+00,6.112470284560949985e+00
0.000000000000000000e+00,1.108824091639414533e+01,1.181824990072656192e+03,7.547644355808018872e+02,5.384321221858860973e+00,4.831980542151222302e+00,6.111906330475306071e+00
0.000000000000000000e+00,1.101061543471181814e+01,1.176351984368225885e+03,7.549706174698287668e+02,5.280820579615757460e+00,4.747414253655294125e+00,6.111342501487859735e+00
0.000000000000000000e+00,1.093559101269944200e+01,1.170847269585524828e+03,7.551699983465922514e+02,5.180788016932590168e+00,4.665681596045475388e+00,6.110778797616752023e+00
0.000000000000000000e+00,1.086056659068706587e+01,1.165364736595009845e+03,7.553694845605284627e+02,5.080755454249421099e+00,4.583948938435657539e+00,6.110215218880114207e+00
0.000000000000000000e+00,1.079001866079501681e+01,1.160016167884051583e+03,7.555571641126942950e+02,4.980722891566266242e+00,4.507081028001989509e+00,6.109651765296089998e+00
0.000000000000000000e+00,1.074034516444154974e+01,1.155218652803734358e+03,7.556893672135421411e+02,4.880690328883097173e+00,4.452899823611342178e+00,6.109088436882797346e+00
0.000000000000000000e+00,1.069032888309996565e+01,1.150428539875686511e+03,7.558225293055751308e+02,4.780657766199928993e+00,4.398345814367898399e+00,6.108525233658369302e+00
0.000000000000000000e+00,1.064031260175837978e+01,1.145655960198317416e+03,7.559557383355927414e+02,4.680625203516759925e+00,4.343791805124454619e+00,6.107962155640924706e+00
0.000000000000000000e+00,1.059999999999999964e+01,1.142026185382432459e+03,7.560631376047609820e+02,4.599999999999999645e+00,4.299821841945174583e+00,6.107399202848577069e+00
0.000000000000000000e+00,1.059999999999999964e+01,1.143344122162173790e+03,7.560631376047609820e+02,4.599999999999999645e+00,4.299821841945174583e+00,6.106836375299440789e+00
0.000000000000000000e+00,1.059999999999999964e+01,1.144618892074561245e+03,7.560631376047609820e+02,4.599999999999999645e+00,4.299821841945174583e+00,6.106273673011627601e+00
0.000000000000000000e+00,1.059999999999999964e+01,1.145893661986948473e+03,7.560631376047609820e+02,4.599999999999999645e+00,4.299821841945174583e+00,6.105711096003241245e+00
0.000000000000000000e+00,1.059190449156529645e+01,1.146715227035409953e+03,7.560847093044692429e+02,4.599999999999999645e+00,4.290983325569074580e+00,6.105148644292378357e+00
0.000000000000000000e+00,1.054021491370888697e+01,1.145407927604974702e+03,7.562224709111175116e+02,4.599999999999999645e+00,4.234549664355256482e+00,6.104586317897141790e+00
0.000000000000000000e+00,1.049019863236730465e+01,1.144137060715378766e+03,7.563558209653210724e+02,4.599999999999999645e+00,4.179942875260421964e+00,6.104024116835617519e+00
0.000000000000000000e+00,1.044018235102572056e+01,1.142860483059693479e+03,7.564892180569345328e+02,4.599999999999999645e+00,4.125336086165587446e+00,6.103462041125900406e+00
0.000000000000000000e+00,1.039016606968414180e+01,1.140157936722583827e+03,7.566226622108499669e+02,4.587728296817762619e+00,4.070719741995165286e+00,6.102900090786070209e+00
0.000000000000000000e+00,1.034014978834255949e+01,1.130170262286208754e+03,7.567561534519771840e+02,4.510224682513838346e+00,4.016059016808867455e+00,6.102338265834212017e+00
0.000000000000000000e+00,1.029013350700097362e+01,1.120481298973847288e+03,7.568896918052431602e+02,4.435200260501461322e+00,3.961399168719146768e+00,6.101776566288398485e+00
0.000000000000000000e+00,1.024011722565938776e+01,1.110842778484857035e+03,7.570232772955929477e+02,4.360175838489085187e+00,3.906739320629426526e+00,6.101214992166704043e+00
1.653375896100671705e-01,1.021653375896100613e+01,1.101111338218190440e+03,7.570862824427019859e+02,4.308266879480503242e+00,3.880957569069928059e+00,6.100653543487196906e+00
1.198306740475430399e+00,1.031983067404754273e+01,1.090629644760645760e+03,7.568103977245999658e+02,4.359915337023771542e+00,3.993789893268131497e+00,6.100092220267941734e+00
2.198632367307112645e+00,1.041986323673071091e+01,1.079965246519600214e+03,7.565434240670838335e+02,4.409931618365356520e+00,4.103056530452686701e+00,6.099531022526996971e+00
3.198957994138795780e+00,1.051989579941387909e+01,1.069104001221369344e+03,7.562766386992630032e+02,4.459947899706939722e+00,4.212323167637241461e+00,6.098969950282423724e+00
4.804484358281840173e+00,1.060546552447517676e+01,1.057724063221504366e+03,7.560485747309375029e+02,4.505250664941436334e+00,4.305785004960019258e+00,6.098409003552268004e+00
9.398241615109146352e+00,1.062999023119505004e+01,1.044761990030275683e+03,7.559832358883772940e+02,4.529990231195051287e+00,4.332540828321696402e+00,6.097848182354583813e+00
1.389970693585171801e+01,1.065499837186584031e+01,1.031784942598340649e+03,7.559166206588489558e+02,4.554998371865843332e+00,4.359824413052607817e+00,6.097287486707413606e+00
1.840117225659428968e+01,1.068000651253663591e+01,1.018761532103643844e+03,7.558500171681992015e+02,4.580006512536634489e+00,4.387107997783519231e+00,6.096726916628794513e+00
2.379763385132840625e+01,1.070949910250435799e+01,1.006734377078167427e+03,7.557714855455650422e+02,4.622422246484667596e+00,4.419277129285199557e+00,6.096166472136764547e+00
3.340866167372202256e+01,1.076004558775643183e+01,9.991946227268824714e+02,7.556369301805451641e+02,4.750113969391079216e+00,4.474382323308089937e+00,6.095606153249359060e+00
4.291175512862300678e+01,1.081006186909801592e+01,9.915273306627567536e+02,7.555038334730602401e+02,4.875154672745039441e+00,4.528910046711662751e+00,6.095045959984601858e+00
5.241484858352399101e+01,1.086007815043960179e+01,9.837967367139506223e+02,7.553707836442100643e+02,5.000195376098999667e+00,4.583437770115235566e+00,6.094485892360516743e+00
6.456308584521296723e+01,1.091914241166023203e+01,9.748167886217460136e+02,7.552137257269986321e+02,5.152281914224285053e+00,4.647801773395489278e+00,6.093925950395129298e+00
8.915369586453947193e+01,1.102022142624552181e+01,9.601908173697536313e+02,7.549450967051152475e+02,5.430608922175189868e+00,4.757837415091917599e+00,6.093366134106450005e+00
1.134115923152077983e+02,1.112025398892869177e+01,9.454562961793063778e+02,7.546794372080386211e+02,5.705698469553903251e+00,4.866736042281201158e+00,6.092806443512492898e+00
1.376694887658760820e+02,1.122028655161186173e+01,9.304787474085754866e+02,7.544139646123477405e+02,5.980788016932615747e+00,4.975634669470483828e+00,6.092246878631264906e+00
1.582249157348359176e+02,1.131067577409234204e+01,9.178460014253830650e+02,7.541742445877033560e+02,6.216566750722259727e+00,5.074019700981865277e+00,6.091687439480769406e+00
1.636193422338001255e+02,1.136017583848909318e+01,9.155732962254260201e+02,7.540430308444822458e+02,6.290263757733637107e+00,5.127828914762259771e+00,6.091128126079007110e+00
1.691211331813743755e+02,1.141019211983067727e+01,9.132210784129939611e+02,7.539104949894372112e+02,6.365288179746013242e+00,5.182200365567727118e+00,6.090568938443975178e+00
1.746229241289486254e+02,1.146020840117226136e+01,9.108420848179844143e+02,7.537780057170546115e+02,6.440312601758391153e+00,5.236571816373194466e+00,6.090009876593664551e+00
1.771735993668503966e+02,1.149565142706392962e+01,9.086131444481028439e+02,7.536841481291841092e+02,6.505494225417342236e+00,5.275102168343696718e+00,6.089450940546059066e+00
1.663493975903613773e+02,1.146987951807229145e+01,9.071262362180283390e+02,7.537523930464908517e+02,6.530120481927711218e+00,5.247092827011157645e+00,6.088892130319148777e+00
1.558459785086287184e+02,1.144487137740149585e+01,9.056308424464731388e+02,7.538186273597975742e+02,6.555128622598503263e+00,5.219913561852041362e+00,6.088333445930906862e+00
1.453425594268960310e+02,1.141986323673070558e+01,9.041376150538729917e+02,7.538848733145124470e+02,6.580136763269294420e+00,5.192734296692926854e+00,6.087774887399315382e+00
1.352723561431990333e+02,1.140439173331954592e+01,9.032739472434747086e+02,7.539258628467741801e+02,6.556082666804531556e+00,5.175919608261766669e+00,6.087216454742339522e+00
1.270494952784109017e+02,1.143015304461087567e+01,9.051577213355417371e+02,7.538576144546548221e+02,6.298469553891239414e+00,5.203917431836522667e+00,6.086658147977951572e+00
1.187968088570495269e+02,1.145516118528166771e+01,9.069897650238755205e+02,7.537913732902658239e+02,6.048388147183318964e+00,5.231096696995638062e+00,6.086099967124109611e+00
1.105441224356881378e+02,1.148016932595246153e+01,9.088250908358812694e+02,7.537251437660227111e+02,5.798306740475397625e+00,5.258275962154753458e+00,6.085541912198779713e+00
1.009766656035921386e+02,1.150000000000000000e+01,9.113240660960764217e+02,7.536726340957347929e+02,5.608869862647579474e+00,5.279828270073892327e+00,6.084983983219911075e+00
8.558677955063494380e+01,1.150000000000000000e+01,9.168153097073750359e+02,7.536726340957347929e+02,5.660371214588082012e+00,5.279828270073892327e+00,6.084426180205458223e+00
7.033181374145178211e+01,1.150000000000000000e+01,9.222273703072864919e+02,7.536726340957347929e+02,5.710387495929666990e+00,5.279828270073892327e+00,6.083868503173365028e+00
5.507684793226861331e+01,1.150000000000000000e+01,9.276394309071979478e+02,7.536726340957347929e+02,5.760403777271250192e+00,5.279828270073892327e+00,6.083310952141581573e+00
4.115786873236488219e+01,1.147313101620606446e+01,9.335448416336654418e+02,7.537437846505245034e+02,5.795521836034343899e+00,5.250591783060691853e+00,6.082753527128039295e+00
3.272582220774991413e+01,1.131869098013676478e+01,9.414359232483739106e+02,7.541529950314666166e+02,5.769781830022794544e+00,5.082543592496907792e+00,6.082196228150676731e+00
2.422305437968060460e+01,1.116864213611201251e+01,9.490242390158823582e+02,7.545509984274877979e+02,5.744773689352002499e+00,4.919273514502157774e+00,6.081639055227426205e+00
1.572028655161130395e+01,1.101859329208725846e+01,9.563597327411799824e+02,7.549494221370190417e+02,5.719765548681209566e+00,4.756003436507406867e+00,6.081082008376207604e+00
8.544877865753329971e+00,1.086854444806250442e+01,9.627314631043224153e+02,7.553482668262240622e+02,5.689995591839220879e+00,4.592641363902425056e+00,6.080525087614950586e+00
6.579941387170305411e+00,1.071849560403777168e+01,9.660132028024603414e+02,7.557475331626739035e+02,5.639498534679257880e+00,4.428893187348915461e+00,6.079968292961574150e+00
4.579290133506940030e+00,1.056844676001302119e+01,9.691566730744709730e+02,7.561472218153526228e+02,5.589482253337672901e+00,4.265151815970094518e+00,6.079411624433990191e+00
2.578638879843573761e+00,1.041839791598826892e+01,9.721311677773073825e+02,7.565473334546601336e+02,5.539465971996088811e+00,4.101410444591274462e+00,6.078855082050107050e+00
9.417228598264529849e-01,1.026834907196351665e+01,9.765234866013281589e+02,7.569478687524153884e+02,5.522823606148404174e+00,3.937574886164358912e+00,6.078298665827837510e+00
6.971670465646377934e-01,1.011830022793878214e+01,9.876749348914561324e+02,7.573488283818618356e+02,5.651416476717681547e+00,3.773347898814418677e+00,6.077742375785080142e+00
4.470856398567169543e-01,9.968251383914029873e+00,9.983081638444494956e+02,7.577502130176692390e+02,5.776457180071641773e+00,3.609127722361649138e+00,6.077186211939733518e+00
1.970042331487962539e-01,9.818202539889279379e+00,1.008619294212151544e+03,7.581520233359391341e+02,5.901497883425601998e+00,3.444907545908879154e+00,6.076630174309693544e+00
0.000000000000000000e+00,9.704608039885545878e+00,1.017178812415389530e+03,7.584564974939465856e+02,5.986175880343359346e+00,3.320590822911886786e+00,6.076074262912847246e+00
0.000000000000000000e+00,9.730315858026699516e+00,1.020040377817328363e+03,7.583875698266036807e+02,5.909052425919896656e+00,3.348761123798444039e+00,6.075518477767085201e+00
0.000000000000000000e+00,9.755323998697493337e+00,1.022953053487679881e+03,7.583205302150432772e+02,5.834028003907520521e+00,3.376164726991894849e+00,6.074962818890286442e+00
0.000000000000000000e+00,9.780332139368285382e+00,1.025872276734462048e+03,7.582535024547119065e+02,5.759003581895143498e+00,3.403568330185344326e+00,6.074407286300332665e+00
0.000000000000000000e+00,9.824405070886655267e+00,1.029198593827139803e+03,7.581354064727782998e+02,5.718605524985829192e+00,3.451825113320498684e+00,6.073851880015092242e+00
0.000000000000000000e+00,9.951742103549333862e+00,1.034205386998662789e+03,7.577944017627479525e+02,5.821393682839465455e+00,3.591152734620921994e+00,6.073296600052438876e+00
0.000000000000000000e+00,1.007678280690329409e+01,1.039179000067817242e+03,7.574598460259808235e+02,5.921426245522634524e+00,3.727969307880242056e+00,6.072741446430240941e+00
0.000000000000000000e+00,1.020182351025725431e+01,1.044154572396852018e+03,7.571255855623068101e+02,6.021458808205801816e+00,3.864785881139561674e+00,6.072186419166358817e+00
0.000000000000000000e+00,1.030582490965089271e+01,1.049668609470058982e+03,7.568477922449283142e+02,6.165180029155147956e+00,3.978572721747666296e+00,6.071631518278644890e+00
0.000000000000000000e+00,1.033038098339303090e+01,1.057409857936774415e+03,7.567822314586164794e+02,6.494952784109408128e+00,4.005401777567747068e+00,6.071076743784961316e+00
0.000000000000000000e+00,1.035538912406382472e+01,1.065129038883463636e+03,7.567154753501702089e+02,6.820058612829704714e+00,4.032725051717248377e+00,6.070522095703148935e+00
0.000000000000000000e+00,1.038039726473461499e+01,1.072870646815422106e+03,7.566487310178589496e+02,7.145164441550002188e+00,4.060048325866750574e+00,6.069967574051063686e+00
0.000000000000000000e+00,1.039526187984916739e+01,1.078197659219950310e+03,7.566090644262610567e+02,7.405977364195042156e+00,4.076289035611959655e+00,6.069413178846539303e+00
0.000000000000000000e+00,1.036958645392380340e+01,1.074101468043900923e+03,7.566775825916906797e+02,7.430413546076197306e+00,4.048236702145870503e+00,6.068858910107413074e+00
0.000000000000000000e+00,1.034457831325301136e+01,1.070121847373656010e+03,7.567443320143445362e+02,7.455421686746989351e+00,4.020913427996368306e+00,6.068304767851520509e+00
0.000000000000000000e+00,1.031957017258221931e+01,1.066152135873438283e+03,7.568110932144808203e+02,7.480429827417780508e+00,3.993590153846866997e+00,6.067750752096694455e+00
4.781511728009489592e-02,1.028467078027512649e+01,1.061607567534813825e+03,7.569042798750015208e+02,7.505437968088572553e+00,3.955444397098217824e+00,6.067196862860757101e+00
3.044610875936147321e-01,1.020866167372191491e+01,1.054714119872422089e+03,7.571073142008923469e+02,7.530446108759361934e+00,3.872316956829097823e+00,6.066643100161527080e+00
5.545424943015353492e-01,1.013363725170953877e+01,1.047907955618429469e+03,7.573078253889027565e+02,7.555454249430153979e+00,3.790267194748027535e+00,6.066089464016826582e+00
8.046239010094560218e-01,1.005861282969716441e+01,1.041140303956657590e+03,7.575084428112246542e+02,7.580462390100945136e+00,3.708217432666956803e+00,6.065535954444463584e+00
9.517508592234776854e-01,9.978486800738240348e+00,1.032652808090066628e+03,7.577228196369264879e+02,7.580700343689390941e+00,3.620550323706508422e+00,6.064982571462253169e+00
6.952132855747349405e-01,9.878085314229894109e+00,1.017115419722848856e+03,7.579916143557531996e+02,7.478085314229893754e+00,3.510556253454076625e+00,6.064429315087992656e+00
4.451318788668141013e-01,9.778052751546724153e+00,1.001889584386720003e+03,7.582596112649988527e+02,7.378052751546724686e+00,3.400968723126235105e+00,6.063876185339490021e+00
1.950504721588934010e-01,9.678020188863555973e+00,9.868161878878322568e+02,7.585277977482310234e+02,7.278020188863557394e+00,3.291381192798393585e+00,6.063323182234537256e+00
0.000000000000000000e+00,9.594116045002127890e+00,9.756010830178249762e+02,7.587528903680797612e+02,7.113127601821949142e+00,3.199454971208677279e+00,6.062770305790931680e+00
0.000000000000000000e+00,9.569488765874307745e+00,9.778930119138245800e+02,7.588189842583152540e+02,6.681309019863244103e+00,3.172441787281831349e+00,6.062217556026455512e+00
0.000000000000000000e+00,9.544480625203517477e+00,9.801174733159122070e+02,7.588861120347755786e+02,6.256170628459777561e+00,3.145011122638980972e+00,6.061664932958898966e+00
0.000000000000000000e+00,9.519472484532723655e+00,9.823314159154083427e+02,7.589532516890017178e+02,5.831032237056312795e+00,3.117580457996131038e+00,6.061112436606038933e+00
0.000000000000000000e+00,9.489344632374738353e+00,9.848647479289877538e+02,7.590341521583241047e+02,5.421655507195922929e+00,2.456153266421577275e+00,6.060560066985654970e+00
0.000000000000000000e+00,9.438912406382288012e+00,9.886716645440972115e+02,7.591696130909688236e+02,5.072386844676008089e+00,-8.756227348725275084e-01,6.060007824115515085e+00
0.000000000000000000e+00,9.388896125040702145e+00,9.924154471346520268e+02,7.593040046436898365e+02,4.722272875284918570e+00,-4.127623283557866785e+00,6.059455708013393505e+00
0.000000000000000000e+00,9.338879843699119832e+00,9.961217188114252394e+02,7.594384437860060189e+02,4.372158905893829051e+00,-7.379623832243205506e+00,6.058903718697051133e+00
0.000000000000000000e+00,9.278544541903469778e+00,9.975332092905819081e+02,7.596006832080165623e+02,4.093900460006307362e+00,-1.005898280705519277e+01,6.058351856184244433e+00
0.000000000000000000e+00,9.177694562031915027e+00,9.900962166374623621e+02,7.598720190314685397e+02,4.069423640507977780e+00,-1.068166791847133545e+01,6.057800120492734308e+00
0.000000000000000000e+00,9.077661999348745070e+00,9.828851386624517090e+02,7.601413475049301951e+02,4.044415499837185735e+00,-1.131481544845883569e+01,6.057248511640274558e+00
0.000000000000000000e+00,8.977629436665576890e+00,9.757209373563478039e+02,7.604108669672536962e+02,4.019407359166394578e+00,-1.194796297844633415e+01,6.056697029644606545e+00
0.000000000000000000e+00,8.894037892515761712e+00,9.674307786621931200e+02,7.606362356996188510e+02,4.019994286151984397e+00,-1.244772264243915139e+01,6.056145674523476963e+00
0.000000000000000000e+00,8.869391077824813507e+00,9.546456525374206876e+02,7.607027108151912671e+02,4.122435688700747392e+00,-1.248123301342307911e+01,6.055594446294627176e+00
0.000000000000000000e+00,8.844382937154021462e+00,9.419869820314279423e+02,7.607701723021989437e+02,4.222468251383915572e+00,-1.251548350170991597e+01,6.055043344975789665e+00
0.000000000000000000e+00,8.819374796483227641e+00,9.293679071652659331e+02,7.608376457556574906e+02,4.322500814067084640e+00,-1.254973398999675105e+01,6.054492370584700467e+00
0.000000000000000000e+00,8.773804483011387489e+00,9.183949500313558474e+02,7.609606289825750309e+02,4.384874050991593109e+00,-1.261231134593556291e+01,6.053941523139083181e+00
0.000000000000000000e+00,8.646792575708241557e+00,9.132490795164488873e+02,7.613036093649432132e+02,4.308075545424944863e+00,-1.278709709397457139e+01,6.053390802656660519e+00
0.000000000000000000e+00,8.521751872354281332e+00,9.080669965098129524e+02,7.616415699099680978e+02,4.233051123412567840e+00,-1.295916491897383871e+01,6.052840209155151641e+00
0.000000000000000000e+00,8.396711169000321107e+00,9.028997721806629215e+02,7.619798306454949852e+02,4.158026701400193481e+00,-1.313123274397310780e+01,6.052289742652278370e+00
0.000000000000000000e+00,8.282566889740676785e+00,8.995392224343703447e+02,7.622888766060965509e+02,4.115256162023625208e+00,-1.328845212303302503e+01,6.051739403165746545e+00
0.000000000000000000e+00,8.207977857375452047e+00,9.026536187446757822e+02,7.624909623287840077e+02,4.192022142624550973e+00,-1.339175666207392545e+01,6.051189190713260224e+00
0.000000000000000000e+00,8.132953435363074135e+00,9.056396936379451290e+02,7.626943356332795929e+02,4.267046564636927108e+00,-1.349565696043048746e+01,6.050639105312526134e+00
0.000000000000000000e+00,8.057929013350698000e+00,9.085694810915880453e+02,7.628978174550893527e+02,4.342070986649303244e+00,-1.359955725878704946e+01,6.050089146981243005e+00
0.000000000000000000e+00,7.988375185698683545e+00,9.104889673176389806e+02,7.630865588499198111e+02,4.384613655289793854e+00,-1.369594303072277519e+01,6.049539315737109568e+00
0.000000000000000000e+00,7.938586779550636408e+00,9.089695409251079354e+02,7.632217222095988518e+02,4.307880169325954078e+00,-1.376517436472360423e+01,6.048989611597805016e+00
0.000000000000000000e+00,7.888570498209051429e+00,9.074822929535816911e+02,7.633575523638597815e+02,4.232855747313577943e+00,-1.383471949773934639e+01,6.048440034581027192e+00
0.000000000000000000e+00,7.838554216867467339e+00,9.059934335618187333e+02,7.634934308739639164e+02,4.157831325301202696e+00,-1.390426463075508856e+01,6.047890584704451733e+00
2.586081353119638049e-01,7.788537935525884137e+00,9.032806226700108709e+02,7.636293577657374954e+02,4.120688650824956945e+00,-1.376217127366528636e+01,6.047341261985764049e+00
1.536958645392507039e+00,7.738521654184300047e+00,8.959005900312852191e+02,7.637653330650261978e+02,4.222956691631400972e+00,-1.279478270169815524e+01,6.046792066442630009e+00
2.787365678931948754e+00,7.688505372842721286e+00,8.886661020255876338e+02,7.639013567976936656e+02,4.322989254314555829e+00,-1.184854028616756061e+01,6.046242998092725252e+00
4.037772712471552339e+00,7.638489091501137196e+00,8.814691917973536874e+02,7.640374289896217306e+02,4.423021816997724898e+00,-1.090229787063684697e+01,6.045694056953712092e+00
6.925712965555760547e+00,7.599999999999999645e+00,8.758910954881096131e+02,7.641421738035650151e+02,4.511892567942877186e+00,-1.027884407449065307e+01,6.045145243043259065e+00
1.607782481276546704e+01,7.599999999999999645e+00,8.756359268471746873e+02,7.641421738035650151e+02,4.561543471182029741e+00,-1.079192215129750210e+01,6.044596556379016938e+00
2.508075545424944863e+01,7.599999999999999645e+00,8.753754507266362452e+02,7.641421738035650151e+02,4.611559752523608502e+00,-1.129399698211856418e+01,6.044047996978642701e+00
3.408368609573459196e+01,7.599999999999999645e+00,8.751149746060973484e+02,7.641421738035650151e+02,4.661576033865192592e+00,-1.179607181293969020e+01,6.043499564859788897e+00
4.584884179967007611e+01,7.621035495071731170e+00,8.757294414925783030e+02,7.640849248417955550e+02,4.684223378696200868e+00,-1.155758724550146432e+01,6.042951260040093864e+00
6.779973949853679471e+01,7.723217193096721722e+00,8.796906821246808477e+02,7.638069497664573646e+02,4.607587105177460174e+00,-8.525516440398524409e+00,6.042403082537203929e+00
8.955682188212308859e+01,7.823249755779875692e+00,8.835759634557825848e+02,7.635350179485824356e+02,4.532562683165093809e+00,-5.557217628246766239e+00,6.041855032368757428e+00
1.113139042657121962e+02,7.923282318463044760e+00,8.874684139935843632e+02,7.632632796890305826e+02,4.457538261152715897e+00,-2.588918816094623487e+00,6.041307109552388255e+00
1.314417343830896812e+02,8.034340494648056108e+00,8.915625060890206441e+02,7.629618172790283097e+02,4.458324174998836931e+00,-4.662895849344046439e-01,6.040759314105719646e+00
1.458853793552602554e+02,8.185021165744069904e+00,8.963497226964714173e+02,7.625531809243268526e+02,4.739205470530797548e+00,-1.207159789910918324e+00,6.040211646046383720e+00
1.603901009443177657e+02,8.335070009768802635e+00,9.011200637984419473e+02,7.621466932079403023e+02,5.014295017909475405e+00,-1.932753314988296944e+00,6.039664105391996607e+00
1.748948225333771802e+02,8.485118853793558458e+00,9.058831927861544955e+02,7.617406386265427045e+02,5.289384565288187012e+00,-2.658346840065769268e+00,6.039116692160178879e+00
1.853585404006640545e+02,8.623857760925741189e+00,9.093464725012488543e+02,7.613655750301260241e+02,5.547541783305431906e+00,-3.295907496625436028e+00,6.038569406368541337e+00
1.822956691631387685e+02,8.723477694562040696e+00,9.084603804958655928e+02,7.610964928307965920e+02,5.746955389124082991e+00,-3.632523361129250894e+00,6.038022248034692119e+00
1.792946922826440925e+02,8.823510257245198218e+00,9.075329043916866567e+02,7.608264872102062100e+02,5.947020514490393595e+00,-3.971677976562979939e+00,6.037475217176235809e+00
1.762937154021490471e+02,8.923542819928364622e+00,9.065463370441771076e+02,7.605566730953764818e+02,6.147085639856729067e+00,-4.310832591996752505e+00,6.036928313810775215e+00
1.738749076859966749e+02,9.012124410016562948e+00,9.052061967893364454e+02,7.603179049003418868e+02,6.312393784985201428e+00,-4.875785064187199147e+00,6.036381537955908705e+00
1.733819602735264880e+02,9.061803972647350491e+00,9.027746166352795854e+02,7.601840613163863054e+02,6.361803972647350314e+00,-6.260312108777918105e+00,6.035834889629221323e+00
1.728817974601107323e+02,9.111820253988929252e+00,9.003340494177472237e+02,7.600493580828849645e+02,6.411820253988928187e+00,-7.628190411863376319e+00,6.035288368848306106e+00
1.723816346466948914e+02,9.161836535330511566e+00,8.978655712590958728e+02,7.599147025792619843e+02,6.461836535330512277e+00,-8.996068714949011280e+00,6.034741975630747213e+00
1.716043781148519258e+02,9.217482584518926103e+00,8.954469035938521984e+02,7.597649465861703675e+02,6.489135984958632974e+00,-9.810315092183179431e+00,6.034195709994126133e+00
1.698345815695211627e+02,9.292803647020521751e+00,8.932555731267743795e+02,7.595623344805089801e+02,6.438130901986319543e+00,-8.732969110848394223e+00,6.033649571956013702e+00
1.680840117225659469e+02,9.367828069032887228e+00,8.910133096318863863e+02,7.593606278288748399e+02,6.388114620644740782e+00,-7.676508919735518965e+00,6.033103561533985193e+00
1.663334418756105038e+02,9.442852491045263363e+00,8.887229404608272034e+02,7.591590282777905259e+02,6.338098339303156692e+00,-6.620048728622506928e+00,6.032557678745607888e+00
1.607220034028811710e+02,9.500000000000000000e+00,8.861131463310514391e+02,7.590055379280061061e+02,6.276809125975458592e+00,-5.299669056845549342e+00,6.032011923608447290e+00
1.411553239986957919e+02,9.500000000000000000e+00,8.825453623369193110e+02,7.590055379280061061e+02,6.176131553239978089e+00,-3.055675136844091533e+00,6.031466296140059136e+00
1.218990556821883615e+02,9.500000000000000000e+00,8.789916855933731767e+02,7.590055379280061061e+02,6.076098990556823232e+00,-8.270634578909977774e-01,6.030920796358001823e+00
1.026427873656784726e+02,9.500000000000000000e+00,8.754380088498264740e+02,7.590055379280061061e+02,5.976066427873654163e+00,1.401548221062384636e+00,6.030375424279822205e+00
8.419552524058171628e+01,9.483444852555715343e+00,8.722413434068511151e+02,7.590499968568456097e+02,5.870305193277525646e+00,3.078044832482565329e+00,6.029830179923075129e+00
6.847020514490257881e+01,9.407000976880487642e+00,8.702295752303201652e+02,7.592553522073394561e+02,5.745001628134147609e+00,2.994112685151850251e+00,6.029285063305296788e+00
5.271507652230560836e+01,9.331976554868122165e+00,8.682029634474076829e+02,7.594570029273387490e+02,5.619960924780203371e+00,2.911739038000619395e+00,6.028740074444029595e+00
3.695994789970660577e+01,9.256952132855746029e+00,8.661721227793437947e+02,7.596587607886718843e+02,5.494920221426243145e+00,2.829365390849377881e+00,6.028195213356808857e+00
2.356497201084081894e+01,9.199999999999999289e+00,8.650149824022489611e+02,7.598119897125940270e+02,5.364107740692370285e+00,2.766834354014520159e+00,6.027650480061160110e+00
1.786258547704282051e+01,9.199999999999999289e+00,8.667886222731787029e+02,7.598119897125940270e+02,5.213806577661987518e+00,2.766834354014520159e+00,6.027105874574615996e+00
1.211071312276138556e+01,9.199999999999999289e+00,8.685300503046006497e+02,7.598119897125940270e+02,5.063757733637253899e+00,2.766834354014520159e+00,6.026561396914695834e+00
6.358840768479210759e+00,9.199999999999999289e+00,8.702714783360232786e+02,7.598119897125940270e+02,4.913708889612501629e+00,2.766834354014520159e+00,6.026017047098921608e+00
1.871272187265470066e+00,9.211209195356422796e+00,8.725523379458359159e+02,7.597818268431677780e+02,4.781377961403376453e+00,2.682939485762230181e+00,6.025472825144801980e+00
1.378704005209988148e+00,9.262129599478999609e+00,8.766839872951215966e+02,7.596448339510226333e+02,4.706805600781498455e+00,2.301827331019589806e+00,6.024928731069849164e+00
8.785411917942111959e-01,9.312145880820580146e+00,8.808024040416988782e+02,7.595103217330540701e+02,4.631781178769131202e+00,1.927482054646374232e+00,6.024384764891574484e+00
3.783783783783697396e-01,9.362162162162164236e+00,8.849374070421761189e+02,7.593758571434842679e+02,4.556756756756755067e+00,1.553136778273109364e+00,6.023840926627473280e+00
0.000000000000000000e+00,9.388704724185489070e+00,8.881426402631564088e+02,7.593045192179554306e+02,4.493689986325818175e+00,1.354479811986101234e+00,6.023297216295043555e+00
0.000000000000000000e+00,9.337805275154670070e+00,8.883856146338813460e+02,7.594413326493406657e+02,4.468902637577334858e+00,1.735435129006996036e+00,6.022753633911784199e+00
0.000000000000000000e+00,9.287788993813089533e+00,8.886196969024769032e+02,7.595758204297879956e+02,4.443894496906545477e+00,2.109780405380212276e+00,6.022210179495179894e+00
0.000000000000000000e+00,9.237772712471507219e+00,8.888410255135611351e+02,7.597103558509570576e+02,4.418886356235753432e+00,2.484125681753476478e+00,6.021666853062718872e+00
0.000000000000000000e+00,9.205690629245875556e+00,8.889432627799350257e+02,7.597966764224132703e+02,4.417071887737627378e+00,2.773968018532376512e+00,6.021123654631883149e+00
0.000000000000000000e+00,9.231129925105829415e+00,8.886884435280325079e+02,7.597282274217476470e+02,4.493389775317491619e+00,2.801030682503722335e+00,6.020580584220144971e+00
0.000000000000000000e+00,9.256138065776619683e+00,8.884342403167161137e+02,7.596609505894768972e+02,4.568414197329857984e+00,2.828502209992950878e+00,6.020037641844980136e+00
0.000000000000000000e+00,9.281146206447411728e+00,8.881763702242474210e+02,7.595936856713911993e+02,4.643438619342235896e+00,2.855973737482183417e+00,6.019494827523860891e+00
0.000000000000000000e+00,9.288532862578142257e+00,8.887018231427235833e+02,7.595738200974868732e+02,4.712477005599319035e+00,2.864084864825186649e+00,6.018952141274251488e+00
0.000000000000000000e+00,9.237675024422010495e+00,8.918854893312496870e+02,7.597106186620831068e+02,4.762324975577991282e+00,2.808203432794657228e+00,6.018409583113607297e+00
0.000000000000000000e+00,9.187658743080429957e+00,8.949838769728562511e+02,7.598452018424154630e+02,4.812341256919569155e+00,2.753246684188307647e+00,6.017867153059389906e+00
0.000000000000000000e+00,9.137642461738845867e+00,8.980502253227735991e+02,7.599798327141742220e+02,4.862357538261154133e+00,2.698289935581950960e+00,6.017324851129048469e+00
0.000000000000000000e+00,9.069945000597662954e+00,9.030541203797508842e+02,7.601621332587343431e+02,4.935890089361904209e+00,2.523031910467870897e+00,6.016782677340036578e+00
0.000000000000000000e+00,8.944024747639195638e+00,9.144253438845031496e+02,7.605014515542175104e+02,5.087170302832964452e+00,1.942721607629540603e+00,6.016240631709792730e+00
0.000000000000000000e+00,8.818984044285251400e+00,9.254271549898766125e+02,7.608387001233332967e+02,5.237219146857698071e+00,1.370162656509611665e+00,6.015698714255759860e+00
0.000000000000000000e+00,8.693943340931291175e+00,9.361721259582900529e+02,7.611762479346314194e+02,5.387267990882451230e+00,7.976037053896088969e-01,6.015156924995373799e+00
0.000000000000000000e+00,8.562901451854681767e+00,9.430841678171968852e+02,7.615303176873392204e+02,5.500000000000000000e+00,-2.304192495174628152e-01,6.014615263946066825e+00
0.000000000000000000e+00,8.412634321068045651e+00,9.387326503851710413e+02,7.619367385614008299e+02,5.500000000000000000e+00,-2.760766283185940750e+00,6.014073731125267663e+00
0.000000000000000000e+00,8.262585477043311144e+00,9.344283380957314193e+02,7.623430022920982765e+02,5.500000000000000000e+00,-5.265940043800559245e+00,6.013532326550395268e+00
0.000000000000000000e+00,8.112536633018558874e+00,9.301037161106378335e+02,7.627496994925630815e+02,5.500000000000000000e+00,-7.771113804415501924e+00,6.012991050238872148e+00
0.000000000000000000e+00,7.968562556373108841e+00,9.239681712569390584e+02,7.631403394863475569e+02,5.523448184132904615e+00,-9.349998311947510743e+00,6.012449902208116370e+00
0.000000000000000000e+00,7.843699120807545278e+00,9.121001156261912683e+02,7.634794515556624219e+02,5.625040703353964666e+00,-8.050224725281138305e+00,6.011908882475538896e+00
0.000000000000000000e+00,7.718658417453585052e+00,9.004434905632224400e+02,7.638193471074006311e+02,5.725073266037131958e+00,-6.770409205604778435e+00,6.011367991058539140e+00
0.000000000000000000e+00,7.593617714099640814e+00,8.889111453809418890e+02,7.641595454320333829e+02,5.825105828720287704e+00,-5.490593685928585543e+00,6.010827227974530729e+00
0.000000000000000000e+00,7.462499603628438116e+00,8.801640946907493799e+02,7.645166043594945222e+02,5.840952518274415972e+00,-4.232764365548922214e+00,6.010286593240904196e+00
0.000000000000000000e+00,7.312243568870064436e+00,8.793893767760660012e+02,7.649261895841261776e+02,5.587072614783441082e+00,-3.043721267762624638e+00,6.009746086875059845e+00
0.000000000000000000e+00,7.162194724845312166e+00,8.785184479915620841e+02,7.653356483685507783e+02,5.336991208075520632e+00,-1.854018777296907450e+00,6.009205708894383768e+00
0.000000000000000000e+00,7.012145880820578547e+00,8.775629593780105324e+02,7.657455457476829679e+02,5.086909801367632156e+00,-6.643162868313448044e-01,6.008665459316268276e+00
0.000000000000000000e+00,6.880678741386484276e+00,8.770808552750532954e+02,7.661050432790692639e+02,4.836828394659711705e+00,2.050104443050000391e-01,6.008125338158087025e+00
0.000000000000000000e+00,6.806024096385536737e+00,8.782788896697400105e+02,7.663093372889514967e+02,4.586746987951789478e+00,1.203007176151009994e-01,6.007585345437228774e+00
0.000000000000000000e+00,6.730999674373160602e+00,8.794211549165056567e+02,7.665147528590675847e+02,4.336665581243869028e+00,3.682528090780062130e-02,6.007045481171058299e+00
0.000000000000000000e+00,6.655975252360795125e+00,8.805258414020814826e+02,7.667202785854047988e+02,4.086584174535980551e+00,-4.665015579948876556e-02,6.006505745376952810e+00
0.000000000000000000e+00,6.593470389724311431e+00,8.810800768367258797e+02,7.668915917505546531e+02,3.911979898200410144e+00,-1.162032831383350978e-01,6.005966138072274418e+00
0.000000000000000000e+00,6.568642136112013752e+00,8.800400134010503734e+02,7.669596622414551348e+02,3.962715727775970809e+00,-1.438575461895426899e-01,6.005426659274384349e+00
0.000000000000000000e+00,6.543633995441221707e+00,8.790153244671223547e+02,7.670282381144492092e+02,4.012732009117556231e+00,-1.717120120112244075e-01,6.004887309000638496e+00
0.000000000000000000e+00,6.518625854770432326e+00,8.779912538232903216e+02,7.670968262516370260e+02,4.062748290459134104e+00,-1.995664778329024336e-01,6.004348087268398082e+00
0.000000000000000000e+00,6.493617714099641169e+00,8.764361507738678938e+02,7.671654266563085685e+02,4.081902674233307771e+00,-2.274245990091941783e-01,6.003808994095005680e+00
0.000000000000000000e+00,6.468609573428849124e+00,8.732214509402273279e+02,7.672340393317556391e+02,4.005828720286546130e+00,-2.552938946169247547e-01,6.003270029497804749e+00
0.000000000000000000e+00,6.443601432758057079e+00,8.700378643306712547e+02,7.673026642812704949e+02,3.930804298274169994e+00,-2.831630871896705925e-01,6.002731193494142303e+00
0.000000000000000000e+00,6.418593292087267699e+00,8.668623297468883493e+02,7.673713015081474396e+02,3.855779876261804073e+00,-3.110322797624129332e-01,6.002192486101352031e+00
0.000000000000000000e+00,6.406074859005530975e+00,8.649842089607117259e+02,7.674056641953063718e+02,3.787034307001754474e+00,-3.249828819625767418e-01,6.001653907336768512e+00
0.000000000000000000e+00,6.431422989254316214e+00,8.669796687646966120e+02,7.673360876469839695e+02,3.737154021491367661e+00,-2.967348033644143790e-01,6.001115457217716553e+00
0.000000000000000000e+00,6.456431129925108259e+00,8.689523116680373960e+02,7.672674567190609878e+02,3.687137740149783127e+00,-2.688656107916685412e-01,6.000577135761524517e+00
0.000000000000000000e+00,6.481439270595897639e+00,8.709288694667237678e+02,7.671988380668099126e+02,3.637121458808205254e+00,-2.409964182189261173e-01,6.000038942985509216e+00
0.000000000000000000e+00,6.506447411266688796e+00,8.735105205008354687e+02,7.671302316869375773e+02,3.600000000000000089e+00,-2.131309251844865360e-01,5.999500878906991908e+00
0.000000000000000000e+00,6.531455551937480841e+00,8.779392832498367625e+02,7.670616375761519521e+02,3.600000000000000089e+00,-1.852765565650071888e-01,5.998962943543281412e+00
0.000000000000000000e+00,6.556463692608273774e+00,8.823583073832894570e+02,7.669930557311619168e+02,3.600000000000000089e+00,-1.574220907433254990e-01,5.998425136911681221e+00
0.000000000000000000e+00,6.581471833279062267e+00,8.867896143163759461e+02,7.669244861486780565e+02,3.600000000000000089e+00,-1.295676249216474729e-01,5.997887459029502821e+00
0.000000000000000000e+00,6.618959141959852133e+00,8.925480397779167561e+02,7.668217231958867615e+02,3.698551264374085878e+00,-8.783546838270643586e-02,5.997349909914044375e+00
0.000000000000000000e+00,6.694464343861938893e+00,9.023406419344755705e+02,7.666148258403327418e+02,4.103809833930339934e+00,-3.825517697041850955e-03,5.996812489582598715e+00
0.000000000000000000e+00,6.769488765874315028e+00,9.121611103138532144e+02,7.664093566374975808e+02,4.503940084663012655e+00,7.964991901025840482e-02,5.996275198052456012e+00
0.000000000000000000e+00,6.844513187886682282e+00,9.220559524552653556e+02,7.662039975454496243e+02,4.904070335395634750e+00,1.631253557175479652e-01,5.995738035340908212e+00
2.480650396655935119e-01,6.925872483308431526e+00,9.315446490122559453e+02,7.659814228852170572e+02,5.329559820123985325e+00,2.535977871057368827e-01,5.995201001465233048e+00
1.260827092152450923e+00,7.026082709215245359e+00,9.396835981800369382e+02,7.657074551863406668e+02,5.830413546076226083e+00,3.648906822653033566e-01,5.994664096442713586e+00
2.261152718984134058e+00,7.126115271898414427e+00,9.478957703681728617e+02,7.654341686848007384e+02,6.330576359492066985e+00,4.759875032765937819e-01,5.994127320290622229e+00
3.261478345815687518e+00,7.226147834581568397e+00,9.561710675604396101e+02,7.651610771894999061e+02,6.830739172907843937e+00,5.870843242878699408e-01,5.993590673026231386e+00
5.080949276562330752e+00,7.319764464674661575e+00,9.622119325592277619e+02,7.649056777686663509e+02,7.226984101338303823e+00,6.910165643524970314e-01,5.993054154666804578e+00
9.364050797785976599e+00,7.394659719960928079e+00,9.617481144421143426e+02,7.647014757275979946e+02,7.326212959947905112e+00,7.740436479512132761e-01,5.992517765229609772e+00
1.361543471182062959e+01,7.469684141973305103e+00,9.612564991196285291e+02,7.644970307457573426e+02,7.426245522631073293e+00,8.572148172598265115e-01,5.991981504731897168e+00
1.786681862585473013e+01,7.544708563985671468e+00,9.607315732672217337e+02,7.642926950525221628e+02,7.526278085314229038e+00,9.403859865684291997e-01,5.991445373190929402e+00
2.263051273468287761e+01,7.619732985998048491e+00,9.595786191258858935e+02,7.640884685602833315e+02,7.613349962710860730e+00,9.119403546027515794e-01,5.990909370623951347e+00
2.889645066753534763e+01,7.694757408010424626e+00,9.566005993128871978e+02,7.638843511815254033e+02,7.663171605340282078e+00,5.507306195484431566e-01,5.990373497048204321e+00
3.514848583523335890e+01,7.769781830022800762e+00,9.535872451522454867e+02,7.636803428288262694e+02,7.713187886681867056e+00,1.936891724350208177e-01,5.989837752480938526e+00
4.140052100293057435e+01,7.844806252035167127e+00,9.505151031156132149e+02,7.634764434148579539e+02,7.763204168023444929e+00,-1.633522746783552804e-01,5.989302136939389065e+00
4.913016629909650135e+01,7.913333497663624705e+00,9.483589732305348434e+02,7.632902969500337349e+02,7.832445507527234341e+00,-1.134332192517420346e+00,5.988766650440787487e+00
6.117681536958708222e+01,7.963236730706612754e+00,9.489203477131648015e+02,7.631547976549516079e+02,7.958091826766532151e+00,-3.929660707575315381e+00,5.988231293002360012e+00
7.318072289156727095e+01,8.013253012048194179e+00,9.494668763524219912e+02,7.630190396401408179e+02,8.083132530120492376e+00,-6.700820809373214004e+00,5.987696064641335525e+00
8.518463041354591780e+01,8.063269293389772940e+00,9.500048478239995120e+02,7.628833299168710482e+02,8.208173233474438391e+00,-9.471980911170753359e+00,5.987160965374938471e+00
9.561613937140101882e+01,8.126206642735416708e+00,9.502492515911312694e+02,7.627126300804179664e+02,8.365516606838546920e+00,-1.075792290439279064e+01,5.986625995220379082e+00
1.015962227287531476e+02,8.226603712145884373e+00,9.496374135005474955e+02,7.624404888859294260e+02,8.616509280364715195e+00,-7.784473105797573567e+00,5.986091154194870256e+00
1.075981764897432527e+02,8.326636274829054329e+00,9.489743361392539782e+02,7.621695290044768853e+02,8.866590687072637422e+00,-4.843176509150895370e+00,5.985556442315625780e+00
1.136001302507325761e+02,8.426668837512210075e+00,9.482532123337964549e+02,7.618987616447376467e+02,9.116672093780525898e+00,-1.901879912504597092e+00,5.985021859599841676e+00
1.196674893543113996e+02,8.506833893417846681e+00,9.473778727652352245e+02,7.616819103020251305e+02,9.327154381249673776e+00,-8.635804090580614933e-02,5.984487406064724624e+00
1.259208726799091096e+02,8.531683490719634833e+00,9.462026597591121799e+02,7.616147157201259006e+02,9.426733962878547146e+00,-1.429239891849930721e+00,5.983953081727469758e+00
1.321729078476071493e+02,8.556691631390428654e+00,9.450228707641803112e+02,7.615471043764358683e+02,9.526766525561713550e+00,-2.758081051201698219e+00,5.983418886605265108e+00
1.384249430153043647e+02,8.581699772061217146e+00,9.438360661366818931e+02,7.614795050358962953e+02,9.626799088244869296e+00,-4.086922210553293411e+00,5.982884820715300478e+00
1.413868219265548873e+02,8.593547287706220672e+00,9.412378147711528982e+02,7.614474843157792066e+02,9.667736438531097320e+00,-4.604047328774904635e+00,5.982350884074760344e+00
1.350709866492996127e+02,8.568283946597198053e+00,9.345964633248214568e+02,7.615157677732340744e+02,9.541419732985991331e+00,-2.821549353743313837e+00,5.981817076700824742e+00
1.288189514816015731e+02,8.543275805926406008e+00,9.280211704341106724e+02,7.615833735525661723e+02,9.416379029632031106e+00,-1.057057479425302482e+00,5.981283398610662161e+00
1.225669163139043860e+02,8.518267665255617516e+00,9.214650918275326603e+02,7.616509913367639228e+02,9.291338326278086868e+00,7.074343948924803893e-01,5.980749849821452635e+00
1.148673433039277825e+02,8.480147975001909089e+00,9.151348858580890919e+02,7.617540837795135076e+02,9.172928646117838980e+00,1.974841784808658129e+00,5.980216430350355772e+00
1.030781504395956745e+02,8.404754151742100277e+00,9.094089268546223366e+02,7.619580636870717854e+02,9.073005535656132992e+00,1.891238199775675755e+00,5.979683140214539172e+00
9.132432432432342750e+01,8.329729729729724141e+00,9.037111541197941733e+02,7.621611527811983251e+02,8.972972972972964811e+00,1.808449872245313061e+00,5.979149979431155337e+00
7.957049820905267268e+01,8.254705307717356888e+00,8.980449886833914661e+02,7.623643501652120449e+02,8.872940410289810842e+00,1.725661544714960582e+00,5.978616948017368316e+00
6.728507168994575238e+01,8.173043529384734995e+00,8.933119212280521424e+02,7.625856475309263942e+02,8.739864575578394579e+00,1.282338677998258625e+00,5.978084045990316397e+00
5.352035167697759022e+01,8.072875284923473060e+00,8.910512676440691848e+02,7.628572714008239473e+02,8.513969391077816695e+00,-1.897042097246138814e-01,5.977551273367154749e+00
3.976587430804195122e+01,7.972842722240304880e+00,8.887664190691466501e+02,7.631287205903695394e+02,8.288896125040688290e+00,-1.649375762995707317e+00,5.977018630165018998e+00
2.601139693910631578e+01,7.872810159557136700e+00,8.864668414886439223e+02,7.634003630294100731e+02,8.063822859003558108e+00,-3.109047316266800198e+00,5.976486116401052762e+00
1.495955443178891109e+01,7.786236311595993165e+00,8.848953525975413186e+02,7.636356139051403034e+02,7.865645238576052911e+00,-3.831257722341299576e+00,5.975953732092383675e+00
1.122793878215549412e+01,7.736372517095406742e+00,8.853138102006354302e+02,7.637711768387550819e+02,7.740931292738516767e+00,-2.525710994515286689e+00,5.975421477256144698e+00
7.476717681536683813e+00,7.686356235753822652e+00,8.857141446074765554e+02,7.639072026531239317e+02,7.615890589384556542e+00,-1.231996876415431874e+00,5.974889351909459911e+00
3.725496580917873501e+00,7.636339954412237674e+00,8.861003295459794344e+02,7.640432769278661453e+02,7.490849886030596316e+00,6.171724168442238589e-02,5.974357356069451619e+00
9.296922109576408744e-01,7.606618031533737501e+00,8.854610865170020588e+02,7.641241613735260216e+02,7.393015081914708020e+00,1.381527455481813549e-01,5.973825489753235907e+00
6.815369586453825512e-01,7.631846304135462056e+00,8.819790894381557109e+02,7.640555047243850595e+02,7.368153695864537944e+00,-3.153662399868133903e+00,5.973293752977919979e+00
4.314555519374617676e-01,7.656854444806254101e+00,8.785127458204763116e+02,7.639874593499932871e+02,7.343145555193745899e+00,-6.416754467978520005e+00,5.972762145760619035e+00
1.813741452295411227e-01,7.681862585477045258e+00,8.750317366009857096e+02,7.639194260945134829e+02,7.318137414522954742e+00,-9.679846536088906106e+00,5.972230668118438501e+00
0.000000000000000000e+00,7.706870726147835526e+00,8.709702768423863972e+02,7.638514049547083005e+02,7.359931675402456186e+00,-1.139990006782013587e+01,5.971699320068473149e+00
0.000000000000000000e+00,7.731878866818627571e+00,8.653453307239622063e+02,7.637833959273415303e+02,7.586909801367641037e+00,-8.951278727695834547e+00,5.971168101627820413e+00
0.000000000000000000e+00,7.756887007489418728e+00,8.597093894197481632e+02,7.637153990091782134e+02,7.811983067404768555e+00,-6.523206859684545833e+00,5.970637012813575950e+00
0.000000000000000000e+00,7.781895148160210773e+00,8.540514690299895619e+02,7.636474141969844140e+02,8.037056333441897849e+00,-4.095134991673256231e+00,5.970106053642819433e+00
0.000000000000000000e+00,7.806903288831000154e+00,8.489482536818786684e+02,7.635794414875276743e+02,8.289262249367446600e+00,-3.106565934560826747e+00,5.969575224132644742e+00
0.000000000000000000e+00,7.831911429501792199e+00,8.453707738317887106e+02,7.635114808775764459e+02,8.614848583523293968e+00,-6.001192078223706261e+00,5.969044524300123555e+00
0.000000000000000000e+00,7.856919570172584244e+00,8.417717266913160756e+02,7.634435323638999762e+02,8.939954412243590554e+00,-8.872477589534726761e+00,5.968513954162329327e+00
0.000000000000000000e+00,7.881927710843376289e+00,8.381577095167200468e+02,7.633755959432695590e+02,9.265060240963885363e+00,-1.174376310084574726e+01,5.967983513736339951e+00
0.000000000000000000e+00,7.893259202374142802e+00,8.327491164425741772e+02,7.633448171340596673e+02,9.452814416619004234e+00,-1.342356853678732165e+01,5.967453203039219112e+00
0.000000000000000000e+00,7.868056007815042996e+00,8.225447139181841294e+02,7.634132779332328482e+02,9.276392054705301149e+00,-1.194615193439625500e+01,5.966923022088029605e+00
0.000000000000000000e+00,7.843047867144250951e+00,8.124098762694950437e+02,7.634812210613259822e+02,9.101335070009760386e+00,-1.048016943224481601e+01,5.966392970899827120e+00
0.000000000000000000e+00,7.818039726473458906e+00,8.023067914318988869e+02,7.635491762842559638e+02,8.926278085314216071e+00,-9.014186930093369909e+00,5.965863049491669123e+00
0.000000000000000000e+00,7.772575007532928737e+00,7.939618204179970462e+02,7.636727498921527513e+02,8.689675801509459063e+00,-7.351099954891581412e+00,5.965333257880605977e+00
0.000000000000000000e+00,7.672093780527512230e+00,7.901634279598121111e+02,7.639460001427665929e+02,8.288375122110050341e+00,-5.162993693714761356e+00,5.964803596083682713e+00
0.000000000000000000e+00,7.572061217844344050e+00,7.863630371626938995e+02,7.642182248329614822e+02,7.888244871377375844e+00,-2.978103572180114789e+00,5.964274064117937257e+00
0.000000000000000000e+00,7.472028655161175870e+00,7.825735091638186987e+02,7.644906436015290865e+02,7.488114620644703123e+00,-7.932134506454685541e-01,5.963744662000413754e+00
0.000000000000000000e+00,7.365094539198761225e+00,7.801378721652523609e+02,7.647820723042018471e+02,7.074171905838152696e+00,7.421482175101673517e-01,5.963215389748140360e+00
0.000000000000000000e+00,7.239954412243565507e+00,7.811433983138422263e+02,7.651234001769325914e+02,6.623835884076834546e+00,6.023197888815055023e-01,5.962686247378150561e+00
0.000000000000000000e+00,7.114913708889604393e+00,7.820612876554905597e+02,7.654647613799622832e+02,6.173689352002576847e+00,4.634848862856306706e-01,5.962157234907466297e+00
0.000000000000000000e+00,6.989873005535644168e+00,7.829002725218369960e+02,7.658064273167984766e+02,5.723542819928320036e+00,3.246499836897560609e-01,5.961628352353106841e+00
0.000000000000000000e+00,6.920587276945029842e+00,7.855929969025770561e+02,7.659958778240005586e+02,5.413724851296685792e+00,2.477327207220615668e-01,5.961099599732091470e+00
0.000000000000000000e+00,6.996125040703356390e+00,7.934289022459277021e+02,7.657893367762296748e+02,5.464083360468904083e+00,3.316473190971139240e-01,5.960570977061433240e+00
0.000000000000000000e+00,7.071149462715732525e+00,8.012781113834824964e+02,7.655843097735032643e+02,5.514099641810488173e+00,4.149916481883354491e-01,5.960042484358140769e+00
0.000000000000000000e+00,7.146173884728108661e+00,8.091845322808727587e+02,7.653793925263413485e+02,5.564115923152072263e+00,4.983359772795570852e-01,5.959514121639214679e+00
0.000000000000000000e+00,7.242069811980901051e+00,8.166846034277141371e+02,7.651176280218911643e+02,5.704117230981510467e+00,6.047584172870776875e-01,5.958985888921658258e+00
0.000000000000000000e+00,7.392445457505702144e+00,8.230274483932398653e+02,7.647075113553420351e+02,6.081113643764256338e+00,7.714190562656993988e-01,5.958457786222464136e+00
0.000000000000000000e+00,7.542494301530454415e+00,8.294088782961840707e+02,7.642987242291258099e+02,6.456235753826137014e+00,9.377186291916929095e-01,5.957929813558628496e+00
0.000000000000000000e+00,7.692543145555206685e+00,8.358241282549147400e+02,7.638903739173262011e+02,6.831357863888017690e+00,1.104018202117686309e+00,5.957401970947132419e+00
0.000000000000000000e+00,7.814353155829469877e+00,8.412571566627908624e+02,7.635591948715089075e+02,7.164238592801264183e+00,1.238988102334942276e+00,5.956874258404964984e+00
0.000000000000000000e+00,7.864213611201563481e+00,8.441132279276157533e+02,7.634237163254981624e+02,7.388961250407037440e+00,1.294134532525287540e+00,5.956346675949100167e+00
0.000000000000000000e+00,7.914229892543148459e+00,8.469847554466454085e+02,7.632878626261741601e+02,7.614034516444167622e+00,1.349453575774533620e+00,5.955819223596517276e+00
0.000000000000000000e+00,7.964246173884732549e+00,8.498648790363280341e+02,7.631520572694505518e+02,7.839107782481296915e+00,1.404772619023779701e+00,5.955291901364184959e+00
0.000000000000000000e+00,7.993017164943706732e+00,8.520528308784616911e+02,7.630739595256285384e+02,8.057119652696703938e+00,9.300477893209616598e-01,5.954764709269070089e+00
0.000000000000000000e+00,7.967860631716053632e+00,8.524759313245767771e+02,7.631422450827624289e+02,8.257114946271578049e+00,-9.226714400565853014e-01,5.954237647328132432e+00
0.000000000000000000e+00,7.942852491045260699e+00,8.528967267741675187e+02,7.632101399738909322e+02,8.457180071637914409e+00,-2.764461908260817502e+00,5.953710715558333533e+00
0.000000000000000000e+00,7.917844350374468654e+00,8.533133498408616333e+02,7.632780469469774971e+02,8.657245197004250770e+00,-4.606252376465048926e+00,5.953183913976625163e+00
0.000000000000000000e+00,7.878720284353960324e+00,8.544791784840521132e+02,7.633843085605897159e+02,8.771909252795841994e+00,-5.947496343071536629e+00,5.952657242599959098e+00
0.000000000000000000e+00,7.803484207098663639e+00,8.575440109251909462e+02,7.635887339172938937e+02,8.671312276131551755e+00,-6.039799100791134912e+00,5.952130701445279115e+00
0.000000000000000000e+00,7.728459785086286615e+00,8.605397061425258016e+02,7.637926933218745944e+02,8.571279713448383575e+00,-6.132575120737159935e+00,5.951604290529525443e+00
0.000000000000000000e+00,7.653435363073908704e+00,8.634800575004398979e+02,7.639967617132734858e+02,8.471247150765215395e+00,-6.225351140683184070e+00,5.951078009869634755e+00
0.000000000000000000e+00,7.557089805658875115e+00,8.643680053311373968e+02,7.642589843621726686e+02,8.229584015941950881e+00,-5.823374159254036897e+00,5.950551859482544614e+00
0.000000000000000000e+00,7.406773038098335427e+00,8.601827282245625383e+02,7.646684589796674345e+02,7.627092152393345259e+00,-4.157096422816846548e+00,5.950025839385181925e+00
0.000000000000000000e+00,7.256724194073584044e+00,8.560042691916943340e+02,7.650776418145720754e+02,7.026896776294336178e+00,-2.499696922076864336e+00,5.949499949594466486e+00
0.000000000000000000e+00,7.106675350048831774e+00,8.518110592810768367e+02,7.654872628007628919e+02,6.426701400195327096e+00,-8.422974213368829011e-01,5.948974190127324313e+00
0.000000000000000000e+00,6.949465959015671324e+00,8.476880649440822708e+02,7.659169023394135820e+02,5.848015012583364758e+00,2.806672538102318870e-01,5.948448561000668100e+00
0.000000000000000000e+00,6.774340605665902793e+00,8.437439471338816475e+02,7.663960727072570762e+02,5.323021816997711930e+00,8.479880920697441260e-02,5.947923062231414093e+00
0.000000000000000000e+00,6.599283620970358477e+00,8.397583642855278185e+02,7.668756556532225659e+02,4.797850862911078096e+00,-1.100802032639514177e-01,5.947397693836466104e+00
0.000000000000000000e+00,6.424226636274814162e+00,8.357334230330573064e+02,7.673558391863408588e+02,4.272679908824444261e+00,-3.049592157348774424e-01,5.946872455832727944e+00
7.141346097539981452e-02,6.292648422467977731e+00,8.333292481605731155e+02,7.677171559274587480e+02,3.848749188710329783e+00,-4.514535302442957976e-01,5.946347348237097208e+00
3.226961901660737042e-01,6.267730380983391747e+00,8.349959085041363096e+02,7.677856197702178633e+02,3.674112666883747824e+00,-4.792518455290720181e-01,5.945822371066475043e+00
5.727775968739944323e-01,6.242722240312600590e+00,8.366461097935200542e+02,7.678543434314149181e+02,3.499055682188203953e+00,-5.071506123154524426e-01,5.945297524337750161e+00
8.228590035819151050e-01,6.217714099641809433e+00,8.382878733043240800e+02,7.679230793964750319e+02,3.323998697492659193e+00,-5.350493791018327006e-01,5.944772808067805059e+00
1.504626724856340303e+00,6.235902953033250817e+00,8.412620231143631599e+02,7.678730857235507301e+02,3.221541771819950384e+00,-5.148005238646932158e-01,5.944248222273526672e+00
3.261152718984068777e+00,6.361510908498862804e+00,8.475884271597682300e+02,7.675280155656294028e+02,3.296906545099317132e+00,-3.748222106536217013e-01,5.943723766971793054e+00
5.011722565939514595e+00,6.486551611852823029e+00,8.539368369926954756e+02,7.671848120668126967e+02,3.371930967111693267e+00,-2.354760468431199849e-01,5.943199442179476044e+00
6.762292412894959526e+00,6.611592315206783255e+00,8.603241482541444611e+02,7.668419153606945429e+02,3.446955389124069402e+00,-9.612988303261825462e-02,5.942675247913447478e+00
9.382677954230814521e+00,6.663901620755074973e+00,8.635015720748008334e+02,7.666985598615584649e+02,3.485560648302029829e+00,-3.783605658866281973e-02,5.942151184190574753e+00
1.414360143275811765e+01,6.538326278085312637e+00,8.587693430879670586e+02,7.670427942067470894e+02,3.435330511234125250e+00,-1.777780258903441379e-01,5.941627251027714607e+00
1.889514816020860621e+01,6.413285574731352412e+00,8.540672972560319067e+02,7.673858706242851895e+02,3.385314229892540716e+00,-3.171241897008458821e-01,5.941103448441728219e+00
2.364669488765910188e+01,6.288244871377392187e+00,8.493754105764674023e+02,7.677292540757913457e+02,3.335297948550956626e+00,-4.564703535113475708e-01,5.940579776449466998e+00
2.890931586393455532e+01,6.200000000000000178e+00,8.448851995160129036e+02,7.679717748177946532e+02,3.314517197682808280e+00,-5.548110055755159919e-01,5.940056235067783241e+00
3.541549983718664407e+01,6.200000000000000178e+00,8.408629655451886720e+02,7.679717748177946532e+02,3.364734614132204982e+00,-5.548110055755159919e-01,5.939532824313516812e+00
4.191761641159258289e+01,6.200000000000000178e+00,8.368395090322828764e+02,7.679717748177946532e+02,3.414750895473789072e+00,-5.548110055755159919e-01,5.939009544203512903e+00
4.841973298599852171e+01,6.200000000000000178e+00,8.328160525193771946e+02,7.679717748177946532e+02,3.464767176815373162e+00,-5.548110055755159919e-01,5.938486394754604270e+00
5.470142660661384326e+01,6.200000000000000178e+00,8.283065748679313174e+02,7.679717748177946532e+02,3.580590337148356728e+00,-5.548110055755159919e-01,5.937963375983625447e+00
6.045197004233152427e+01,6.200000000000000178e+00,8.226227413155340855e+02,7.679717748177946532e+02,3.856398567241943187e+00,-5.548110055755159919e-01,5.937440487907403863e+00
6.620384239661370884e+01,6.200000000000000178e+00,8.169425674149612178e+02,7.679717748177946532e+02,4.131488114620656127e+00,-5.548110055755159919e-01,5.936917730542760729e+00
7.195571475089589342e+01,6.200000000000000178e+00,8.112623935143882363e+02,7.679717748177946532e+02,4.406577661999368623e+00,-5.548110055755159919e-01,5.936395103906518145e+00
7.555984323136493686e+01,6.214671892287835675e+00,8.075977615069575677e+02,7.679314419269364862e+02,4.570656215424329538e+00,-5.384475709131711918e-01,5.935872608015493768e+00
7.405405405405404906e+01,6.264864864864865268e+00,8.087221691491538422e+02,7.677934937323640270e+02,4.470270270270269464e+00,-4.824677824059945830e-01,5.935350242886495487e+00
7.255356561380652636e+01,6.314881146206449358e+00,8.098395957028644716e+02,7.676560804901802157e+02,4.370237707587101283e+00,-4.266850561066031777e-01,5.934828008536328525e+00
7.105307717355898944e+01,6.364897427548034337e+00,8.109539774753773145e+02,7.675187164253353558e+02,4.270205144903933103e+00,-3.709023298072117170e-01,5.934305904981799884e+00
6.947846436555538219e+01,6.422321069360175549e+00,8.129751022030799277e+02,7.673610695108786786e+02,4.200000000000000178e+00,-3.068909841683391537e-01,5.933783932239703240e+00
6.772745034190816682e+01,6.497394985346793383e+00,8.171838431175846154e+02,7.671550643502049525e+02,4.200000000000000178e+00,-2.232725945546823187e-01,5.933262090326838489e+00
6.597688049495272367e+01,6.572419407359169519e+00,8.214036830160388263e+02,7.669493054931971301e+02,4.200000000000000178e+00,-1.397091570435720631e-01,5.932740379259993979e+00
6.422631064799728051e+01,6.647443829371545654e+00,8.256427086516101781e+02,7.667436569798659320e+02,4.200000000000000178e+00,-5.614571953246176583e-02,5.932218799055952729e+00
6.165798814849674869e+01,6.700000000000000178e+00,8.314733359879269301e+02,7.665996615878182183e+02,4.259300869192271577e+00,2.392209349011399817e-03,5.931697349731495983e+00
5.715043959622271075e+01,6.700000000000000178e+00,8.410374326154686742e+02,7.665996615878182183e+02,4.459980462390102041e+00,2.392209349011399817e-03,5.931176031303407647e+00
5.264897427548014264e+01,6.700000000000000178e+00,8.505902835126661330e+02,7.665996615878182183e+02,4.660045587756438401e+00,2.392209349011399817e-03,5.930654843788457420e+00
4.814750895473756742e+01,6.700000000000000178e+00,8.601431344098641603e+02,7.665996615878182183e+02,4.860110713122774762e+00,2.392209349011399817e-03,5.930133787203408779e+00
4.274875386914072806e+01,6.685098648710586566e+00,8.687294201271927250e+02,7.666404834239970114e+02,5.052687133955640952e+00,-1.420077770169139199e-02,5.929612861565032311e+00
3.524096385542167553e+01,6.634939759036145190e+00,8.750174311467072812e+02,7.667779240730995980e+02,5.227710843373494676e+00,-7.005382019971803653e-02,5.929092066890091495e+00
2.773852165418405491e+01,6.584923477694560212e+00,8.812545700465536811e+02,7.669150230806176296e+02,5.402767828069038991e+00,-1.257480651380822878e-01,5.928571403195339151e+00
2.023607945294643429e+01,6.534907196352976122e+00,8.874374620515847027e+02,7.670521711231916697e+02,5.577824812764584195e+00,-1.814423100764466223e-01,5.928050870497524549e+00
1.409006164340145162e+01,6.492423464171460878e+00,8.939552995707589389e+02,7.671687029343903532e+02,5.760401150619655297e+00,-2.287555540307843749e-01,5.927530468813400510e+00
1.109247802018886375e+01,6.467437316834907968e+00,9.013424475782317131e+02,7.672372558520497705e+02,5.960501465320742653e+00,-2.566002630187703137e-01,5.927010198159708310e+00
8.091501139693816569e+00,6.442429176164115034e+00,9.086994403875308990e+02,7.673058813769923745e+02,6.160566590687079014e+00,-2.844694555915162071e-01,5.926490058553188334e+00
5.090524259198767609e+00,6.417421035493322989e+00,9.160281990967548609e+02,7.673745191794514540e+02,6.360631716053415374e+00,-3.123386481642622114e-01,5.925970050010574752e+00
2.771291743199564728e+00,6.422578798619679397e+00,9.243040944129160152e+02,7.673603621641261725e+02,6.515247217120029077e+00,-3.066040961737068193e-01,5.925450172548601735e+00
2.022142624552264678e+00,6.497785737544774065e+00,9.348823010193062828e+02,7.671539924034816522e+02,6.565190491696515807e+00,-2.228373683176459175e-01,5.924930426183991017e+00
1.271898404428502438e+00,6.572810159557150200e+00,9.455375175402040213e+02,7.669482341214104508e+02,6.615206773038099897e+00,-1.392739308065356618e-01,5.924410810933469662e+00
5.216541843047404203e-01,6.647834581569525447e+00,9.562748319853693602e+02,7.667425861825535094e+02,6.665223054379683987e+00,-5.571049329542535067e-02,5.923891326813752300e+00
0.000000000000000000e+00,6.775895764468430116e+00,9.677826546006505168e+02,7.663918153582091009e+02,6.768256947526293921e+00,8.663979806264926475e-02,5.923371973841560667e+00
0.000000000000000000e+00,7.026278085314229038e+00,9.809872705839887885e+02,7.657069212334428130e+02,6.993650276782806152e+00,3.645718043373721295e-01,5.922852752033596957e+00
0.000000000000000000e+00,7.276359492022149489e+00,9.943218442983894647e+02,7.650240715030004139e+02,7.218723542819934558e+00,6.421705358254667928e-01,5.922333661406569583e+00
0.000000000000000000e+00,7.526440898730069939e+00,1.007789676368760070e+03,7.643424386044420089e+02,7.443796808857062075e+00,9.197692673135614561e-01,5.921814701977178075e+00
0.000000000000000000e+00,7.753628759862426278e+00,1.020124482476787875e+03,7.637242574048098049e+02,7.661241899990709037e+00,1.171695673845983610e+00,5.921295873762124629e+00
0.000000000000000000e+00,7.928622598502116148e+00,1.029659914444478318e+03,7.632487782672596950e+02,7.861282969716703484e+00,1.365093618461396652e+00,5.920777176778102557e+00
0.000000000000000000e+00,8.103679583197660463e+00,1.039263502152043202e+03,7.627737194879611025e+02,8.061348095083040732e+00,1.558562190543557824e+00,5.920258611041791852e+00
0.000000000000000000e+00,8.278736567893204779e+00,1.048931921305602145e+03,7.622992517098406324e+02,8.261413220449377093e+00,1.752030762625718996e+00,5.919740176569885826e+00
0.000000000000000000e+00,8.446130241438028818e+00,1.057101378730822489e+03,7.618461060031266925e+02,8.354170507629364195e+00,1.936862650190470880e+00,5.919221873379063581e+00
0.000000000000000000e+00,8.596157603386519241e+00,1.061736850290739085e+03,7.614404296414520559e+02,8.203842396613481469e+00,2.102122586953415251e+00,5.918703701485999780e+00
0.000000000000000000e+00,8.746206447411271512e+00,1.066347039540793958e+03,7.610351270738822222e+02,8.053793552588729199e+00,2.267406691272120245e+00,5.918185660907366419e+00
0.000000000000000000e+00,8.896255291436022006e+00,1.070927959673601208e+03,7.606302557489227638e+02,7.903744708563977817e+00,2.432690795590823907e+00,5.917667751659832831e+00
0.000000000000000000e+00,9.046304135460776052e+00,1.078921227081435973e+03,7.602258149786757713e+02,7.815350380168494482e+00,2.597822371841475242e+00,5.917149973760057691e+00
0.000000000000000000e+00,9.196352979485508783e+00,1.094806895977721069e+03,7.598218040767053481e+02,7.865450993161835491e+00,2.762610438846015093e+00,5.916632327224708554e+00
0.000000000000000000e+00,9.346401823510261053e+00,1.110875306316464730e+03,7.594182223580335176e+02,7.915467274503420470e+00,2.927398923051758306e+00,5.916114812070435214e+00
0.000000000000000000e+00,9.496450667535013324e+00,1.127143121045931366e+03,7.590150691391376085e+02,7.965483555845004560e+00,3.092187407257501075e+00,5.915597428313887463e+00
0.000000000000000000e+00,9.623287740980771332e+00,1.142391579680439918e+03,7.586746152879858300e+02,8.030949027438657239e+00,3.231427172606399889e+00,5.915080175971713317e+00
0.000000000000000000e+00,9.698274177792249873e+00,1.155042248654696323e+03,7.584734816536310973e+02,8.131032237056331269e+00,3.313596270645809749e+00,5.914563055060559016e+00
0.000000000000000000e+00,9.773298599804626008e+00,1.167790394668202225e+03,7.582723528146334502e+02,8.231064799739501225e+00,3.395807116026714922e+00,5.914046065597059254e+00
0.000000000000000000e+00,9.848323021817002143e+00,1.180633996374871685e+03,7.580713306163729612e+02,8.331097362422669406e+00,3.478017961407619207e+00,5.913529207597845172e+00
0.000000000000000000e+00,9.938869899373933947e+00,1.193012970241211860e+03,7.578288591157294150e+02,8.400000000000000355e+00,3.577154874801696138e+00,5.913012481079553240e+00
0.000000000000000000e+00,1.006395310973624113e+01,1.204240823648211062e+03,7.574941592380737347e+02,8.400000000000000355e+00,3.713950912491265299e+00,5.912495886058802164e+00
0.000000000000000000e+00,1.018899381309020136e+01,1.215564026967223299e+03,7.571598684961502386e+02,8.400000000000000355e+00,3.850700633668774131e+00,5.911979422552219532e+00
0.000000000000000000e+00,1.031403451644416158e+01,1.226982131307168174e+03,7.568258726766466680e+02,8.400000000000000355e+00,3.987450354846283407e+00,5.911463090576418722e+00
0.000000000000000000e+00,1.043907521979812181e+01,1.238102419280761069e+03,7.564921713894491404e+02,8.400000000000000355e+00,4.124096643731403944e+00,5.910946890148011335e+00
0.000000000000000000e+00,1.056411592315208203e+01,1.248436669471609548e+03,7.561587642451323745e+02,8.400000000000000355e+00,4.260514540769301028e+00,5.910430821283608083e+00
0.000000000000000000e+00,1.068915662650602627e+01,1.258847395903110510e+03,7.558256508549568480e+02,8.400000000000000355e+00,4.396932637998602011e+00,5.909914883999814350e+00
0.000000000000000000e+00,1.081419732985998650e+01,1.269334355418064433e+03,7.554928308308673195e+02,8.400000000000000355e+00,4.533350735227920758e+00,5.909399078313229303e+00
0.000000000000000000e+00,1.091571806595122673e+01,1.278823777688961400e+03,7.552228292596513484e+02,8.486030397194898711e+00,4.644079960370185667e+00,5.908883404240445003e+00
0.000000000000000000e+00,1.096571149462716477e+01,1.286005252748401745e+03,7.550899391194276404e+02,8.761413220449396633e+00,4.698530389117364869e+00,5.908367861798058840e+00
0.000000000000000000e+00,1.101572777596873998e+01,1.293220072518639427e+03,7.549570350175545173e+02,9.036502767828073601e+00,4.753005747836136052e+00,5.907852451002657546e+00
0.000000000000000000e+00,1.106574405731032407e+01,1.300466881651944504e+03,7.548241776926041666e+02,9.311592315206786097e+00,4.807481106554914341e+00,5.907337171870821635e+00
0.000000000000000000e+00,1.111576033865190993e+01,1.307123088365240847e+03,7.546913671198853990e+02,9.539444539455342209e+00,4.861940075676922213e+00,5.906822024419128958e+00
0.000000000000000000e+00,1.116577661999349402e+01,1.312446164491818081e+03,7.545586032747245326e+02,9.664441549983731505e+00,4.916363319889923922e+00,5.906307008664160030e+00
0.000000000000000000e+00,1.121579290133507278e+01,1.317789199538006187e+03,7.544258861324657346e+02,9.789482253337675743e+00,4.970786588360422087e+00,5.905792124622479378e+00
0.000000000000000000e+00,1.126580918267665687e+01,1.323151476896295890e+03,7.542932156684692018e+02,9.914522956691635969e+00,5.025209856830927357e+00,5.905277372310656858e+00
0.000000000000000000e+00,1.131582546401823919e+01,1.327476471407295094e+03,7.541605918581138894e+02,1.001584274161886334e+01,5.079616750741590359e+00,5.904762751745250782e+00
0.000000000000000000e+00,1.136584174535982328e+01,1.329520449701849657e+03,7.540280146767951237e+02,1.006584174535982257e+01,5.133988180673822121e+00,5.904248262942823899e+00
0.000000000000000000e+00,1.141585802670140204e+01,1.331562406836069613e+03,7.538954840999260796e+02,1.011585802670140133e+01,5.188359631479282363e+00,5.903733905919925640e+00
0.000000000000000000e+00,1.146587430804298613e+01,1.333601566489632887e+03,7.537630001029370987e+02,1.016587430804298542e+01,5.242731082284748823e+00,5.903219680693107208e+00
0.000000000000000000e+00,1.150000000000000000e+01,1.333918913737455341e+03,7.536726340957347929e+02,1.012864739533846681e+01,5.279828270073892327e+00,5.902705587278912702e+00
0.000000000000000000e+00,1.150000000000000000e+01,1.330534045713382284e+03,7.536726340957347929e+02,9.903419081732309337e+00,5.279828270073892327e+00,5.902191625693884447e+00
0.000000000000000000e+00,1.150000000000000000e+01,1.327151507838437965e+03,7.536726340957347929e+02,9.678345815695211130e+00,5.279828270073892327e+00,5.901677795954557659e+00
0.000000000000000000e+00,1.150000000000000000e+01,1.323768969963493646e+03,7.536726340957347929e+02,9.453272549658082724e+00,5.279828270073892327e+00,5.901164098077464004e+00
7.963340631177265316e-02,1.147610997810646793e+01,1.314434661932230028e+03,7.537358934405826858e+02,9.284025809392751682e+00,4.267706741225553380e+00,5.900650532079130706e+00
3.298599804624164356e-01,1.140104200586127448e+01,1.292476082563621276e+03,7.539347379755225802e+02,9.234028003907518212e+00,1.087386891584875226e+00,5.900137097976086764e+00
5.799413871703047452e-01,1.132601758384890722e+01,1.270707866176921925e+03,7.541335720228778428e+02,9.184011722565939451e+00,-2.091087914613539045e+00,5.899623795784848745e+00
8.300227938782254178e-01,1.125099316183653286e+01,1.249119490527958078e+03,7.543325109742930863e+02,9.133995441224355361e+00,-5.269562720812364987e+00,5.899110625521928775e+00
9.200160783506633466e-01,1.115996293457402544e+01,1.226305144519818441e+03,7.545740328062821618e+02,9.075975956560364821e+00,-7.036630037224356649e+00,5.898597587203842529e+00
6.698143927059331260e-01,1.103490719635296458e+01,1.200783673502658075e+03,7.549060835490565751e+02,9.000944317811779172e+00,-5.806321607718470723e+00,5.898084680847093253e+00
4.197329859980447053e-01,1.090986649299902034e+01,1.175590885923302494e+03,7.552383866963422179e+02,8.925919895799413695e+00,-4.576604621829388542e+00,5.897571906468186853e+00
1.696515792901240050e-01,1.078482578964506011e+01,1.150722398084880751e+03,7.555709825264233359e+02,8.850895473787037560e+00,-3.346887635940148709e+00,5.897059264083620356e+00
0.000000000000000000e+00,1.065174742933425378e+01,1.129686191890887812e+03,7.559252796712877398e+02,8.783910128940824791e+00,-3.022265330509620096e+00,5.896546753709887234e+00
0.000000000000000000e+00,1.050169325952456845e+01,1.116265126939769516e+03,7.563251705995138536e+02,8.733897753174856504e+00,-4.609315130672365868e+00,5.896034375363476521e+00
0.000000000000000000e+00,1.035164441549983749e+01,1.102984405817080642e+03,7.567254706323029723e+02,8.683881471833277743e+00,-6.195745540132760354e+00,5.895522129060879024e+00
0.000000000000000000e+00,1.020159557147508345e+01,1.089844241268846190e+03,7.571261946228753459e+02,8.633865190491695429e+00,-7.782175949593359121e+00,5.895010014818570454e+00
3.227127024580083159e-01,1.005154672745033118e+01,1.077735950706860649e+03,7.575273432451085682e+02,8.559638832582765033e+00,-9.079754417771953356e+00,5.894498032653026520e+00
1.323347443829471670e+00,9.901497883425578905e+00,1.067602324467262861e+03,7.579289171743090492e+02,8.434581569521316879e+00,-9.771331672966161008e+00,5.893986182580724709e+00
2.323673070661024465e+00,9.751449039400846175e+00,1.057550450806185609e+03,7.583309170872150844e+02,8.309540866167372641e+00,-1.046299287634288611e+01,5.893474464618133624e+00
3.323998697492707599e+00,9.601400195376093905e+00,1.047580160201735453e+03,7.587333436620033353e+02,8.184500162813412416e+00,-1.115465407971969292e+01,5.892962878781718317e+00
6.674143790208560745e+00,9.483777861133592779e+00,1.039085915088812271e+03,7.590491020512113209e+02,8.018938661086195907e+00,-1.072862298586696106e+01,5.892451425087931405e+00
1.492836209703760630e+01,9.433767502442195862e+00,1.033544098632088435e+03,7.591834350269141396e+02,7.768837512210982510e+00,-7.970276605171351392e+00,5.891940103553238828e+00
2.318104851839792246e+01,9.383751221100618878e+00,1.028025983269972812e+03,7.593178314737530172e+02,7.518756105503094034e+00,-5.212583325913551668e+00,5.891428914194083433e+00
3.143373493975930799e+01,9.333734939759034788e+00,1.022531850191900048e+03,7.594522755127868550e+02,7.268674698795173583e+00,-2.454890046655395341e+00,5.890917857026922277e+00
4.489437276289729795e+01,9.316272639018016832e+00,1.016906750345319892e+03,7.594992254890488539e+02,7.051149448328951408e+00,-2.943226161818268127e-01,5.890406932068187551e+00
6.915434711820488189e+01,9.366297622924133037e+00,1.010933643091286058e+03,7.593647414340997557e+02,6.901107131227599112e+00,6.286740777892638743e-01,5.889896139334326541e+00
9.341224356887005342e+01,9.416313904265711798e+00,1.004907557970681978e+03,7.592303283824386426e+02,6.751058287202865493e+00,1.551750825252651511e+00,5.889385478841767885e+00
1.176701400195383656e+02,9.466330185607297665e+00,9.988281998162933633e+02,7.590959629065210947e+02,6.601009443178113223e+00,2.474827572716158386e+00,5.888874950606946435e+00
1.395581593091006880e+02,9.532688911573925949e+00,9.950440595573926430e+02,7.589177679117281059e+02,6.565361733852532744e+00,2.992908628767254164e+00,5.888364554646285498e+00
1.565633344187577052e+02,9.632725496580928137e+00,9.960560843758978535e+02,7.586492948556888223e+02,6.765450993161855386e+00,2.676640504691198075e+00,5.887854290976211047e+00
1.735688700748941358e+02,9.732758059264083883e+00,9.970312368992359779e+02,7.583810224672872664e+02,6.965516118528165990e+00,2.360410527574700268e+00,5.887344159613135730e+00
1.905744057310327548e+02,9.832790621947252063e+00,9.979691667241647792e+02,7.581129397439493687e+02,7.165581243894502350e+00,2.044180550458161605e+00,5.886834160573472197e+00
1.995388377572644742e+02,9.916412873658645211e+00,9.966764693486936721e+02,7.578889813076868904e+02,7.447691024578135810e+00,9.548371231874301923e-01,5.886324293873633984e+00
1.920358189514809055e+02,9.966427873656796166e+00,9.908448683196936599e+02,7.577550935726276293e+02,7.897850862911144354e+00,-1.718203683064110310e+00,5.885814559530024859e+00
1.845333767502442583e+02,1.001644415499837137e+01,9.849622113833307822e+02,7.576212497054236792e+02,8.347997394985345210e+00,-4.391082529292077652e+00,5.885304957559045036e+00
1.770309345490066448e+02,1.006646043633995546e+01,9.790278079201361834e+02,7.574874531121138261e+02,8.798143927059603797e+00,-7.063961375520389829e+00,5.884795487977086736e+00
1.738122035268742707e+02,1.009176271124148272e+01,9.715404523937909289e+02,7.574197859872432446e+02,9.207100908650856397e+00,-8.554602248578701662e+00,5.884286150800546622e+00
1.793142298925436648e+02,1.006675350048843853e+01,9.610011841281154830e+02,7.574866692869597955e+02,9.532204493650304755e+00,-7.638553102807392747e+00,5.883776946045814249e+00
1.848160208401171758e+02,1.004174535981764826e+01,9.504941562180808887e+02,7.575535615375010821e+02,9.857310322370562261e+00,-6.722543152512673537e+00,5.883267873729269404e+00
1.903178117876914257e+02,1.001673721914685622e+01,9.400191751465017660e+02,7.576204656033480660e+02,1.018241615109085885e+01,-5.806533202217836198e+00,5.882758933867290096e+00
1.935037725442025192e+02,1.000827045759662326e+01,9.314137366977682859e+02,7.576431193363221155e+02,1.040827131917591331e+01,-4.882757370130518026e+00,5.882250126476254337e+00
1.920032562683163633e+02,1.003327906219472432e+01,9.265248748032281583e+02,7.575762100283955078e+02,1.043327906219472645e+01,-3.943265440973391822e+00,5.881741451572529478e+00
1.905027678280690395e+02,1.005828720286551459e+01,9.216167385942945884e+02,7.575093137782313306e+02,1.045828720286551672e+01,-3.003773732378419492e+00,5.881232909172488199e+00
1.890022793878215168e+02,1.008329534353630663e+01,9.166893164574275943e+02,7.574424293413031819e+02,1.048329534353630876e+01,-2.064282023783325926e+00,5.880724499292488083e+00
1.814403197562216690e+02,1.008339324465275233e+01,9.152386629909940439e+02,7.574421675273986239e+02,1.041696622326376875e+01,-1.023934247142570308e+00,5.880216221948885824e+00
1.616838163464652212e+02,1.003337675024421394e+01,9.207826540246015838e+02,7.575759486919315577e+02,1.016688375122107857e+01,2.193151643689892905e-01,5.879708077158036339e+00
1.419273852165420635e+02,9.983360468902638729e+00,9.262782795441955841e+02,7.577097765521477868e+02,9.916802344513190093e+00,1.462563838847504183e+00,5.879200064936292769e+00
1.221709540866163195e+02,9.933344187561054639e+00,9.317257928718515814e+02,7.578436517028319486e+02,9.666720937805269642e+00,2.705812513326178781e+00,5.878692185299996709e+00
1.025812438944958558e+02,9.874991859329204758e+00,9.368060618254914971e+02,7.579998991819752518e+02,9.566688375122121002e+00,3.507241347851603130e+00,5.878184438265487088e+00
8.332497557798596688e+01,9.799967437316828622e+00,9.411846794849710705e+02,7.582008834932180434e+02,9.766753500488457362e+00,3.425030502470698845e+00,5.877676823849105503e+00
6.406870726147607797e+01,9.724943015304452487e+00,9.454931890084982342e+02,7.584019744150474480e+02,9.966818625854795499e+00,3.342819657089793672e+00,5.877169342067179336e+00
4.481243894496867597e+01,9.649918593292085234e+00,9.497321122784958334e+02,7.586031720323118179e+02,1.016688375122110521e+01,3.260608811708899157e+00,5.876661992936041301e+00
2.957310322370525313e+01,9.599999999999999645e+00,9.527137738898360340e+02,7.587371009561483106e+02,1.032510582872028948e+01,3.205908626826555974e+00,5.876154776472010788e+00
2.232074242917556006e+01,9.599999999999999645e+00,9.533100344706730311e+02,7.587371009561483106e+02,1.040013025073266739e+01,3.205908626826555974e+00,5.875647692691411628e+00
1.506838163464585811e+01,9.599999999999999645e+00,9.539062950515099146e+02,7.587371009561483106e+02,1.047515467274504175e+01,3.205908626826555974e+00,5.875140741610553441e+00
7.816020840117095858e+00,9.599999999999999645e+00,9.545025556323467981e+02,7.587371009561483106e+02,1.055017909475741078e+01,3.205908626826555974e+00,5.874633923245755618e+00
2.747964832302144167e+00,9.599999999999999645e+00,9.546982036354337424e+02,7.587371009561483106e+02,1.058319765548680813e+01,3.205908626826555974e+00,5.874127237613316233e+00
1.997720612178381927e+00,9.599999999999999645e+00,9.541019430545969726e+02,7.587371009561483106e+02,1.053318137414522404e+01,3.205908626826555974e+00,5.873620684729544017e+00
1.247476392054619909e+00,9.599999999999999645e+00,9.535056824737600891e+02,7.587371009561483106e+02,1.048316509280364173e+01,3.205908626826555974e+00,5.873114264610732604e+00
4.972321719309548138e-01,9.599999999999999645e+00,9.529094218929233193e+02,7.587371009561483106e+02,1.043314881146206474e+01,3.205908626826555974e+00,5.872607977273179181e+00
0.000000000000000000e+00,9.557831325301199499e+00,9.552417651774916294e+02,7.588502741138997862e+02,1.039156626506024139e+01,3.159609161951544287e+00,5.872101822733170273e+00
0.000000000000000000e+00,9.432790621947239273e+00,9.631895312352971814e+02,7.591860595019861648e+02,1.036655812438944757e+01,3.022319629040329136e+00,5.871595801006995963e+00
0.000000000000000000e+00,9.307749918593279048e+00,9.709298955568882548e+02,7.595221421865080629e+02,1.034154998371865730e+01,2.885030096129113542e+00,5.871089912110934783e+00
0.000000000000000000e+00,9.182709215239334810e+00,9.784654250421577899e+02,7.598585225624690338e+02,1.031654184304786703e+01,2.747740563217915710e+00,5.870584156061259939e+00
0.000000000000000000e+00,9.074601107131224254e+00,9.850706972007076274e+02,7.601495916860740181e+02,1.033386519049170182e+01,2.628986640765438310e+00,5.870078532874247301e+00
0.000000000000000000e+00,8.999576685118848118e+00,9.901340174180533040e+02,7.603517177513663228e+02,1.043389775317487000e+01,2.546448449516950152e+00,5.869573042566165633e+00
0.000000000000000000e+00,8.924552263106471983e+00,9.951183452052185885e+02,7.605539513371069233e+02,1.053393031585803641e+01,2.463910258268461995e+00,5.869067685153281033e+00
0.000000000000000000e+00,8.849527841094106506e+00,1.000024268977677707e+03,7.607562925291121019e+02,1.063396287854119215e+01,2.381372067019984495e+00,5.868562460651848056e+00
8.498860306090336159e-02,8.816997720612180345e+00,1.004562422514827858e+03,7.608440598708700691e+02,1.057251709540864404e+01,2.345588705906708427e+00,5.868057369078126584e+00
3.350700097688240620e-01,8.867014001953764435e+00,1.008521045274610628e+03,7.607091226555028243e+02,1.019739498534676336e+01,2.400627945860668966e+00,5.867552410448364064e+00
5.851514164767447346e-01,8.917030283295350301e+00,1.012493566207488811e+03,7.605742332944186046e+02,9.822272875284882687e+00,2.455667185814629505e+00,5.867047584778809721e+00
8.352328231846330997e-01,8.967046564636927286e+00,1.016480027884237415e+03,7.604393917621652008e+02,9.447150765223049973e+00,2.510706425768582939e+00,5.866542892085708338e+00
9.146857701074461167e-01,9.017062845978509600e+00,1.019795850826163132e+03,7.603045980333082525e+02,9.259719960924787330e+00,2.565726879659933957e+00,5.866038332385291376e+00
6.646043633995255551e-01,9.067079127320095466e+00,1.021794420203878985e+03,7.601698520824320440e+02,9.434776945620331645e+00,2.620711052071584835e+00,5.865533905693797401e+00
4.145229566916047714e-01,9.117095408661679556e+00,1.023793485179856816e+03,7.600351538841382535e+02,9.609833930315875961e+00,2.675695224483236601e+00,5.865029612027456984e+00
1.644415499837164063e-01,9.167111690003256541e+00,1.025793028462542452e+03,7.599005034130470904e+02,9.784890915011397183e+00,2.730679396894881261e+00,5.864525451402496259e+00
0.000000000000000000e+00,9.191436014327578619e+00,1.026715963152578752e+03,7.598350363439544708e+02,9.942819928362101933e+00,2.757422097303837472e+00,5.864021423835130697e+00
0.000000000000000000e+00,9.166427873656786574e+00,1.025571312065089842e+03,7.599023440157701543e+02,1.006786063171606216e+01,2.729936876186713324e+00,5.863517529341582879e+00
0.000000000000000000e+00,9.141419732985994528e+00,1.024427262445539100e+03,7.599696636131324112e+02,1.019290133507002238e+01,2.702451655069589176e+00,5.863013767938065612e+00
0.000000000000000000e+00,9.116411592315207812e+00,1.023283815391907865e+03,7.600369951392107168e+02,1.031794203842396662e+01,2.674966433952469025e+00,5.862510139640785489e+00
0.000000000000000000e+00,9.117193096711170952e+00,1.024212479759457437e+03,7.600348908484276080e+02,1.033982416151090433e+01,2.675820639927792843e+00,5.862006644465943772e+00
0.000000000000000000e+00,9.167209378052755042e+00,1.029109414240853766e+03,7.599002404705288427e+02,1.016476717681535646e+01,2.730777388534149530e+00,5.861503282429744388e+00
0.000000000000000000e+00,9.217225659394340909e+00,1.034026309813887792e+03,7.597656377944207406e+02,9.989710192119813925e+00,2.785734137140506217e+00,5.861000053548380606e+00
0.000000000000000000e+00,9.267241940735917893e+00,1.038963235573219208e+03,7.596310827947598909e+02,9.814653207424290926e+00,2.840690885746855798e+00,5.860496957838045695e+00
0.000000000000000000e+00,9.308629111038751347e+00,1.046846623701329463e+03,7.595197780663829690e+02,9.699999999999999289e+00,2.886159089098941699e+00,5.859993995314926707e+00
0.000000000000000000e+00,9.333637251709543392e+00,1.060319336997657274e+03,7.594525381453845512e+02,9.699999999999999289e+00,2.913616959383489302e+00,5.859491165995200035e+00
0.000000000000000000e+00,9.358645392380335437e+00,1.073833996593440133e+03,7.593853101287681966e+02,9.699999999999999289e+00,2.941074829668036461e+00,5.858988469895051843e+00
0.000000000000000000e+00,9.383653533051123929e+00,1.087390692945401497e+03,7.593180940133725016e+02,9.699999999999999289e+00,2.968532699952580067e+00,5.858485907030654971e+00
0.000000000000000000e+00,9.425985021165747213e+00,1.100534310659375706e+03,7.592043438485468414e+02,9.751970042331493005e+00,3.014982609922086887e+00,5.857983477418176932e+00
0.000000000000000000e+00,9.501009443178123348e+00,1.112895123056264083e+03,7.590028272603034338e+02,9.902018886356247052e+00,3.097274639898540016e+00,5.857481181073781684e+00
0.000000000000000000e+00,9.576033865190497707e+00,1.125349181159244381e+03,7.588014176212883513e+02,1.005206773038099932e+01,3.179566669874993146e+00,5.856979018013635852e+00
0.000000000000000000e+00,9.651058287202866737e+00,1.137897034093735101e+03,7.586001148463836898e+02,1.020211657440573028e+01,3.261858699851435617e+00,5.856476988253890958e+00
0.000000000000000000e+00,9.691305763594918687e+00,1.143902544814315888e+03,7.584921683067831282e+02,1.027391729078475890e+01,3.306009659562257674e+00,5.855975091810702970e+00
0.000000000000000000e+00,9.666297622924126642e+00,1.137497855237939120e+03,7.585592382705798400e+02,1.019889286877238099e+01,3.278592543606115850e+00,5.855473328700218083e+00
0.000000000000000000e+00,9.641289482253334597e+00,1.131111005058448200e+03,7.586263200968005549e+02,1.012386844676000486e+01,3.251175427649974026e+00,5.854971698938584268e+00
0.000000000000000000e+00,9.616281341582546105e+00,1.124741957581116367e+03,7.586934137885926930e+02,1.004884402474763938e+01,3.223758311693835310e+00,5.854470202541934398e+00
0.000000000000000000e+00,9.573819602735262890e+00,1.121030507741287465e+03,7.588073604721324728e+02,9.869098013676314451e+00,3.177177915636837824e+00,5.853968839526411116e+00
0.000000000000000000e+00,9.498795180722886755e+00,1.122220341171278733e+03,7.590087732664160285e+02,9.493975903614433776e+00,3.094845131331978916e+00,5.853467609908141078e+00
0.000000000000000000e+00,9.423770758710510620e+00,1.123366639948552120e+03,7.592102930124410705e+02,9.118853793552553100e+00,3.012512347027120008e+00,5.852966513703254492e+00
0.000000000000000000e+00,9.348746336698143367e+00,1.124469763207493997e+03,7.594119197954186120e+02,8.743731683490720386e+00,2.930179562722271758e+00,5.852465550927870019e+00
0.000000000000000000e+00,9.291240638228590143e+00,1.125729522613109566e+03,7.595665378419023455e+02,8.675187235428213128e+00,2.867062505088512570e+00,5.851964721598110764e+00
0.000000000000000000e+00,9.266232497557798098e+00,1.127339369283827864e+03,7.596337979517735448e+02,9.175350048844055806e+00,2.839590977599280031e+00,5.851464025730084728e+00
0.000000000000000000e+00,9.241224356887006053e+00,1.128940263333886605e+03,7.597010699745524107e+02,9.675512862259896707e+00,2.812119450110047936e+00,5.850963463339907911e+00
0.000000000000000000e+00,9.216216216216217560e+00,1.130532227248715799e+03,7.597683539134038710e+02,1.017567567567567366e+01,2.784647922620818949e+00,5.850463034443683874e+00
0.000000000000000000e+00,9.252751546727454368e+00,1.135678587054504078e+03,7.596700602963263691e+02,1.064067079127321236e+01,2.824710341455661577e+00,5.849962739057510852e+00
0.000000000000000000e+00,9.402800390752206638e+00,1.147467016290474476e+03,7.592666397171284416e+02,1.104080104200588330e+01,2.989335372399344770e+00,5.849462577197485302e+00
0.000000000000000000e+00,9.552849234776960685e+00,1.159363598095258794e+03,7.588636473811667429e+02,1.144093129273855958e+01,3.153960403343027963e+00,5.848962548879705459e+00
0.000000000000000000e+00,9.702898078801691639e+00,1.171369186544094873e+03,7.584610826069135783e+02,1.184106154347117901e+01,3.318585434286689839e+00,5.848462654120257120e+00
0.000000000000000000e+00,9.879420384239667285e+00,1.183650755529361504e+03,7.579880388551190435e+02,1.226766525561707510e+01,3.511935473783538431e+00,5.847962892935220758e+00
0.000000000000000000e+00,1.010449365027679569e+01,1.196326780284130109e+03,7.573857435787982695e+02,1.274281992836212396e+01,3.757965695018106622e+00,5.847463265340680394e+00
0.000000000000000000e+00,1.032956691631392410e+01,1.209082450852125703e+03,7.567844047069651197e+02,1.321797460110717282e+01,4.003995916252675258e+00,5.846963771352707617e+00
0.000000000000000000e+00,1.055464018235102408e+01,1.221917309615321528e+03,7.561840199633674047e+02,1.369312927385216305e+01,4.250026137487210143e+00,5.846464410987377569e+00
1.771409964181171748e-01,1.074428524910452687e+01,1.230450537641827395e+03,7.556788792247363062e+02,1.410628459785086974e+01,4.457165667440824208e+00,5.845965184260754732e+00
6.773038098339585478e-01,1.086932595245848709e+01,1.230963202222254267e+03,7.553461884183939219e+02,1.440638228590037606e+01,4.593386877999762419e+00,5.845466091188900037e+00
1.177466623249799671e+00,1.099436665581244732e+01,1.231388844351576381e+03,7.550137904201959600e+02,1.470647997394987883e+01,4.729608088558700629e+00,5.844967131787873527e+00
1.677629436665641016e+00,1.111940735916640755e+01,1.231726155929239440e+03,7.546816848437531462e+02,1.500657766199938514e+01,4.865829299117638840e+00,5.844468306073730801e+00
2.711169000325672762e+00,1.121777922500814384e+01,1.232636714299553205e+03,7.544206164285587874e+02,1.521777922500814384e+01,4.972964675598594120e+00,5.843969614062519469e+00
4.711820253989038143e+00,1.126779550634972438e+01,1.234719148882431455e+03,7.542879478178130057e+02,1.526779550634972438e+01,5.027362001278864234e+00,5.843471055770281808e+00
6.712471507652403524e+00,1.131781178769131024e+01,1.236800222580117634e+03,7.541553258597309650e+02,1.531781178769131024e+01,5.081759326959134349e+00,5.842972631213065426e+00
8.713122761315769793e+00,1.136782806903289433e+01,1.238879907117657467e+03,7.540227505297086736e+02,1.536782806903289433e+01,5.136156652639403575e+00,5.842474340406901057e+00
1.115988277434067477e+01,1.140000000000000036e+01,1.240576530024500926e+03,7.539374988415074768e+02,1.534646694887658391e+01,5.171146599105611585e+00,5.841976183367824760e+00
1.441094106154364241e+01,1.140000000000000036e+01,1.241584618367998019e+03,7.539374988415074768e+02,1.519641810485183164e+01,5.171146599105611585e+00,5.841478160111861939e+00
1.766199934874661182e+01,1.140000000000000036e+01,1.242592706711495111e+03,7.539374988415074768e+02,1.504636926082707937e+01,5.171146599105611585e+00,5.840980270655038886e+00
2.091305763594957767e+01,1.140000000000000036e+01,1.243600795054992659e+03,7.539374988415074768e+02,1.489632041680232710e+01,5.171146599105611585e+00,5.840482515013371234e+00
2.353728427222405983e+01,1.140000000000000036e+01,1.246895021243442898e+03,7.539374988415074768e+02,1.471940735916639120e+01,5.171146599105611585e+00,5.839984893202879945e+00
2.503777271247158609e+01,1.140000000000000036e+01,1.254287669095755746e+03,7.539374988415074768e+02,1.449433409312926280e+01,5.171146599105611585e+00,5.839487405239570883e+00
2.653826115271910879e+01,1.140000000000000036e+01,1.261680316948068594e+03,7.539374988415074768e+02,1.426926082709213439e+01,5.171146599105611585e+00,5.838990051139453463e+00
2.803874959296663150e+01,1.140000000000000036e+01,1.269072964800382124e+03,7.539374988415074768e+02,1.404418756105500599e+01,5.171146599105611585e+00,5.838492830918526444e+00
2.917974601107132315e+01,1.140898730055356403e+01,1.272510538879348587e+03,7.539136870372661861e+02,1.379215239335720788e+01,5.180914147522169166e+00,5.837995744592793024e+00
2.967990882448716405e+01,1.143399544122435785e+01,1.268887004361028403e+03,7.538474360187931325e+02,1.349205470530770334e+01,5.208093412681283674e+00,5.837498792178240414e+00
3.018007163790300496e+01,1.145900358189515167e+01,1.265247610234636568e+03,7.537811966430638222e+02,1.319195701725819703e+01,5.235272677840399069e+00,5.837001973690862933e+00
3.068023445131884586e+01,1.148401172256594371e+01,1.261592319125376889e+03,7.537149689070085969e+02,1.289185932920869249e+01,5.262451942999514465e+00,5.836505289146645126e+00
3.045880820579613513e+01,1.146392054705307828e+01,1.260392028253204444e+03,7.537681743851450165e+02,1.270901986323672972e+01,5.240588508043365401e+00,5.836008738561562659e+00
2.895831976554860887e+01,1.136388798436990832e+01,1.263496473517730465e+03,7.540331925980938195e+02,1.273402800390752176e+01,5.131793788767392783e+00,5.835512321951597414e+00
2.745783132530108617e+01,1.126385542168673837e+01,1.266498791577053225e+03,7.542983972326990170e+02,1.275903614457831559e+01,5.022999069491420165e+00,5.835016039332721505e+00
2.595734288505355991e+01,1.116382285900357019e+01,1.269400049550516769e+03,7.545637884857314930e+02,1.278404428524910585e+01,4.914204350215447548e+00,5.834519890720899049e+00
2.481895148160207398e+01,1.109094757408010601e+01,1.271986934750015735e+03,7.547572477728192553e+02,1.280000000000000071e+01,4.834933943425351544e+00,5.834023876132095054e+00
2.431878866818622953e+01,1.106593943340931219e+01,1.274156689814679339e+03,7.548236588103642362e+02,1.280000000000000071e+01,4.807702792455645913e+00,5.833527995582270087e+00
2.381862585477038863e+01,1.104093129273851837e+01,1.276315368080406188e+03,7.548900815359428407e+02,1.280000000000000071e+01,4.780471641485940282e+00,5.833032249087374943e+00
2.331846304135454773e+01,1.101592315206772632e+01,1.278462996577982722e+03,7.549565159526407570e+02,1.280000000000000071e+01,4.753240490516234651e+00,5.832536636663366636e+00
2.209150113969388229e+01,1.100908498860306040e+01,1.279762072531201284e+03,7.549746836493203546e+02,1.283633995441224585e+01,4.745794472672960396e+00,5.832041158326185304e+00
1.959068707261467424e+01,1.103409312927385066e+01,1.279586641017060174e+03,7.549082460352947237e+02,1.293637251709541403e+01,4.773025623642665138e+00,5.831545814091774638e+00
1.708987300553546262e+01,1.105910126994464626e+01,1.279406689474142922e+03,7.548418201132320746e+02,1.303640507977857865e+01,4.800256774612370769e+00,5.831050603976071223e+00
1.458905893845625812e+01,1.108410941061543653e+01,1.279222205123939375e+03,7.547754058800469465e+02,1.313643764246174861e+01,4.827487925582077288e+00,5.830555527995011644e+00
1.217942038423963780e+01,1.109088244871377604e+01,1.277971124066277753e+03,7.547574207030530715e+02,1.321823510257245360e+01,4.834863028969701659e+00,5.830060586164525382e+00
9.928687723868351966e+00,1.106587430804298222e+01,1.274871920164608127e+03,7.548238317710315641e+02,1.326825138391403591e+01,4.807631877999996028e+00,5.829565778500530371e+00
7.677955063497065247e+00,1.104086616737218840e+01,1.271779049112458779e+03,7.548902545270517521e+02,1.331826766525562000e+01,4.780400727030289509e+00,5.829071105018949872e+00
5.427222403125779415e+00,1.101585802670139635e+01,1.268692499991013847e+03,7.549566889741994373e+02,1.336828394659720587e+01,4.753169576060583879e+00,5.828576565735705373e+00
3.633995441224348255e+00,1.099084988603060964e+01,1.266210597707210809e+03,7.550231351155613311e+02,1.341830022793878463e+01,4.725933647805723226e+00,5.828082160666704148e+00
2.633669814392666009e+00,1.096584174535981937e+01,1.264768272713499755e+03,7.550895929542255089e+02,1.346831650928036872e+01,4.698689440056651456e+00,5.827587889827849921e+00
1.633344187560983096e+00,1.094083360468902377e+01,1.263326833975543423e+03,7.551560624932812971e+02,1.351833279062194926e+01,4.671445232307578799e+00,5.827093753235051743e+00
6.330185607293002947e-01,1.091582546401823350e+01,1.261886282429906032e+03,7.552225437358184763e+02,1.356834907196353512e+01,4.644201024558507029e+00,5.826599750904203567e+00
0.000000000000000000e+00,1.091836535330511460e+01,1.260120263317003719e+03,7.552157912005769731e+02,1.349899055682188020e+01,4.646963220121850924e+00,5.826105882851204676e+00
0.000000000000000000e+00,1.096838163464669869e+01,1.257770878384993694e+03,7.550828427962219394e+02,1.322390100944316593e+01,4.701438578840629212e+00,5.825612149091940140e+00
0.000000000000000000e+00,1.101839791598827922e+01,1.255390350355351302e+03,7.549499411921784713e+02,1.294881146206445521e+01,4.755913937559407501e+00,5.825118549642300358e+00
0.000000000000000000e+00,1.106841419732986509e+01,1.252978520080410590e+03,7.548170863637390084e+02,1.267372191468574272e+01,4.810389296278185789e+00,5.824625084518162410e+00
0.000000000000000000e+00,1.109078476066428109e+01,1.248735329929567342e+03,7.547576800985523278e+02,1.246313904265711692e+01,4.834756657286226833e+00,5.824131753735406924e+00
0.000000000000000000e+00,1.106577661999348550e+01,1.241411526271085222e+03,7.548240912121813153e+02,1.236310647997394696e+01,4.807525506316520314e+00,5.823638557309902097e+00
0.000000000000000000e+00,1.104076847932269345e+01,1.234108118716411582e+03,7.548905140138638217e+02,1.226307391729077700e+01,4.780294355346814683e+00,5.823145495257522342e+00
0.000000000000000000e+00,1.101576033865190141e+01,1.226825065614507366e+03,7.549569485066861034e+02,1.216304135460760882e+01,4.753063204377109052e+00,5.822652567594130524e+00
0.000000000000000000e+00,1.099075219798111469e+01,1.222464980503224751e+03,7.550233946937345308e+02,1.206300879192445308e+01,3.575052854070097652e+00,5.822159774335580629e+00
0.000000000000000000e+00,1.096574405731032265e+01,1.223054152412564690e+03,7.550898525780972932e+02,1.196297622924128845e+01,4.358554175684391518e-01,5.821667115497732858e+00
0.000000000000000000e+00,1.094073591663952882e+01,1.223637619983972854e+03,7.551563221628638303e+02,1.186294366655811494e+01,-2.703342018933219126e+00,5.821174591096440309e+00
0.000000000000000000e+00,1.091572777596873856e+01,1.224215398438501552e+03,7.552228034511238093e+02,1.176291110387494854e+01,-5.842539455434876849e+00,5.820682201147546309e+00
0.000000000000000000e+00,1.086287854119179386e+01,1.221927729079684013e+03,7.553633356250644511e+02,1.168143927059589693e+01,-7.864902117886006572e+00,5.820189945666892406e+00
0.000000000000000000e+00,1.076284597850862745e+01,1.214815223581355895e+03,7.556294769120464707e+02,1.163142298925431284e+01,-7.994523742210403405e+00,5.819697824670318376e+00
0.000000000000000000e+00,1.066281341582545750e+01,1.207736915459846614e+03,7.558958058071543746e+02,1.158140670791272697e+01,-8.124145366534799351e+00,5.819205838173662215e+00
0.000000000000000000e+00,1.056278085314228932e+01,1.200692683127460668e+03,7.561623225088304707e+02,1.153139042657114288e+01,-8.253766990859194408e+00,5.818713986192747711e+00
9.312927385216523968e-02,1.048137414522956767e+01,1.186683919390861092e+03,7.563793531018267231e+02,1.141618365353305187e+01,-8.359353889220862754e+00,5.818222268743398651e+00
3.432106805600859678e-01,1.043135786388798358e+01,1.160998535780195198e+03,7.565127584949409538e+02,1.119111038749592169e+01,-8.424434710960072792e+00,5.817730685841443261e+00
5.932920872680066404e-01,1.038134158254639772e+01,1.135469138345354168e+03,7.566462109547506998e+02,1.096603712145879328e+01,-8.489515532699282829e+00,5.817239237502691118e+00
8.433734939759273130e-01,1.033132530120481540e+01,1.110095065200447607e+03,7.567797105061690672e+02,1.074096385542166487e+01,-8.554596354438492867e+00,5.816747923742958903e+00
9.065450993161842108e-01,1.024392705958971028e+01,1.086597385290619059e+03,7.570131001792453844e+02,1.046916313904265650e+01,-8.668727494427725944e+00,5.816256744578054416e+00
6.564636926082636492e-01,1.009387821556495801e+01,1.066231153928758658e+03,7.574141289368978960e+02,1.011904916965156787e+01,-8.865064916919637383e+00,5.815765700023775686e+00
4.063822859003428656e-01,9.943829371540205742e+00,1.046150027630096474e+03,7.578155828108565402e+02,9.768935200260477458e+00,-9.061402339411548823e+00,5.815274790095926072e+00
1.563008791924221930e-01,9.793780527515453471e+00,1.026350792200568094e+03,7.582174624774557969e+02,9.418821230869390604e+00,-9.257739761903460263e+00,5.814784014810302715e+00
0.000000000000000000e+00,9.662487788993812998e+00,1.005400676150138793e+03,7.585694570015373301e+02,9.218756105503095100e+00,-8.392207706925010058e+00,5.814293374182693874e+00
0.000000000000000000e+00,9.562455226310644818e+00,9.823330064521767326e+02,7.588378627450913427e+02,9.268772386844675637e+00,-5.756893189495910335e+00,5.813802868228882481e+00
0.000000000000000000e+00,9.462422663627478414e+00,9.595233248682757221e+02,7.591064584966723032e+02,9.318788668186261503e+00,-3.121578672066810611e+00,5.813312496964656795e+00
0.000000000000000000e+00,9.362390100944308458e+00,9.369695053612230140e+02,7.593752444581150485e+02,9.368804949527845594e+00,-4.862641546377098889e-01,5.812822260405788199e+00
0.000000000000000000e+00,9.281178769130567829e+00,9.223050811510851190e+02,7.595935980946277368e+02,9.362357538261141698e+00,8.020081776331150492e-01,5.812332158568054297e+00
0.000000000000000000e+00,9.231162487788994397e+00,9.203759591025213922e+02,7.597281398139577959e+02,9.262324975577985953e+00,-1.423603436963094271e-01,5.811842191467222918e+00
0.000000000000000000e+00,9.181146206447408531e+00,9.184481577209937768e+02,7.598627292026762916e+02,9.162292412894815996e+00,-1.086728865025856194e+00,5.811352359119055677e+00
0.000000000000000000e+00,9.131129925105824441e+00,9.165216885635308017e+02,7.599973662861214052e+02,9.062259850211647816e+00,-2.031097386355402712e+00,5.810862661539315077e+00
0.000000000000000000e+00,9.099999999999999645e+00,9.160853666925090693e+02,7.600811879374699629e+02,9.037772712471518588e+00,-2.791601432021924456e+00,5.810373098743760956e+00
0.000000000000000000e+00,9.099999999999999645e+00,9.181034239204674350e+02,7.600811879374699629e+02,9.137805275154674334e+00,-3.249046100561197914e+00,5.809883670748138051e+00
0.000000000000000000e+00,9.099999999999999645e+00,9.201214811484259144e+02,7.600811879374699629e+02,9.237837837837844290e+00,-3.706490769100530880e+00,5.809394377568196433e+00
0.000000000000000000e+00,9.099999999999999645e+00,9.221395383763845075e+02,7.600811879374699629e+02,9.337870400521012471e+00,-4.163935437639863402e+00,5.808905219219677285e+00
0.000000000000000000e+00,9.081048518397908609e+00,9.217806039273108354e+02,7.601322264916082077e+02,9.390524259198956614e+00,-3.795646170639461747e+00,5.808416195718323571e+00
0.000000000000000000e+00,9.031032237056329848e+00,9.175370217246493212e+02,7.602669591027821525e+02,9.365516118528166345e+00,-2.073834267033535905e+00,5.807927307079866708e+00
0.000000000000000000e+00,8.981015955714742205e+00,9.133103033747455584e+02,7.604017394848409594e+02,9.340507977857372524e+00,-3.520223634271640867e-01,5.807438553320035446e+00
0.000000000000000000e+00,8.930999674373165220e+00,9.091003915521747558e+02,7.605365676631963652e+02,9.315499837186582255e+00,1.369789540178761866e+00,5.806949934454556761e+00
0.000000000000000000e+00,8.890491696515793407e+00,9.046223077140265332e+02,7.606457994910705338e+02,9.404591338326275363e+00,2.426488396622930921e+00,5.806461450499149635e+00
0.000000000000000000e+00,8.865483555844997809e+00,8.996944279471719028e+02,7.607132508838609510e+02,9.679680885705025162e+00,2.398961874817225226e+00,5.805973101469534825e+00
0.000000000000000000e+00,8.840475415174209317e+00,8.947802684079041455e+02,7.607807142404168417e+02,9.954770433083700354e+00,2.371435353011526637e+00,5.805484887381421544e+00
0.000000000000000000e+00,8.815467274503419048e+00,8.898798007641091772e+02,7.608481895639210961e+02,1.022985998046237910e+01,2.343908831205828047e+00,5.804996808250519891e+00
0.000000000000000000e+00,8.771377401497874260e+00,8.851463312427513301e+02,7.609671791218025874e+02,1.038091826766524939e+01,2.295347261214528256e+00,5.804508864092531084e+00
0.000000000000000000e+00,8.696352979485508783e+00,8.806794141200372223e+02,7.611697402767739504e+02,1.033090198632367240e+01,2.212684503891662935e+00,5.804021054923159006e+00
0.000000000000000000e+00,8.621328557473121990e+00,8.762323455049014456e+02,7.613724092995945512e+02,1.028088570498207943e+01,2.130021746568776297e+00,5.803533380758093330e+00
0.000000000000000000e+00,8.546304135460756513e+00,8.718050500020085565e+02,7.615751862764495854e+02,1.023086942364050245e+01,2.047358989245910976e+00,5.803045841613030831e+00
0.000000000000000000e+00,8.509573428850536914e+00,8.657205947984153909e+02,7.616745018949040968e+02,1.016170628459785163e+01,2.006894003002051452e+00,5.802558437503653188e+00
0.000000000000000000e+00,8.534581569521332511e+00,8.569162450900064414e+02,7.616068799363906692e+02,1.006167372191467102e+01,2.034462157885567279e+00,5.802071168445642968e+00
0.000000000000000000e+00,8.559589710192121004e+00,8.480793582422217014e+02,7.615392699838547514e+02,9.961641159231517051e+00,2.062030312769076890e+00,5.801584034454677408e+00
0.000000000000000000e+00,8.584597850862909496e+00,8.392098595748626622e+02,7.614716720340984466e+02,9.861608596548361305e+00,2.089598467652585168e+00,5.801097035546434633e+00
9.605991533705185437e-02,8.609605991533705094e+00,8.337361264324905505e+02,7.614040860839263587e+02,9.867241940735937078e+00,2.117161277643488049e+00,5.800610171736579446e+00
3.461413220449402472e-01,8.634614132204493586e+00,8.337476490007838947e+02,7.613365121301435465e+02,1.004229892543145652e+01,2.144715517687922013e+00,5.800123443040776650e+00
5.962227287528931718e-01,8.659622272875289184e+00,8.337565458914976944e+02,7.612689501695560921e+02,1.021735591012702571e+01,2.172269757732362638e+00,5.799636849474687494e+00
8.463041354607815370e-01,8.684630413546077676e+00,8.337628091362195164e+02,7.612014001989715553e+02,1.039241289482254693e+01,2.199823997776796602e+00,5.799150391053967013e+00
1.385542168674680052e+00,8.709638554216866169e+00,8.345240453163637540e+02,7.611338622151984055e+02,1.069277108433733936e+01,2.227372889143814927e+00,5.798664067794270238e+00
2.385867795506491973e+00,8.734646694887661766e+00,8.364953134678992228e+02,7.610663362150462490e+02,1.119293389775324599e+01,2.254913251538744667e+00,5.798177879711238880e+00
3.386193422338045433e+00,8.759654835558450259e+00,8.384705725040575999e+02,7.609988221953261700e+02,1.169309671116902294e+01,2.282453613933666414e+00,5.797691826820521754e+00
4.386519049169598894e+00,8.784662976229240527e+00,8.404498293072192610e+02,7.609313201528497075e+02,1.219325952458479989e+01,2.309993976328589049e+00,5.797205909137752577e+00
6.160534028004233775e+00,8.790328883099965296e+00,8.443928425588372875e+02,7.609160283852191924e+02,1.255802670140021249e+01,2.316233589683687200e+00,5.796720126678569507e+00
9.161510908498893713e+00,8.765320742429176804e+00,8.514266468226874167e+02,7.609835277145441523e+02,1.270807554542494344e+01,2.288693227288765009e+00,5.796234479458600930e+00
1.216248778899433169e+01,8.740312601758381206e+00,8.584340666378748210e+02,7.610510390203907036e+02,1.285812438944971703e+01,2.261152864893835712e+00,5.795748967493470793e+00
1.516346466948899163e+01,8.715304461087590937e+00,8.654151627070382347e+02,7.611185623059466252e+02,1.300817323347444976e+01,2.233612502498913077e+00,5.795263590798800379e+00
1.894073591663941869e+01,8.719407359166394755e+00,8.708136394473211794e+02,7.611074834452917912e+02,1.306118528166721049e+01,2.238125472767367174e+00,5.794778349390209193e+00
2.394236405079848140e+01,8.769423640507984175e+00,8.737554885228598778e+02,7.609724527846453839e+02,1.296115271898403165e+01,2.293192356968002610e+00,5.794293243283308747e+00
2.894399218495624737e+01,8.819439921849562936e+00,8.767060790951854869e+02,7.608374700279957779e+02,1.286112015630087235e+01,2.348259241168623390e+00,5.793808272493706113e+00
3.394562031911402045e+01,8.869456203191139920e+00,8.796654333426527046e+02,7.607025351498548389e+02,1.276108759361771838e+01,2.403326125369244171e+00,5.793323437037006585e+00
3.748681211331825835e+01,8.938944969065461876e+00,8.797944486408090370e+02,7.605151464509789321e+02,1.285577987626184537e+01,2.479767434857261588e+00,5.792838736928806576e+00
3.873721914685770429e+01,9.038977531748614069e+00,8.754009821139341057e+02,7.602455530752054074e+02,1.325591012699446658e+01,2.589735852906390079e+00,5.792354172184705163e+00
3.998762618039746997e+01,9.139010094431801789e+00,8.709032839754688666e+02,7.599761507668505374e+02,1.365604037772719259e+01,2.699704270955546992e+00,5.791869742820289879e+00
4.123803321393690879e+01,9.239042657114953983e+00,8.663002914377190109e+02,7.597069393228654235e+02,1.405617062845981202e+01,2.809672689004675039e+00,5.791385448851150919e+00
4.444220123738180206e+01,9.309768804949527521e+00,8.628674936391194024e+02,7.595167134881252196e+02,1.439768804949527592e+01,2.887410424333261894e+00,5.790901290292863379e+00
5.069423640508063045e+01,9.334776945620323119e+00,8.613882079047797333e+02,7.594494741097129236e+02,1.464776945620322834e+01,2.914868294617812605e+00,5.790417267161013015e+00
5.694627157277783880e+01,9.359785086291111611e+00,8.599012258736381682e+02,7.593822466355386496e+02,1.489785086291111682e+01,2.942326164902356656e+00,5.789933379471166930e+00
6.319830674047504715e+01,9.384793226961900103e+00,8.584065284500297821e+02,7.593150310624409940e+02,1.514793226961900530e+01,2.969784035186900262e+00,5.789449627238899332e+00
6.925431455551996862e+01,9.409801367632693925e+00,8.574809238075038138e+02,7.592478273872602585e+02,1.528039726473460647e+01,2.997236567069065494e+00,5.788966010479771107e+00
7.500618690980140002e+01,9.434809508303484193e+00,8.574459482293435713e+02,7.591806356068375408e+02,1.523038098339303303e+01,3.024680816446523313e+00,5.788482529209341365e+00
8.075805926408430935e+01,9.459817648974279791e+00,8.574081491765938381e+02,7.591134557180149613e+02,1.518036470205144184e+01,3.052125065823987793e+00,5.787999183443166551e+00
8.650993161836575496e+01,9.484825789645070060e+00,8.573675183723863711e+02,7.590462877176362326e+02,1.513034842070986308e+01,3.079569315201446056e+00,5.787515973196803998e+00
8.940996418104856502e+01,9.490166069684143224e+00,8.574748481567445424e+02,7.590319460909829559e+02,1.507049820905242754e+01,3.085429805953924021e+00,5.787032898485796828e+00
8.790947574080084337e+01,9.465157929013349403e+00,8.578113387303761783e+02,7.590991115530923707e+02,1.499547378704004252e+01,3.057985556576459096e+00,5.786549959325682835e+00
8.640898730055351962e+01,9.440149788342559134e+00,8.581440061615570585e+02,7.591662889029715870e+02,1.492044936502767705e+01,3.030541307199000833e+00,5.786067155732006917e+00
8.490849886030618165e+01,9.415141647671770642e+00,8.584728609181843240e+02,7.592334781437771198e+02,1.484542494301530802e+01,3.003097057821543014e+00,5.785584487720301539e+00
8.064539238033131596e+01,9.400000000000000355e+00,8.589022348728382212e+02,7.592741649101077428e+02,1.480000000000000071e+01,2.986480422456281758e+00,5.785101955306096499e+00
7.214262455226310067e+01,9.400000000000000355e+00,8.594905566054380870e+02,7.592741649101077428e+02,1.480000000000000071e+01,2.986480422456281758e+00,5.784619558504915382e+00
6.363985672419268980e+01,9.400000000000000355e+00,8.600788783380386349e+02,7.592741649101077428e+02,1.480000000000000071e+01,2.986480422456281758e+00,5.784137297332282657e+00
5.513708889612448161e+01,9.400000000000000355e+00,8.606672000706383869e+02,7.592741649101077428e+02,1.480000000000000071e+01,2.986480422456281758e+00,5.783655171803710360e+00
4.643633995441254569e+01,9.409899055682185320e+00,8.619440455262420073e+02,7.592475648962289370e+02,1.465151416476719071e+01,2.997343771168192728e+00,5.783173181934714968e+00
3.743340931292622997e+01,9.434907196352982695e+00,8.642753528831910899e+02,7.591803731622638907e+02,1.427639205470526029e+01,3.024788020545657208e+00,5.782691327740802301e+00
2.843047867144225194e+01,9.459915337023772963e+00,8.666117645981735222e+02,7.591131933198867046e+02,1.390126994464342758e+01,3.052232269923115027e+00,5.782209609237474623e+00
1.942754802995594332e+01,9.484923477694568561e+00,8.689532899338154266e+02,7.590460253659409773e+02,1.352614783458149894e+01,3.079676519300580395e+00,5.781728026440232426e+00
1.270888961250376248e+01,9.490068381634644723e+00,8.704934088836607771e+02,7.590322084329457084e+02,1.320068381634644616e+01,3.085322601854790125e+00,5.781246579364571758e+00
9.457831325301215841e+00,9.465060240963858007e+00,8.708080816333837220e+02,7.590993739414856236e+02,1.295060240963855769e+01,3.057878352477331863e+00,5.780765268025981563e+00
6.206773038097825435e+00,9.440052100293060633e+00,8.711189634089751053e+02,7.591665513378077321e+02,1.270052100293060349e+01,3.030434103099866938e+00,5.780284092439947230e+00
2.955714750895277909e+00,9.415043959622272141e+00,8.714260646378303363e+02,7.592337406250684353e+02,1.245043959622271501e+01,3.002989853722409119e+00,5.779803052621954151e+00
9.003581895148251579e-01,9.360143275805929974e+00,8.746586562728703029e+02,7.593812838284856070e+02,1.229003581895148400e+01,2.942686734335529408e+00,5.779322148587472618e+00
6.502767828068722888e-01,9.260110713122749360e+00,8.822104976969909558e+02,7.596502644810663014e+02,1.226502767828068841e+01,2.832773164150083289e+00,5.778841380351983581e+00
4.001953760989838127e-01,9.160078150439593614e+00,8.896172693263083602e+02,7.599194357525874466e+02,1.224001953760989814e+01,2.722859593964666036e+00,5.778360747930949337e+00
1.501139693910308326e-01,9.060045587756411223e+00,8.968803856599485016e+02,7.601887978457502868e+02,1.221501139693910432e+01,2.612946023779220805e+00,5.777880251339838402e+00
0.000000000000000000e+00,8.970009768804942496e+00,9.038100630223329972e+02,7.604314046038736024e+02,1.202005861282965782e+01,2.513958922507632199e+00,5.777399890594105969e+00
0.000000000000000000e+00,8.894985346792577019e+00,9.103456805980989657e+02,7.606336805866936857e+02,1.156991208075545607e+01,2.431379320158756574e+00,5.776919665709212559e+00
0.000000000000000000e+00,8.819960924780190226e+00,9.167896836098850599e+02,7.608360642096229185e+02,1.111976554868114242e+01,2.348799717809859189e+00,5.776439576700605372e+00
0.000000000000000000e+00,8.744936502767824749e+00,9.231427399396791316e+02,7.610385555586044575e+02,1.066961901660694245e+01,2.266220115460983564e+00,5.775959623583735159e+00
2.005861282969513826e-01,8.750146532074236205e+00,9.246242293759146378e+02,7.610244901768493264e+02,1.044011722565939060e+01,2.271927179973688204e+00,5.775479806374039349e+00
7.007489417128575093e-01,8.875187235428212418e+00,9.188184526970444495e+02,7.606870769179340641e+02,1.054014978834256944e+01,2.409490954734244461e+00,5.775000125086960701e+00
1.200911755128633907e+00,9.000227938782156656e+00,9.128404209959397804e+02,7.603499627223335438e+02,1.064018235102573051e+01,2.547054729494764747e+00,5.774520579737927761e+00
1.701074568544539867e+00,9.125268642136131092e+00,9.066879351135567049e+02,7.600131471926156337e+02,1.074021491370890935e+01,2.684618504255320559e+00,5.774041170342375295e+00
1.899381309019841479e+00,9.220123738196033258e+00,9.002892874971911397e+02,7.597578400123467190e+02,1.082012373819603113e+01,2.788934853900067790e+00,5.773561896915725633e+00
1.649299902311953225e+00,9.270140019537608467e+00,8.936953214215826620e+02,7.596232877744118923e+02,1.087014001953760989e+01,2.843864251673841270e+00,5.773082759473395775e+00
1.399218495604000134e+00,9.320156300879199662e+00,8.870455878001587280e+02,7.594887831861307177e+02,1.092015630087920108e+01,2.898793649447628518e+00,5.772603758030805388e+00
1.149137088896111880e+00,9.370172582220778423e+00,8.803398221255891940e+02,7.593543262221965051e+02,1.097017258222077984e+01,2.953723047221401110e+00,5.772124892603367918e+00
8.990556821882232930e-01,9.389905568218823717e+00,8.751276020336169950e+02,7.593012918437190137e+02,1.100000000000000000e+01,2.975397167523718522e+00,5.771646163206489710e+00
6.489742754802703129e-01,9.364897427548028119e+00,8.721933011397933342e+02,7.593685049843033994e+02,1.100000000000000000e+01,2.947939297239167367e+00,5.771167569855569113e+00
3.988928687723819477e-01,9.339889286877239627e+00,8.692660840756019525e+02,7.594357300253180938e+02,1.100000000000000000e+01,2.920481426954623760e+00,5.770689112566010692e+00
1.488114620644289121e-01,9.314881146206442253e+00,8.663459372289316889e+02,7.595029669699246142e+02,1.100000000000000000e+01,2.893023556670072605e+00,5.770210791353203028e+00
0.000000000000000000e+00,9.269619016606961637e+00,8.615510385579830199e+02,7.596246891145896143e+02,1.093923803321392363e+01,2.843294429861201067e+00,5.769732606232543581e+00
0.000000000000000000e+00,9.194594594594594383e+00,8.540291782748475953e+02,7.598265360928503469e+02,1.078918918918919267e+01,2.760838729960326976e+00,5.769254557219410273e+00
0.000000000000000000e+00,9.119570172582209366e+00,8.465585791870919365e+02,7.600284903689178009e+02,1.063914034516441909e+01,2.678383030059432457e+00,5.768776644329189018e+00
0.000000000000000000e+00,9.044545750569843889e+00,8.391389556748135874e+02,7.602305520283703117e+02,1.048909150113968636e+01,2.595927330158558810e+00,5.768298867577252409e+00
0.000000000000000000e+00,8.949202214262461652e+00,8.326040959980882690e+02,7.604874938015846055e+02,1.019680885704984519e+01,2.491027821948708088e+00,5.767821226978977478e+00
0.000000000000000000e+00,8.824161510908485440e+00,8.273194955573254674e+02,7.608247299887846111e+02,9.696646043633940337e+00,2.353325824671853805e+00,5.767343722549729712e+00
0.000000000000000000e+00,8.699120807554541202e+00,8.220579646330220385e+02,7.611622654016832712e+02,9.196483230218163385e+00,2.215623827395035050e+00,5.766866354304870157e+00
0.000000000000000000e+00,8.574080104200564989e+00,8.168194936309897685e+02,7.615001004387063404e+02,8.696320416802256759e+00,2.077921830118180768e+00,5.766389122259761635e+00
0.000000000000000000e+00,8.438847281015943835e+00,8.154276611949471771e+02,7.618658102650440469e+02,8.155389124063775697e+00,1.928807868048731500e+00,5.765912026429759862e+00
0.000000000000000000e+00,8.288798436991211105e+00,8.194761293572339582e+02,7.622719983413401224e+02,7.555193747964842110e+00,1.763104628085849557e+00,5.765435066830213451e+00
0.000000000000000000e+00,8.138749592966439295e+00,8.233495182701243493e+02,7.626786197662960376e+02,6.954998371865755757e+00,1.597401388122924981e+00,5.764958243476465682e+00
0.000000000000000000e+00,7.988700748941705676e+00,8.270505891371878988e+02,7.630856752337698481e+02,6.354802995766823948e+00,1.431698148160043260e+00,5.764481556383862504e+00
0.000000000000000000e+00,7.838651904916972946e+00,8.315562236713100219e+02,7.634931654391015172e+02,5.805731032237081202e+00,1.265786207735567048e+00,5.764005005567737427e+00
0.000000000000000000e+00,7.688603060892201135e+00,8.372693960067637136e+02,7.639010910791182596e+02,5.330576359491969285e+00,1.099572515688233665e+00,5.763528591043427518e+00
0.000000000000000000e+00,7.538554216867467517e+00,8.427705221393406418e+02,7.643094528521353368e+02,4.855421686746981713e+00,9.333588236409431360e-01,5.763052312826260071e+00
0.000000000000000000e+00,7.388505372842696595e+00,8.480628866918083304e+02,7.647182514579641293e+02,4.380267014001870685e+00,7.671451315936097526e-01,5.762576170931554387e+00
0.000000000000000000e+00,7.269228264408980067e+00,8.522275898390179236e+02,7.650435265197527315e+02,4.079485509605987659e+00,6.349386545216442190e-01,5.762100165374635985e+00
0.000000000000000000e+00,7.194203842396615478e+00,8.549684845599241498e+02,7.652482639375581357e+02,4.029469228264409786e+00,5.516377913665514443e-01,5.761624296170817949e+00
0.000000000000000000e+00,7.119179420384228685e+00,8.576564523725237450e+02,7.654531109664631003e+02,3.979452946922819034e+00,4.683369282114371313e-01,5.761148563335412476e+00
0.000000000000000000e+00,7.044154998371862320e+00,8.602919077976993094e+02,7.656580676945152391e+02,3.929436665581241606e+00,3.850360650563444120e-01,5.760672966883723767e+00
0.000000000000000000e+00,6.969130576359495954e+00,8.615406916958730790e+02,7.658631342098569803e+02,3.930869423640503513e+00,3.016814027812287358e-01,5.760197506831057801e+00
0.000000000000000000e+00,6.894106154347110937e+00,8.608522819556936838e+02,7.660683106007255674e+02,4.005893845652889418e+00,2.182497873344133310e-01,5.759722183192706346e+00
0.000000000000000000e+00,6.819081732334743684e+00,8.601456276956408828e+02,7.662735969554515805e+02,4.080918267665256671e+00,1.348181718876194923e-01,5.759246995983968276e+00
0.000000000000000000e+00,6.744057310322357779e+00,8.594209104613928503e+02,7.664789933624613241e+02,4.155942689677642576e+00,5.138655644080405288e-02,5.758771945220130029e+00
0.000000000000000000e+00,6.710322370563337024e+00,8.619221034463818114e+02,7.665713863192357849e+02,4.241289482253344900e+00,1.387732255723840222e-02,5.758297030916478043e+00
0.000000000000000000e+00,6.735330511234125517e+00,8.690482985252526760e+02,7.665028921075944481e+02,4.341322044936499758e+00,4.170245487243055826e-02,5.757822253088289877e+00
0.000000000000000000e+00,6.760338651904920226e+00,8.761961027219535936e+02,7.664344101349646508e+02,4.441354607619682149e+00,6.952758718763001056e-02,5.757347611750843974e+00
0.000000000000000000e+00,6.785346792575708719e+00,8.833655628302343530e+02,7.663659403980657316e+02,4.541387170302837006e+00,9.735271950282223252e-02,5.756873106919408123e+00
0.000000000000000000e+00,6.820709866492995488e+00,8.879161107698890874e+02,7.662691407885247372e+02,4.568935200260504814e+00,1.366810673904334528e-01,5.756398738609254551e+00
0.000000000000000000e+00,6.870726147834586683e+00,8.887320208020928476e+02,7.661322725878870870e+02,4.493910778248119797e+00,1.922875505220494607e-01,5.755924506835641274e+00
0.000000000000000000e+00,6.920742429176164556e+00,8.895418348810131874e+02,7.659954532723160128e+02,4.418886356235753432e+00,2.478940336536510913e-01,5.755450411613831641e+00
0.000000000000000000e+00,6.970758710517754864e+00,8.903455074886269358e+02,7.658586828156260253e+02,4.343861934223367527e+00,3.035005167852670716e-01,5.754976452959073008e+00
0.000000000000000000e+00,6.979225008140667263e+00,8.918291078782900740e+02,7.658355363997329732e+02,4.320774991859332559e+00,3.129130725236770050e-01,5.754502630886619841e+00
0.000000000000000000e+00,6.929208726799090279e+00,8.942565445499775478e+02,7.659722985886297693e+02,4.370791273200909544e+00,2.573065893920754021e-01,5.754028945411715945e+00
0.000000000000000000e+00,6.879192445457498195e+00,8.966557366518129584e+02,7.661091096319768212e+02,4.420807554542501627e+00,2.017001062604593942e-01,5.753555396549599799e+00
0.000000000000000000e+00,6.829176164115921210e+00,8.990268295726039014e+02,7.662459695559564352e+02,4.470823835884078612e+00,1.460936231288577636e-01,5.753081984315510766e+00
1.042005861282813972e-01,6.789579941387171580e+00,9.045809123518412207e+02,7.663543516792769879e+02,4.552100293064141212e+00,1.020627028374262030e-01,5.752608708724680220e+00
3.542819928362344606e-01,6.764571800716375982e+00,9.145957396431836059e+02,7.664228193453482163e+02,4.677140996418117425e+00,7.423757052222676456e-02,5.752135569792335090e+00
6.043633995441227702e-01,6.739563660045588378e+00,9.245733013844459265e+02,7.664912992465949628e+02,4.802181699772061663e+00,4.641243820703452178e-02,5.751662567533696091e+00
8.544448062520757503e-01,6.714555519374792780e+00,9.345136841827666103e+02,7.665597913862980022e+02,4.927222403126037875e+00,1.858730589183510765e-02,5.751189701963987488e+00
1.522631064799821354e+00,6.773168349071974959e+00,9.471702573937890293e+02,7.663992822052599649e+02,5.052263106479982113e+00,8.367482630196947102e-02,5.750716973098415785e+00
2.773038098339263513e+00,6.948225333767497069e+00,9.638235186300528312e+02,7.659202947098705181e+02,5.177303809833926351e+00,2.781453864884367300e-01,5.750244380952198142e+00
4.023445131879028303e+00,7.123282318463063589e+00,9.807239087936544593e+02,7.654419055598240220e+02,5.302344513187903452e+00,4.726159466749543236e-01,5.749771925540538398e+00
5.273852165418470683e+00,7.298339303158585700e+00,9.978745266125804392e+02,7.649641136346521080e+02,5.427385216541847690e+00,6.670865068614214577e-01,5.749299606878634172e+00
6.943666558124823140e+00,7.504851839791647272e+00,1.013333148860787560e+03,7.644012347871837392e+02,5.615337023770812230e+00,8.959901803155596589e-01,5.748827424981683976e+00
9.194399218495819426e+00,7.754933246499535748e+00,1.026248668691667490e+03,7.637207108324225828e+02,5.890426571149488311e+00,1.172586923699287409e+00,5.748355379864883652e+00
1.144513187886681393e+01,8.005014653207423336e+00,1.039273130498683940e+03,7.630413975008340230e+02,6.165516118528166167e+00,1.449183667083014937e+00,5.747883471543417500e+00
1.369586453923839109e+01,8.255096059915377538e+00,1.052406447667843395e+03,7.623632915648178141e+02,6.440605665906914190e+00,1.725780410466813963e+00,5.747411700032467152e+00
1.626212959947918080e+01,8.463106479973960816e+00,1.064830275729503228e+03,7.618001803144301221e+02,6.736730706610244646e+00,1.955562072577080368e+00,5.746940065347217796e+00
1.926310647997384251e+01,8.613155323998691770e+00,1.076234830019820947e+03,7.613944947793477240e+02,7.061836535330499487e+00,2.120846176895763602e+00,5.746468567502836855e+00
2.226408336046927872e+01,8.763204168023463581e+00,1.087747846630849608e+03,7.609892410980752402e+02,7.386942364050838705e+00,2.286130281214489468e+00,5.745997206514499744e+00
2.526506024096394043e+01,8.913253012048198087e+00,1.099370219595509752e+03,7.605844185814138427e+02,7.712048192771093547e+00,2.451414385533171814e+00,5.745525982397370335e+00
2.700000000000000000e+01,9.063301856072969898e+00,1.111102849094508883e+03,7.601800265416311504e+02,8.100455877564401774e+00,2.616489400116741582e+00,5.745054895166611608e+00
2.700000000000000000e+01,9.213350700097700852e+00,1.122946641489208787e+03,7.597760642924566810e+02,8.575610550309388458e+00,2.781277884322463034e+00,5.744583944837379441e+00
2.700000000000000000e+01,9.363399544122433582e+00,1.134902509354662470e+03,7.593725311490775312e+02,9.050765223054376918e+00,2.946066368528184931e+00,5.744113131424827046e+00
2.700000000000000000e+01,9.513448388147207169e+00,1.146971371512725682e+03,7.589694264281353071e+02,9.525919895799489723e+00,3.110854852733949016e+00,5.743642454944101416e+00
2.774080104200595898e+01,9.642331488114626481e+00,1.158398712257067700e+03,7.586235247838303621e+02,9.821165744057312352e+00,3.252283558280399944e+00,5.743171915410350437e+00
2.949137088896117831e+01,9.742364050797780450e+00,1.168887553211232216e+03,7.583552706174427840e+02,9.871182025398891113e+00,3.361871088608228142e+00,5.742701512838706890e+00
3.124194073591685594e+01,9.842396613480962841e+00,1.179458666598311311e+03,7.580872060967986954e+02,9.921198306740482309e+00,3.471458618936082985e+00,5.742231247244311554e+00
3.299251058287207172e+01,9.942429176164118587e+00,1.190112605079092873e+03,7.578193310208600906e+02,9.971214588082061070e+00,3.581046149263910738e+00,5.741761118642290995e+00
3.283230218169926218e+01,1.004246173884729743e+01,1.200458877670209631e+03,7.575516451888737492e+02,1.012738521654189761e+01,3.690542631316103162e+00,5.741291127047776222e+00
3.008140670791248539e+01,1.014249430153045495e+01,1.210350112614688214e+03,7.572841484003691903e+02,1.042748290459136484e+01,3.799915667546660991e+00,5.740821272475885806e+00
2.733051123412571926e+01,1.024252686421361069e+01,1.220313426949614950e+03,7.570168404551596950e+02,1.072758059264083030e+01,3.909288703777218821e+00,5.740351554941736545e+00
2.457961576033823548e+01,1.034255942689679131e+01,1.230349276376031185e+03,7.567497211533404879e+02,1.102767828069037392e+01,4.018661740007805072e+00,5.739881974460441683e+00
2.225464018235092922e+01,1.044259198957994705e+01,1.240592399936819447e+03,7.564827902952890781e+02,1.109352002605012899e+01,4.127944409323284880e+00,5.739412531047113575e+00
2.050407033539571344e+01,1.054262455226310102e+01,1.251093072259233622e+03,7.562160476816651453e+02,1.084343861934224051e+01,4.237105207661549855e+00,5.738943224716853031e+00
1.875350048844003581e+01,1.064265711494628697e+01,1.261671900199055017e+03,7.559494931134082663e+02,1.059335721263428809e+01,4.346266005999841475e+00,5.738474055484759084e+00
1.700293064148482003e+01,1.074268967762943916e+01,1.272329386428359612e+03,7.556831263917395063e+02,1.034327580592639961e+01,4.455426804338106450e+00,5.738005023365929880e+00
1.493194399218450030e+01,1.081068056007815592e+01,1.279928860904197109e+03,7.555021873880941712e+02,1.024272224031261835e+01,4.529607983120793158e+00,5.737536128375452904e+00
1.243112992510561732e+01,1.083568870074894441e+01,1.283347951220478535e+03,7.554356569052880559e+02,1.034275480299577410e+01,4.556865282011830942e+00,5.737067370528419197e+00
9.930315858026732556e+00,1.086069684141973291e+01,1.286774436678769234e+03,7.553691381389678554e+02,1.044278736567893162e+01,4.584122580902866062e+00,5.736598749839908251e+00
7.429501790947202089e+00,1.088570498209052673e+01,1.290208330529516843e+03,7.553026310860390140e+02,1.054281992836211046e+01,4.611379879793910064e+00,5.736130266324996896e+00
5.464343861934159108e+00,1.092142624552263541e+01,1.293452540758238001e+03,7.552076536903445003e+02,1.067499185932921613e+01,4.650296998585112362e+00,5.735661919998757519e+00
4.213936828394717615e+00,1.097144252686421417e+01,1.296438618430789575e+03,7.550747081507810208e+02,1.085004884402474090e+01,4.704772357303882657e+00,5.735193710876264284e+00
2.963529794854952382e+00,1.102145880820580004e+01,1.299428542592751683e+03,7.549418094100168446e+02,1.102510582872030653e+01,4.759247716022668051e+00,5.734725638972578032e+00
1.713122761315510445e+00,1.107147508954737880e+01,1.302422306447424262e+03,7.548089574433450935e+02,1.120016281341582953e+01,4.813723074741439234e+00,5.734257704302757830e+00
8.925431455551491311e-01,1.108925431455551625e+01,1.299243836160906767e+03,7.547617439846518437e+02,1.128925431455551553e+01,4.833090167578440344e+00,5.733789906881860077e+00
6.424617388472608770e-01,1.106424617388472598e+01,1.287893164159990192e+03,7.548281558134767693e+02,1.126424617388472704e+01,4.805859016608738266e+00,5.733322246724938509e+00
3.923803321393724008e-01,1.103923803321393571e+01,1.276576053349229369e+03,7.548945793305440475e+02,1.123923803321393677e+01,4.778627865639035299e+00,5.732854723847037981e+00
1.422989254314193930e-01,1.101422989254314011e+01,1.265292433483399464e+03,7.549610145389399349e+02,1.121422989254314295e+01,4.751396714669326116e+00,5.732387338263199794e+00
0.000000000000000000e+00,1.091377401497882538e+01,1.242882038267678809e+03,7.552279977947432599e+02,1.124311299251058749e+01,4.641807332326476576e+00,5.731920089988465250e+00
0.000000000000000000e+00,1.071370888961251389e+01,1.206271661567256615e+03,7.557602771222063893e+02,1.134314555519374146e+01,4.423485179258394240e+00,5.731452979037862328e+00
0.000000000000000000e+00,1.051364376424615088e+01,1.170385439891763554e+03,7.562933072722212273e+02,1.144317811787692385e+01,4.205163026190254172e+00,5.730986005426426999e+00
0.000000000000000000e+00,1.031357863887983939e+01,1.135212177531672978e+03,7.568270898345514297e+02,1.154321068056007782e+01,3.986840873122171391e+00,5.730519169169178362e+00
0.000000000000000000e+00,1.001621621621614189e+01,1.095606630924987030e+03,7.576218595637138833e+02,1.143783783783777253e+01,3.661107621661791267e+00,5.730052470281140842e+00
0.000000000000000000e+00,9.591077824812730412e+00,1.050603184479474521e+03,7.587610436580270061e+02,1.106271572777593981e+01,3.194316421710579057e+00,5.729585908777326431e+00
0.000000000000000000e+00,9.165939433409320714e+00,1.007163259309418436e+03,7.599036587374580449e+02,1.068759361771410710e+01,2.727525221759366847e+00,5.729119484672751561e+00
0.000000000000000000e+00,8.740801042005800880e+00,9.652408228987904977e+02,7.610497203255021077e+02,1.031247150765217668e+01,2.260734021808033400e+00,5.728653197982416678e+00
0.000000000000000000e+00,8.489156626506023429e+00,9.337842926581386109e+02,7.617297177886822510e+02,9.991566265060228602e+00,1.984381139485521084e+00,5.728187048721331109e+00
0.000000000000000000e+00,8.464148485835234936e+00,9.145308996541402848e+02,7.617973615631092343e+02,9.741484858352340126e+00,1.956799032443657493e+00,5.727721036904490859e+00
0.000000000000000000e+00,8.439140345164439339e+00,8.953395572975842924e+02,7.618650173525237506e+02,9.491403451644387701e+00,1.929216925401786131e+00,5.727255162546884826e+00
0.000000000000000000e+00,8.414132204493650846e+00,8.762101294660404847e+02,7.619326851601272210e+02,9.241322044936499225e+00,1.901634818359922097e+00,5.726789425663508126e+00
0.000000000000000000e+00,8.389124063822855248e+00,8.573814996484229596e+02,7.620003649891227724e+02,9.208759361771452490e+00,1.874046627295813616e+00,5.726323826269346107e+00
0.000000000000000000e+00,8.364115923152066756e+00,8.389237621891463732e+02,7.620680568427136450e+02,9.458840768479340966e+00,1.846450530645930677e+00,5.725858364379376120e+00
0.000000000000000000e+00,8.339107782481276487e+00,8.205256780858036336e+02,7.621357607241048981e+02,9.708922175187229442e+00,1.818854433996047071e+00,5.725393040008574630e+00
0.000000000000000000e+00,8.314099641810480890e+00,8.021871162676650329e+02,7.622034766365026144e+02,9.959003581895181867e+00,1.791258337346156804e+00,5.724927853171912773e+00
0.000000000000000000e+00,8.300000000000000711e+00,7.896101944411834666e+02,7.622416603139133713e+02,1.015454249430153411e+01,1.775699600563086733e+00,5.724462803884360795e+00
0.000000000000000000e+00,8.300000000000000711e+00,7.844203651276427536e+02,7.622416603139133713e+02,1.027958319765547834e+01,1.775699600563086733e+00,5.723997892160881840e+00
0.000000000000000000e+00,8.300000000000000711e+00,7.792305358141010174e+02,7.622416603139133713e+02,1.040462390100945456e+01,1.775699600563086733e+00,5.723533118016428389e+00
0.000000000000000000e+00,8.300000000000000711e+00,7.740407065005604181e+02,7.622416603139133713e+02,1.052966460436339879e+01,1.775699600563086733e+00,5.723068481465960922e+00
0.000000000000000000e+00,8.278117876913048789e+00,7.697416216332693466e+02,7.623009275469063368e+02,1.056717681536957265e+01,1.751534588810113258e+00,5.722603982524423927e+00
0.000000000000000000e+00,8.228101595571471805e+00,7.665960100741857559e+02,7.624364301231300942e+02,1.049215239335720717e+01,1.696300276231915038e+00,5.722139621206767224e+00
0.000000000000000000e+00,8.178085314229894820e+00,7.634618201896247456e+02,7.625719808803590922e+02,1.041712797134484170e+01,1.641065963653716597e+00,5.721675397527927309e+00
0.000000000000000000e+00,8.128069032888303624e+00,7.603390158460141492e+02,7.627075798442956511e+02,1.034210354933245490e+01,1.585831651075503945e+00,5.721211311502843344e+00
0.000000000000000000e+00,8.099999999999999645e+00,7.561083188658108156e+02,7.627836988279143497e+02,1.033292087267991022e+01,1.554834269928107915e+00,5.720747363146443831e+00
0.000000000000000000e+00,8.099999999999999645e+00,7.504493670100371219e+02,7.627836988279143497e+02,1.040794529469229879e+01,1.554834269928107915e+00,5.720283552473660826e+00
0.000000000000000000e+00,8.099999999999999645e+00,7.447904151542646787e+02,7.627836988279143497e+02,1.048296971670466426e+01,1.554834269928107915e+00,5.719819879499415727e+00
0.000000000000000000e+00,8.099999999999999645e+00,7.391314632984926902e+02,7.627836988279143497e+02,1.055799413871703152e+01,1.554834269928107915e+00,5.719356344238623713e+00
0.000000000000000000e+00,8.077987626180387792e+00,7.343919793920373422e+02,7.628434036960671847e+02,1.058899381309019638e+01,1.530500592052819853e+00,5.718892946706203517e+00
0.000000000000000000e+00,8.027971344838810808e+00,7.308328336208267046e+02,7.629790992134517182e+02,1.056398567241940611e+01,1.475209868359883547e+00,5.718429686917060550e+00
0.000000000000000000e+00,7.977955063497233823e+00,7.272883682567230608e+02,7.631148430147945874e+02,1.053897753174861585e+01,1.419919144666947464e+00,5.717966564886103775e+00
0.000000000000000000e+00,7.927938782155643516e+00,7.237585318823590796e+02,7.632506351258706445e+02,1.051396939107782025e+01,1.364628420973996947e+00,5.717503580628233273e+00
0.000000000000000000e+00,7.877922500814065643e+00,7.208291170106954269e+02,7.633864755724744100e+02,1.055519374796483589e+01,1.309312662718933540e+00,5.717040734158342019e+00
0.000000000000000000e+00,7.827906219472475335e+00,7.186491185380206161e+02,7.635223643804177982e+02,1.068023445131881211e+01,1.253965223557800934e+00,5.716578025491323878e+00
0.000000000000000000e+00,7.777889938130896574e+00,7.164746265302477468e+02,7.636583015755315955e+02,1.080527515467275634e+01,1.198617784396682540e+00,5.716115454642070937e+00
0.000000000000000000e+00,7.727873656789319590e+00,7.143056303804916070e+02,7.637942871836648919e+02,1.093031585802670058e+01,1.143270345235563923e+00,5.715653021625460184e+00
0.000000000000000000e+00,7.677857375447729282e+00,7.115624824241658644e+02,7.639303212306854221e+02,1.095571475089545999e+01,2.790019341354345594e-01,5.715190726456371273e+00
0.000000000000000000e+00,7.627841094106151409e+00,7.081015646743734351e+02,7.640664037424789967e+02,1.085568218821230246e+01,-1.603555229875284205e+00,5.714728569149680304e+00
0.000000000000000000e+00,7.577824812764573537e+00,7.046549733787978766e+02,7.642025347449499577e+02,1.075564962552914672e+01,-3.486112393886003247e+00,5.714266549720256272e+00
0.000000000000000000e+00,7.527808531422983229e+00,7.012226581728575638e+02,7.643387142640209504e+02,1.065561706284596610e+01,-5.368669557897209010e+00,5.713804668182964619e+00
0.000000000000000000e+00,7.488896125040702678e+00,6.985621764849939836e+02,7.644446947929991438e+02,1.062220774991859606e+01,-6.643142424215480624e+00,5.713342924552665458e+00
0.000000000000000000e+00,7.463887984369907969e+00,6.968568780892013592e+02,7.645128216437395849e+02,1.067222403126018548e+01,-7.156172489611311249e+00,5.712881318844216239e+00
0.000000000000000000e+00,7.438879843699118588e+00,6.951551201683713543e+02,7.645809606384101471e+02,1.072224031260176602e+01,-7.669202555007008648e+00,5.712419851072469079e+00
0.000000000000000000e+00,7.413871703028330096e+00,6.934568964825784860e+02,7.646491117802581812e+02,1.077225659394334123e+01,-8.182232620402707823e+00,5.711958521252270771e+00
0.000000000000000000e+00,7.377727124715069529e+00,6.855246553918111658e+02,7.647476329495777918e+02,1.110068381634657264e+01,-7.660109940340577239e+00,5.711497329398463663e+00
0.000000000000000000e+00,7.327710843373491656e+00,6.698945899907549801e+02,7.648840068263108378e+02,1.177590361445787082e+01,-5.848586472077335507e+00,5.711036275525890105e+00
0.000000000000000000e+00,7.277694562031912895e+00,6.543621106803733483e+02,7.650204293495528418e+02,1.245112341256916899e+01,-4.037063003814095552e+00,5.710575359649378235e+00
0.000000000000000000e+00,7.227678280690322588e+00,6.389267917054252166e+02,7.651569005453379759e+02,1.312634321068064480e+01,-2.225539535550386638e+00,5.710114581783765964e+00
0.000000000000000000e+00,7.155323998697490140e+00,6.295218986779455008e+02,7.653544079539060476e+02,1.335480299576684082e+01,-1.073770004863388472e+00,5.709653941943868993e+00
0.000000000000000000e+00,7.055291436014308637e+00,6.274922133394011325e+02,7.656276374935629292e+02,1.302969716704650338e+01,-7.394798428929924006e-01,5.709193440144519016e+00
0.000000000000000000e+00,6.955258873331153779e+00,6.254574797290962351e+02,7.659010621873641185e+02,1.270459133832624943e+01,-4.051896809226828156e-01,5.708733076400524631e+00
0.000000000000000000e+00,6.855226310647998034e+00,6.234178431078702260e+02,7.661746822444674763e+02,1.237948550960599370e+01,-7.089951895237334156e-02,5.708272850726698877e+00
7.841094106157026067e-01,6.788798436991203999e+00,6.256758553722726219e+02,7.663564911086739357e+02,1.195356561380649296e+01,1.011931674525703706e-01,5.707812763137850354e+00
2.534679257570920718e+00,6.763790296320415507e+00,6.332153251875469095e+02,7.664249591570446682e+02,1.140338651904913903e+01,7.336803513737812088e-02,5.707352813648784995e+00
4.285249104526140052e+00,6.738782155649627015e+00,6.407269216516129973e+02,7.664934394406934643e+02,1.085320742429178331e+01,4.554290282218589198e-02,5.706893002274298965e+00
6.035818951481811467e+00,6.713774014978831417e+00,6.482107094162610110e+02,7.665619319629012125e+02,1.030302832953428904e+01,1.771777050698648132e-02,5.706433329029184875e+00
1.070726147834599651e+01,6.733702377075872825e+00,6.551530509319900375e+02,7.665073509936619303e+02,1.008987300553565980e+01,3.987125535050626418e-02,5.705973793928236226e+00
1.895994789970844607e+01,6.808726799088258730e+00,6.614909666830634478e+02,7.663019393901944341e+02,1.028993813090202458e+01,1.233028707973217036e-01,5.705514396986234971e+00
2.721263432106876223e+01,6.883751221100625095e+00,6.678747086417579339e+02,7.660966378512226811e+02,1.049000325626833252e+01,2.067344862441155839e-01,5.705055138217964839e+00
3.546532074242907839e+01,6.958775643112991460e+00,6.743045437232932500e+02,7.658914462883076339e+02,1.069006838163464579e+01,2.901661016909094504e-01,5.704596017638200678e+00
4.123933572126383496e+01,7.033800065125378254e+00,6.796517018488644908e+02,7.656863646131050700e+02,1.082253337675025229e+01,3.735388105063073838e-01,5.704137035261717337e+00
4.399023119505060464e+01,7.108824487137743731e+00,6.836497663746006310e+02,7.654813927373648994e+02,1.087254965809182927e+01,4.568396736614001585e-01,5.703678191103276340e+00
4.674112666883738854e+01,7.183848909150110096e+00,6.876688206677480366e+02,7.652765305729319607e+02,1.092256593943340803e+01,5.401405368164929888e-01,5.703219485177648096e+00
4.949202214262486166e+01,7.258873331162496001e+00,6.917089610164535998e+02,7.650717780317454526e+02,1.097258222077499923e+01,6.234413999716073018e-01,5.702760917499586135e+00
5.484174535981780707e+01,7.356496255291438580e+00,6.949913996701843644e+02,7.648055148787094595e+02,1.128248127645719201e+01,1.221539783019795211e-01,5.702302488083847543e+00
6.334451318788821084e+01,7.481536958645414792e+00,6.973225191349770284e+02,7.644647412773321093e+02,1.190768479322707485e+01,-1.088388970489417851e+00,5.701844196945178744e+00
7.184728101595642613e+01,7.606577661999359030e+00,6.996365654638036631e+02,7.641242712169878359e+02,1.253288830999679604e+01,-2.298931919280502001e+00,5.701386044098329720e+00
8.035004884402462721e+01,7.731618365353303268e+00,7.019331288304726968e+02,7.637841042922925681e+02,1.315809182676651723e+01,-3.509474868071586151e+00,5.700928029558038901e+00
8.692640833604751549e+01,7.822663627482911330e+00,7.046246061644693555e+02,7.635366107351333085e+02,1.362464995115601774e+01,-3.535117681967453684e+00,5.700470153339042056e+00
9.117779225008160893e+01,7.872679908824489203e+00,7.078184774999368756e+02,7.634007168565696020e+02,1.389973949853469293e+01,-2.130708608921224378e+00,5.700012415456074066e+00
9.542917616411571657e+01,7.922696190166067076e+00,7.110249451070376381e+02,7.632648713420524018e+02,1.417482904591336812e+01,-7.262995358749944064e-01,5.699554815923858264e+00
9.968056007815091846e+01,7.972712471507658272e+00,7.142440516762683274e+02,7.631290741657675198e+02,1.444991859329211792e+01,6.781095371715987197e-01,5.699097354757121536e+00
1.025682188212308859e+02,7.988635623575382816e+00,7.164261255686373033e+02,7.630858520014844544e+02,1.479319439921850154e+01,1.431751077231186997e+00,5.698640031970579223e+00
1.038186258547706586e+02,7.963627482904587218e+00,7.173474483563583135e+02,7.631537368582294221e+02,1.521833279062202138e+01,1.404098645023324821e+00,5.698182847578951105e+00
1.050690328883100904e+02,7.938619342233797838e+00,7.182633403252999642e+02,7.632216337942543305e+02,1.564347118202543463e+01,1.376446212815469750e+00,5.697725801596940087e+00
1.063194399218495363e+02,7.913611201563009345e+00,7.191738153853535778e+02,7.632895428127833384e+02,1.606860957342884078e+01,1.348793780607614901e+00,5.697268894039256182e+00
1.046066427873649332e+02,7.911396939107786075e+00,7.193754157602845680e+02,7.632955561728374505e+02,1.620882448713771140e+01,1.346345388172547564e+00,5.696812124920597853e+00
9.935493324649927160e+01,7.936405079778574567e+00,7.187321259122388710e+02,7.632276460843479526e+02,1.600875936177140346e+01,1.373997820380402635e+00,5.696355494255663565e+00
9.410322370563362426e+01,7.961413220449363948e+00,7.180843260724903985e+02,7.631597480786482492e+02,1.580869423640509019e+01,1.401650252588257484e+00,5.695899002059144678e+00
8.885151416476661268e+01,7.986421361120159546e+00,7.174320043641483835e+02,7.630918621525136132e+02,1.560862911103872719e+01,1.429302684796119660e+00,5.695442648345724557e+00
8.142819928362087012e+01,7.988570498209052850e+00,7.190869661627348250e+02,7.630860287692811426e+02,1.522569195701725242e+01,1.431679065688979069e+00,5.694986433130091896e+00
7.142494301530274470e+01,7.963562357538257253e+00,7.234746622435554855e+02,7.631539136574784834e+02,1.462549658091816340e+01,1.404026633481116892e+00,5.694530356426923845e+00
6.142168674698719144e+01,7.938554216867467872e+00,7.278451628348290114e+02,7.632218106249638367e+02,1.402530120481923248e+01,1.376374201273262043e+00,5.694074418250893999e+00
5.141843047867165950e+01,7.913546076196679380e+00,7.321985082018619551e+02,7.632897196749619297e+02,1.342510582872029978e+01,1.348721769065407194e+00,5.693618618616671512e+00
4.279062194724748025e+01,7.877075871051768097e+00,7.370566089149466507e+02,7.633887753711979940e+02,1.272175187235416693e+01,1.105978193126595732e+00,5.693162957538921098e+00
3.578834255942659581e+01,7.827059589710191112e+00,7.424928826541543003e+02,7.635246649979800395e+02,1.189648323021813603e+01,6.090359927786755945e-01,5.692707435032305696e+00
2.878606317160392081e+01,7.777043308368599028e+00,7.478827744581875550e+02,7.636606030123698474e+02,1.107121458808189196e+01,1.120937924306268929e-01,5.692252051111478472e+00
2.178378378378304703e+01,7.727027027027022044e+00,7.532265066140344061e+02,7.637965894402169624e+02,1.024594594594585928e+01,-3.848484079172931893e-01,5.691796805791094371e+00
1.616085965483553011e+01,7.608042982741777038e+00,7.625201980485048807e+02,7.641202831312592707e+02,9.696548355584498680e+00,-1.853965355364423750e+00,5.691341699085801231e+00
1.215955714750828065e+01,7.407977857375414033e+00,7.761097872074204815e+02,7.646651752117022625e+02,9.471475089547341852e+00,-4.466007288778483186e+00,5.690886731010236232e+00
8.158254640182066808e+00,7.207912732009103429e+00,7.891743382846020722e+02,7.652108449688038263e+02,9.246401823510241869e+00,-7.078049222191867607e+00,5.690431901579044549e+00
4.156952132855853854e+00,7.007847606642792826e+00,8.017242184903072939e+02,7.657572940686175116e+02,9.021328557473141885e+00,-9.690091155605252027e+00,5.689977210806858032e+00
1.769456203191075438e+00,6.807782481276430708e+00,8.085375283057649085e+02,7.663045241819589819e+02,8.819309671116876359e+00,-1.145988523326704112e+01,5.689522658708304093e+00
1.269293389775299152e+00,6.607717355910120105e+00,8.089634664377006175e+02,7.668525369844231818e+02,8.644252686421353360e+00,-1.224467758132028017e+01,5.689068245298008364e+00
7.691305763593928591e-01,6.407652230543757099e+00,8.092096400934626672e+02,7.674013341564025268e+02,8.469195701725787728e+00,-1.302946992937371817e+01,5.688613970590594704e+00
2.689677629436160178e-01,6.207587105177446496e+00,8.092795143496352921e+02,7.679509173831020235e+02,8.294138717030264729e+00,-1.381426227742695545e+01,5.688159834600675424e+00
0.000000000000000000e+00,6.042201237381958911e+00,8.048399300849639530e+02,7.684058306232745963e+02,8.153760989905567413e+00,-1.273226740402974322e+01,5.687705837342863724e+00
0.000000000000000000e+00,5.917160534027982699e+00,7.953761652968381668e+02,7.687501276926201399e+02,8.053728427222386799e+00,-9.478489087085536724e+00,5.687251978831768362e+00
0.000000000000000000e+00,5.792119830674038461e+00,7.860086371719147564e+02,7.690947334363796699e+02,7.953695864539230165e+00,-6.224710770142172223e+00,5.686798259081988327e+00
0.000000000000000000e+00,5.667079127320094223e+00,7.767365065586975561e+02,7.694396482698456339e+02,7.853663301856075307e+00,-2.970932453198807721e+00,5.686344678108126161e+00
0.000000000000000000e+00,5.542038423966118010e+00,7.681879629677397361e+02,7.697848726090559239e+02,7.753630739172894693e+00,-1.290390394320928946e+00,5.685891235924772857e+00
0.000000000000000000e+00,5.416997720612173772e+00,7.604440046992216367e+02,7.701304068707951274e+02,7.653598176489739835e+00,-1.430559959946329007e+00,5.685437932546519413e+00
0.000000000000000000e+00,5.291957017258196672e+00,7.527697839705773504e+02,7.704762514725965730e+02,7.553565613806558332e+00,-1.570729525571765484e+00,5.684984767987947940e+00
0.000000000000000000e+00,5.166916313904253322e+00,7.451647509553960163e+02,7.708224068327434679e+02,7.453533051123402586e+00,-1.710899091197165545e+00,5.684531742263643217e+00
0.000000000000000000e+00,5.076750244220123776e+00,7.400288157929862791e+02,7.710722103717185973e+02,7.295376098990557168e+00,-1.812024146067779506e+00,5.684078855388176699e+00
0.000000000000000000e+00,5.026733962878533468e+00,7.376793784116490542e+02,7.712108494450128546e+02,7.070302832953399452e+00,-1.868198797800553868e+00,5.683626107376124281e+00
0.000000000000000000e+00,4.976717681536955595e+00,7.353362847300219300e+02,7.713495383819875997e+02,6.845229566916299468e+00,-1.924373449533313130e+00,5.683173498242048538e+00
0.000000000000000000e+00,4.926701400195377722e+00,7.329995210864393584e+02,7.714882772095489827e+02,6.620156300879200373e+00,-1.980548101266072392e+00,5.682721028000515595e+00
0.000000000000000000e+00,4.888342559426893885e+00,7.352920584172690042e+02,7.715947135942138857e+02,6.290166069684084427e+00,-2.240600382444890570e+00,5.682268696666081809e+00
0.000000000000000000e+00,4.863334418756105393e+00,7.428595987685922637e+02,7.716641208734681641e+02,5.840019537609886235e+00,-2.734143803491906333e+00,5.681816504253300870e+00
0.000000000000000000e+00,4.838326278085309795e+00,7.503983294707401228e+02,7.717335406406353968e+02,5.389873005535569916e+00,-3.227687224539049993e+00,5.681364450776723807e+00
0.000000000000000000e+00,4.813318137414520415e+00,7.579083187496826213e+02,7.718029728990858302e+02,4.939726473461370837e+00,-3.721230645586065755e+00,5.680912536250891876e+00
0.000000000000000000e+00,4.764929990231196122e+00,7.627419503254049005e+02,7.719373525664556155e+02,4.594789970693585524e+00,-5.444865264528970350e+00,5.680460760690346333e+00
0.000000000000000000e+00,4.689905568218809329e+00,7.645206684196143669e+02,7.721457968991284133e+02,4.369716704656428696e+00,-8.569912975225699725e+00,5.680009124109626661e+00
0.000000000000000000e+00,4.614881146206442963e+00,7.662576297155874272e+02,7.723543538336214169e+02,4.144643438619328712e+00,-1.169496068592162175e+01,5.679557626523259017e+00
0.000000000000000000e+00,4.539856724194076598e+00,7.679531767395042152e+02,7.725630234612003733e+02,3.919570172582229173e+00,-1.482000839661754732e+01,5.679106267945772224e+00
0.000000000000000000e+00,4.453109736242254257e+00,7.678967656194986375e+02,7.728044383190954250e+02,3.682774340605634134e+00,-1.488959299238331901e+01,5.678655048391689775e+00
0.000000000000000000e+00,4.353077173559097623e+00,7.658803723221144537e+02,7.730830139990675889e+02,3.432692933897746101e+00,-1.149631939122888546e+01,5.678203967875527169e+00
0.000000000000000000e+00,4.253044610875917009e+00,7.638504174773263458e+02,7.733617905898784102e+02,3.182611527189793676e+00,-8.103045790073576171e+00,5.677753026411800796e+00
0.000000000000000000e+00,4.153012048192761263e+00,7.618071562682332569e+02,7.736407683089537386e+02,2.932530120481905200e+00,-4.709772188919145286e+00,5.677302224015018162e+00
0.000000000000000000e+00,4.088244871377401779e+00,7.603811715874949186e+02,7.738215028553577213e+02,2.811755128622598132e+00,-2.924785848515379261e+00,5.676851560699681443e+00
0.000000000000000000e+00,4.063236730706606181e+00,7.596623455571342447e+02,7.738913113436741469e+02,2.836763269293393286e+00,-2.953020879650178454e+00,5.676401036480291040e+00
0.000000000000000000e+00,4.038228590035816801e+00,7.589434319142544609e+02,7.739611324283443992e+02,2.861771409964182666e+00,-2.981255910784970098e+00,5.675950651371347355e+00
0.000000000000000000e+00,4.013220449365028308e+00,7.582244329019318911e+02,7.740309661127781737e+02,2.886779550634971159e+00,-3.009490941919762186e+00,5.675500405387337466e+00
0.000000000000000000e+00,4.011787691305766401e+00,7.586623705433172518e+02,7.740349673826289063e+02,2.982513839140366052e+00,-3.011108573911857711e+00,5.675050298542745786e+00
0.000000000000000000e+00,4.036795831976554894e+00,7.604005007722539631e+02,7.739651329762302794e+02,3.157570823835888163e+00,-2.982873542777065179e+00,5.674600330852059393e+00
0.000000000000000000e+00,4.061803972647351380e+00,7.621421187972770213e+02,7.738953111697906024e+02,3.332627808531455571e+00,-2.954638511642265986e+00,5.674150502329752044e+00
0.000000000000000000e+00,4.086812113318139872e+00,7.638872306650822566e+02,7.738255019599000661e+02,3.507684793226977238e+00,-2.926403480507474342e+00,5.673700812990298381e+00
0.000000000000000000e+00,4.111820253988928364e+00,7.643778703301669566e+02,7.737557053431501117e+02,3.600000000000000089e+00,-2.898175885403833529e+00,5.673251262848167720e+00
0.000000000000000000e+00,4.136828394659723074e+00,7.634616236449948019e+02,7.736859213161335447e+02,3.600000000000000089e+00,-2.869956586698577006e+00,5.672801851917823157e+00
0.000000000000000000e+00,4.161836535330512454e+00,7.625395414957462208e+02,7.736161498754440800e+02,3.600000000000000089e+00,-2.841737287993327588e+00,5.672352580213724238e+00
0.000000000000000000e+00,4.186844676001301835e+00,7.616116082974117489e+02,7.735463910176772515e+02,3.600000000000000089e+00,-2.813517989288078613e+00,5.671903447750326954e+00
0.000000000000000000e+00,4.176294366655806556e+00,7.596644507112796418e+02,7.735758190015507125e+02,3.505177466623226490e+00,-2.825430462445447599e+00,5.671454454542080192e+00
0.000000000000000000e+00,4.126278085314229571e+00,7.565992031801980602e+02,7.737153599174539522e+02,3.305112341256915443e+00,-2.881884792285489105e+00,5.671005600603431951e+00
0.000000000000000000e+00,4.076261803972638376e+00,7.535450137896955312e+02,7.738549511844144035e+02,3.105047215890553325e+00,-2.938339122125543934e+00,5.670556885948823123e+00
0.000000000000000000e+00,4.026245522631060503e+00,7.505018475893755294e+02,7.739945928296896227e+02,2.904982090524242277e+00,-2.994793451965584996e+00,5.670108310592691936e+00
0.000000000000000000e+00,3.988114620644740871e+00,7.486715158474152076e+02,7.741010852621633376e+02,2.811885379355258507e+00,-3.037843763981177947e+00,5.669659874549470402e+00
0.000000000000000000e+00,3.963106479973946161e+00,7.481704305500131795e+02,7.741709442056092030e+02,2.836893520026053217e+00,-3.066094571385128198e+00,5.669211577833586091e+00
0.000000000000000000e+00,3.938098339303156781e+00,7.476685326710531854e+02,7.742408157590681412e+02,2.861901660696842598e+00,-3.094345378789071344e+00,5.668763420459464797e+00
0.000000000000000000e+00,3.913090198632368288e+00,7.471658261087760593e+02,7.743106999259546228e+02,2.886909801367631534e+00,-3.122596186193014489e+00,5.668315402441523432e+00
0.000000000000000000e+00,3.888082057961573135e+00,7.477188492264752995e+02,7.743805967096849372e+02,2.995343536307414567e+00,-3.150854532944511899e+00,5.667867523794178908e+00
0.000000000000000000e+00,3.863073917290783754e+00,7.494257880800684006e+02,7.744505061136757149e+02,3.195408661673724726e+00,-3.179121160618716857e+00,5.667419784531840143e+00
0.000000000000000000e+00,3.838065776619988156e+00,7.511241709604296375e+02,7.745204281413456329e+02,3.395473787040087732e+00,-3.207387788292929809e+00,5.666972184668915169e+00
0.000000000000000000e+00,3.813057635949199664e+00,7.528140197449422431e+02,7.745903627961140501e+02,3.595538912406398335e+00,-3.235654415967134767e+00,5.666524724219802245e+00
0.000000000000000000e+00,3.823901009443176680e+00,7.577391715176103162e+02,7.745600380161328076e+02,3.807554542494297589e+00,-3.223405742820876885e+00,5.666077403198901408e+00
0.000000000000000000e+00,3.873917290784767431e+00,7.662427451338553510e+02,7.744201922831136926e+02,4.032627808531455749e+00,-3.166888307742714126e+00,5.665630221620600260e+00
0.000000000000000000e+00,3.923933572126345304e+00,7.747956311018031101e+02,7.742803970388824837e+02,4.257701074568553956e+00,-3.110370872664565134e+00,5.665183179499293509e+00
0.000000000000000000e+00,3.973949853467923177e+00,7.833980422675036834e+02,7.741406522561018164e+02,4.482774340605654828e+00,-3.053853437586417474e+00,5.664736276849358099e+00
2.396613480951377828e-01,4.023966134809513484e+00,7.893202472560756178e+02,7.740009579074545627e+02,4.779746011071352996e+00,-2.997366240434847562e+00,5.664289513685178967e+00
7.398241615109144576e-01,4.073982416151091357e+00,7.922954884712692092e+02,7.738613139656428075e+02,5.154868121133185710e+00,-2.940911910594806500e+00,5.663842890021124177e+00
1.239986974926820418e+00,4.123998697492682552e+00,7.952807416040343469e+02,7.737217204033885309e+02,5.529990231195115236e+00,-2.884457580754750783e+00,5.663396405871570671e+00
1.740149788342597148e+00,4.174014978834260425e+00,7.982760360720201334e+02,7.735821771934332673e+02,5.905112341256947950e+00,-2.828003250914709721e+00,5.662950061250878520e+00
2.600781504395935251e+00,4.200000000000000178e+00,7.997371828160909217e+02,7.735097000012654007e+02,6.196125040703349462e+00,-2.798673462365002251e+00,5.662503856173410455e+00
3.851188537935700928e+00,4.200000000000000178e+00,7.995311847196494455e+02,7.735097000012654007e+02,6.396190166069711580e+00,-2.798673462365002251e+00,5.662057790653522993e+00
5.101595571475142421e+00,4.200000000000000178e+00,7.993251866232080829e+02,7.735097000012654007e+02,6.596255291436022183e+00,-2.798673462365002251e+00,5.661611864705569097e+00
6.352002605014908099e+00,4.200000000000000178e+00,7.991191885267669477e+02,7.735097000012654007e+02,6.796320416802385189e+00,-2.798673462365002251e+00,5.661166078343894625e+00
8.084337349397829442e+00,4.224096385542174481e+00,8.005596183090793829e+02,7.734425027099725867e+02,6.839759036144565485e+00,-2.771505646439628379e+00,5.660720431582843659e+00
1.033507000976882395e+01,4.274112666883751466e+00,8.037796226034892015e+02,7.733030601883936015e+02,6.714718332790621247e+00,-2.715114071762113834e+00,5.660274924436754951e+00
1.258580267014040110e+01,4.324128948225342661e+00,8.070112000070415661e+02,7.731636679374213372e+02,6.589677629436644146e+00,-2.658722497084584635e+00,5.659829556919959259e+00
1.483653533051139739e+01,4.374145229566920534e+00,8.102543869321600596e+02,7.730243259298758858e+02,6.464636926082699908e+00,-2.602330922407070091e+00,5.659384329046792672e+00
1.732888309996737064e+01,4.424161510908497519e+00,8.140146398224715085e+02,7.728850341385968932e+02,6.194627157277770912e+00,-2.545969495173049157e+00,5.658939240831576178e+00
2.007977857375484732e+01,4.474177792250088714e+00,8.183328450373189753e+02,7.727457925364440143e+02,5.769488765874251079e+00,-2.489640328141351500e+00,5.658494292288629879e+00
2.283067404754162055e+01,4.524194073591665699e+00,8.226701195689590804e+02,7.726066010962961172e+02,5.344350374470839604e+00,-2.433311161109668497e+00,5.658049483432270321e+00
2.558156952132910433e+01,4.574210354933256006e+00,8.270265342058416991e+02,7.724674597910515104e+02,4.919211983067319771e+00,-2.376981994077971283e+00,5.657604814276810501e+00
3.402572451970190315e+01,4.672679908824501460e+00,8.288528936222937773e+02,7.721936717540701238e+02,4.590980136763246122e+00,-2.266263653761880548e+00,5.657160284836554531e+00
4.853044610875942766e+01,4.822728752849235079e+00,8.278807960592082509e+02,7.717768439295213057e+02,4.365906870726147027e+00,-2.097647161239843516e+00,5.656715895125809190e+00
6.303516769782070384e+01,4.972777596874007777e+00,8.267860859445842152e+02,7.713604658670077470e+02,4.140833604688988423e+00,-1.929030668717762520e+00,5.656271645158870598e+00
7.753988928687822124e+01,5.122826440898740508e+00,8.255665842570128916e+02,7.709445368389741589e+02,3.915760338651889771e+00,-1.760414176195725267e+00,5.655827534950029545e+00
9.095148160208367472e+01,5.272875284923473238e+00,8.231419477559055622e+02,7.705290561194336760e+02,3.763562357538263292e+00,-1.592064514039045253e+00,5.655383564513580374e+00
1.032054705307733400e+02,5.422924128948245936e+00,8.194118739740955562e+02,7.701140229839639915e+02,3.688537935525877387e+00,-1.423997420231694955e+00,5.654939733863802331e+00
1.154594594594598647e+02,5.572972972972977779e+00,8.155033638044160398e+02,7.696994367097023542e+02,3.613513513513511022e+00,-1.255930326424388177e+00,5.654496043014981765e+00
1.277134483881495726e+02,5.723021816997750477e+00,8.114134876638112246e+02,7.692852965753418175e+02,3.538489091501124673e+00,-1.087863232617037879e+00,5.654052491981387263e+00
1.264493650276767625e+02,5.799999999999999822e+00,8.093560636151192966e+02,7.690730069738336852e+02,3.426929338977517059e+00,-1.001641312096126057e+00,5.653609080777295404e+00
1.109443178117876556e+02,5.799999999999999822e+00,8.095862989550917064e+02,7.690730069738336852e+02,3.276880494952783884e+00,-1.001641312096126057e+00,5.653165809416969445e+00
9.543927059589455553e+01,5.799999999999999822e+00,8.098165342950638887e+02,7.690730069738336852e+02,3.126831650928012074e+00,-1.001641312096126057e+00,5.652722677914676197e+00
7.993422338000549132e+01,5.799999999999999822e+00,8.100467696350362985e+02,7.690730069738336852e+02,2.976782806903279344e+00,-1.001641312096126057e+00,5.652279686284666482e+00
6.772614783458185173e+01,5.787788993813090421e+00,8.095938970994352530e+02,7.691066745356230285e+02,2.802311950504727811e+00,-1.015300205276184808e+00,5.651836834541199117e+00
5.897329859980349909e+01,5.762780853142295712e+00,8.084261203861890408e+02,7.691756349032649496e+02,2.602246825138365693e+00,-1.043273618508950840e+00,5.651394122698516931e+00
5.022044936502740597e+01,5.737772712471507219e+00,8.072596771346607056e+02,7.692446076383945410e+02,2.402181699772055090e+00,-1.071247031741709765e+00,5.650951550770871634e+00
4.146760013024905334e+01,5.712764571800711622e+00,8.060945663835592541e+02,7.693135927443396440e+02,2.202116574405692528e+00,-1.099220444974476019e+00,5.650509118772497175e+00
3.320449365027604216e+01,5.577564311299227917e+00,8.051467124050169559e+02,7.696867578398090473e+02,2.246922826440927334e+00,-1.250860391036035857e+00,5.650066826717631052e+00
2.545197004233150295e+01,5.327482904591339441e+00,8.042445469169093712e+02,7.703779603927673634e+02,2.547020514490393239e+00,-1.531429275578612970e+00,5.649624674620500997e+00
1.769944643438496001e+01,5.077401497883386128e+00,8.031073523389898128e+02,7.710704055041927631e+02,2.847118202539936860e+00,-1.811998160121262469e+00,5.649182662495337404e+00
9.946922826440420806e+00,4.827320091175497652e+00,8.017425374453514451e+02,7.717640965276764291e+02,3.147215890589403209e+00,-2.092567044663839138e+00,5.648740790356360897e+00
5.263432106805654875e+00,4.614067079127326387e+00,7.986764755837227767e+02,7.723566174390598462e+02,3.385932920872673613e+00,-2.332268479058463129e+00,5.648299058217784996e+00
3.762943666557936773e+00,4.439010094431758979e+00,7.940051353779203964e+02,7.728436915509366827e+02,3.560989905568240577e+00,-2.529584839161761245e+00,5.647857466093825884e+00
2.262455226310606360e+00,4.263953109736237757e+00,7.893155535373889506e+02,7.733313803811749949e+02,3.736046890263762243e+00,-2.726901199265008291e+00,5.647416013998689088e+00
7.619667860628881462e-01,4.088896125040671237e+00,7.846087421711597472e+02,7.738196850942299534e+02,3.911103874959328763e+00,-2.924217559368305963e+00,5.646974701946581021e+00
0.000000000000000000e+00,4.036926082709222818e+00,7.802297243833442053e+02,7.739647692883498848e+02,4.221556496255333357e+00,-2.982749693740524677e+00,5.646533529951700103e+00
0.000000000000000000e+00,4.111950504721588295e+00,7.761518810711203287e+02,7.737553418520640207e+02,4.671703028329531548e+00,-2.898091753945888360e+00,5.646092498028238538e+00
0.000000000000000000e+00,4.186974926733974200e+00,7.720068849958483952e+02,7.735460277232258477e+02,5.121849560403846979e+00,-2.813433814151230727e+00,5.645651606190386751e+00
0.000000000000000000e+00,4.261999348746341454e+00,7.677942115179782832e+02,7.733368268099048919e+02,5.571996092478046059e+00,-2.728775874356594411e+00,5.645210854452335170e+00
0.000000000000000000e+00,4.312341256919569155e+00,7.656806457557368049e+02,7.731965149703023599e+02,5.725952458482584717e+00,-2.671985279030943961e+00,5.644770242828258233e+00
0.000000000000000000e+00,4.337349397590363864e+00,7.657725251979944687e+02,7.731268317676102697e+02,5.575903614457812907e+00,-2.643797314308017121e+00,5.644329771332336598e+00
0.000000000000000000e+00,4.362357538261153245e+00,7.658621058097158993e+02,7.730571611239793128e+02,5.425854770433080176e+00,-2.615609349585097831e+00,5.643889439978740263e+00
0.000000000000000000e+00,4.387365678931948842e+00,7.659493802210243985e+02,7.729875030360146866e+02,5.275805926408308366e+00,-2.587421384862170548e+00,5.643449248781638339e+00
0.000000000000000000e+00,4.412373819602737335e+00,7.648963807076843295e+02,7.729178575003223841e+02,5.224747639205475025e+00,-2.559241139815435773e+00,5.643009197755192830e+00
0.000000000000000000e+00,4.437381960273526715e+00,7.626731321824586303e+02,7.728482245135101039e+02,5.274763920547052898e+00,-2.531068776964383815e+00,5.642569286913563076e+00
0.000000000000000000e+00,4.462390100944322313e+00,7.604394977139106686e+02,7.727786040721861127e+02,5.324780201888644093e+00,-2.502896414113324752e+00,5.642129516270902201e+00
0.000000000000000000e+00,4.487398241615110805e+00,7.581954512450503216e+02,7.727089961729606102e+02,5.374796483230221078e+00,-2.474724051262273239e+00,5.641689885841359775e+00
0.000000000000000000e+00,4.450374470856402809e+00,7.549620595119723703e+02,7.728120529530245904e+02,5.536470205144892631e+00,-2.516478880144730201e+00,5.641250395639081816e+00
0.000000000000000000e+00,4.350341908173221306e+00,7.507450616319464416e+02,7.730906341237638344e+02,5.811559752523639766e+00,-2.629262116378575431e+00,5.640811045678207236e+00
0.000000000000000000e+00,4.250309345490066448e+00,7.465458800258342080e+02,7.733694162112827826e+02,6.086649299902317622e+00,-2.742045352612390907e+00,5.640371835972873171e+00
0.000000000000000000e+00,4.150276782806884945e+00,7.423644780693630310e+02,7.736483994330162659e+02,6.361738847281065645e+00,-2.854828588846236137e+00,5.639932766537209652e+00
0.000000000000000000e+00,4.137316834907203145e+00,7.401663187028982520e+02,7.736845584721809246e+02,6.649267339628810447e+00,-2.869428817432195356e+00,5.639493837385346708e+00
0.000000000000000000e+00,4.212341256919569510e+00,7.399398901693147081e+02,7.734752826326555351e+02,6.949365027678276796e+00,-2.784817944049431837e+00,5.639055048531401937e+00
0.000000000000000000e+00,4.287365678931955415e+00,7.396881558522007936e+02,7.732661199775878913e+02,7.249462715727820417e+00,-2.700207070666645670e+00,5.638616399989497374e+00
0.000000000000000000e+00,4.362390100944321780e+00,7.394108857542269106e+02,7.730570704151811015e+02,7.549560403777285877e+00,-2.615596197283882152e+00,5.638177891773746175e+00
1.247150765222936469e-01,4.350113969391083302e+00,7.325370099782990110e+02,7.730912691409358786e+02,7.687528492347770026e+00,-2.629456607671720292e+00,5.637739523898253502e+00
3.747964832302466687e-01,4.250081406707900911e+00,7.191622620017958525e+02,7.733700516865212649e+02,7.662520351676975316e+00,-2.742302512189305208e+00,5.637301296377124515e+00
6.248778899381350893e-01,4.150048844024746053e+00,7.059342988536678831e+02,7.736490353668167472e+02,7.637512211006185936e+00,-2.855148416706860814e+00,5.636863209224464377e+00
8.749592966460880694e-01,4.050016281341564550e+00,6.928518887993684530e+02,7.739282203995715008e+02,7.612504070335391226e+00,-2.967994321224445731e+00,5.636425262454365814e+00
8.749592966460234544e-01,3.862455226310625100e+00,6.848050273807525627e+02,7.744522358032023703e+02,7.437447085639830036e+00,-4.994695193917740639e+00,5.635987456080915337e+00
6.248778899381352003e-01,3.587365678931948576e+00,6.815637324877247920e+02,7.752220766033085511e+02,7.112341256919575194e+00,-8.935251034785785862e+00,5.635549790118203894e+00
3.747964832301821092e-01,3.312276131553200109e+00,6.781657767647053561e+02,7.759934494399747109e+02,6.787235428199236864e+00,-1.287580687565485249e+01,5.635112264580310004e+00
1.247150765222937024e-01,3.037186584174522697e+00,6.746175654977929526e+02,7.767663588910445469e+02,6.462129599478982023e+00,-1.681636271652289594e+01,5.634674879481314846e+00
0.000000000000000000e+00,2.937609899055697582e+00,6.676879770488066015e+02,7.770465156831534159e+02,6.111950504721511024e+00,-1.817924355244335644e+01,5.634237634835286279e+00
0.000000000000000000e+00,3.012634321068064391e+00,6.574054261463912781e+02,7.768354173719748132e+02,5.736828394659678310e+00,-1.697783990292305489e+01,5.633800530656298378e+00
0.000000000000000000e+00,3.087658743080431201e+00,6.469924998889033532e+02,7.766244337267603441e+02,5.361706284597845595e+00,-1.577643625340275513e+01,5.633363566958409230e+00
0.000000000000000000e+00,3.162683165092817106e+00,6.364482313473878321e+02,7.764135646541083133e+02,4.986584174535916070e+00,-1.457503260388213917e+01,5.632926743755683141e+00
0.000000000000000000e+00,3.099446434386178062e+00,6.295649898096746711e+02,7.765912948039373305e+02,4.787430804298272058e+00,-1.467323563373330231e+01,5.632490061062171094e+00
0.000000000000000000e+00,2.899381309019867459e+00,6.263648908094768331e+02,7.771541246643649856e+02,4.762422663627483566e+00,-1.605757791622603747e+01,5.632053518891923183e+00
0.000000000000000000e+00,2.699316183653504897e+00,6.231159110087234012e+02,7.777177709315773200e+02,4.737414522956688856e+00,-1.744192019871913146e+01,5.631617117258985061e+00
0.000000000000000000e+00,2.499251058287194294e+00,6.198198379884171345e+02,7.782822353832081035e+02,4.712406382285899475e+00,-1.882626248121186663e+01,5.631180856177400607e+00
0.000000000000000000e+00,2.399999999999999911e+00,6.155162177802016004e+02,7.785625668493955800e+02,4.548778899381248131e+00,-1.980498111173033848e+01,5.630744735661204814e+00
0.000000000000000000e+00,2.399999999999999911e+00,6.102542746939407152e+02,7.785625668493955800e+02,4.248681211331781782e+00,-2.038436482906454827e+01,5.630308755724428238e+00
0.000000000000000000e+00,2.399999999999999911e+00,6.049923316076799438e+02,7.785625668493955800e+02,3.948583523282315433e+00,-2.096374854639875096e+01,5.629872916381101433e+00
0.000000000000000000e+00,2.399999999999999911e+00,5.997303885214178081e+02,7.785625668493955800e+02,3.648485835232772256e+00,-2.154313226373310641e+01,5.629437217645243408e+00
0.000000000000000000e+00,2.463171605340289005e+00,5.928134318409595380e+02,7.783841172966426711e+02,3.550537284272231364e+00,-2.173373625315178614e+01,5.629001659530875834e+00
0.000000000000000000e+00,2.588212308694233244e+00,5.841212166074761853e+02,7.780311386627008687e+02,3.650569846955386666e+00,-2.154357659151937199e+01,5.628566242052013280e+00
0.000000000000000000e+00,2.713253012048209900e+00,5.752216921584077909e+02,7.776784800184360620e+02,3.750602409638567725e+00,-2.135341692988690809e+01,5.628130965222661430e+00
0.000000000000000000e+00,2.838293715402153694e+00,5.661122077339892940e+02,7.773261409289201538e+02,3.850634972321723026e+00,-2.116325726825448683e+01,5.627695829056825083e+00
0.000000000000000000e+00,2.874666232497547824e+00,5.615786262102690216e+02,7.772237105601579970e+02,3.836665581243868139e+00,-2.053302485707572700e+01,5.627260833568511700e+00
0.000000000000000000e+00,2.824649951155970395e+00,5.616513645339201730e+02,7.773645707434379801e+02,3.711624877889923901e+00,-1.947403262050401196e+01,5.626825978771709202e+00
0.000000000000000000e+00,2.774633669814392523e+00,5.617157533195628503e+02,7.775054819935795649e+02,3.586584174535980551e+00,-1.841504038393230047e+01,5.626391264680411730e+00
0.000000000000000000e+00,2.724617388472801771e+00,5.617718440707914169e+02,7.776464443383582648e+02,3.461543471182004339e+00,-1.735604814736031187e+01,5.625956691308608981e+00
0.000000000000000000e+00,2.687300553565612482e+00,5.597864995476361401e+02,7.777516487611151206e+02,3.476196678606327861e+00,-1.743042907806939823e+01,5.625522258670277331e+00
0.000000000000000000e+00,2.662292412894823546e+00,5.558375872372982940e+02,7.778221681802061767e+02,3.626245522631060592e+00,-1.860331015552703349e+01,5.625087966779399373e+00
0.000000000000000000e+00,2.637284272224027948e+00,5.519007016433934041e+02,7.778927003885714839e+02,3.776294366655832402e+00,-1.977619123298497072e+01,5.624653815649946154e+00
0.000000000000000000e+00,2.612276131553239011e+00,5.479758161054024868e+02,7.779632453896896322e+02,3.926343210680565576e+00,-2.094907231044261664e+01,5.624219805295886943e+00
0.000000000000000000e+00,2.498143927059550240e+00,5.439824248087210208e+02,7.782853613268639492e+02,3.885411917941993920e+00,-1.948766879446020184e+01,5.623785935731185681e+00
0.000000000000000000e+00,2.298078801693239193e+00,5.399092504714752749e+02,7.788506502882607947e+02,3.660338651904894824e+00,-1.548630289554645856e+01,5.623352206969803646e+00
0.000000000000000000e+00,2.098013676326929033e+00,5.358300397873342718e+02,7.794167610147665073e+02,3.435265385867795285e+00,-1.148493699663271173e+01,5.622918619025690568e+00
0.000000000000000000e+00,1.897948550960566472e+00,5.317456739352884370e+02,7.799836952995940464e+02,3.210192119830637125e+00,-7.483571097717936382e+00,5.622485171912804169e+00
8.935200260502622616e-01,1.723412569195691857e+00,5.259725639115879403e+02,7.804789604427278391e+02,2.870237707587075526e+00,-5.612314413613223252e+00,5.622051865645086188e+00
2.644089873005480928e+00,1.573363725170958904e+00,5.186509927418442203e+02,7.809052436834836044e+02,2.420091175512876447e+00,-5.784223711059083506e+00,5.621618700236478361e+00
4.394659719961152788e+00,1.423314881146186872e+00,5.114189082746169106e+02,7.813319928348288386e+02,1.969944643438560572e+00,-5.956133008504988169e+00,5.621185675700917983e+00
6.145229566916371233e+00,1.273266037121453920e+00,5.042753627081245895e+02,7.817592086610137585e+02,1.519798111364361937e+00,-6.128042305950847535e+00,5.620752792052339686e+00
1.160696841419907344e+01,1.212797134483886152e+00,5.001702278197858504e+02,7.819315065161467828e+02,1.274405731032227429e+00,-7.537555619208817781e+00,5.620320049304669219e+00
2.060989905568305502e+01,1.237805275154675089e+00,4.988972214566624643e+02,7.818602400358806790e+02,1.224389449690649778e+00,-1.012798879488168780e+01,5.619887447471828779e+00
2.961282969716703661e+01,1.262813415825464025e+00,4.976178451880497278e+02,7.817889865451113565e+02,1.174373168349071905e+00,-1.271842197055455514e+01,5.619454986567738786e+00
3.861576033865334523e+01,1.287821556496259401e+00,4.963320824159360427e+02,7.817177460402875795e+02,1.124356887007481376e+00,-1.530885514622809573e+01,5.619022666606314331e+00
4.928655161185357514e+01,1.415467274503433348e+00,4.953962760745884566e+02,7.813543247988516214e+02,1.125659394334096230e+00,-1.698563794826933560e+01,5.618590487601464289e+00
6.154054054054010692e+01,1.640540540540532888e+00,4.946722739755559246e+02,7.807143392685318304e+02,1.175675675675673659e+00,-1.779514856823423941e+01,5.618158449567093093e+00
7.379452946922980061e+01,1.865613806577690381e+00,4.937793018418202564e+02,7.800754012687979184e+02,1.225691957017264633e+00,-1.860465918819935638e+01,5.617726552517103400e+00
8.604851839791633950e+01,2.090687072614790143e+00,4.927126851455116707e+02,7.794375082298502093e+02,1.275708238358842284e+00,-1.941416980816426374e+01,5.617294796465387208e+00
9.881699772061469389e+01,2.302898078801731252e+00,4.915745982594505108e+02,7.788370236496012922e+02,1.325724519700433035e+00,-1.995020835426289096e+01,5.616863181425841844e+00
1.120713122761327867e+02,2.502963204168041855e+00,4.903850060688506574e+02,7.782717544612522715e+02,1.375740801042010464e+00,-2.022800618250788318e+01,5.616431707412352203e+00
1.253256268316508653e+02,2.703028329534352903e+00,4.890491341704435513e+02,7.777073052069944197e+02,1.425757082383587893e+00,-2.050580401075287185e+01,5.616000374438797849e+00
1.385799413871723971e+02,2.903093454900715020e+00,4.875635023716812384e+02,7.771436741041247842e+02,1.475773363725178866e+00,-2.078360183899794222e+01,5.615569182519059233e+00
1.564763920547066220e+02,3.116053402800404104e+00,4.876467688872010626e+02,7.765446121697710851e+02,1.641843047867160399e+00,-2.074418199954924802e+01,5.615138131667010590e+00
1.787336372517086716e+02,3.341126668837503200e+00,4.892452042798484513e+02,7.759124782051468401e+02,1.916932595245837589e+00,-2.040676980560055753e+01,5.614707221896521716e+00
2.009908824487164907e+02,3.566199934874661359e+00,4.907553945679928233e+02,7.752813725609172479e+02,2.192022142624586056e+00,-2.006935761165177468e+01,5.614276453221452634e+00
2.232481276457185402e+02,3.791273200911760899e+00,4.921744833821443308e+02,7.746512927299006606e+02,2.467111690003263469e+00,-1.973194541770308774e+01,5.613845825655666921e+00
2.378782155649639378e+02,3.964636926082731883e+00,4.920281300580486459e+02,7.741666686216044582e+02,2.832692933897837051e+00,-1.890998472136378439e+01,5.613415339213017496e+00
2.453806577662006134e+02,4.089677629436676121e+00,4.904306965423991755e+02,7.738175037921494095e+02,3.282839465972036130e+00,-1.763520917770287255e+01,5.612984993907357278e+00
2.528830999674372606e+02,4.214718332790620359e+00,4.887626120563120367e+02,7.734686537815086922e+02,3.732985998046235210e+00,-1.636043363404196072e+01,5.612554789752532081e+00
2.603855421686758405e+02,4.339759036144598348e+00,4.870228882795823893e+02,7.731201181640969935e+02,4.183132530120551529e+00,-1.508565809038072025e+01,5.612124726762384164e+00
2.572608270921517146e+02,4.412959947899707913e+00,4.849739092990527070e+02,7.729162253335966852e+02,4.464799739498542586e+00,-1.391739132161389492e+01,5.611694804950746907e+00
2.442565939433414712e+02,4.437968088570497294e+00,4.826800105347945191e+02,7.728465926408580344e+02,4.589840442852485936e+00,-1.284814024810031796e+01,5.611265024331458129e+00
2.312523607945279025e+02,4.462976229241292891e+00,4.803764352981370962e+02,7.727769724935283193e+02,4.714881146206463036e+00,-1.177888917458646389e+01,5.610835384918341440e+00
2.182481276457177160e+02,4.487984369912081384e+00,4.780631599202056350e+02,7.727073648882176258e+02,4.839921849560407274e+00,-1.070963810107288694e+01,5.610405886725224001e+00
1.997870400520959890e+02,4.474014978834246925e+00,4.769565129575780702e+02,7.727462457154748563e+02,4.861022468251370299e+00,-1.104934132596640062e+01,5.609976529765922315e+00
1.762793878215544794e+02,4.423998697492669052e+00,4.769674124704270639e+02,7.728854874809597959e+02,4.785998046239003934e+00,-1.269206243585225380e+01,5.609547314054252887e+00
1.527717355910129982e+02,4.373982416151091179e+00,4.769717314954265817e+02,7.730247794356590703e+02,4.710973624226636680e+00,-1.433478354573810165e+01,5.609118239604022449e+00
1.292640833604654063e+02,4.323966134809500872e+00,4.769695606135526873e+02,7.731641216067133655e+02,4.635949202214251663e+00,-1.597750465562437583e+01,5.608689306429038623e+00
1.069286877238673554e+02,4.208824487137730941e+00,4.797312421036874639e+02,7.734850899085046194e+02,4.378573754477346647e+00,-1.689525010627808399e+01,5.608260514543102815e+00
8.567176815369134601e+01,4.033767502442163533e+00,4.848814833383278255e+02,7.739735888158052148e+02,3.953435363073826814e+00,-1.714601795043856214e+01,5.607831863960008434e+00
6.441484858352083620e+01,3.858710517746641866e+00,4.898263320316648333e+02,7.744627051415654932e+02,3.528296971670416671e+00,-1.739678579459897279e+01,5.607403354693549780e+00
4.315792901335032639e+01,3.683653533051120199e+00,4.945695453209906987e+02,7.749524400570678608e+02,3.103158580267006528e+00,-1.764755363875938698e+01,5.606974986757513157e+00
2.908270921523799046e+01,3.469423640507932838e+00,4.987622493940883146e+02,7.755526075209954797e+02,2.625789645066659350e+00,-1.766400969397430742e+01,5.606546760165682208e+00
2.158026701400133973e+01,3.219342233800044806e+00,5.023546002478789205e+02,7.762543904521164677e+02,2.100618690980094350e+00,-1.746602079521674966e+01,5.606118674931834356e+00
1.407782481276468900e+01,2.969260827092156330e+00,5.056507214529191856e+02,7.769574445938156941e+02,1.575447736893528683e+00,-1.726803189645918835e+01,5.605690731069741695e+00
6.575382611526098486e+00,2.719179420384203461e+00,5.086588319966506901e+02,7.776617734032336102e+02,1.050276782806827347e+00,-1.707004299770157729e+01,5.605262928593173655e+00
2.607294041028944687e+00,2.469098013676314984e+00,5.102417095896562387e+02,7.783673803500570330e+02,7.476392054705259804e-01,-1.603212928580542140e+01,5.604835267515895225e+00
1.857049820905085635e+00,2.219016606968361671e+00,5.105685266153026873e+02,7.790742689165776937e+02,6.476066427873448106e-01,-1.422950790821575673e+01,5.604407747851666954e+00
1.106805600781420651e+00,1.968935200260473639e+00,5.107069920158948548e+02,7.797824425977485134e+02,5.475740801041895089e-01,-1.242688653062655568e+01,5.603980369614244061e+00
3.565613806577554445e-01,1.718853793552585385e+00,5.106616677250682415e+02,7.804919049012418100e+02,4.475415174210341518e-01,-1.062426515303735641e+01,5.603553132817374660e+00
0.000000000000000000e+00,1.560631716053389795e+00,5.104875523749400372e+02,7.809414362859336052e+02,3.868772386844632205e-01,-1.126045105093947818e+01,5.603126037474807752e+00
0.000000000000000000e+00,1.485607294041023207e+00,5.103044447039781062e+02,7.811547723513483561e+02,3.618690980136743396e-01,-1.410548224798274219e+01,5.602699083600286123e+00
0.000000000000000000e+00,1.410582872028656620e+00,5.101069517482706601e+02,7.813682250060769547e+02,3.368609573428855697e-01,-1.695051344502601154e+01,5.602272271207544563e+00
0.000000000000000000e+00,1.335558450016270715e+00,5.098952149411987307e+02,7.815817943457205956e+02,3.118528166720901940e-01,-1.979554464207001629e+01,5.601845600310314310e+00
0.000000000000000000e+00,1.313155323998698609e+00,5.096525953806697657e+02,7.816455911617672427e+02,2.736893520026026927e-01,-2.143702731115062576e+01,5.601419070922327492e+00
0.000000000000000000e+00,1.338163464669493763e+00,5.093894191475496882e+02,7.815743767871591672e+02,2.236730706610121078e-01,-2.199412467285950612e+01,5.600992683057302024e+00
0.000000000000000000e+00,1.363171605340282699e+00,5.091234680843376736e+02,7.815031753878052996e+02,1.736567893194344570e-01,-2.255122203456824082e+01,5.600566436728962927e+00
0.000000000000000000e+00,1.388179746011071636e+00,5.088547341264638817e+02,7.814319869601597475e+02,1.236405079778567784e-01,-2.310831939627697906e+01,5.600140331951021899e+00
0.000000000000000000e+00,1.426375773363733668e+00,5.098671485180023524e+02,7.813232827882726497e+02,1.131878866818668283e-01,-2.333066642725973594e+01,5.599714368737185310e+00
0.000000000000000000e+00,1.476392054705311541e+00,5.120359606533204442e+02,7.811809844285329518e+02,1.381960273526556815e-01,-2.325297797662883426e+01,5.599288547101163083e+00
0.000000000000000000e+00,1.526408336046889413e+00,5.142130037830552283e+02,7.810387378914801957e+02,1.632041680234444792e-01,-2.317528952599793612e+01,5.598862867056655368e+00
0.000000000000000000e+00,1.576424617388479943e+00,5.163983052488717931e+02,7.808965431488104514e+02,1.882123086942397716e-01,-2.309760107536700957e+01,5.598437328617356101e+00
0.000000000000000000e+00,1.494236405079770513e+00,5.181171259012302244e+02,7.811302290681637714e+02,1.735591012699425340e-01,-2.259654033369243109e+01,5.598011931796957441e+00
0.000000000000000000e+00,1.294171279713408174e+00,5.192968665014054750e+02,7.816996596976330238e+02,1.235428199283519352e-01,-2.171799001231870463e+01,5.597586676609147993e+00
0.000000000000000000e+00,1.094106154347097570e+00,5.203256848239396959e+02,7.822699211432086486e+02,7.352653858677427046e-02,-2.083943969094520199e+01,5.597161563067607482e+00
0.000000000000000000e+00,8.940410289807867450e-01,5.212071866736944230e+02,7.828410152244964593e+02,2.351025724519658841e-02,-1.996088936957170645e+01,5.596736591186018295e+00
0.000000000000000000e+00,6.939759036144241833e-01,5.212640259589992411e+02,7.834129437664188345e+02,0.000000000000000000e+00,-1.909298717003454016e+01,5.596311760978050387e+00
0.000000000000000000e+00,4.939107782481135245e-01,5.206048377894959458e+02,7.839857085992357497e+02,0.000000000000000000e+00,-1.823452961910446035e+01,5.595887072457371936e+00
0.000000000000000000e+00,2.938456528818028102e-01,5.198450191149155444e+02,7.845593115585629675e+02,0.000000000000000000e+00,-1.737607206817438410e+01,5.595462525637647566e+00
0.000000000000000000e+00,9.378052751544040111e-02,5.189872573187197986e+02,7.851337544853930694e+02,0.000000000000000000e+00,-1.651761451724408758e+01,5.595038120532539239e+00
0.000000000000000000e+00,-3.985672419407626510e-02,5.174609114120997901e+02,7.855179332490057504e+02,0.000000000000000000e+00,-1.558517535580236490e+01,5.594613857155700920e+00
0.000000000000000000e+00,-1.148811462064621841e-01,5.154107040557363462e+02,7.857337773835250800e+02,0.000000000000000000e+00,-1.458745830273248067e+01,5.594189735520781248e+00
0.000000000000000000e+00,-1.899055682188287297e-01,5.133657511351378844e+02,7.859497401696845600e+02,0.000000000000000000e+00,-1.358974124966285402e+01,5.593765755641427084e+00
0.000000000000000000e+00,-2.649299902311951782e-01,5.113260561912485400e+02,7.861658217053465023e+02,0.000000000000000000e+00,-1.259202419659322914e+01,5.593341917531283514e+00
0.000000000000000000e+00,-2.866818625854729019e-01,5.087970338295569945e+02,7.862284925645875546e+02,2.663627482905409419e-02,-1.182765951630184631e+01,5.592918221203983187e+00
0.000000000000000000e+00,-2.616737219146840765e-01,5.058254207007348100e+02,7.861564406999673338e+02,7.665255617063176929e-02,-1.126812002385280032e+01,5.592494666673158754e+00
0.000000000000000000e+00,-2.366655812438952233e-01,5.028411280975531668e+02,7.860844020401482339e+02,1.266688375122094756e-01,-1.070858053140375254e+01,5.592071253952439314e+00
0.000000000000000000e+00,-2.116574405730998754e-01,4.998441239258885957e+02,7.860123765815005754e+02,1.766851188538000605e-01,-1.014904103895456444e+01,5.591647983055446858e+00
0.000000000000000000e+00,-2.000000000000000111e-01,4.977194084456253904e+02,7.859788067241287308e+02,1.866492999023110499e-01,-9.612837736240111397e+00,5.591224853995801602e+00
0.000000000000000000e+00,-2.000000000000000111e-01,4.963645034552796460e+02,7.859788067241287308e+02,1.616411592315157575e-01,-9.097010911391336663e+00,5.590801866787115770e+00
0.000000000000000000e+00,-2.000000000000000111e-01,4.950095984649344700e+02,7.859788067241287308e+02,1.366330185607269321e-01,-8.581184086542693379e+00,5.590379021442998919e+00
0.000000000000000000e+00,-2.000000000000000111e-01,4.936546934745892372e+02,7.859788067241287308e+02,1.116248778899380650e-01,-8.065357261694051871e+00,5.589956317977057054e+00
0.000000000000000000e+00,-1.464669488765713012e-01,4.931647413357484879e+02,7.858246847493247742e+02,1.669163139042857957e-01,-8.898872859964544801e+00,5.589533756402892628e+00
0.000000000000000000e+00,-4.643438619341592327e-02,4.934066425481631200e+02,7.855368523409177897e+02,2.919570172582300338e-01,-1.090444501554214973e+01,5.589111336734096547e+00
0.000000000000000000e+00,5.359817648973931592e-02,4.936229126863041188e+02,7.852492307102137374e+02,4.169977206121741609e-01,-1.291001717111975111e+01,5.588689058984264157e+00
0.000000000000000000e+00,1.536307391729205551e-01,4.938132097171456962e+02,7.849618196257708860e+02,5.420384239661507619e-01,-1.491558932669787296e+01,5.588266923166980149e+00
0.000000000000000000e+00,2.670791273200949223e-01,4.947907953084800283e+02,7.846361170270967023e+02,6.268316509280378312e-01,-1.636145138329890258e+01,5.587844929295824770e+00
0.000000000000000000e+00,3.921198306740714123e-01,4.964537528986234634e+02,7.842774466621425518e+02,6.768479322696286937e-01,-1.732368044175554189e+01,5.587423077384378267e+00
0.000000000000000000e+00,5.171605340280156504e-01,4.981014165764289601e+02,7.839191040558762325e+02,7.268642136112062335e-01,-1.828590950021193251e+01,5.587001367446214672e+00
0.000000000000000000e+00,6.422012373819598885e-01,4.997334181825054316e+02,7.835610887592362133e+02,7.768804949527839954e-01,-1.924813855866831958e+01,5.586579799494900911e+00
0.000000000000000000e+00,7.268967762943744360e-01,5.015396251760192854e+02,7.833187750428753588e+02,8.268967762943745248e-01,-1.934754571909768828e+01,5.586158373543997691e+00
0.000000000000000000e+00,7.769130576359520868e-01,5.035109257189181449e+02,7.831757489641473740e+02,8.769130576359521756e-01,-1.870530209550883427e+01,5.585737089607071049e+00
0.000000000000000000e+00,8.269293389775299596e-01,5.054891607643806992e+02,7.830327751061128083e+02,9.269293389775299374e-01,-1.806305847191998382e+01,5.585315947697668371e+00
0.000000000000000000e+00,8.769456203191203780e-01,5.074743516891958848e+02,7.828898534401768075e+02,9.769456203191204668e-01,-1.742081484833096283e+01,5.584894947829345924e+00
0.000000000000000000e+00,9.269619016606981399e-01,5.100827807578871216e+02,7.827469839377660037e+02,1.026961901660698118e+00,-1.770702251857947829e+01,5.584474090015643988e+00
0.000000000000000000e+00,9.769781830022887803e-01,5.132314944508135568e+02,7.826041665703277204e+02,1.076978183002288647e+00,-1.878712332413823560e+01,5.584053374270108172e+00
0.000000000000000000e+00,1.026994464343866653e+00,5.163954981761791032e+02,7.824614013093299718e+02,1.126994464343866520e+00,-1.986722412969671225e+01,5.583632800606271651e+00
0.000000000000000000e+00,1.077010745685444526e+00,5.195748529754959009e+02,7.823186881262616907e+02,1.177010745685443949e+00,-2.094732493525518535e+01,5.583212369037667600e+00
0.000000000000000000e+00,1.113513513513517461e+00,5.228887763078023454e+02,7.822145663746134687e+02,1.078378378378343827e+00,-2.110950913384981931e+01,5.582792079577823863e+00
0.000000000000000000e+00,1.138521654184306175e+00,5.263156198017946963e+02,7.821432482903105665e+02,8.533051123412441763e-01,-2.049091125471387187e+01,5.582371932240260293e+00
0.000000000000000000e+00,1.163529794855095112e+00,5.297528918318199658e+02,7.820719432096149148e+02,6.282318463041446366e-01,-1.987231337557793864e+01,5.581951927038498518e+00
0.000000000000000000e+00,1.188537935525890488e+00,5.332006157092075682e+02,7.820006511289700484e+02,4.031585802669869212e-01,-1.925371549644183133e+01,5.581532063986049508e+00
1.083686095734333721e+00,1.199999999999999956e+00,5.374005441350500405e+02,7.819679799356694048e+02,3.948225333767541034e-01,-1.751302715312402469e+01,5.581112343096425121e+00
3.084337349397957784e+00,1.199999999999999956e+00,5.422304928892561975e+02,7.819679799356694048e+02,5.698795180723211784e-01,-1.482287764780579131e+01,5.580692764383124782e+00
5.084988603061064261e+00,1.199999999999999956e+00,5.470604416434616724e+02,7.819679799356694048e+02,7.449365027678431783e-01,-1.213272814248825249e+01,5.580273327859655019e+00
7.085639856724171182e+00,1.199999999999999956e+00,5.518903903976668062e+02,7.819679799356694048e+02,9.199934874633651782e-01,-9.442578637170708333e+00,5.579854033539503710e+00
1.478931943992373022e+01,1.281471833279084649e+00,5.567992365093710987e+02,7.817358332198963353e+02,1.122207749918626929e+00,-8.116345244647332535e+00,5.579434881436167615e+00
2.729338977531814692e+01,1.431520677303817601e+00,5.618017519894234511e+02,7.813086429347744115e+02,1.347281015955726691e+00,-7.938156349943843004e+00,5.579015871563130169e+00
3.979746011071580369e+01,1.581569521328589634e+00,5.668397341293863292e+02,7.808819192826539393e+02,1.572354281992884628e+00,-7.759967455240307288e+00,5.578597003933873033e+00
5.230153044611022040e+01,1.731618365353322586e+00,5.719133393887856300e+02,7.804556614993762196e+02,1.797427548029983946e+00,-7.581778560536819533e+00,5.578178278561872538e+00
7.052230543796851236e+01,1.936112015630092831e+00,5.763057105739143253e+02,7.798754859829540464e+02,2.036112015630092476e+00,-7.339882507329356542e+00,5.577759695460604128e+00
9.352979485510022073e+01,2.186193422338045700e+00,5.800515980510161853e+02,7.791671433703558023e+02,2.286193422338045345e+00,-7.044643139585011760e+00,5.577341254643530810e+00
1.165372842722259463e+02,2.436274829045934176e+00,5.837243634465065725e+02,7.784600863320634971e+02,2.536274829045933821e+00,-6.749403771840742472e+00,5.576922956124120034e+00
1.395447736893517003e+02,2.686356235753822652e+00,5.873206107613073073e+02,7.777543113714579022e+02,2.786356235753821853e+00,-6.454164404096473184e+00,5.576504799915826815e+00
1.624158254640215375e+02,2.963725170954130572e+00,5.903295304361226954e+02,7.769730213973390391e+02,3.131943992185018288e+00,-5.870358150792887919e+00,5.576086786032107945e+00
1.851732334744393711e+02,3.263822859003596477e+00,5.927494040489299323e+02,7.761294752787460993e+02,3.557082383588427987e+00,-5.046194276820900271e+00,5.575668914486410443e+00
2.079306414848631164e+02,3.563920547053140542e+00,5.949708757034885593e+02,7.752877588204709127e+02,3.982220774991948709e+00,-4.222030402848698571e+00,5.575251185292183109e+00
2.306880494952809499e+02,3.864018235102606003e+00,5.969854715744168061e+02,7.744478660761349147e+02,4.407359166395358407e+00,-3.397866528876710035e+00,5.574833598462864082e+00
2.471543471182027076e+02,4.082057961576035510e+00,5.999345441350859574e+02,7.738387720120191489e+02,4.873526538586785861e+00,-2.931899656229707940e+00,5.574416154011886171e+00
2.584080104200605774e+02,4.232106805600808208e+00,6.037920721905036316e+02,7.734201667366494348e+02,5.373689352002692488e+00,-2.762724584680425366e+00,5.573998851952683076e+00
2.696616737219155766e+02,4.382155649625541827e+00,6.076562792513287832e+02,7.730020141024346003e+02,5.873852165418469440e+00,-2.593549513131186757e+00,5.573581692298684942e+00
2.809153370237705758e+02,4.532204493650274557e+00,6.115269065193093638e+02,7.725843133756040970e+02,6.374014978834245504e+00,-2.424374441581947703e+00,5.573164675063308593e+00
2.757183327906192858e+02,4.599999999999999645e+00,6.175743574449317066e+02,7.723957346367269565e+02,6.695962227287553858e+00,-2.347937267327267818e+00,5.572747800259971740e+00
2.569622272875276394e+02,4.599999999999999645e+00,6.254122948553667811e+02,7.723957346367269565e+02,6.871019211983075969e+00,-2.347937267327267818e+00,5.572331067902091206e+00
2.382061217844311614e+02,4.599999999999999645e+00,6.332502322658039020e+02,7.723957346367269565e+02,7.046076196678642489e+00,-2.347937267327267818e+00,5.571914478003070492e+00
2.194500162813395434e+02,4.599999999999999645e+00,6.410881696762389765e+02,7.723957346367269565e+02,7.221133181374163712e+00,-2.347937267327267818e+00,5.571498030576315763e+00
1.973959622272872423e+02,4.572517095408660914e+00,6.466376153194254357e+02,7.724721694843719888e+02,7.176326929338975980e+00,-2.378888971086867699e+00,5.571081725635227855e+00
1.726379029631998776e+02,4.522500814067070607e+00,6.502841057647756315e+02,7.726113124864489237e+02,6.951253663301817376e+00,-2.435218138118565800e+00,5.570665563193196057e+00
1.478798436991189362e+02,4.472484532725492734e+00,6.538963971393283146e+02,7.727505056243463741e+02,6.726180397264718280e+00,-2.491547305150248359e+00,5.570249543263613212e+00
1.231217844350379949e+02,4.422468251383915749e+00,6.574746609046312642e+02,7.728897489251667139e+02,6.501107131227619185e+00,-2.547876472181931806e+00,5.569833665859865945e+00
1.033223705633322282e+02,4.413774014978837812e+00,6.598207321584325200e+02,7.729139584468019848e+02,6.427548029957676157e+00,-2.557663780957888378e+00,5.569417930995335553e+00
8.756724194073525780e+01,4.438782155649626304e+00,6.611837958244356059e+02,7.728443261624960314e+02,6.477564311299253141e+00,-2.529491418106836420e+00,5.569002338683391784e+00
7.181211331813420884e+01,4.463790296320422790e+00,6.625493703743252354e+02,7.727747064234885102e+02,6.527580592640843449e+00,-2.501319055255777357e+00,5.568586888937415047e+00
5.605698469553724550e+01,4.488798436991211283e+00,6.639174598516461856e+02,7.727050992263896205e+02,6.577596873982421322e+00,-2.473146692404725844e+00,5.568171581770765322e+00
4.485802670140013504e+01,4.541419732985998436e+00,6.628442562342361271e+02,7.725586750272475456e+02,6.779485509605994054e+00,-2.670876610239104831e+00,5.567756417196808805e+00
3.735558450016154097e+01,4.616444154998384342e+00,6.597481457943298437e+02,7.723500077483727182e+02,7.104591338326333272e+00,-3.051885736931528648e+00,5.567341395228901035e+00
2.985314229892489379e+01,4.691468577010751595e+00,6.565991659157054983e+02,7.721414531606815217e+02,7.429697167046588113e+00,-3.432894863623852988e+00,5.566926515880399329e+00
2.235070009768823951e+01,4.766492999023117960e+00,6.533969022367973594e+02,7.719330111729101418e+02,7.754802995766842955e+00,-3.813903990316177772e+00,5.566511779164645901e+00
1.678573754477314495e+01,4.813839140345167245e+00,6.496032746810341223e+02,7.718015262662719351e+02,7.886160859654832933e+00,-3.710948490980805037e+00,5.566097185094990074e+00
1.278443503744693466e+01,4.838847281015957513e+00,6.453504883434567319e+02,7.717320942680909184e+02,7.861152718984043553e+00,-3.217405069933789274e+00,5.565682733684768735e+00
8.783132530119685200e+00,4.863855421686752223e+00,6.410806780288442042e+02,7.716626747611229575e+02,7.836144578313247067e+00,-2.723861648886646059e+00,5.565268424947317882e+00
4.781830022793470469e+00,4.888863562357540715e+00,6.367938027954811560e+02,7.715932677419976926e+02,7.811136437642459462e+00,-2.230318227839629852e+00,5.564854258895966410e+00
2.583848909150110451e+00,4.886128296971671503e+00,6.395410170653350406e+02,7.716008585265843749e+02,7.786128296971670082e+00,-2.547938604395125761e+00,5.564440235544042324e+00
1.833604689026251400e+00,4.861120156300875905e+00,6.479208478879372706e+02,7.716702669114033597e+02,7.761120156300874484e+00,-3.516774987476678493e+00,5.564026354904862970e+00
1.083360468902586415e+00,4.836112015630085637e+00,6.562693667543182983e+02,7.717396877844334995e+02,7.736112015630086880e+00,-4.485611370557979427e+00,5.563612616991749249e+00
3.331162487789212090e-01,4.811103874959298032e+00,6.645866473979567672e+02,7.718091211490456089e+02,7.711103874959297499e+00,-5.454447753639281693e+00,5.563199021818011403e+00
0.000000000000000000e+00,4.786095734288501546e+00,6.688160103576785787e+02,7.718785670086115260e+02,7.713904265711498454e+00,-5.377225005132372004e+00,5.562785569396953456e+00
0.000000000000000000e+00,4.761087593617713054e+00,6.697943383378583349e+02,7.719480253665045666e+02,7.738912406382286946e+00,-4.464624823671122122e+00,5.562372259741882097e+00
0.000000000000000000e+00,4.736079452946918344e+00,6.707669950138190416e+02,7.720174962260990696e+02,7.763920547053081656e+00,-3.552024642209635985e+00,5.561959092866095133e+00
0.000000000000000000e+00,4.711071312276129852e+00,6.717339952108301304e+02,7.720869795907703974e+02,7.788928687723870148e+00,-2.639424460748385215e+00,5.561546068782885044e+00
0.000000000000000000e+00,4.713936828394659884e+00,6.713854875192814688e+02,7.720790173207825546e+02,7.786063171605340116e+00,-2.219734472642459266e+00,5.561133187505538089e+00
0.000000000000000000e+00,4.738944969065455481e+00,6.699896289847633852e+02,7.720095353891558716e+02,7.761055030934544519e+00,-2.191608656828051060e+00,5.560720449047344971e+00
0.000000000000000000e+00,4.763953109736243086e+00,6.685866197648806519e+02,7.719400659622192507e+02,7.736046890263756914e+00,-2.163482841013650404e+00,5.560307853421579516e+00
0.000000000000000000e+00,4.788961250407032466e+00,6.671764415899966707e+02,7.718706090365974433e+02,7.711038749592967534e+00,-2.135357025199250192e+00,5.559895400641520880e+00
0.000000000000000000e+00,4.799999999999999822e+00,6.652317910092167494e+02,7.718399542916025666e+02,7.658091826766516341e+00,-2.122942114312422746e+00,5.559483090720436671e+00
0.000000000000000000e+00,4.799999999999999822e+00,6.628688863181416764e+02,7.718399542916025666e+02,7.583067404754149088e+00,-2.122942114312422746e+00,5.559070923671594500e+00
0.000000000000000000e+00,4.799999999999999822e+00,6.605059816270658075e+02,7.718399542916025666e+02,7.508042982741763183e+00,-2.122942114312422746e+00,5.558658899508254869e+00
0.000000000000000000e+00,4.799999999999999822e+00,6.581430769359907345e+02,7.718399542916025666e+02,7.433018560729397706e+00,-2.122942114312422746e+00,5.558247018243674731e+00
0.000000000000000000e+00,4.814001953760989494e+00,6.609946099249900726e+02,7.718010741946297912e+02,7.666037121458806780e+00,-2.107203226426444420e+00,5.557835279891108371e+00
0.000000000000000000e+00,4.839010094431785980e+00,6.679620862531394323e+02,7.717316422777827256e+02,8.141191794203917809e+00,-2.079092840620786919e+00,5.557423684463798530e+00
0.000000000000000000e+00,4.864018235102574472e+00,6.749515966324560168e+02,7.716622228521266607e+02,8.616346466948906269e+00,-2.050982454815136080e+00,5.557012231974991501e+00
0.000000000000000000e+00,4.889026375773362076e+00,6.819631900825751245e+02,7.715928159142914637e+02,9.091501139693894729e+00,-2.022872069009484797e+00,5.556600922437926471e+00
0.000000000000000000e+00,4.885965483555843036e+00,6.878951682765460873e+02,7.716013103637098993e+02,9.328069032888317125e+00,-2.026312663105492629e+00,5.556189755865835522e+00
0.000000000000000000e+00,4.860957342885053656e+00,6.929549616856711509e+02,7.716707188298213396e+02,9.378085314229892333e+00,-2.054423048911143468e+00,5.555778732271947185e+00
0.000000000000000000e+00,4.835949202214257170e+00,6.979948283140302010e+02,7.717401397841661037e+02,9.428101595571485305e+00,-2.082533434716801413e+00,5.555367851669488211e+00
0.000000000000000000e+00,4.810941061543469566e+00,7.030148158242473073e+02,7.718095732301145517e+02,9.478117876913062290e+00,-2.110643820522452252e+00,5.554957114071676472e+00
0.000000000000000000e+00,4.785932920872679297e+00,7.058421550051077702e+02,7.718790191710389763e+02,9.401530446108759875e+00,-2.138762885708024974e+00,5.554546519491728951e+00
0.000000000000000000e+00,4.760924780201884587e+00,7.069702454432757577e+02,7.719484776103124659e+02,9.226473461413194244e+00,-2.166888701522432736e+00,5.554136067942857302e+00
0.000000000000000000e+00,4.735916639531096095e+00,7.080920177754543374e+02,7.720179485513092459e+02,9.051416476717671245e+00,-2.195014517336833393e+00,5.553725759438261633e+00
0.000000000000000000e+00,4.710908498860301385e+00,7.092074884142278961e+02,7.720874319974047921e+02,8.876359492022105613e+00,-2.223140333151241155e+00,5.553315593991150045e+00
0.000000000000000000e+00,4.587202865516093908e+00,7.118886521195706791e+02,7.724313238627613600e+02,8.912797134483906092e+00,-2.362583994386220354e+00,5.552905571614717317e+00
0.000000000000000000e+00,4.387137740149784193e+00,7.155806549935539351e+02,7.729881378837740158e+02,9.112862259850215807e+00,-2.588151161893410990e+00,5.552495692322156451e+00
0.000000000000000000e+00,4.187072614783421187e+00,7.190167054430698954e+02,7.735457552526111158e+02,9.312927385216580589e+00,-2.813718329400659801e+00,5.552085956126653343e+00
0.000000000000000000e+00,3.987007489417110584e+00,7.222024711531331604e+02,7.741041777090817959e+02,9.512992510582888528e+00,-3.039285496907849993e+00,5.551676363041394779e+00
0.000000000000000000e+00,3.829338977531749233e+00,7.228815826662726067e+02,7.745448309873885364e+02,9.373884728101598895e+00,-3.217341565105276135e+00,5.551266913079553333e+00
0.000000000000000000e+00,3.704298274177772576e+00,7.217341667838975354e+02,7.748946526482751551e+02,8.973754477368874660e+00,-3.358833791898458099e+00,5.550857606254308685e+00
0.000000000000000000e+00,3.579257570823828782e+00,7.205450118720956425e+02,7.752447904444838969e+02,8.573624226636251677e+00,-3.500326018691603203e+00,5.550448442578825414e+00
0.000000000000000000e+00,3.454216867469852126e+00,7.193148443162729109e+02,7.755952448047480630e+02,8.173493975903527442e+00,-3.641818245484785166e+00,5.550039422066274319e+00
0.000000000000000000e+00,3.315011396939089749e+00,7.155734432906810980e+02,7.759857719837532386e+02,7.660045587756360241e+00,-3.799639037267578789e+00,5.549630544729808435e+00
0.000000000000000000e+00,3.164962552914357019e+00,7.099550998233049768e+02,7.764071598340168521e+02,7.059850211657428432e+00,-3.969959627076921738e+00,5.549221810582589676e+00
0.000000000000000000e+00,3.014913708889585653e+00,7.043664704299360437e+02,7.768290055900943116e+02,6.459654835558341190e+00,-4.140280216886308651e+00,5.548813219637763083e+00
0.000000000000000000e+00,2.864864864864852478e+00,6.988075589550296627e+02,7.772513099987743317e+02,5.859459459459409381e+00,-4.310600806695652487e+00,5.548404771908479916e+00
1.419732985998011510e-01,2.828394659719959847e+00,6.961159076688198866e+02,7.773540228026510022e+02,5.415434711820258151e+00,-4.351961399644549644e+00,5.547996467407879884e+00
3.920547053077542143e-01,2.878410941061551043e+00,6.955807956283632620e+02,7.772131664416191370e+02,5.090328883099919821e+00,-4.295123095901549171e+00,5.547588306149098258e+00
6.421361120156425795e-01,2.928427222403128471e+00,6.950321175875760673e+02,7.770723611176167651e+02,4.765223054379664092e+00,-4.238284792158562908e+00,5.547180288145269422e+00
8.922175187235955596e-01,2.978443503744719223e+00,6.944697944125507547e+02,7.769316068029099824e+02,4.440117225659325761e+00,-4.181446488415562435e+00,5.546772413409522429e+00
1.000000000000000000e+00,3.213448388147225998e+00,6.919706276310463409e+02,7.762709451868003043e+02,4.484988603060929613e+00,-4.181911982712646747e+00,5.546364681954980114e+00
1.000000000000000000e+00,3.588570498209058712e+00,6.874100386724520604e+02,7.752187015677994850e+02,4.810094431781184454e+00,-4.225781497950808152e+00,5.545957093794757320e+00
1.000000000000000000e+00,3.963692608270988238e+00,6.820532264429864426e+02,7.741693067423237835e+02,5.135200260501522784e+00,-4.269651013188981103e+00,5.545549648941970666e+00
1.000000000000000000e+00,4.338814718332820952e+00,6.758655716216973133e+02,7.731227491569844688e+02,5.460306089221778514e+00,-4.313520528427142509e+00,5.545142347409731443e+00
8.573754477368978888e-01,4.557049820905240800e+00,6.694845535320761201e+02,7.725151933798740629e+02,5.557212634321069267e+00,-4.001220242026187535e+00,5.544735189211142945e+00
6.072940410289449087e-01,4.657082383588421415e+00,6.633250776702125222e+02,7.722370266972882291e+02,5.482188212308683362e+00,-3.420572844801130774e+00,5.544328174359302253e+00
3.572126343210564325e-01,4.757114946271577161e+00,6.570427630456246106e+02,7.719590602666904715e+02,5.407163790296316996e+00,-2.839925447576225004e+00,5.543921302867311773e+00
1.071312276131033414e-01,4.857147508954759552e+00,6.506363592795477189e+02,7.716812938719164094e+02,5.332139368283931979e+00,-2.259278050351170020e+00,5.543514574748256152e+00
0.000000000000000000e+00,4.871409964181043328e+00,6.474298635422856023e+02,7.716417067411833841e+02,5.371475089547391946e+00,-4.038442386730225486e+00,5.543107990015224473e+00
0.000000000000000000e+00,4.821393682839466344e+00,6.466856089882027163e+02,7.717805506998653300e+02,5.496515792901336184e+00,-7.586121666970733202e+00,5.542701548681299606e+00
0.000000000000000000e+00,4.771377401497875148e+00,6.459377817848471750e+02,7.719194446328140202e+02,5.621556496255312396e+00,-1.113380094721216018e+01,5.542295250759552872e+00
0.000000000000000000e+00,4.721361120156297275e+00,6.451864119777613951e+02,7.720583885670149584e+02,5.746597199609256634e+00,-1.468148022745266879e+01,5.541889096263064474e+00
8.596548355584188172e-01,4.671344838814719402e+00,6.432118321474748655e+02,7.721973825294733160e+02,5.642396613480956447e+00,-1.623726150164519666e+01,5.541483085204898629e+00
2.360143275806136920e+00,4.621328557473129095e+00,6.403361978569637358e+02,7.723364265472142733e+02,5.367307066102208424e+00,-1.630817335314764449e+01,5.541077217598120441e+00
3.860631716053467333e+00,4.571312276131551222e+00,6.374718743911221281e+02,7.724755206472813143e+02,5.092217518723530567e+00,-1.637908520465007811e+01,5.540671493455782581e+00
5.361120156301185879e+00,4.521295994789960027e+00,6.346188232000554308e+02,7.726146648567386137e+02,4.817127971344782544e+00,-1.644999705615252594e+01,5.540265912790946601e+00
1.203126017583960916e+01,4.514360143275808923e+00,6.322289657731582793e+02,7.726339642028640355e+02,4.728720286551617136e+00,-1.527305334539939352e+01,5.539860475616658952e+00
2.253467925757092161e+01,4.539368283946596527e+00,6.301692780407369128e+02,7.725643823568494781e+02,4.778736567893195009e+00,-1.317082897964104760e+01,5.539455181945964313e+00
3.303809833930495188e+01,4.564376424617392125e+00,6.281002390476288610e+02,7.724948130425060526e+02,4.828752849234786204e+00,-1.106860461388216166e+01,5.539050031791901141e+00
4.354151742103626077e+01,4.589384565288181506e+00,6.260218255071615658e+02,7.724252562564481650e+02,4.878769130576363189e+00,-8.966380248123821062e+00,5.538645025167508784e+00
6.455161185281596659e+01,4.628785411917940351e+00,6.183303648491985314e+02,7.723156935012881377e+02,4.900000000000000355e+00,-8.038418929272726388e+00,5.538240162085815044e+00
9.331097362423058428e+01,4.678801693259531547e+00,6.064320940734928627e+02,7.721766569479314057e+02,4.900000000000000355e+00,-7.976543025108747464e+00,5.537835442559847721e+00
1.220703353956377555e+02,4.728817974601108531e+00,5.944422990158882385e+02,7.720376704458265067e+02,4.900000000000000355e+00,-7.914667120944785417e+00,5.537430866602629287e+00
1.508296971670523590e+02,4.778834255942699727e+00,5.823605439365888969e+02,7.718987339679518982e+02,4.900000000000000355e+00,-7.852791216780808270e+00,5.537026434227175109e+00
1.774252686421386613e+02,4.843275805926415600e+00,5.706349870917117642e+02,7.717198003203550343e+02,5.217355910127050578e+00,-8.952582779115775935e+00,5.536622145446497001e+00
2.024334093129275516e+02,4.918300227938781966e+00,5.591107752564275870e+02,7.715115858927232466e+02,5.767535004884405403e+00,-1.090461345344149535e+01,5.536218000273606776e+00
2.274415499837228367e+02,4.993324649951168759e+00,5.474485167498905867e+02,7.713034837896785803e+02,6.317714099641901448e+00,-1.285664412776772458e+01,5.535813998721502927e+00
2.524496906545116701e+02,5.068349071963534236e+00,5.356472161480683098e+02,7.710954939203530785e+02,6.867893194399255385e+00,-1.480867480209344578e+01,5.535410140803188384e+00
2.645903614457830031e+02,5.099999999999999645e+00,5.288513270121613914e+02,7.710077818341452485e+02,7.244578313253005497e+00,-1.594601806563806434e+01,5.535006426531654533e+00
2.673412569195704691e+02,5.099999999999999645e+00,5.257805867685118528e+02,7.710077818341452485e+02,7.494659719960958810e+00,-1.648885970509937593e+01,5.534602855919889208e+00
2.700921523933572530e+02,5.099999999999999645e+00,5.227098465248626553e+02,7.710077818341452485e+02,7.744741126668846398e+00,-1.703170134456054896e+01,5.534199428980880242e+00
2.728430478671447759e+02,5.099999999999999645e+00,5.196391062812131167e+02,7.710077818341452485e+02,7.994822533376798823e+00,-1.757454298402186410e+01,5.533796145727608362e+00
2.624076847932250303e+02,5.071019211983061936e+00,5.184465803090665759e+02,7.710880935702894021e+02,8.099999999999999645e+00,-1.692023551500021483e+01,5.533393006173046302e+00
2.424011722565938385e+02,5.021002930641484951e+00,5.186108936821877933e+02,7.712267383557663152e+02,8.099999999999999645e+00,-1.539698610881069207e+01,5.532990010330165909e+00
2.223946597199576161e+02,4.970986649299894644e+00,5.187670833192685222e+02,7.713654330080055388e+02,8.099999999999999645e+00,-1.387373670262077496e+01,5.532587158211933698e+00
2.023881471833265664e+02,4.920970367958316771e+00,5.189151973770743780e+02,7.715041775539156106e+02,8.099999999999999645e+00,-1.235048729643125576e+01,5.532184449831311746e+00
1.945809182676651687e+02,4.914522956691631528e+00,5.200025329185301644e+02,7.715220662247670589e+02,7.954770433083694137e+00,-1.083081236786485668e+01,5.531781885201256799e+00
1.955812438944969642e+02,4.939531097362425349e+00,5.217755592688492925e+02,7.714526844962042560e+02,7.704689026375739935e+00,-9.313718115967683175e+00,5.531379464334719387e+00
1.965815695213285323e+02,4.964539238033214730e+00,5.235529961288397089e+02,7.713833152452920103e+02,7.454607619667851459e+00,-7.796623864070904020e+00,5.530977187244650040e+00
1.975818951481603278e+02,4.989547378704010328e+00,5.253348522799736884e+02,7.713139584686648504e+02,7.204526212959898146e+00,-6.279529612173731401e+00,5.530575053943990405e+00
1.853366981439249628e+02,4.970888961250402360e+00,5.248906519792128620e+02,7.713657039448088426e+02,6.998111364376407906e+00,-5.132714981007515220e+00,5.530173064445679465e+00
1.635796157603386973e+02,4.920872679908824487e+00,5.228512430169996605e+02,7.715044485881938954e+02,6.823054379680886683e+00,-4.251805849291938166e+00,5.529771218762652651e+00
1.418225333767467760e+02,4.870856398567234180e+00,5.208189232552407475e+02,7.716432431522302977e+02,6.647997394985319275e+00,-3.370896717576135515e+00,5.529369516907835624e+00
1.200654509931604821e+02,4.820840117225656307e+00,5.187936711079270253e+02,7.717820876638651271e+02,6.472940410289798052e+00,-2.489987585860559793e+00,5.528967958894154933e+00
9.932953435362627204e+01,4.712471507652197467e+00,5.206569640808650092e+02,7.720830889155995465e+02,6.195766851188460045e+00,-2.221518357857740877e+00,5.528566544734531796e+00
7.932302181699519394e+01,4.562422663627464736e+00,5.251681023358045195e+02,7.725002476939923781e+02,5.845652881797415823e+00,-2.390506203935347518e+00,5.528165274441880328e+00
5.931650928036412296e+01,4.412373819602731118e+00,5.295220819074410201e+02,7.729178575003223841e+02,5.495538912406371601e+00,-2.559494050012954158e+00,5.527764148029109315e+00
3.930999674372787922e+01,4.262324975577959307e+00,5.337213669260507913e+02,7.733359190664558582e+02,5.145424943015238561e+00,-2.728481896090605208e+00,5.527363165509130205e+00
2.690621947248388324e+01,4.083034842070967230e+00,5.391766308292166059e+02,7.738360452518296597e+02,4.766069684141936769e+00,-2.930916452537784878e+00,5.526962326894839350e+00
1.990394008466300590e+01,3.882969716704657070e+00,5.453671645033244886e+02,7.743948870588700402e+02,4.365939433409314674e+00,-3.157113816574913745e+00,5.526561632199135765e+00
1.290166069684032557e+01,3.682904591338294953e+00,5.512678784536204830e+02,7.749545366077242079e+02,3.965809182676590439e+00,-3.383311180612101676e+00,5.526161081434910471e+00
5.899381309019450903e+00,3.482839465971984794e+00,5.568848650284368205e+02,7.755149956509054618e+02,3.565678931943969232e+00,-3.609508544649230988e+00,5.525760674615052714e+00
2.560403777271082149e+00,3.209508303484135627e+00,5.673198708966962158e+02,7.762820125579376054e+02,3.414653207424297232e+00,-4.207579593887793123e+00,5.525360411752443746e+00
1.810159557147417164e+00,2.884402474763880786e+00,5.805397335792769127e+02,7.771962964470131965e+02,3.439661348095085724e+00,-5.068441380668300411e+00,5.524960292859964817e+00
1.059915337023752180e+00,2.559296646043625945e+00,5.928299419634568039e+02,7.781127365130844282e+02,3.464669488765874661e+00,-5.929303167448807699e+00,5.524560317950486521e+00
3.096711168998930175e-01,2.234190817323286726e+00,6.042219519000858554e+02,7.790313403925995317e+02,3.489677629436670259e+00,-6.790164954229538807e+00,5.524160487036879452e+00
0.000000000000000000e+00,2.026571149462704557e+00,6.114084338797863438e+02,7.796191165519935566e+02,3.191598827743359124e+00,-7.530563731764241098e+00,5.523760800132008875e+00
0.000000000000000000e+00,1.901530446108760541e+00,6.159644468320020678e+02,7.799735378581530085e+02,2.666427873656794123e+00,-8.186291170206045464e+00,5.523361257248731171e+00
0.000000000000000000e+00,1.776489742754783885e+00,6.203856831467226129e+02,7.803282815565958117e+02,2.141256919570092787e+00,-8.842018608648018585e+00,5.522961858399903612e+00
0.000000000000000000e+00,1.651449039400839869e+00,6.246739452146915710e+02,7.806833480874088309e+02,1.616085965483526454e+00,-9.497746047089822952e+00,5.522562603598377251e+00
0.000000000000000000e+00,1.526408336046863212e+00,6.257204446027383256e+02,7.810387378914801957e+02,1.326408336046863479e+00,-1.048449975023866010e+01,5.522163492856999589e+00
0.000000000000000000e+00,1.401367632692919196e+00,6.245376984500805975e+02,7.813944514105012331e+02,1.201367632692919463e+00,-1.170267889508478554e+01,5.521764526188607469e+00
0.000000000000000000e+00,1.276326929338974958e+00,6.233205181250092437e+02,7.817504890869680594e+02,1.076326929338975225e+00,-1.292085803993091275e+01,5.521365703606038622e+00
0.000000000000000000e+00,1.151286225984998302e+00,6.220695332563150259e+02,7.821068513641839672e+02,9.512862259849984570e-01,-1.413903718477735083e+01,5.520967025122129890e+00
0.000000000000000000e+00,1.055747313578632385e+00,6.238525387474345507e+02,7.823793534495595168e+02,9.000000000000000222e-01,-1.346346824663029018e+01,5.520568490749705681e+00
0.000000000000000000e+00,9.807228915662659086e-01,6.277122386216249197e+02,7.825934759607752085e+02,9.000000000000000222e-01,-1.147105461501192281e+01,5.520170100501585075e+00
0.000000000000000000e+00,9.056984695538800034e-01,6.315102692139507781e+02,7.828077157066828704e+02,9.000000000000000222e-01,-9.478640983393036734e+00,5.519771854390590704e+00
0.000000000000000000e+00,8.306740475415135272e-01,6.352471191508486754e+02,7.830220727835893513e+02,9.000000000000000222e-01,-7.486227351774667582e+00,5.519373752429532765e+00
0.000000000000000000e+00,8.147834581569574075e-01,6.379142215956320570e+02,7.830674898699774076e+02,9.147834581569576073e-01,-6.654617886400898463e+00,5.518975794631224119e+00
0.000000000000000000e+00,8.397915988277463439e-01,6.398748469704299850e+02,7.829960161781035595e+02,9.397915988277464328e-01,-6.625855355390108947e+00,5.518577981008466971e+00
0.000000000000000000e+00,8.647997394985351693e-01,6.418402244799767686e+02,7.829245555324162069e+02,9.647997394985353692e-01,-6.597092824379319431e+00,5.518180311574057306e+00
0.000000000000000000e+00,8.898078801693305451e-01,6.438103636044971836e+02,7.828531079293441053e+02,9.898078801693306339e-01,-6.568330293368522810e+00,5.517782786340794665e+00
0.000000000000000000e+00,9.148160208401194815e-01,6.445285449095212016e+02,7.827816733653168058e+02,9.259198957994037027e-01,-8.784560904331904396e+00,5.517385405321468816e+00
0.000000000000000000e+00,9.398241615109081959e-01,6.443809078304190052e+02,7.827102518367652237e+02,8.008791924454595756e-01,-1.254514943493816759e+01,5.516988168528865089e+00
0.000000000000000000e+00,9.648323021817035716e-01,6.442304090327016866e+02,7.826388433401217526e+02,6.758384890914830301e-01,-1.630573796554540422e+01,5.516591075975760816e+00
0.000000000000000000e+00,9.898404428524925081e-01,6.440770398133768140e+02,7.825674478718196951e+02,5.507977857375389030e-01,-2.006632649615166386e+01,5.516194127674936887e+00
0.000000000000000000e+00,1.000000000000000000e+00,6.431366002834951132e+02,7.825384471834795477e+02,6.039400846630128550e-01,-1.994791322221053065e+01,5.515797323639162641e+00
0.000000000000000000e+00,1.000000000000000000e+00,6.416590231736279293e+02,7.825384471834795477e+02,7.789970693585346329e-01,-1.717544608200141454e+01,5.515400663881209198e+00
0.000000000000000000e+00,1.000000000000000000e+00,6.401814460637609727e+02,7.825384471834795477e+02,9.540540540540564107e-01,-1.440297894179230909e+01,5.515004148413831686e+00
0.000000000000000000e+00,1.000000000000000000e+00,6.387038689538936751e+02,7.825384471834795477e+02,1.129111038749623486e+00,-1.163051180158248066e+01,5.514607777249793230e+00
0.000000000000000000e+00,9.851188537935506861e-01,6.380089708067407628e+02,7.825809264874571909e+02,1.214881146206449269e+00,-9.919823317186196476e+00,5.514211550401844519e+00
0.000000000000000000e+00,9.601107131227618607e-01,6.378453376736625842e+02,7.826523244152641610e+02,1.239889286877238206e+00,-8.931701926789044066e+00,5.513815467882736243e+00
0.000000000000000000e+00,9.351025724519663740e-01,6.376799946833992863e+02,7.827237353720859119e+02,1.264897427548033360e+00,-7.943580536391637636e+00,5.513419529705211097e+00
0.000000000000000000e+00,9.100944317811775486e-01,6.375129477576632553e+02,7.827951593614891408e+02,1.289905568218822296e+00,-6.955459145994487002e+00,5.513023735882007337e+00
0.000000000000000000e+00,9.149137088896177605e-01,6.384210571513575587e+02,7.827813943496128104e+02,1.165776619993441399e+00,-6.539465677653657494e+00,5.512628086425858775e+00
0.000000000000000000e+00,9.399218495604065859e-01,6.400605623383373768e+02,7.827099728719740597e+02,9.407033539563417479e-01,-6.510720366163181616e+00,5.512232581349499227e+00
0.000000000000000000e+00,9.649299902311954114e-01,6.417036599457366037e+02,7.826385644262294363e+02,7.156300879192422082e-01,-6.481975054672705738e+00,5.511837220665652737e+00
0.000000000000000000e+00,9.899381309019907871e-01,6.433503566810228449e+02,7.825671690088123569e+02,4.905568218820845483e-01,-6.453229743182222755e+00,5.511442004387037130e+00
0.000000000000000000e+00,1.044838814718338504e+00,6.455014722811655474e+02,7.824104794339957607e+02,5.345164441550149803e-01,-6.390186255958687056e+00,5.511046932526370234e+00
0.000000000000000000e+00,1.119863236730704648e+00,6.479951882786757551e+02,7.821964570353870840e+02,7.595897101921145200e-01,-6.304053147163234172e+00,5.510652005096360995e+00
0.000000000000000000e+00,1.194887658743090775e+00,6.504948128952486286e+02,7.819825516931368838e+02,9.846629762292723465e-01,-6.217920038367759084e+00,5.510257222109721909e+00
0.000000000000000000e+00,1.269912080755457140e+00,6.530003375913871650e+02,7.817687633112383310e+02,1.209736242266371775e+00,-6.131786929572307088e+00,5.509862583579148598e+00
0.000000000000000000e+00,1.314978834255947859e+00,6.533012365025568897e+02,7.816403980083125589e+02,1.344936502767843267e+00,-6.080067681508975141e+00,5.509468089517342015e+00
0.000000000000000000e+00,1.339986974926736574e+00,6.521179732363681296e+02,7.815691845799368593e+02,1.419960924780209854e+00,-6.051390757588030134e+00,5.509073739936996006e+00
0.000000000000000000e+00,1.364995115597525510e+00,6.509281188031926604e+02,7.814979841265562754e+02,1.494985346792576220e+00,-6.022713833667086902e+00,5.508679534850793758e+00
0.000000000000000000e+00,1.390003256268320664e+00,6.497316556549525330e+02,7.814267966446259379e+02,1.570009768804962347e+00,-5.994036909746135677e+00,5.508285474271422011e+00
0.000000000000000000e+00,1.430022793878218623e+00,6.481081150749588460e+02,7.813129051139911780e+02,1.705079778573767024e+00,-5.948176903138622684e+00,5.507891558211560401e+00
0.000000000000000000e+00,1.480039075219796718e+00,6.461848549108414090e+02,7.811706105339461601e+02,1.880136763269288469e+00,-5.890873932572815441e+00,5.507497786683879681e+00
0.000000000000000000e+00,1.530055356561387248e+00,6.442384944983715513e+02,7.810283677745235309e+02,2.055193747964855433e+00,-5.833570962006993099e+00,5.507104159701054158e+00
0.000000000000000000e+00,1.580071637902965342e+00,6.422689091796095227e+02,7.808861768074210659e+02,2.230250732660377544e+00,-5.776267991441185856e+00,5.506710677275744814e+00
0.000000000000000000e+00,1.569912080755444750e+00,6.418478227433172378e+02,7.809150551572970471e+02,2.405307717355944952e+00,-5.787907657337379774e+00,5.506317339420612633e+00
0.000000000000000000e+00,1.519895799413866655e+00,6.424523288217001209e+02,7.810572566424249317e+02,2.580364702051466619e+00,-5.845210627903188794e+00,5.505924146148314158e+00
0.000000000000000000e+00,1.469879518072289004e+00,6.430433686641997610e+02,7.811995099256203048e+02,2.755421686746988730e+00,-5.902513598468995148e+00,5.505531097471497048e+00
0.000000000000000000e+00,1.419863236730698031e+00,6.436210207040300020e+02,7.813418150351894838e+02,2.930478671442555250e+00,-5.959816569034816602e+00,5.505138193402811631e+00
0.000000000000000000e+00,1.324617388472802082e+00,6.438231390252980191e+02,7.816129496292021486e+02,2.939693910778241825e+00,-6.069118040897266475e+00,5.504745433954897571e+00
0.000000000000000000e+00,1.199576685118857844e+00,6.437387319761973004e+02,7.819691864936911543e+02,2.839661348095086080e+00,-6.212673385104138468e+00,5.504352819140394537e+00
0.000000000000000000e+00,1.074535981764881187e+00,6.435984933659871103e+02,7.823257482314299978e+02,2.739628785411905021e+00,-6.356228729311047765e+00,5.503960348971930649e+00
0.000000000000000000e+00,9.494952784109370603e-01,6.434033221670467810e+02,7.826826352870277788e+02,2.639596222728749719e+00,-6.499784073517919758e+00,5.503568023462133141e+00
0.000000000000000000e+00,9.151090849886081013e-01,6.446020454749628925e+02,7.827808363188014482e+02,2.479127320091136344e+00,-6.539241104907636881e+00,5.503175842623627467e+00
0.000000000000000000e+00,9.401172256593968157e-01,6.467430910554945740e+02,7.827094149429881327e+02,2.279062194724826185e+00,-6.510495793417161892e+00,5.502783806469034644e+00
0.000000000000000000e+00,9.651253663301857522e-01,6.488895117829724768e+02,7.826380065990412049e+02,2.078997069358515137e+00,-6.481750481926686014e+00,5.502391915010961476e+00
0.000000000000000000e+00,9.901335070009810169e-01,6.510413185985149767e+02,7.825666112833938541e+02,1.878931943992152798e+00,-6.453005170436203031e+00,5.502000168262024538e+00
9.084988603061840973e-01,9.697167046564606485e-01,6.505735951403096351e+02,7.826248978890275794e+02,1.618300227938763269e+00,-6.476483448276674437e+00,5.501608566234821751e+00
2.408987300553902422e+00,9.197004233148700081e-01,6.484015193368294376e+02,7.827677228237697591e+02,1.318202539889219427e+00,-6.533991290777954042e+00,5.501217108941954592e+00
3.909475740801232391e+00,8.696841419732923573e-01,6.462356825334484256e+02,7.829105998976282308e+02,1.018104851839753300e+00,-6.591499133279219436e+00,5.500825796396019207e+00
5.409964181048563248e+00,8.196678606317145954e-01,6.440760700811197239e+02,7.830535291391590818e+02,7.180071637902871728e-01,-6.649006975780483941e+00,5.500434628609605525e+00
1.070400521003078609e+01,8.455226310648141785e-01,6.453394304253338305e+02,7.829796386279626859e+02,5.848257896450619331e-01,-6.619295257065166638e+00,5.500043605595298146e+00
1.845652881797532174e+01,9.205470530771806548e-01,6.488316686641594515e+02,7.827653047804657263e+02,5.598176489742731077e-01,-6.533059273355445562e+00,5.499652727365681670e+00
2.620905242591986450e+01,9.955714750895470200e-01,6.523405974836585983e+02,7.825510882448984376e+02,5.348095083034843933e-01,-6.446823289645726263e+00,5.499261993933329151e+00
3.396157603386641455e+01,1.070595897101933147e+00,6.558662854214418303e+02,7.823369889249744347e+02,5.098013676326890176e-01,-6.360587305935982094e+00,5.498871405310811866e+00
4.171409964181093954e+01,1.191240638228599158e+00,6.615711660730420363e+02,7.819929471641254395e+02,5.456203191142995346e-01,-6.222193854758732989e+00,5.498480961510700205e+00
4.946662324975749669e+01,1.341289482253370968e+00,6.687276165787121727e+02,7.815654759027281671e+02,6.206447411266854397e-01,-6.050182849603453761e+00,5.498090662545552121e+00
5.721914685770203590e+01,1.491338326278103921e+00,6.759523790791891997e+02,7.811384717346611524e+02,6.956691631390520270e-01,-5.878171844448219829e+00,5.497700508427930011e+00
6.497167046564656800e+01,1.641387170302836873e+00,6.832460132447070009e+02,7.807119338947602500e+02,7.706935851514185032e-01,-5.706160839292985898e+00,5.497310499170381171e+00
6.220905242591810946e+01,1.837154021491413047e+00,6.924415032453289314e+02,7.801561351428955504e+02,9.066753500488770046e-01,-5.482430599595370602e+00,5.496920634785462667e+00
5.270595897101836158e+01,2.062227287528513031e+00,7.029343396581097068e+02,7.795181101136805637e+02,1.081732334744398782e+00,-5.225547004421978947e+00,5.496530915285711139e+00
4.320286551611860659e+01,2.287300553565612127e+00,7.135640280992586213e+02,7.788811278072688538e+02,1.256789319439920449e+00,-4.968663409248586404e+00,5.496141340683665888e+00
3.369977206121639313e+01,2.512373819602770286e+00,7.243320326328214378e+02,7.782451856695691959e+02,1.431846304135487635e+00,-4.711779814075128137e+00,5.495751910991863554e+00
3.152718984044299688e+01,2.600000000000000089e+00,7.271009287946549193e+02,7.779978795842280306e+02,1.530543796808859769e+00,-5.212074282697185090e+00,5.495362626222835445e+00
3.402800390752252468e+01,2.600000000000000089e+00,7.247084060800198131e+02,7.779978795842280306e+02,1.580560078150450298e+00,-6.195089947640880723e+00,5.494973486389102213e+00
3.652881797460139524e+01,2.600000000000000089e+00,7.223158833653853890e+02,7.779978795842280306e+02,1.630576359492028171e+00,-7.178105612584322337e+00,5.494584491503190726e+00
3.902963204168029421e+01,2.600000000000000089e+00,7.199233606507509649e+02,7.779978795842280306e+02,1.680592640833605378e+00,-8.161121277527763951e+00,5.494195641577610978e+00
4.704005210029516348e+01,2.508173233474411123e+00,7.145503357774686037e+02,7.782570448714676559e+02,1.699999999999999956e+00,-8.045680010339678390e+00,5.493806936624873849e+00
5.854379680885804760e+01,2.358124389449677505e+00,7.073388823987683054e+02,7.786809037692619313e+02,1.699999999999999956e+00,-7.233770305332324568e+00,5.493418376657490221e+00
7.004754151742089618e+01,2.208075545424944774e+00,7.001907166910423257e+02,7.791052246076586698e+02,1.699999999999999956e+00,-6.421860600324971635e+00,5.493029961687958540e+00
8.155128622598674326e+01,2.058026701400172964e+00,6.931053748471928202e+02,7.795300081422349194e+02,1.699999999999999956e+00,-5.609950895317408204e+00,5.492641691728777253e+00
8.078541191794160170e+01,1.923314881146199751e+00,6.876937718495634044e+02,7.799117678428618774e+02,1.838033213936840049e+00,-5.383698109494166495e+00,5.492253566792442143e+00
7.228264408987119793e+01,1.798274177792223316e+00,6.833240081278486286e+02,7.802664553428896852e+02,2.063106479973998209e+00,-5.526744909653125148e+00,5.491865586891433004e+00
6.377987626180297553e+01,1.673233474438279300e+00,6.789713038695382465e+02,7.806214655985588706e+02,2.288179746011097304e+00,-5.669791709812046498e+00,5.491477752038240290e+00
5.527710843373476735e+01,1.548192771084335284e+00,6.746356995679723241e+02,7.809767990506175011e+02,2.513253012048197288e+00,-5.812838509970968737e+00,5.491090062245337577e+00
4.800390752197863264e+01,1.484630413546071726e+00,6.725428036235128957e+02,7.811575509334212484e+02,2.769065450993211552e+00,-5.885585057686550492e+00,5.490702517525200221e+00
4.150179094757354648e+01,1.459622272875283011e+00,6.718489730687315387e+02,7.812286893653455309e+02,3.044154998371888965e+00,-5.914245006412226502e+00,5.490315117890300023e+00
3.499967437316845320e+01,1.434614132204493853e+00,6.711552223669187924e+02,7.812998407553146762e+02,3.319244545750565489e+00,-5.942904955137902512e+00,5.489927863353097237e+00
2.849755779876166528e+01,1.409605991533698699e+00,6.704615532538173284e+02,7.813710051068700295e+02,3.594334093129313512e+00,-5.971564903863585627e+00,5.489540753926058336e+00
2.261152718984017440e+01,1.415402149137089838e+00,6.704139746588119806e+02,7.813545101316950650e+02,3.807815043959630774e+00,-5.964922363664138416e+00,5.489153789621628476e+00
1.710973624226521039e+01,1.440410289807885658e+00,6.707684001467542885e+02,7.812833487845728087e+02,3.982872028655198182e+00,-5.936262414938455301e+00,5.488766970452263472e+00
1.160794529469166392e+01,1.465418430478674150e+00,6.711216916351679629e+02,7.812122003982156002e+02,4.157929013350720737e+00,-5.907602466212781067e+00,5.488380296430412031e+00
6.106154347118121883e+00,1.490426571149463086e+00,6.714738445025232068e+02,7.811410649690827768e+02,4.332985998046241960e+00,-5.878942517487105057e+00,5.487993767568510428e+00
3.382611527189663736e+00,1.546304135460775164e+00,6.699383042579305538e+02,7.809821685462446794e+02,4.430869423640516835e+00,-6.431910869276034504e+00,5.487607383878996714e+00
2.382285900358109831e+00,1.621328557473141529e+00,6.671913196333758833e+02,7.807689267349364854e+02,4.480885704982094708e+00,-7.345636015054689771e+00,5.487221145374306275e+00
1.381960273526557703e+00,1.696352979485508339e+00,6.643931600687737955e+02,7.805558013402624056e+02,4.530901986323671693e+00,-8.259361160833345039e+00,5.486835052066858509e+00
3.816346466947452276e-01,1.771377401497894022e+00,6.615434091618925549e+02,7.803427922669139889e+02,4.580918267665262888e+00,-9.173086306612233898e+00,5.486449103969081698e+00
0.000000000000000000e+00,1.815467274503420381e+00,6.560050153424157315e+02,7.802176666831347802e+02,4.460794529469217728e+00,-1.118115800919347791e+01,5.486063301093394351e+00
0.000000000000000000e+00,1.840475415174215090e+00,6.488076275848396790e+02,7.801467122505031284e+02,4.235721263432060013e+00,-1.386426874576071633e+01,5.485677643452204322e+00
0.000000000000000000e+00,1.865483555845004471e+00,6.415821926408164018e+02,7.800757707221513328e+02,4.010647997394960917e+00,-1.654737948232725842e+01,5.485292131057924792e+00
0.000000000000000000e+00,1.890491696515792963e+00,6.343286422850484314e+02,7.800048420945599901e+02,3.785574731357861378e+00,-1.923049021889380228e+01,5.484906763922958284e+00
0.000000000000000000e+00,1.807000976880468901e+00,6.288955826132743141e+02,7.802416906394381613e+02,3.591501139693880074e+00,-2.075852461947021155e+01,5.484521542059701105e+00
0.000000000000000000e+00,1.656952132855735949e+00,6.246006073859151684e+02,7.806677146640553246e+02,3.416444154998358407e+00,-2.157798278032116812e+01,5.484136465480552225e+00
0.000000000000000000e+00,1.506903288831002996e+00,6.203174147077099860e+02,7.810942041742408719e+02,3.241387170302836740e+00,-2.239744094117212114e+01,5.483751534197896405e+00
0.000000000000000000e+00,1.356854444806231186e+00,6.160462200809687374e+02,7.815211599333159711e+02,3.066330185607269776e+00,-2.321689910202328377e+01,5.483366748224121956e+00
0.000000000000000000e+00,1.222338000651248535e+00,6.119512427972289288e+02,7.819043160788378373e+02,2.906805600781498189e+00,-2.364904940551172530e+01,5.482982107571609198e+00
0.000000000000000000e+00,1.097297297297271879e+00,6.079720833510922375e+02,7.822608186464165101e+02,2.756756756756726379e+00,-2.384491755702444138e+01,5.482597612252733121e+00
0.000000000000000000e+00,9.722565939433278626e-01,6.040095148671124434e+02,7.826176464508610024e+02,2.606707912731993204e+00,-2.404078570853711128e+01,5.482213262279867827e+00
0.000000000000000000e+00,8.472158905893837355e-01,6.000635593153753007e+02,7.829747999374442315e+02,2.456659068707260474e+00,-2.423665386004977407e+01,5.481829057665371430e+00
0.000000000000000000e+00,7.221751872354071899e-01,5.949323204441388953e+02,7.833322795522524302e+02,2.353305112341244509e+00,-2.405266420045289877e+01,5.481444998421613590e+00
0.000000000000000000e+00,5.971344838814629519e-01,5.891166453044766058e+02,7.836900857421866249e+02,2.278280690328877700e+00,-2.363821687302818830e+01,5.481061084560948871e+00
0.000000000000000000e+00,4.720937805275187138e-01,5.833519297162284829e+02,7.840482189549646819e+02,2.203256268316511335e+00,-2.322376954560347784e+01,5.480677316095726503e+00
0.000000000000000000e+00,3.470530771735422237e-01,5.776377816871032564e+02,7.844066796391239222e+02,2.128231846304125430e+00,-2.280932221817866079e+01,5.480293693038298386e+00
0.000000000000000000e+00,2.688049495278391210e-01,5.732327067631073305e+02,7.846311643961466871e+02,1.912829697167035103e+00,-2.308484459570963310e+01,5.479910215401009310e+00
0.000000000000000000e+00,2.187886681862485361e-01,5.696111003929825074e+02,7.847747226028425303e+02,1.612732009117491483e+00,-2.377665349668986039e+01,5.479526883196188969e+00
0.000000000000000000e+00,1.687723868446708297e-01,5.660073149296209749e+02,7.849183333507346561e+02,1.312634321068025356e+00,-2.446846239766990649e+01,5.479143696436179489e+00
0.000000000000000000e+00,1.187561055030931789e-01,5.624212784774905458e+02,7.850619966686732596e+02,1.012536633018559229e+00,-2.516027129864995260e+01,5.478760655133304347e+00
0.000000000000000000e+00,1.000000000000000056e-01,5.594463645940957122e+02,7.851158839720069409e+02,9.468902637577460979e-01,-2.541969963651749254e+01,5.478377759299890570e+00
0.000000000000000000e+00,1.000000000000000056e-01,5.568308261494750013e+02,7.851158839720069409e+02,1.021914685770112463e+00,-2.541969963651749254e+01,5.477995008948257194e+00
0.000000000000000000e+00,1.000000000000000056e-01,5.542152877048537221e+02,7.851158839720069409e+02,1.096939107782498368e+00,-2.541969963651749254e+01,5.477612404090720588e+00
0.000000000000000000e+00,1.000000000000000056e-01,5.515997492602332386e+02,7.851158839720069409e+02,1.171963529794864733e+00,-2.541969963651749254e+01,5.477229944739588241e+00
0.000000000000000000e+00,8.433734939758946725e-02,5.490356702474558688e+02,7.851608892809749705e+02,1.231325301204820866e+00,-2.544470697015674432e+01,5.476847630907164977e+00
0.000000000000000000e+00,5.932920872679416091e-02,5.465081151509326673e+02,7.852327587666371755e+02,1.281341582546411395e+00,-2.548463551950174732e+01,5.476465462605753842e+00
0.000000000000000000e+00,3.432106805600532162e-02,5.439877030728624732e+02,7.853046414106107704e+02,1.331357863887989268e+00,-2.552456406884674323e+01,5.476083439847652556e+00
0.000000000000000000e+00,9.312927385216489273e-03,5.414744184906926421e+02,7.853765372165103145e+02,1.381374145229566919e+00,-2.556449261819173557e+01,5.475701562645147291e+00
0.000000000000000000e+00,-9.417127971347255544e-02,5.387667053358549083e+02,7.856741835572190666e+02,1.243047867144212226e+00,-2.573074567994711614e+01,5.475319831010530436e+00
0.000000000000000000e+00,-2.442201237382055634e-01,5.359329504874579015e+02,7.861061623268744825e+02,9.929664604363236391e-01,-2.597195478018657511e+01,5.474938244956081945e+00
0.000000000000000000e+00,-3.942689677629774292e-01,5.330900590498016527e+02,7.865386163783126676e+02,7.428850537283707700e-01,-2.621316388042610157e+01,5.474556804494076445e+00
0.000000000000000000e+00,-5.443178117877104372e-01,5.302385061189171438e+02,7.869715464963536533e+02,4.928036470204824049e-01,-2.645437298066556053e+01,5.474175509636793002e+00
0.000000000000000000e+00,-6.314555519374811521e-01,5.299856324603505300e+02,7.872231804622651907e+02,3.370888961250376736e-01,-2.659484793453104245e+01,5.473794360396491143e+00
0.000000000000000000e+00,-6.814718332790717925e-01,5.312555218541053819e+02,7.873676888072749307e+02,2.370563334418564205e-01,-2.667588348525664799e+01,5.473413356785441941e+00
0.000000000000000000e+00,-7.314881146206495544e-01,5.325083395636681871e+02,7.875122502160062368e+02,1.370237707587010356e-01,-2.675691903598222154e+01,5.473032498815899594e+00
0.000000000000000000e+00,-7.815043959622272052e-01,5.337441808397442173e+02,7.876568647176922013e+02,3.699120807554569235e-02,-2.683795458670781287e+01,5.472651786500121851e+00
0.000000000000000000e+00,-8.315206773038178456e-01,5.337851774007059475e+02,7.878015323415872899e+02,0.000000000000000000e+00,-2.651923076846308192e+01,5.472271219850353141e+00
0.000000000000000000e+00,-8.815369586453953854e-01,5.331292898851814925e+02,7.879462531169675685e+02,0.000000000000000000e+00,-2.596593740313678111e+01,5.471890798878843221e+00
0.000000000000000000e+00,-9.315532399869859148e-01,5.324702747928954523e+02,7.880910270731304763e+02,0.000000000000000000e+00,-2.541264403781034531e+01,5.471510523597825859e+00
0.000000000000000000e+00,-9.815695213285637877e-01,5.318081601930897477e+02,7.882358542393948255e+02,0.000000000000000000e+00,-2.485935067248404806e+01,5.471130394019544596e+00
0.000000000000000000e+00,-1.047378704005212047e+00,5.314238900056733428e+02,7.884264924518342923e+02,0.000000000000000000e+00,-2.472948428561668166e+01,5.470750410156221655e+00
0.000000000000000000e+00,-1.122403126017597952e+00,5.311904629540644009e+02,7.886439381910723796e+02,0.000000000000000000e+00,-2.484668972329332348e+01,5.470370572020088140e+00
0.000000000000000000e+00,-1.197427548029964539e+00,5.309418358185629359e+02,7.888615039052072007e+02,0.000000000000000000e+00,-2.496389516096994754e+01,5.469990879623363611e+00
0.000000000000000000e+00,-1.272451970042330904e+00,5.306781627346538244e+02,7.890791896935598970e+02,0.000000000000000000e+00,-2.508110059864656094e+01,5.469611332978263185e+00
0.000000000000000000e+00,-1.331650928036478332e+00,5.306642678102195987e+02,7.892510422044892948e+02,0.000000000000000000e+00,-2.558119271483104384e+01,5.469231932097000204e+00
0.000000000000000000e+00,-1.381667209378055539e+00,5.307939360345764044e+02,7.893962960748380056e+02,0.000000000000000000e+00,-2.630345364447045142e+01,5.468852676991782680e+00
0.000000000000000000e+00,-1.431683490719646068e+00,5.309147263633678904e+02,7.895416034201127786e+02,0.000000000000000000e+00,-2.702571457411005440e+01,5.468473567674810631e+00
0.000000000000000000e+00,-1.481699772061223941e+00,5.310266949776886349e+02,7.896869642698492271e+02,0.000000000000000000e+00,-2.774797550374946198e+01,5.468094604158285854e+00
0.000000000000000000e+00,-1.468283946597198630e+00,5.314326410946388251e+02,7.896479689975952851e+02,0.000000000000000000e+00,-2.716054524816561511e+01,5.467715786454395932e+00
0.000000000000000000e+00,-1.418267665255607879e+00,5.320086139831153105e+02,7.895026225022163544e+02,0.000000000000000000e+00,-2.581742048940359169e+01,5.467337114575331114e+00
0.000000000000000000e+00,-1.368251383914030228e+00,5.325808160740184576e+02,7.893573295033739896e+02,0.000000000000000000e+00,-2.447429573064192354e+01,5.466958588533278096e+00
0.000000000000000000e+00,-1.318235102572452577e+00,5.331492158074814824e+02,7.892120899715392852e+02,0.000000000000000000e+00,-2.313117097188024474e+01,5.466580208340412916e+00
2.224682513839668196e+00,-1.300000000000000044e+00,5.310600900674127161e+02,7.891591513531393502e+02,0.000000000000000000e+00,-2.188591328930915836e+01,5.466201974008908948e+00
5.725822207750105974e+00,-1.300000000000000044e+00,5.274476529947836525e+02,7.891591513531393502e+02,0.000000000000000000e+00,-2.069680884717578806e+01,5.465823885550938677e+00
9.226961901661448806e+00,-1.300000000000000044e+00,5.238352159221533384e+02,7.891591513531393502e+02,0.000000000000000000e+00,-1.950770440504210868e+01,5.465445942978667482e+00
1.272810159557188570e+01,-1.300000000000000044e+00,5.202227788495241612e+02,7.891591513531393502e+02,0.000000000000000000e+00,-1.831859996290874193e+01,5.465068146304250973e+00
2.466851188537968653e+01,-1.236307391729076333e+00,5.211592035651572132e+02,7.889743000342946289e+02,0.000000000000000000e+00,-1.854863584045096658e+01,5.464690495539847426e+00
4.142396613481253098e+01,-1.136274829045895274e+00,5.247079016179095561e+02,7.886841561414672697e+02,0.000000000000000000e+00,-1.958836527461791377e+01,5.464312990697607120e+00
5.817942038424105533e+01,-1.036242266362739972e+00,5.282773502327448796e+02,7.883942255699902262e+02,0.000000000000000000e+00,-2.062809470878458384e+01,5.463935631789678560e+00
7.493487463366957968e+01,-9.362097036795844485e-01,5.318676482746031979e+02,7.881045080846913606e+02,0.000000000000000000e+00,-2.166782414295125037e+01,5.463558418828198704e+00
9.041387170303048038e+01,-8.202214262455043148e-01,5.361027572071369605e+02,7.877688456213004429e+02,6.382285900359656317e-02,-2.014302921532899759e+01,5.463181351825308951e+00
1.051686746987959253e+02,-6.951807228915600767e-01,5.407236668416459224e+02,7.874073061528551989e+02,1.638554216867519064e-01,-1.716325924163147931e+01,5.462804430793139154e+00
1.199234776945651504e+02,-5.701400195375835311e-01,5.453790168028509697e+02,7.870460983827929340e+02,2.638879843699331595e-01,-1.418348926793318832e+01,5.462427655743814725e+00
1.346782806903305527e+02,-4.450993161836393486e-01,5.500690193535780281e+02,7.866852218548426663e+02,3.639205470530884612e-01,-1.120371929423566826e+01,5.462051026689461963e+00
1.379215239335720753e+02,-4.639531097362438739e-01,5.520411085574605750e+02,7.867396140796478221e+02,6.238358840768535307e-01,-1.201024182542874996e+01,5.461674543642194735e+00
1.346704656463686831e+02,-5.639856724194250992e-01,5.524348909912281442e+02,7.870283287444665348e+02,9.739498534679876807e-01,-1.495281939502247504e+01,5.461298206614128681e+00
1.314194073591661436e+02,-6.640182351025805119e-01,5.527905215703120803e+02,7.873172553898615433e+02,1.324063822859031347e+00,-1.789539696461543627e+01,5.460922015617375891e+00
1.281683490719635756e+02,-7.640507977857357025e-01,5.531084737545680809e+02,7.876063942493805143e+02,1.674177792250075125e+00,-2.083797453420840640e+01,5.460545970664033355e+00
1.326072940410302294e+02,-8.160208401172291959e-01,5.543194074657495776e+02,7.877566947655921012e+02,1.832041680234458347e+00,-2.231270127270927262e+01,5.460170071766202504e+00
1.413601432758063368e+02,-8.410289807880181323e-01,5.560386649457126396e+02,7.878290402713730600e+02,1.882057961576036220e+00,-2.296399949620680303e+01,5.459794318935981217e+00
1.501129925105846894e+02,-8.660371214588133970e-01,5.577495956434809159e+02,7.879013990664168432e+02,1.932074242917626528e+00,-2.361529771970450398e+01,5.459418712185453160e+00
1.588658417453607683e+02,-8.910452621296022224e-01,5.594522213943907900e+02,7.879737711543856449e+02,1.982090524259204400e+00,-2.426659594320203794e+01,5.459043251526709994e+00
1.608762618039726249e+02,-9.000000000000000222e-01,5.602435449109791534e+02,7.879996888718122818e+02,1.855519374796480436e+00,-2.410559704020856486e+01,5.458667936971827395e+00
1.591256919570169543e+02,-9.000000000000000222e-01,5.605296747582385706e+02,7.879996888718122818e+02,1.630446108759322721e+00,-2.349149122081542629e+01,5.458292768532881034e+00
1.573751221100617386e+02,-9.000000000000000222e-01,5.608158046054978740e+02,7.879996888718122818e+02,1.405372842722222959e+00,-2.287738540142245114e+01,5.457917746221944810e+00
1.556245522631065228e+02,-9.000000000000000222e-01,5.611019344527569501e+02,7.879996888718122818e+02,1.180299576685123863e+00,-2.226327958202947244e+01,5.457542870051082851e+00
1.492090524259186282e+02,-8.839140345164406831e-01,5.625084672408729602e+02,7.879531324461330541e+02,9.552263106479658150e-01,-1.954044602426644417e+01,5.457168140032354842e+00
1.402061217844346572e+02,-8.589058938456518577e-01,5.645408102946100826e+02,7.878807641490983542e+02,7.301530446108663863e-01,-1.564799424724681209e+01,5.456793556177824023e+00
1.312031911429483557e+02,-8.338977531748565930e-01,5.665784846826775265e+02,7.878084091439440044e+02,5.050797785737085599e-01,-1.175554247022616572e+01,5.456419118499534981e+00
1.222002605014643564e+02,-8.088896125040677676e-01,5.686215016112189460e+02,7.877360674270087202e+02,2.800065125366089647e-01,-7.863090693206530091e+00,5.456044827009543852e+00
1.104571800716378078e+02,-8.000000000000000444e-01,5.697205607170379835e+02,7.877103554079344576e+02,2.161185281667210856e-01,-6.479445725594359828e+00,5.455670681719883675e+00
9.720286551611626180e+01,-8.000000000000000444e-01,5.702970125538917046e+02,7.877103554079344576e+02,2.411266688375164058e-01,-6.479445725594359828e+00,5.455296682642595485e+00
8.394855096059818322e+01,-8.000000000000000444e-01,5.708734643907453119e+02,7.877103554079344576e+02,2.661348095083052590e-01,-6.479445725594359828e+00,5.454922829789717653e+00
7.069423640508009044e+01,-8.000000000000000444e-01,5.714499162275989192e+02,7.877103554079344576e+02,2.911429501790940844e-01,-6.479445725594359828e+00,5.454549123173272562e+00
5.970107456854312034e+01,-8.323021816997789868e-01,5.704011113374961042e+02,7.878037931948686037e+02,3.161510908498893491e-01,-6.515555647583416210e+00,5.454175562805285260e+00
4.994789970693547332e+01,-8.823184630413565266e-01,5.684657036614078152e+02,7.879485148009731574e+02,3.411592315206782855e-01,-6.571467784856776184e+00,5.453802148697780794e+00
4.019472484532530387e+01,-9.323347443829470560e-01,5.665359553213577328e+02,7.880932895883183846e+02,3.661673721914736057e-01,-6.627379922130150369e+00,5.453428880862767336e+00
3.044154998371765686e+01,-9.823510257245249289e-01,5.646118527472902997e+02,7.882381175862235523e+02,3.911755128622624866e-01,-6.683292059403510343e+00,5.453055759312256612e+00
2.311592315206769754e+01,-1.048550960599153647e+00,5.619364567264850621e+02,7.884298891193562895e+02,5.942038423966151672e-01,-6.757358769542602062e+00,5.452682784058251464e+00
1.711396939107682513e+01,-1.123575382611539553e+00,5.588616356031993746e+02,7.886473367324388164e+02,8.943015304461588988e-01,-6.841324653216148022e+00,5.452309955112756512e+00
1.111201563008750526e+01,-1.198599804623906362e+00,5.558017094451677167e+02,7.888649043219692203e+02,1.194399218495624915e+00,-6.925290536889670889e+00,5.451937272487763053e+00
5.110061869096631959e+00,-1.273624226636292045e+00,5.527566160676468598e+02,7.890825919872701206e+02,1.494496906545168979e+00,-7.009256420563215961e+00,5.451564736195266825e+00
2.513513513513413677e+00,-1.267567567567561060e+00,5.530922031637282998e+02,7.890650137855673165e+02,1.697297297297317487e+00,-7.335765282073826832e+00,5.451192346247251130e+00
1.763269293389748693e+00,-1.217551286225983409e+00,5.552615294062097746e+02,7.889198817944680968e+02,1.847346141322050439e+00,-7.793773348435758308e+00,5.450820102655695720e+00
1.013025073265889642e+00,-1.167535004884392880e+00,5.574384675090080918e+02,7.887748031815347076e+02,1.997394985346822027e+00,-8.251781414797807912e+00,5.450448005432580345e+00
2.627808531422245464e-01,-1.117518723542815007e+00,5.596230408629668318e+02,7.886297779173236222e+02,2.147443829371555424e+00,-8.709789481159738500e+00,5.450076054589876762e+00
0.000000000000000000e+00,-1.018756105503093590e+00,5.636367029140055820e+02,7.883435662335177767e+02,2.151253663301856189e+00,-8.445446622176493889e+00,5.449704250139550510e+00
0.000000000000000000e+00,-8.937154021491168221e-01,5.686658453388686212e+02,7.879814991680980256e+02,2.076229241289470284e+00,-7.791700158147394362e+00,5.449332592093566241e+00
0.000000000000000000e+00,-7.686746987951724730e-01,5.737343069207721555e+02,7.876197645272341106e+02,2.001204819277103475e+00,-7.137953694118463588e+00,5.448961080463884166e+00
0.000000000000000000e+00,-6.436339954411959274e-01,5.788423483061083061e+02,7.872583618533225263e+02,1.926180397264717570e+00,-6.484207230089364948e+00,5.448589715262452060e+00
0.000000000000000000e+00,-6.325626831650993376e-01,5.793535244435066716e+02,7.872263786406083454e+02,1.655779876261755490e+00,-6.292444386339898443e+00,5.448218496501220365e+00
0.000000000000000000e+00,-6.825789645066768774e-01,5.773911359854624834e+02,7.873708881598895459e+02,1.280657766199922776e+00,-6.348304763060014011e+00,5.447847424192136856e+00
0.000000000000000000e+00,-7.325952458482676288e-01,5.754344749586950911e+02,7.875154507435391906e+02,9.055356561379932501e-01,-6.404165139780144678e+00,5.447476498347133322e+00
0.000000000000000000e+00,-7.826115271898452797e-01,5.734835276595098321e+02,7.876600664207907130e+02,5.304135460761607579e-01,-6.460025516500260245e+00,5.447105718978152211e+00
0.000000000000000000e+00,-8.652556170628458165e-01,5.699916823721489436e+02,7.878991376528795172e+02,3.347443829371542501e-01,-6.552427544598949716e+00,5.446735086097119094e+00
0.000000000000000000e+00,-9.652881797460270974e-01,5.657005189100644884e+02,7.881887041364200286e+02,2.347118202539729970e-01,-6.664303865947321270e+00,5.446364599715957766e+00
0.000000000000000000e+00,-1.065320742429182621e+00,5.614381668967511132e+02,7.884784835395375922e+02,1.346792575708176121e-01,-6.776180187295663515e+00,5.445994259846591135e+00
0.000000000000000000e+00,-1.165353305112363236e+00,5.572044577443690514e+02,7.887684760971600326e+02,3.464669488763640059e-02,-6.888056508644035070e+00,5.445624066500933225e+00
0.000000000000000000e+00,-1.281732334744398738e+00,5.525193485409698724e+02,7.891061253220616436e+02,0.000000000000000000e+00,-7.018407306255968869e+00,5.445254019690893621e+00
0.000000000000000000e+00,-1.406773038098342754e+00,5.476166642084966725e+02,7.894692268647728497e+02,0.000000000000000000e+00,-7.158547368182865966e+00,5.444884119428382796e+00
0.000000000000000000e+00,-1.531813741452319411e+00,5.427521947186485249e+02,7.898326627184733297e+02,0.000000000000000000e+00,-7.298687430109800367e+00,5.444514365725299676e+00
0.000000000000000000e+00,-1.656854444806263427e+00,5.379256867439461303e+02,7.901964333450808908e+02,0.000000000000000000e+00,-7.438827492036697464e+00,5.444144758593539635e+00
0.000000000000000000e+00,-1.732758059264082995e+00,5.349789935072038816e+02,7.904174169679106399e+02,0.000000000000000000e+00,-8.217631240473478371e+00,5.443775298044995381e+00
0.000000000000000000e+00,-1.782774340605673524e+00,5.330145775163720145e+02,7.905631005146555026e+02,0.000000000000000000e+00,-9.332907905262587178e+00,5.443405984091554295e+00
0.000000000000000000e+00,-1.832790621947251175e+00,5.310565483308428156e+02,7.907088377738002691e+02,0.000000000000000000e+00,-1.044818457005140466e+01,5.443036816745100204e+00
0.000000000000000000e+00,-1.882806903288841927e+00,5.291048880490712918e+02,7.908546287750558577e+02,0.000000000000000000e+00,-1.156346123484051169e+01,5.442667796017509829e+00
0.000000000000000000e+00,-1.801530446108740913e+00,5.322795691444433714e+02,7.906177456908175145e+02,0.000000000000000000e+00,-1.148014307510265297e+01,5.442298921920659893e+00
0.000000000000000000e+00,-1.651481602084007960e+00,5.381848376719292446e+02,7.901807956864256539e+02,0.000000000000000000e+00,-1.076898953108943502e+01,5.441930194466410242e+00
0.000000000000000000e+00,-1.501432758059236150e+00,5.441480123995179383e+02,7.897443283927929087e+02,0.000000000000000000e+00,-1.005783598707603055e+01,5.441561613666632269e+00
0.000000000000000000e+00,-1.351383914034503197e+00,5.501695818685639097e+02,7.893083430104651370e+02,0.000000000000000000e+00,-9.346682443062814372e+00,5.441193179533183155e+00
0.000000000000000000e+00,-1.217779225008141841e+00,5.550293079949270805e+02,7.889205430821837126e+02,6.577661999348646815e-02,-9.007477646317711972e+00,5.440824892077914754e+00
0.000000000000000000e+00,-1.092738521654165407e+00,5.592848023966021174e+02,7.885579459617785005e+02,1.658091826766676935e-01,-8.861980811021071602e+00,5.440456751312678030e+00
0.000000000000000000e+00,-9.676978183002212797e-01,5.635661999220551479e+02,7.881956819960171288e+02,2.658417453598230784e-01,-8.716483975724466760e+00,5.440088757249320395e+00
0.000000000000000000e+00,-8.426571149462447341e-01,5.678736010072485669e+02,7.878337507259561789e+02,3.658743080430042482e-01,-8.570987140427824613e+00,5.439720909899678603e+00
0.000000000000000000e+00,-6.022793878215209062e-01,5.730872554468512590e+02,7.871389084211800764e+02,5.647671768153992300e-01,-8.292491943668720111e+00,5.439353209275590295e+00
0.000000000000000000e+00,-3.021816997720547793e-01,5.787123573161944705e+02,7.862731563398091339e+02,8.148485835232874841e-01,-7.945131982674146442e+00,5.438985655388884233e+00
0.000000000000000000e+00,-2.084011722511182590e-03,5.842744731903596858e+02,7.854093065991318099e+02,1.064929990231241019e+00,-7.597772021679484844e+00,5.438618248251383847e+00
0.000000000000000000e+00,2.980136763269549682e-01,5.897687115565912563e+02,7.845473529359323948e+02,1.315011396939129051e+00,-7.250412060684909399e+00,5.438250987874917897e+00
0.000000000000000000e+00,5.485835232823156327e-01,5.870876164987737411e+02,7.838291032920218413e+02,1.482546401823508386e+00,-7.291143175608592486e+00,5.437883874271293827e+00
0.000000000000000000e+00,7.736567893194733481e-01,5.798897886006978979e+02,7.831850589682831014e+02,1.607587105177484821e+00,-7.531660820738729001e+00,5.437516907452333292e+00
0.000000000000000000e+00,9.987300553565727768e-01,5.722820863777353679e+02,7.825420721519740255e+02,1.732627808531429281e+00,-7.772178465868803343e+00,5.437150087429836631e+00
0.000000000000000000e+00,1.223803321393730492e+00,5.642543822636400819e+02,7.819001402406231591e+02,1.857668511885405271e+00,-8.012696110998939858e+00,5.436783414215605070e+00
0.000000000000000000e+00,1.300000000000000044e+00,5.593314785944245386e+02,7.816830580992929072e+02,1.933083686095739884e+00,-7.763801031503795080e+00,5.436416887821441613e+00
0.000000000000000000e+00,1.300000000000000044e+00,5.561442540488674240e+02,7.816830580992929072e+02,1.983099967437317535e+00,-7.264419124444762232e+00,5.436050508259133274e+00
0.000000000000000000e+00,1.300000000000000044e+00,5.529570295033093998e+02,7.816830580992929072e+02,2.033116248778908286e+00,-6.765037217385599710e+00,5.435684275540472399e+00
0.000000000000000000e+00,1.300000000000000044e+00,5.497698049577523989e+02,7.816830580992929072e+02,2.083132530120485715e+00,-6.265655310326566862e+00,5.435318189677245115e+00
0.000000000000000000e+00,1.316574405731032016e+00,5.491245937334543896e+02,7.816358540556453818e+02,2.100000000000000089e+00,-6.078238034019233460e+00,5.434952250681221564e+00
0.000000000000000000e+00,1.341582546401826948e+00,5.497731575630552925e+02,7.815646414552072656e+02,2.100000000000000089e+00,-6.049561110098281347e+00,5.434586458564181655e+00
0.000000000000000000e+00,1.366590687072616106e+00,5.504220753244836715e+02,7.814934418295381420e+02,2.100000000000000089e+00,-6.020884186177337227e+00,5.434220813337894640e+00
0.000000000000000000e+00,1.391598827743411260e+00,5.510713462748548181e+02,7.814222551750930279e+02,2.100000000000000089e+00,-5.992207262256386002e+00,5.433855315014119114e+00
0.000000000000000000e+00,1.366786063171599785e+00,5.497555661673052327e+02,7.814928856335318414e+02,2.100000000000000089e+00,-6.020671452502639909e+00,5.433489963604623441e+00
0.000000000000000000e+00,1.316769781830022357e+00,5.474527792411978453e+02,7.816352976569086195e+02,2.100000000000000089e+00,-6.078042324033453347e+00,5.433124759121157332e+00
0.000000000000000000e+00,1.266753500488431383e+00,5.451586169922944691e+02,7.817777615934410278e+02,2.100000000000000089e+00,-6.135413195564281885e+00,5.432759701575475830e+00
0.000000000000000000e+00,1.216737219146853510e+00,5.428730510940965814e+02,7.819202774715200803e+02,2.100000000000000089e+00,-6.192784067095095324e+00,5.432394790979318877e+00
0.000000000000000000e+00,1.216639531097361893e+00,5.435342883227347102e+02,7.819205558736862258e+02,2.149918593292085678e+00,-6.192890456098705698e+00,5.432030027344429080e+00
0.000000000000000000e+00,1.241647671768157268e+00,5.456794748877073289e+02,7.818492913894331195e+02,2.224943015304471583e+00,-6.164196508488828385e+00,5.431665410682543715e+00
0.000000000000000000e+00,1.266655812438945983e+00,5.478304071098899612e+02,7.817780398941309841e+02,2.299967437316837948e+00,-6.135502560878959066e+00,5.431300941005393845e+00
0.000000000000000000e+00,1.291663953109741358e+00,5.499870970836891502e+02,7.817068013842291521e+02,2.374991859329224297e+00,-6.106808613269082642e+00,5.430936618324705201e+00
6.668837512212080210e-01,1.333344187561060767e+00,5.504556073718033531e+02,7.815880993811975941e+02,2.466688375122120913e+00,-6.059019382301373824e+00,5.430572442652205289e+00
1.667209378052761259e+00,1.383360468902637974e+00,5.500692433052975048e+02,7.814457045545537994e+02,2.566720937805275771e+00,-6.001682509654754583e+00,5.430208413999602080e+00
2.667535004884573624e+00,1.433376750244228504e+00,5.496721884192892276e+02,7.813033616032988675e+02,2.666753500488457274e+00,-5.944345637008120242e+00,5.429844532378612421e+00
3.667857852581945188e+00,1.483393102608124403e+00,5.492643773973687757e+02,7.811610702971003093e+02,2.766786124047885487e+00,-5.887008682847797658e+00,5.429480797800946057e+00
7.173884728102711605e+00,1.516704656463698342e+00,5.492143809203341789e+02,7.810663311509690629e+02,2.850113969391095736e+00,-5.848838487370771944e+00,5.429117210278304739e+00
1.192543145555259088e+01,1.541712797134487500e+00,5.493445713814622877e+02,7.809952222831998370e+02,2.925138391403461657e+00,-5.820195465530639822e+00,5.428753769822384889e+00
1.667697818300246837e+01,1.566720937805276437e+00,5.494732616744785219e+02,7.809241263618615676e+02,3.000162813415828467e+00,-5.791552443690508589e+00,5.428390476444883816e+00
2.142849996341895036e+01,1.591729542403382158e+00,5.496004490005415164e+02,7.808530420649549342e+02,3.075188627210145853e+00,-5.762908890492190572e+00,5.428027330157485508e+00
2.869065450993250366e+01,1.566525561706279657e+00,5.486712347545463899e+02,7.809246817485792462e+02,3.100000000000000089e+00,-5.791787545969435236e+00,5.427664330971879281e+00
3.719342233800070829e+01,1.516509280364701562e+00,5.472226008589103685e+02,7.810668867399750752e+02,3.100000000000000089e+00,-5.849090516535243367e+00,5.427301478899739351e+00
4.569619016607111206e+01,1.466492999023111032e+00,5.457765008460696663e+02,7.812091435313541297e+02,3.100000000000000089e+00,-5.906393487101064821e+00,5.426938773952742601e+00
5.419889587716964030e+01,1.416474577517031541e+00,5.443328735494801549e+02,7.813514582421590831e+02,3.100000000000000089e+00,-5.963698909624118194e+00,5.426576216142561471e+00
6.504949527841371548e+01,1.416769781830028219e+00,5.450786993772221649e+02,7.813506181604501535e+02,3.066460436339943030e+00,-5.963355022718197951e+00,5.426213805480860408e+00
7.705340280039236234e+01,1.441777922500817599e+00,5.469029922601248472e+02,7.812794575222111462e+02,3.016444154998365157e+00,-5.934695073992521941e+00,5.425851541979294090e+00
8.905731032237099498e+01,1.466786063171606092e+00,5.487318686713275611e+02,7.812083098445438054e+02,2.966427873656787728e+00,-5.906035125266847707e+00,5.425489425649526076e+00
1.010616371931134836e+02,1.491793050633309692e+00,5.505652838673256610e+02,7.811371784036724648e+02,2.916407748284889578e+00,-5.877376497108340203e+00,5.425127456503203049e+00
1.080244220123742735e+02,1.567209378052761837e+00,5.539395130865850660e+02,7.809227378985235646e+02,2.899999999999999911e+00,-5.791060923435672692e+00,5.424765634551971694e+00
1.125258873331162590e+02,1.667241940735916472e+00,5.580876356946408805e+02,7.806384846174053109e+02,2.899999999999999911e+00,-5.676589917028432630e+00,5.424403959807472475e+00
1.170273526538594098e+02,1.767274503419097975e+00,5.622634163850026425e+02,7.803544381954900473e+02,2.899999999999999911e+00,-5.562118910621163259e+00,5.424042432281344972e+00
1.215293609883186150e+02,1.867314306285149383e+00,5.664671548426623531e+02,7.800705778755778965e+02,2.899999999999999911e+00,-5.447639612521100183e+00,5.423681051985221657e+00
1.196330185607282885e+02,1.916834907196358406e+00,5.694732634577278532e+02,7.799301408609702548e+02,2.866330185607282477e+00,-5.390999586534443999e+00,5.423319818930725233e+00
1.146313904265705190e+02,1.941843047867147787e+00,5.718947302897861391e+02,7.798592387125825098e+02,2.816313904265705048e+00,-5.362423792782761822e+00,5.422958733129481956e+00
1.096297622924127495e+02,1.966851188537936057e+00,5.743228138454742293e+02,7.797883494542152221e+02,2.766297622924127175e+00,-5.333847999031080533e+00,5.422597794593109199e+00
1.046283349866659762e+02,1.991863680490998600e+00,5.767576959193793300e+02,7.797174607520953487e+02,2.716272639018002977e+00,-5.305267233244634895e+00,5.422237003333217231e+00
9.760240963855346763e+01,2.000000000000000000e+00,5.782651986366668098e+02,7.796944041262979681e+02,2.700000000000000178e+00,-5.295970189084187041e+00,5.421876359361419873e+00
8.959980462390102218e+01,2.000000000000000000e+00,5.793233297310380294e+02,7.796944041262979681e+02,2.700000000000000178e+00,-5.295970189084187041e+00,5.421515862689317622e+00
8.159719960924653037e+01,2.000000000000000000e+00,5.803814608254093628e+02,7.796944041262979681e+02,2.700000000000000178e+00,-5.295970189084187041e+00,5.421155513328506537e+00
7.359462375225656672e+01,2.000000000000000000e+00,5.814394787176969430e+02,7.796944041262979681e+02,2.700000000000000178e+00,-5.295970189084187041e+00,5.420795311290585339e+00
6.542298925431271073e+01,2.016900032562688683e+00,5.836769581465890724e+02,7.796465173317124027e+02,2.700000000000000178e+00,-5.276670480942124541e+00,5.420435256587140316e+00
5.717030283295238746e+01,2.041908173233477619e+00,5.864867306234988291e+02,7.795756667390899111e+02,2.700000000000000178e+00,-5.248111375252148214e+00,5.420075349229757755e+00
4.891761641159207130e+01,2.066916313904266556e+00,5.893044502093320034e+02,7.795048290224320908e+02,2.700000000000000178e+00,-5.219552269562170999e+00,5.419715589230018615e+00
4.066436328023999636e+01,2.091932182438556609e+00,5.921302930510242959e+02,7.794339822956388844e+02,2.700000000000000178e+00,-5.190984338711084334e+00,5.419355976599496749e+00
3.444415499837137418e+01,2.083067404754149088e+00,5.943715883925117396e+02,7.794590865052622348e+02,2.666134809508299064e+00,-5.201107847137396156e+00,5.418996511349762457e+00
2.919244545750572328e+01,2.058059264083360596e+00,5.963242838648926636e+02,7.795299159080585696e+02,2.616118528166721191e+00,-5.229666952827373372e+00,5.418637193492379822e+00
2.394073591663870815e+01,2.033051123412564998e+00,5.982679248957595064e+02,7.796007581845525465e+02,2.566102246825130884e+00,-5.258226058517356805e+00,5.418278023038911151e+00
1.868861629033335703e+01,2.008047864711296704e+00,6.002030779154509901e+02,7.796715995041842007e+02,2.516085965483553011e+00,-5.286779584143806332e+00,5.417919000000913421e+00
1.462487788993735904e+01,1.949104526212943389e+00,6.010310637669476819e+02,7.798386536547559444e+02,2.466069684141962259e+00,-5.354160485905350875e+00,5.417560124389937393e+00
1.112373819602692215e+01,1.874080104200576802e+00,6.013192516421264600e+02,7.800513875514795927e+02,2.416053402800384386e+00,-5.439938121142654737e+00,5.417201396217529386e+00
7.622598502116484376e+00,1.799055682188210437e+00,6.015852358717638708e+02,7.802642375441654394e+02,2.366037121458806958e+00,-5.525715756379958599e+00,5.416842815495236607e+00
4.120369222542235477e+00,1.723995176494780290e+00,6.018291386640629526e+02,7.804773062017816301e+02,2.316035273589633903e+00,-5.611534647154449829e+00,5.416484382234586725e+00
2.490068381634579442e+00,1.699999999999999956e+00,6.028413733787213005e+02,7.805454440434816661e+02,2.164018235102554311e+00,-5.638969040404219868e+00,5.416126096447118954e+00
1.739824161510914458e+00,1.699999999999999956e+00,6.042223338088183482e+02,7.805454440434816661e+02,1.963953109736243485e+00,-5.638969040404219868e+00,5.415767958144358296e+00
9.895799413870554062e-01,1.699999999999999956e+00,6.056032942389159643e+02,7.805454440434816661e+02,1.763887984369881368e+00,-5.638969040404219868e+00,5.415409967337827979e+00
2.389002189352132932e-01,1.699999999999999956e+00,6.069840554002475983e+02,7.805454440434816661e+02,1.563796058860298599e+00,-5.638969040404219868e+00,5.415052124039047676e+00
0.000000000000000000e+00,1.717030283295348791e+00,6.089881446862704024e+02,7.804970828048737985e+02,1.414848583523255376e+00,-5.619486396763541336e+00,5.414694428259531733e+00
0.000000000000000000e+00,1.742038423966137728e+00,6.112889241343067397e+02,7.804260775442199929e+02,1.289807880169311138e+00,-5.590877084495788019e+00,5.414336880010785613e+00
0.000000000000000000e+00,1.767046564636926664e+00,6.135957556496933876e+02,7.803550852017143598e+02,1.164767176815366900e+00,-5.562267772228035589e+00,5.413979479304314779e+00
0.000000000000000000e+00,1.792071932815392232e+00,6.159080614976618335e+02,7.802840568850808722e+02,1.039640335923039061e+00,-5.533638751691954738e+00,5.413622226151618477e+00
0.000000000000000000e+00,1.800000000000000044e+00,6.200847690908786944e+02,7.802615577208615605e+02,1.119439921849575414e+00,-5.524569043041879013e+00,5.413265120564191513e+00
0.000000000000000000e+00,1.800000000000000044e+00,6.251266295272914704e+02,7.802615577208615605e+02,1.294496906545096859e+00,-5.524569043041879013e+00,5.412908162553523361e+00
0.000000000000000000e+00,1.800000000000000044e+00,6.301684899637058379e+02,7.802615577208615605e+02,1.469553891240664267e+00,-5.524569043041879013e+00,5.412551352131100835e+00
0.000000000000000000e+00,1.800000000000000044e+00,6.352097025370387655e+02,7.802615577208615605e+02,1.644751976341289001e+00,-5.524569043041879013e+00,5.412194689308402751e+00
0.000000000000000000e+00,1.800000000000000044e+00,6.415595359092834542e+02,7.802615577208615605e+02,1.648713774014962663e+00,-5.524569043041879013e+00,5.411838174096901710e+00
0.000000000000000000e+00,1.800000000000000044e+00,6.485138261664048969e+02,7.802615577208615605e+02,1.573689352002596298e+00,-5.524569043041879013e+00,5.411481806508071202e+00
0.000000000000000000e+00,1.800000000000000044e+00,6.554681164235263395e+02,7.802615577208615605e+02,1.498664929990229933e+00,-5.524569043041879013e+00,5.411125586553380273e+00
0.000000000000000000e+00,1.800000000000000044e+00,6.624240474500172695e+02,7.802615577208615605e+02,1.423668471386210221e+00,-5.524569043041879013e+00,5.410769514244284650e+00
0.000000000000000000e+00,1.817127971344841164e+00,6.674535365727917906e+02,7.802129544652626691e+02,1.280104200586113850e+00,-5.504986138916094340e+00,5.410413589592246275e+00
0.000000000000000000e+00,1.842136112015629434e+00,6.716103512537605411e+02,7.801420008896649279e+02,1.105047215890592183e+00,-5.476393609698225973e+00,5.410057812608711103e+00
0.000000000000000000e+00,1.867144252686425032e+00,6.757796362249721369e+02,7.800710602181133027e+02,9.299902311950248857e-01,-5.447801080480349611e+00,5.409702183305129530e+00
0.000000000000000000e+00,1.892139062635586733e+00,6.799652622292023807e+02,7.800001702499170051e+02,7.548585944583933172e-01,-5.419223779293513843e+00,5.409346701692944848e+00
0.000000000000000000e+00,1.951481602084027323e+00,6.814906470671642182e+02,7.798319152844784412e+02,6.485183979159724332e-01,-5.351444527140698959e+00,5.408991367783591464e+00
0.000000000000000000e+00,2.026506024096393688e+00,6.817874730209988456e+02,7.796193010625876241e+02,5.734939759036059570e-01,-5.265767162844677607e+00,5.408636181588502900e+00
0.000000000000000000e+00,2.101530446108760497e+00,6.820656145079517501e+02,7.794068027438420359e+02,4.984695538912395363e-01,-5.180089798548656255e+00,5.408281143119110013e+00
0.000000000000000000e+00,2.176600213160792663e+00,6.823251812248034867e+02,7.791942919255460538e+02,4.234451318788536311e-01,-5.094360605304423473e+00,5.407926252386833887e+00
0.000000000000000000e+00,2.217193096711171041e+00,6.806514196660750713e+02,7.790794280275983965e+02,3.484207098664870994e-01,-5.048026721551254425e+00,5.407571509403092946e+00
0.000000000000000000e+00,2.242201237381966195e+00,6.780954163561077621e+02,7.790086804616094014e+02,2.733962878541011943e-01,-5.019500850483813892e+00,5.407216914179300282e+00
0.000000000000000000e+00,2.267209378052755131e+00,6.755279038096548447e+02,7.789379457435112499e+02,1.983718658417345793e-01,-4.990974979416381352e+00,5.406862466726866323e+00
0.000000000000000000e+00,2.292251524330233714e+00,6.729493625972592099e+02,7.788671277176741796e+02,1.232454270092982335e-01,-4.962410319397592140e+00,5.406508167057194392e+00
0.000000000000000000e+00,2.265548681211321469e+00,6.697567428385339099e+02,7.789426425726931029e+02,1.172256593943391823e-01,-4.992880705376977701e+00,5.406154015181683370e+00
0.000000000000000000e+00,2.215532399869744040e+00,6.663038691164589409e+02,7.790841265631560191e+02,1.422338000651280354e-01,-5.049949041298773977e+00,5.405800011111733916e+00
0.000000000000000000e+00,2.165516118528166167e+00,6.628660916112581845e+02,7.792256619601150760e+02,1.672419407359168608e-01,-5.107017377220570253e+00,5.405446154858727148e+00
0.000000000000000000e+00,2.115499837186575416e+00,6.594412752744735826e+02,7.793672487915933971e+02,1.922500814067121533e-01,-5.164085662619732453e+00,5.405092446434051290e+00
0.000000000000000000e+00,2.065483555844997987e+00,6.573805996964158567e+02,7.795088870856325229e+02,2.172582220775009787e-01,-5.221199984826581542e+00,5.404738885849089236e+00
0.000000000000000000e+00,2.015467274503407236e+00,6.559250374499852114e+02,7.796505768702953674e+02,2.422663627482962989e-01,-5.278334884268254257e+00,5.404385473115213223e+00
0.000000000000000000e+00,1.965450993161829363e+00,6.544705417537207950e+02,7.797923181736649667e+02,2.672745034190851521e-01,-5.335469783709912761e+00,5.404032208243796376e+00
0.000000000000000000e+00,1.915350380168487021e+00,6.530146732802465976e+02,7.799343501688102833e+02,2.922685888145798438e-01,-5.392701017391424045e+00,5.403679091246207378e+00
0.000000000000000000e+00,1.899999999999999911e+00,6.532952259737778604e+02,7.799778778234900756e+02,3.345815695213386620e-01,-5.410236156026144272e+00,5.403326122133802478e+00
0.000000000000000000e+00,1.899999999999999911e+00,6.543458396846253891e+02,7.799778778234900756e+02,3.845978508629163128e-01,-5.410236156026144272e+00,5.402973300917942368e+00
0.000000000000000000e+00,1.899999999999999911e+00,6.553964533954731451e+02,7.799778778234900756e+02,4.346141322044939637e-01,-5.410236156026144272e+00,5.402620627609975301e+00
0.000000000000000000e+00,1.899999999999999911e+00,6.564463030397753300e+02,7.799778778234900756e+02,4.845838690475586241e-01,-5.410236156026144272e+00,5.402268102221249535e+00
0.000000000000000000e+00,1.917323347443830706e+00,6.584319903996189396e+02,7.799287559299418717e+02,6.039400846629868758e-01,-5.390441465562735068e+00,5.401915724763112436e+00
0.000000000000000000e+00,1.942331488114626747e+00,6.608366535887607824e+02,7.798578540333460296e+02,7.539889286877587971e-01,-5.361865671811046674e+00,5.401563495246893609e+00
0.000000000000000000e+00,1.967339628785415018e+00,6.632475570710429338e+02,7.797869650267018642e+02,9.040377727124918605e-01,-5.333289878059364497e+00,5.401211413683933316e+00
0.000000000000000000e+00,1.992398887691878340e+00,6.656637957066567424e+02,7.797159440524062575e+02,1.054188853208573695e+00,-5.304655673561406104e+00,5.400859480085554942e+00
0.000000000000000000e+00,2.000000000000000000e+00,6.688534365852833616e+02,7.796944041262979681e+02,1.152067730380998301e+00,-5.295970189084187041e+00,5.400507694463081876e+00
0.000000000000000000e+00,2.000000000000000000e+00,6.723805402331867072e+02,7.796944041262979681e+02,1.227092152393364888e+00,-5.295970189084187041e+00,5.400156056827834838e+00
0.000000000000000000e+00,2.000000000000000000e+00,6.759076438810902800e+02,7.796944041262979681e+02,1.302116574405731475e+00,-5.295970189084187041e+00,5.399804567191127447e+00
0.000000000000000000e+00,2.000000000000000000e+00,6.794356514708408668e+02,7.796944041262979681e+02,1.377308648580669814e+00,-5.295970189084187041e+00,5.399453225564265324e+00
0.000000000000000000e+00,2.017388472810161204e+00,6.824581536375590076e+02,7.796451334077671618e+02,1.330446108759354873e+00,-5.276112685909120970e+00,5.399102031958560310e+00
0.000000000000000000e+00,2.042396613480956358e+00,6.852672632228717475e+02,7.795742830666620193e+02,1.230413546076173814e+00,-5.247553580219137537e+00,5.398750986385304707e+00
0.000000000000000000e+00,2.067404754151745738e+00,6.880839667211547521e+02,7.795034456014527677e+02,1.130380983393018512e+00,-5.218994474529161209e+00,5.398400088855794365e+00
0.000000000000000000e+00,2.092473733793443813e+00,6.909143527799512867e+02,7.794324487340738870e+02,1.030105064826224215e+00,-5.190365891198957193e+00,5.398049339381322476e+00
0.000000000000000000e+00,2.100000000000000089e+00,6.918903725478216984e+02,7.794111364045446635e+02,1.104526212959977327e+00,-5.181770952659803697e+00,5.397698737973171568e+00
0.000000000000000000e+00,2.100000000000000089e+00,6.920679885386938395e+02,7.794111364045446635e+02,1.254575056984710280e+00,-5.181770952659803697e+00,5.397348284642625060e+00
0.000000000000000000e+00,2.100000000000000089e+00,6.922456045295663216e+02,7.794111364045446635e+02,1.404623901009443232e+00,-5.181770952659803697e+00,5.396997979400955714e+00
0.000000000000000000e+00,2.100000000000000089e+00,6.924230705092303424e+02,7.794111364045446635e+02,1.555068625050463282e+00,-5.181770952659803697e+00,5.396647822259434513e+00
5.236079452947403068e-01,2.117453598176491258e+00,6.927174134373948391e+02,7.793617170903057740e+02,1.600000000000000089e+00,-5.161850690730192426e+00,5.396297813229330664e+00
1.273852165418599469e+00,2.142461738847286412e+00,6.930610230125463431e+02,7.792909182484803523e+02,1.600000000000000089e+00,-5.133308225875821584e+00,5.395947952321901830e+00
2.024096385542264454e+00,2.167469879518075793e+00,6.934034008134156011e+02,7.792201322685145897e+02,1.600000000000000089e+00,-5.104765761021458736e+00,5.395598239548406561e+00
2.772714870671266318e+00,2.192478020188864729e+00,6.937443397091590214e+02,7.791493591469049989e+02,1.600000000000000089e+00,-5.076223272503797013e+00,5.395248674920097187e+00
6.846955389125116476e+00,2.217486160859659883e+00,6.942096768994529157e+02,7.790785988801475241e+02,1.547541517421021195e+00,-5.047692433999679373e+00,5.394899258448220714e+00
1.234874633669866029e+01,2.242494301530448375e+00,6.947279794448601251e+02,7.790078514647400425e+02,1.472517095408654608e+00,-5.019166562932246833e+00,5.394549990144019702e+00
1.785053728427220321e+01,2.267502442201237312e+00,6.952456698304608835e+02,7.789371168971825909e+02,1.397492673396288021e+00,-4.990640691864814293e+00,5.394200870018730498e+00
2.334534378082879513e+01,2.292464497784667987e+00,6.957626001579783406e+02,7.788665254812897274e+02,1.322237825947078838e+00,-4.962167347780989779e+00,5.393851898083584118e+00
3.428492347769536508e+01,2.370074894171285695e+00,6.963478350744754835e+02,7.786471289896176131e+02,1.335037447085643203e+00,-4.873755636893788434e+00,5.393503074349814241e+00
4.753923803321687558e+01,2.470107456854467198e+00,6.969360309220885483e+02,7.783645296232022019e+02,1.385053728427233510e+00,-4.759817155681051126e+00,5.393154398828638563e+00
6.079355258873496126e+01,2.570140019537622500e+00,6.974931025411356131e+02,7.780821353135430627e+02,1.435070009768810939e+00,-4.645878674468344016e+00,5.392805871531279216e+00
7.405049032488840055e+01,2.670172582220777802e+00,6.980202799318586813e+02,7.777999458375350059e+02,1.484987303161884542e+00,-4.531939761011561707e+00,5.392457492468951230e+00
8.624910452621516299e+01,2.770205144903958860e+00,6.969434241553042284e+02,7.775179609723960539e+02,1.640410289807917810e+00,-4.418185436814637157e+00,5.392109261652858088e+00
9.800293064148590361e+01,2.870237707587114162e+00,6.951422818875346366e+02,7.772361804956663036e+02,1.840475415174228413e+00,-4.304508737836982846e+00,5.391761179094208600e+00
1.097567567567566584e+02,2.970270270270269464e+00,6.932762814365402164e+02,7.769546041852097460e+02,2.040540540540539016e+00,-4.190832038859329423e+00,5.391413244804198257e+00
1.215097178211902076e+02,3.070263568234461005e+00,6.913376789279897139e+02,7.766733421995826347e+02,2.241312430848720005e+00,-4.076753757120073374e+00,5.391065458794024323e+00
1.336160859654842454e+02,3.187919244545757813e+00,6.911470291145895999e+02,7.763426600368211439e+02,2.299999999999999822e+00,-6.456611326217674751e+00,5.390717821074878735e+00
1.458700748941739391e+02,3.312959947899734470e+00,6.916563567427047019e+02,7.759915300616772811e+02,2.299999999999999822e+00,-9.888723335241959234e+00,5.390370331657946323e+00
1.581240638228604780e+02,3.438000651253678708e+00,6.921141584199011731e+02,7.756407175662429836e+02,2.299999999999999822e+00,-1.332083534426535643e+01,5.390022990554401261e+00
1.704004733644346743e+02,3.563093783761909439e+00,6.925209613699751117e+02,7.752900752641880899e+02,2.299999999999999822e+00,-1.676589901244463121e+01,5.389675797775424826e+00
1.769947899706943701e+02,3.670465646369279522e+00,6.908959237078477145e+02,7.749893592383842815e+02,2.352849234776959619e+00,-1.584332263202508884e+01,5.389328753332186750e+00
1.812461738847284494e+02,3.770498209052434380e+00,6.883728655225526154e+02,7.747094082338248882e+02,2.427873656789325985e+00,-1.311193407014285128e+01,5.388981857235853212e+00
1.854975577987625570e+02,3.870530771735589681e+00,6.857758688778633314e+02,7.744296594107880765e+02,2.502898078801692350e+00,-1.038054550826061728e+01,5.388635109497585063e+00
1.897400322773879111e+02,3.970482880375642676e+00,6.831056219788980570e+02,7.741503372549702817e+02,2.577847075148645750e+00,-7.644580445503947885e+00,5.388288510128537823e+00
2.005304461087600885e+02,4.105893845652889063e+00,6.797302593866864981e+02,7.737722445488585663e+02,2.688244871377408529e+00,-6.051634866156311077e+00,5.387942059139866124e+00
2.140348420709895549e+02,4.255942689677661761e+00,6.759458004934938344e+02,7.733537112265105407e+02,2.813285574731384742e+00,-4.926905820722855545e+00,5.387595756542713943e+00
2.275392380332155255e+02,4.405991533702395380e+00,6.719969430091163076e+02,7.729356304286486647e+02,2.938326278085328980e+00,-3.802176775289690447e+00,5.387249602348222588e+00
2.411013750415501988e+02,4.556498639997831113e+00,6.678806912478772801e+02,7.725167270389529222e+02,3.063277874886636276e+00,-2.672638700866721173e+00,5.386903596567533370e+00
2.317388472810125677e+02,4.617681536958649247e+00,6.637167352485203082e+02,7.723465671322387607e+02,3.223770758710549522e+00,-2.657744570757814007e+00,5.386557739211775164e+00
2.129827417779209497e+02,4.642689677629438627e+00,6.595635022052146041e+02,7.722770370390607013e+02,3.398827743406071189e+00,-3.095925066217437571e+00,5.386212030292082176e+00
1.942266362748293034e+02,4.667697818300228008e+00,6.553935136661040133e+02,7.722075194635759772e+02,3.573884728101592856e+00,-3.534105561677060692e+00,5.385866469819567293e+00
1.754835102692033217e+02,4.692819409393357510e+00,6.511939911908834802e+02,7.721376991348707861e+02,3.749735865753503816e+00,-3.974273880338977882e+00,5.385521057805356726e+00
1.519316183653520511e+02,4.593715402149129545e+00,6.493830847452230728e+02,7.724132118875331798e+02,3.693715402149129634e+00,-3.889543379322101035e+00,5.385175794260561588e+00
1.264233148811408256e+02,4.443666558124357735e+00,6.484846499061517306e+02,7.728307275714830666e+02,3.543666558124357824e+00,-3.592302924276847165e+00,5.384830679196290326e+00
1.009150113969362224e+02,4.293617714099625005e+00,6.475260615056591860e+02,7.732486948624748493e+02,3.393617714099624649e+00,-3.295062469231671010e+00,5.384485712623646947e+00
7.537398120211449282e+01,4.143624315727942431e+00,6.465034118142239095e+02,7.736669597480212133e+02,3.243980752068978735e+00,-2.996394152570830194e+00,5.384140894553733681e+00
5.752946922826178877e+01,3.975773363725139564e+00,6.479405208402869221e+02,7.741355583472862918e+02,2.809573428850439480e+00,-3.052006160190185557e+00,5.383796224997639435e+00
4.277466623249637223e+01,3.800716379029617897e+00,6.502470229281346974e+02,7.746248794740258745e+02,2.259394334093085543e+00,-3.249984225522065895e+00,5.383451703966458446e+00
2.801986323672715073e+01,3.625659394334050489e+00,6.523890669139153715e+02,7.751148195791912485e+02,1.709215239335588832e+00,-3.447962290853996858e+00,5.383107331471273405e+00
1.320997751219126393e+01,3.450454277554377835e+00,6.543793300905969090e+02,7.756057953616583518e+02,1.156485696520676676e+00,-3.646106226366411462e+00,5.382763107523162560e+00
7.399869749267236507e+00,3.311103874959290483e+00,6.534371801309237071e+02,7.759967398248620611e+02,9.822207749918582254e-01,-3.804045660987520616e+00,5.382419032133206827e+00
5.149137088895659353e+00,3.186063171605314270e+00,6.513443154758318769e+02,7.763478745158409993e+02,9.572126343210628496e-01,-3.945938964254937620e+00,5.382075105312471131e+00
2.898404428524663512e+00,3.061022468251370032e+00,6.492318910642061383e+02,7.766993271241015009e+02,9.322044936502739132e-01,-4.087832267522317764e+00,5.381731327072026616e+00
6.356152090432914958e-01,2.935311956057960359e+00,6.470919468849008354e+02,7.770529837672961548e+02,9.070623912115919341e-01,-4.230485654396397344e+00,5.381387697422926664e+00
0.000000000000000000e+00,2.953435363073930287e+00,6.462431526310617755e+02,7.770019775858339699e+02,1.006870726147860662e+00,-4.209885126741698791e+00,5.381044216376232647e+00
0.000000000000000000e+00,3.028459785086296652e+00,6.458851335088108954e+02,7.767909034697854622e+02,1.156919570172593614e+00,-4.124700700688790356e+00,5.380700883942997059e+00
0.000000000000000000e+00,3.103484207098683001e+00,6.455029092346749167e+02,7.765799439999902916e+02,1.306968414197365425e+00,-4.039516274635860604e+00,5.380357700134261734e+00
0.000000000000000000e+00,3.178720284353971692e+00,6.450969514188893754e+02,7.763685045116515084e+02,1.457299465212661183e+00,-3.954091325179775573e+00,5.380014664961072057e+00
0.000000000000000000e+00,3.217844350374472029e+00,6.444159303312197835e+02,7.762585976658328946e+02,1.553533051123415776e+00,-3.909692246861823595e+00,5.379671778434468088e+00
0.000000000000000000e+00,3.242852491045267183e+00,6.436277818205452377e+02,7.761883614638749123e+02,1.628557473135801681e+00,-3.881329764397962290e+00,5.379329040565475673e+00
0.000000000000000000e+00,3.267860631716056119e+00,6.428346060558498039e+02,7.761181379707687711e+02,1.703581895148168046e+00,-3.852967281934108090e+00,5.378986451365124211e+00
0.000000000000000000e+00,3.292868772386844611e+00,6.420336966019629017e+02,7.760479271830650987e+02,1.778428246092300880e+00,-3.824604751726317975e+00,5.378644010844438661e+00
0.000000000000000000e+00,3.317876913057639765e+00,6.416483480228276903e+02,7.759777290973166828e+02,1.925138391403481419e+00,-3.796253817207651426e+00,5.378301719014435101e+00
0.000000000000000000e+00,3.342885053728428701e+00,6.414226339395024752e+02,7.759075437100763111e+02,2.100195376099003308e+00,-3.767907422457032585e+00,5.377959575886126942e+00
0.000000000000000000e+00,3.367893194399224299e+00,6.411938923010700364e+02,7.758373710178991587e+02,2.275252360794570272e+00,-3.739561027706406637e+00,5.377617581470520491e+00
0.000000000000000000e+00,3.393057161039504610e+00,6.409628679038260088e+02,7.757667739116645862e+02,2.450606831431848320e+00,-3.711038006292425973e+00,5.377275735778624721e+00
0.000000000000000000e+00,3.382090524259198094e+00,6.403662290316142389e+02,7.757975390437759415e+02,2.571637902963207711e+00,-3.723468543186531310e+00,5.376934038821434392e+00
0.000000000000000000e+00,3.357082383588402941e+00,6.396271285461698426e+02,7.758677045303926434e+02,2.671670465646389214e+00,-3.751814937937156813e+00,5.376592490609942487e+00
0.000000000000000000e+00,3.332074242917613560e+00,6.388884126099706009e+02,7.759378827101173783e+02,2.771703028329544516e+00,-3.780161332687775211e+00,5.376251091155140216e+00
0.000000000000000000e+00,3.307066102246824624e+00,6.381500820747382932e+02,7.760080735863939481e+02,2.871517723346001194e+00,-3.808507674895529771e+00,5.375909840468014345e+00
0.000000000000000000e+00,3.282057961576029470e+00,6.374121377890769509e+02,7.760782771626686554e+02,3.043536307391762286e+00,-3.836865664285364463e+00,5.375568738559539206e+00
0.000000000000000000e+00,3.257049820905240978e+00,6.366745805984769504e+02,7.761484934423890536e+02,3.243601432758072889e+00,-3.865228146749217775e+00,5.375227785440694461e+00
0.000000000000000000e+00,3.232041680234445824e+00,6.359374113453225164e+02,7.762187224290024687e+02,3.443666558124435895e+00,-3.893590629213079080e+00,5.374886981122446450e+00
0.000000000000000000e+00,3.207033539563656444e+00,6.351973968305896960e+02,7.762889641259597511e+02,3.645100594813289074e+00,-3.921953056499436485e+00,5.374546325615761511e+00
0.000000000000000000e+00,3.182025398892867951e+00,6.348777570627887599e+02,7.763592185367105003e+02,3.664050797785736169e+00,-3.950327189639194714e+00,5.374205818931601542e+00
0.000000000000000000e+00,3.157017258222072797e+00,6.347153408762302433e+02,7.764294856647078404e+02,3.614034516444144973e+00,-3.978705804970406046e+00,5.373865461080921335e+00
0.000000000000000000e+00,3.132009117551283861e+00,6.345512910811113443e+02,7.764997655134048955e+02,3.564018235102567544e+00,-4.007084420301610272e+00,5.373525252074670355e+00
0.000000000000000000e+00,3.106822014398269882e+00,6.343856913963882107e+02,7.765705611828251449e+02,3.513882645439506014e+00,-4.035666117801482322e+00,5.373185191923801618e+00
0.000000000000000000e+00,3.100000000000000089e+00,6.342016497171885021e+02,7.765897386257046264e+02,3.481992836209699682e+00,-4.043407569872670138e+00,5.372845280639245935e+00
0.000000000000000000e+00,3.100000000000000089e+00,6.340109809975652979e+02,7.765897386257046264e+02,3.456984695538910302e+00,-4.043407569872670138e+00,5.372505518231947441e+00
0.000000000000000000e+00,3.100000000000000089e+00,6.338203122779420937e+02,7.765897386257046264e+02,3.431976554868115148e+00,-4.043407569872670138e+00,5.372165904712832507e+00
0.000000000000000000e+00,3.100000000000000089e+00,6.336308984372043369e+02,7.765897386257046264e+02,3.407030728686528231e+00,-4.043407569872670138e+00,5.371826440092831056e+00
0.000000000000000000e+00,3.063920547053075705e+00,6.314152644668783978e+02,7.766911778756827971e+02,3.363920547053075527e+00,-4.084384678127654489e+00,5.371487124382868572e+00
0.000000000000000000e+00,3.013904265711484953e+00,6.284297748032984146e+02,7.768318450804410986e+02,3.313904265711485220e+00,-4.141190488849373352e+00,5.371147957593858102e+00
0.000000000000000000e+00,2.963887984369907524e+00,6.254565747595573839e+02,7.769725632471451036e+02,3.263887984369907347e+00,-4.197996299571078005e+00,5.370808939736711807e+00
0.000000000000000000e+00,2.913741667102790700e+00,6.224903504010646884e+02,7.771136984883676178e+02,3.213871703028329918e+00,-4.254949629138948808e+00,5.370470070822338293e+00
0.000000000000000000e+00,2.881927710843369628e+00,6.203395702079556031e+02,7.772032643994879209e+02,3.163855421686739167e+00,-4.291100003150228659e+00,5.370131350861641728e+00
0.000000000000000000e+00,2.856919570172580691e+00,6.184931998053543794e+02,7.772736844041606901e+02,3.113839140345161294e+00,-4.319527289692191019e+00,5.369792779865520949e+00
0.000000000000000000e+00,2.831911429501785094e+00,6.166511925978161344e+02,7.773441171710716162e+02,3.063822859003570986e+00,-4.347954576234161372e+00,5.369454357844865910e+00
0.000000000000000000e+00,2.806971052418061330e+00,6.148141416022720023e+02,7.774143717933170592e+02,3.013399996139602965e+00,-4.376304746012880109e+00,5.369116084810568346e+00
0.000000000000000000e+00,2.763790296320415507e+00,6.128688402499666381e+02,7.775360378506313737e+02,3.000000000000000000e+00,-4.425424788122244379e+00,5.368777960773513769e+00
0.000000000000000000e+00,2.713774014978824756e+00,6.108869793433400446e+02,7.776770112762333156e+02,3.000000000000000000e+00,-4.482328352724636922e+00,5.368439985744574372e+00
0.000000000000000000e+00,2.663757733637246883e+00,6.089105755683077632e+02,7.778180358302962532e+02,3.000000000000000000e+00,-4.539231917327015253e+00,5.368102159734630341e+00
0.000000000000000000e+00,2.613600351560257717e+00,6.069299688190199049e+02,7.779595096406333141e+02,3.000000000000000000e+00,-4.596295827432759218e+00,5.367764482754551203e+00
0.000000000000000000e+00,2.581862585477038952e+00,6.060194869452212743e+02,7.780490556431271898e+02,3.036274829045920942e+00,-4.632421927702019993e+00,5.367426954815197604e+00
0.000000000000000000e+00,2.556854444806250903e+00,6.054958791391081832e+02,7.781196290072587090e+02,3.086291110387498371e+00,-4.660898297939487733e+00,5.367089575927431966e+00
0.000000000000000000e+00,2.531846304135455306e+00,6.049720009194556951e+02,7.781902151753428143e+02,3.136307391729089566e+00,-4.689374668176963468e+00,5.366752346102110494e+00
0.000000000000000000e+00,2.506618031533732971e+00,6.044456246670683868e+02,7.782614356792722674e+02,3.186470427691289853e+00,-4.718101699127231541e+00,5.366415265350079622e+00
0.000000000000000000e+00,2.500000000000000000e+00,6.041717155333587925e+02,7.782801207885032682e+02,3.218169977206122745e+00,-4.725637545901236081e+00,5.366078333682189339e+00
0.000000000000000000e+00,2.500000000000000000e+00,6.039889763360379220e+02,7.782801207885032682e+02,3.243178117876917899e+00,-4.725637545901236081e+00,5.365741551109276308e+00
0.000000000000000000e+00,2.500000000000000000e+00,6.038062371387172789e+02,7.782801207885032682e+02,3.268186258547706391e+00,-4.725637545901236081e+00,5.365404917642179861e+00
0.000000000000000000e+00,2.500000000000000000e+00,6.036218265662657814e+02,7.782801207885032682e+02,3.293080034087747077e+00,-4.725637545901236081e+00,5.365068433291727779e+00
0.000000000000000000e+00,2.463594920221418683e+00,6.040060543528283006e+02,7.783829217765880912e+02,3.354607619667872243e+00,-4.767127390667587505e+00,5.364732098068749622e+00
0.000000000000000000e+00,2.413578638879840810e+00,6.045890058889817738e+02,7.785242024908221765e+02,3.429632041680238164e+00,-4.824129538754435842e+00,5.364395911984065179e+00
0.000000000000000000e+00,2.363562357538250502e+00,6.051593388732494532e+02,7.786655345007959568e+02,3.504656463692624513e+00,-4.881131686841298389e+00,5.364059875048489801e+00
0.000000000000000000e+00,2.313546076196672630e+00,6.057171260848610927e+02,7.788069178344505872e+02,3.580393215039983090e+00,-4.938133520895872763e+00,5.363723987272836169e+00
5.470530771735745423e-01,2.263529794855095201e+00,6.062624400168979264e+02,7.789483525197481413e+02,3.581764897427547112e+00,-4.995184244977977528e+00,5.363388248667915192e+00
1.297297297297433705e+00,2.213513513513504449e+00,6.067953528771272431e+02,7.790898385846704741e+02,3.556756756756752402e+00,-5.052252580899788015e+00,5.363052659244521791e+00
2.047541517421098689e+00,2.163497232171926576e+00,6.073159365888337788e+02,7.792313760572196770e+02,3.531748616085963466e+00,-5.109320916821585179e+00,5.362717219013461545e+00
2.793005250813432649e+00,2.113579457829652508e+00,6.078291760249794606e+02,7.793726860282630469e+02,3.506888235914142449e+00,-5.166276463413704612e+00,5.362381927985521379e+00
5.557473135786907825e+00,2.045197004233137772e+00,6.067538802016144928e+02,7.795663501062152818e+02,3.426929338977517059e+00,-5.244392160313461559e+00,5.362046786171490886e+00
9.058612829697345603e+00,1.970172582220771185e+00,6.051023599478781989e+02,7.797789354440627676e+02,3.326896776294361313e+00,-5.330119588972989320e+00,5.361711793582154328e+00
1.255975252360868666e+01,1.895148160208385280e+00,6.034491851757134100e+02,7.799916367562672121e+02,3.226864213611180254e+00,-5.415847017632538396e+00,5.361376950228287974e+00
1.605966021540353239e+01,1.819740937538673720e+00,6.017775150980515946e+02,7.802055404612244729e+02,3.126491383677051594e+00,-5.502011472898622912e+00,5.361042256120665428e+00
1.974503419081738542e+01,1.781699772061217546e+00,6.017086634704461403e+02,7.803134941267763907e+02,3.063399544122435092e+00,-5.545504503321149414e+00,5.360707711270057629e+00
2.349625529143668246e+01,1.756691631390422170e+00,6.021950321877153556e+02,7.803844789016925461e+02,3.013383262780844341e+00,-5.574113815588908949e+00,5.360373315687226636e+00
2.724747639205500960e+01,1.731683490719633456e+00,6.026775259075370741e+02,7.804554765926912978e+02,2.963366981439266912e+00,-5.602723127856662266e+00,5.360039069382932730e+00
3.099869749267430308e+01,1.706411111100496925e+00,6.031536393471191104e+02,7.805272376144578175e+02,2.912822222200993849e+00,-5.631634729474354728e+00,5.359704972367928200e+00
3.474991859329262667e+01,1.718332790621950767e+00,6.043273226626744190e+02,7.804933842952694931e+02,2.936665581243901535e+00,-5.617996328416264618e+00,5.359371024652962667e+00
3.850113969391095736e+01,1.743340931292739704e+00,6.057540935245457376e+02,7.804223797075228504e+02,2.986681862585479408e+00,-5.589387016148511300e+00,5.359037226248783981e+00
4.225236079453024729e+01,1.768349071963534858e+00,6.071838084629728201e+02,7.803513880377408896e+02,3.036698143927069715e+00,-5.560777703880750877e+00,5.358703577166127552e+00
4.600358189514857798e+01,1.793630592679799518e+00,6.086321588167302252e+02,7.802796334761055732e+02,3.087261185359598592e+00,-5.531855644848184816e+00,5.358370077415732347e+00
4.975480299576690157e+01,1.800000000000000044e+00,6.077207563638845613e+02,7.802615577208615605e+02,3.081634646694887181e+00,-5.524569043041879013e+00,5.358036727008327560e+00
5.350602409638619861e+01,1.800000000000000044e+00,6.059821837996038312e+02,7.802615577208615605e+02,3.056626506024092027e+00,-5.524569043041879013e+00,5.357703525954637058e+00
5.725724519700452220e+01,1.800000000000000044e+00,6.042436112353234421e+02,7.802615577208615605e+02,3.031618365353303091e+00,-5.524569043041879013e+00,5.357370474265382043e+00
6.105085940959771307e+01,1.800000000000000044e+00,6.024853908018781112e+02,7.802615577208615605e+02,3.006704431598005378e+00,-5.524569043041879013e+00,5.357037571951278387e+00
6.181602084011719711e+01,1.818397915988281266e+00,6.027085878049279017e+02,7.802093510429428989e+02,2.963204168023438001e+00,-5.503534174541748314e+00,5.356704819023038411e+00
6.156593943340930508e+01,1.843406056659069536e+00,6.036108585619743963e+02,7.801383981227136246e+02,2.913187886681860128e+00,-5.474941645323879058e+00,5.356372215491369104e+00
6.131585802670134910e+01,1.868414197329865134e+00,6.045142048871881570e+02,7.800674581063517508e+02,2.863171605340269821e+00,-5.446349116106002697e+00,5.356039761366967689e+00
6.106752836840293241e+01,1.893714296068897962e+00,6.054291959048572380e+02,7.799957030651081595e+02,2.812571407862203277e+00,-5.417422782799834025e+00,5.355707456660532273e+00
6.026278085314229571e+01,1.899999999999999911e+00,6.050114548393696623e+02,7.799778778234900756e+02,2.799999999999999822e+00,-5.410236156026144272e+00,5.355375301382758302e+00
5.926245522631047891e+01,1.899999999999999911e+00,6.041359434136631990e+02,7.799778778234900756e+02,2.799999999999999822e+00,-5.410236156026144272e+00,5.355043295544328785e+00
5.826212959947892500e+01,1.899999999999999911e+00,6.032604319879567356e+02,7.799778778234900756e+02,2.799999999999999822e+00,-5.410236156026144272e+00,5.354711439155927621e+00
5.726926693904457011e+01,1.899999999999999911e+00,6.023778863317913874e+02,7.799778778234900756e+02,2.799999999999999822e+00,-5.410236156026144272e+00,5.354379732228231603e+00
5.386128296971611462e+01,1.899999999999999911e+00,6.020265080723519304e+02,7.799778778234900756e+02,2.818463041354610787e+00,-5.410236156026144272e+00,5.354048174771913970e+00
4.960989905568200697e+01,1.899999999999999911e+00,6.018514057872105241e+02,7.799778778234900756e+02,2.843471182025399724e+00,-5.410236156026144272e+00,5.353716766797641746e+00
4.535851514164680509e+01,1.899999999999999911e+00,6.016763035020693451e+02,7.799778778234900756e+02,2.868479322696195322e+00,-5.410236156026144272e+00,5.353385508316079289e+00
4.111505944896790510e+01,1.899999999999999911e+00,6.015027671186788893e+02,7.799778778234900756e+02,2.893798374008364149e+00,-5.410236156026144272e+00,5.353054399337880298e+00
3.574601107131223188e+01,1.881504395962227072e+00,6.006625995216495539e+02,7.800303305852859239e+02,2.881504395962227072e+00,-5.431382714093528463e+00,5.352723439873704692e+00
2.999413871702931900e+01,1.856496255291431696e+00,5.995918398512397971e+02,7.801012638486827200e+02,2.856496255291431918e+00,-5.459975243311404824e+00,5.352392629934195512e+00
2.424226636274788760e+01,1.831488114620642982e+00,5.985227665208145709e+02,7.801722100141049623e+02,2.831488114620642538e+00,-5.488567772529274080e+00,5.352061969530002017e+00
1.847487409623561661e+01,1.806159454023371636e+00,5.974417132883625072e+02,7.802440786663677272e+02,2.806586813925339374e+00,-5.517526761432550053e+00,5.351731458671756592e+00
1.422077499185882843e+01,1.800000000000000044e+00,5.974366921682208158e+02,7.802615577208615605e+02,2.762943666558117517e+00,-5.524569043041879013e+00,5.351401097370096061e+00
1.046955389124050306e+01,1.800000000000000044e+00,5.977844066810769164e+02,7.802615577208615605e+02,2.712927385216540088e+00,-5.524569043041879013e+00,5.351070885635653696e+00
6.718332790621206918e+00,1.800000000000000044e+00,5.981321211939331306e+02,7.802615577208615605e+02,2.662911103874949337e+00,-5.524569043041879013e+00,5.350740823479046782e+00
2.929234213269441778e+00,1.800000000000000044e+00,5.984844270183463095e+02,7.802615577208615605e+02,2.613114965133190193e+00,-5.524569043041879013e+00,5.350410910910897933e+00
1.628785411917940795e+00,1.762878541191793991e+00,5.963416753674564461e+02,7.803669163618545781e+02,2.525757082383587981e+00,-5.567048482558896616e+00,5.350081147941827098e+00
1.128622598502034835e+00,1.712862259850203683e+00,5.933512451657551310e+02,7.805089182711615194e+02,2.425724519700407367e+00,-5.624283937908150399e+00,5.349751534582435575e+00
6.284597850862581048e-01,1.662845978508625810e+00,5.903736801870480804e+02,7.806509718695180027e+02,2.325691957017251177e+00,-5.681519393257389972e+00,5.349422070843336208e+00
1.214971801104558907e-01,1.612603037448372190e+00,5.873944854265712365e+02,7.807937213438532353e+02,2.226112713771396745e+00,-5.739013918011910853e+00,5.349092756735123189e+00
0.000000000000000000e+00,1.581406707912729193e+00,5.856164792157881038e+02,7.808823820548362846e+02,2.051253663301830343e+00,-5.774732127479704324e+00,5.348763592268393374e+00
0.000000000000000000e+00,1.556398567241939590e+00,5.842282157712909338e+02,7.809534703751651250e+02,1.851188537935519518e+00,-5.803375149319836446e+00,5.348434577453742733e+00
0.000000000000000000e+00,1.531390426571144658e+00,5.828428265363088485e+02,7.810245716398492277e+02,1.651123412569156512e+00,-5.832018171159975672e+00,5.348105712301752135e+00
0.000000000000000000e+00,1.506498900559732235e+00,5.814615455078825335e+02,7.810953541964109945e+02,1.449379036107824703e+00,-5.860527470723626564e+00,5.347776996823006002e+00
0.000000000000000000e+00,1.462748290459134015e+00,5.799397720748899019e+02,7.812197963527844422e+02,1.362748290459133926e+00,-5.910675155805489744e+00,5.347448431028076321e+00
0.000000000000000000e+00,1.412732009117543264e+00,5.783738796716422712e+02,7.813621088539678112e+02,1.312732009117543397e+00,-5.968012028452124085e+00,5.347120014927536857e+00
0.000000000000000000e+00,1.362715727775965613e+00,5.768109093068900393e+02,7.815044732138937889e+02,1.262715727775965524e+00,-6.025348901098743326e+00,5.346791748531955157e+00
0.000000000000000000e+00,1.312699446434375083e+00,5.752447146099395923e+02,7.816468894609131439e+02,1.212699446434374995e+00,-6.082685284219621735e+00,5.346463631851891662e+00
0.000000000000000000e+00,1.262683165092797211e+00,5.741930196087429294e+02,7.817893576233979047e+02,1.162683165092796900e+00,-6.140073451601418597e+00,5.346135664897904149e+00
0.000000000000000000e+00,1.212666883751219782e+00,5.733038293503236673e+02,7.819318777297406768e+02,1.112666883751219693e+00,-6.197478419188415799e+00,5.345807847680548619e+00
0.000000000000000000e+00,1.162650602409629030e+00,5.724127868354017892e+02,7.820744498083547569e+02,1.062650602409629164e+00,-6.254883386775427212e+00,5.345480180210364196e+00
0.000000000000000000e+00,1.112634321068051380e+00,5.715185696728449329e+02,7.822170738876737914e+02,1.012951272792134372e+00,-6.312287848344738883e+00,5.345152662497898000e+00
0.000000000000000000e+00,1.062618039726473951e+00,5.707484900872818798e+02,7.823597499961526864e+02,9.065450993161842108e-01,-6.369744507436727154e+00,5.344825294553690931e+00
0.000000000000000000e+00,1.012601758384882977e+00,5.700159042399053533e+02,7.825024781622671526e+02,7.815043959622077763e-01,-6.427217960135672925e+00,5.344498076388269681e+00
0.000000000000000000e+00,9.625854770433055485e-01,5.692803756043049361e+02,7.826452584145134779e+02,6.564636926082636492e-01,-6.484691412834603597e+00,5.344171008012167157e+00
0.000000000000000000e+00,9.125691957017150191e-01,5.685430439042183934e+02,7.827880907814081866e+02,5.295237408627498921e-01,-6.542164342749373418e+00,5.343844089435906497e+00
0.000000000000000000e+00,8.625529143601371462e-01,5.676788897798882090e+02,7.829309752914897444e+02,5.374470856398628760e-01,-6.599689887249612141e+00,5.343517320670001958e+00
0.000000000000000000e+00,8.125366330185594954e-01,5.667731561116478360e+02,7.830739119733166262e+02,5.874633669814404158e-01,-6.657232218218380737e+00,5.343190701724971348e+00
0.000000000000000000e+00,7.625203516769687440e-01,5.658657506739384644e+02,7.832169008554686798e+02,6.374796483230310562e-01,-6.714774549187163544e+00,5.342864232611321818e+00
0.000000000000000000e+00,7.117240920664436032e-01,5.649499060300663587e+02,7.833621732304866327e+02,6.882759079335563079e-01,-6.773214223310927373e+00,5.342537913339556965e+00
0.000000000000000000e+00,6.999999999999999556e-01,5.644881712791108157e+02,7.833957104084386174e+02,6.624877889938134423e-01,-6.786702462898119848e+00,5.342211743920179501e+00
0.000000000000000000e+00,6.999999999999999556e-01,5.641668327887134637e+02,7.833957104084386174e+02,6.124715076522229129e-01,-6.786702462898119848e+00,5.341885724363680588e+00
0.000000000000000000e+00,6.999999999999999556e-01,5.638454942983157707e+02,7.833957104084386174e+02,5.624552263106452621e-01,-6.786702462898119848e+00,5.341559854680549613e+00
0.000000000000000000e+00,6.999999999999999556e-01,5.635264870301284645e+02,7.833957104084386174e+02,5.125990219277699600e-01,-6.786702462898119848e+00,5.341234134881271522e+00
0.000000000000000000e+00,6.812113318137384965e-01,5.628025458381974886e+02,7.834494623601968897e+02,4.436339954412154563e-01,-6.808337798037353394e+00,5.340908564976325046e+00
0.000000000000000000e+00,6.562031911429496711e-01,5.619493449913009044e+02,7.835210188630619541e+02,3.686095734288489245e-01,-6.837134916558889941e+00,5.340583144976191576e+00
0.000000000000000000e+00,6.311950504721542954e-01,5.610971803268942040e+02,7.835925884383742641e+02,2.935851514164630194e-01,-6.865932035080434481e+00,5.340257874891333856e+00
0.000000000000000000e+00,6.063921380424173169e-01,5.602514195701738799e+02,7.836635835695182095e+02,2.173293599577853508e-01,-6.894492617259698086e+00,5.339932754732219955e+00
0.000000000000000000e+00,5.435363073917105492e-01,5.585965913332352102e+02,7.838435579801340509e+02,2.564636926082894397e-01,-6.966950514606556233e+00,5.339607784509315280e+00
0.000000000000000000e+00,4.685118853793440175e-01,5.566866201372689602e+02,7.840584828018514827e+02,3.314881146206559159e-01,-7.053446280579581007e+00,5.339282964233066586e+00
0.000000000000000000e+00,3.934874633669775967e-01,5.547791013731201701e+02,7.842735255178804437e+02,4.065125366330224477e-01,-7.139942046552606669e+00,5.338958293913931286e+00
0.000000000000000000e+00,3.178318737436740538e-01,5.528616900118316835e+02,7.844904970765271628e+02,4.827992938672435175e-01,-7.227164824831939782e+00,5.338633773562354357e+00
0.000000000000000000e+00,2.811462064474083977e-01,5.517707369813645073e+02,7.845957502345879675e+02,4.245848257896334688e-01,-7.269486810806013111e+00,5.338309403188774560e+00
0.000000000000000000e+00,2.561380657766195168e-01,5.509295081681856345e+02,7.846675162930621354e+02,3.245522631064781671e-01,-7.298353703570128026e+00,5.337985182803632433e+00
0.000000000000000000e+00,2.311299251058242243e-01,5.500893094380702451e+02,7.847392954814523591e+02,2.245197004232969418e-01,-7.327220596334250047e+00,5.337661112417357856e+00
0.000000000000000000e+00,2.062655028314233918e-01,5.492493118200183062e+02,7.848106751663880232e+02,1.227625169834853924e-01,-7.355921392965682593e+00,5.337337192040378042e+00
0.000000000000000000e+00,1.622272875284801463e-01,5.484800127176971500e+02,7.849371300525796187e+02,1.188863562357598547e-01,-7.406794744129816088e+00,5.337013421683112213e+00
0.000000000000000000e+00,1.122110061869024678e-01,5.477297795795470847e+02,7.850808002519371485e+02,1.438944969065486801e-01,-7.464581288999623254e+00,5.336689801355980478e+00
0.000000000000000000e+00,6.219472484532479611e-02,5.469769745550288462e+02,7.852245230539915610e+02,1.689026375773375055e-01,-7.522367833869429532e+00,5.336366331069395841e+00
0.000000000000000000e+00,1.217844350373418517e-02,5.462260967490009307e+02,7.853682984876375031e+02,1.943523620927531947e-01,-7.580153755054482190e+00,5.336043010833764200e+00
0.000000000000000000e+00,-3.783783783784341187e-02,5.448875673935713166e+02,7.855121265817908807e+02,1.621621621621565090e-01,-7.637994397749235276e+00,5.335719840659488789e+00
0.000000000000000000e+00,-8.785411917942108351e-02,5.433704089337483083e+02,7.856560073653889731e+02,1.121458808205788443e-01,-7.695851627885229362e+00,5.335396820556968400e+00
0.000000000000000000e+00,-1.378704005210116823e-01,5.418562689261166270e+02,7.857999408673904327e+02,6.212959947898823859e-02,-7.753708858021239436e+00,5.335073950536594722e+00
0.000000000000000000e+00,-1.881880561229217763e-01,5.403372242501272922e+02,7.859447949452469402e+02,1.120919535641333800e-02,-7.811914280394097077e+00,5.334751230608755002e+00
0.000000000000000000e+00,-2.189514816020899368e-01,5.393511507439865227e+02,7.860333826434904267e+02,1.895148160208994306e-02,-7.847521036537636441e+00,5.334428660783834708e+00
0.000000000000000000e+00,-2.439596222728787900e-01,5.385227268432498704e+02,7.861054119521048733e+02,4.395962227287878582e-02,-7.876476286625005763e+00,5.334106241072212207e+00
0.000000000000000000e+00,-2.689677629436676431e-01,5.376953284585506481e+02,7.861774544629490720e+02,6.896776294366761817e-02,-7.905431536712374196e+00,5.333783971484260533e+00
0.000000000000000000e+00,-2.939759036144629079e-01,5.368536830243824625e+02,7.862495101796537256e+02,9.362896498171906223e-02,-7.934386621989266253e+00,5.333461852030350947e+00
0.000000000000000000e+00,-3.189840442852582281e-01,5.367233903651192577e+02,7.863215791058497643e+02,2.328883099968079018e-01,-7.963355568383801319e+00,5.333139882720842273e+00
0.000000000000000000e+00,-3.439921849560406697e-01,5.367917011354393253e+02,7.863936612451699375e+02,4.079452946922845769e-01,-7.992328643838993329e+00,5.332818063566098665e+00
0.000000000000000000e+00,-3.690003256268359899e-01,5.368577892473945212e+02,7.864657566012489269e+02,5.830022793878517628e-01,-8.021301719294198662e+00,5.332496394576472731e+00
0.000000000000000000e+00,-3.944816175185846818e-01,5.369206048518720991e+02,7.865392296489452519e+02,7.613713226300923287e-01,-8.050822962092466284e+00,5.332174875762314414e+00
3.803321393682724816e-01,-4.000000000000000222e-01,5.377264151530862364e+02,7.865551431543570970e+02,8.000000000000000444e-01,-8.057216260743871317e+00,5.331853507133968328e+00
8.804949527841785528e-01,-4.000000000000000222e-01,5.387650285068351650e+02,7.865551431543570970e+02,8.000000000000000444e-01,-8.057216260743871317e+00,5.331532288701773759e+00
1.380657766200084735e+00,-4.000000000000000222e-01,5.398036418605839799e+02,7.865551431543570970e+02,8.000000000000000444e-01,-8.057216260743871317e+00,5.331211220476067325e+00
1.874370479092605235e+00,-4.000000000000000222e-01,5.408463452630959409e+02,7.865551431543570970e+02,8.000000000000000444e-01,-8.057216260743871317e+00,5.330890302467178543e+00
3.904916965158190756e+00,-3.809508303484180902e-01,5.416133217639011264e+02,7.865002130865657364e+02,8.571475089547457848e-01,-8.035146925924475880e+00,5.330569534685431599e+00
6.405731032237721223e+00,-3.559426896776227145e-01,5.423011370487582781e+02,7.864281114133826804e+02,9.321719309671316900e-01,-8.006173850469270548e+00,5.330248917141149789e+00
8.906545099315959391e+00,-3.309345490068403839e-01,5.429894547130368210e+02,7.863560229586950072e+02,1.007196352979478737e+00,-7.977200775014078538e+00,5.329928449844645755e+00
1.139594991681012282e+01,-3.054320075206792273e-01,5.436918993316204478e+02,7.862825230130545151e+02,1.082517415481084377e+00,-7.947654913588204195e+00,5.329608132806234799e+00
1.505307717356002861e+01,-2.999999999999999889e-01,5.438415837657909151e+02,7.862668693250905108e+02,1.138163464669500247e+00,-7.941361684281729616e+00,5.329287966036217128e+00
1.905437968088520506e+01,-2.999999999999999889e-01,5.438415837657909151e+02,7.862668693250905108e+02,1.188179746011065019e+00,-7.941361684281729616e+00,5.328967949544897387e+00
2.305568218821245452e+01,-2.999999999999999889e-01,5.438415837657909151e+02,7.862668693250905108e+02,1.238196027352655770e+00,-7.941361684281729616e+00,5.328648083342573116e+00
2.705005791063183906e+01,-2.999999999999999889e-01,5.438415837657909151e+02,7.862668693250905108e+02,1.287606215014808209e+00,-7.941361684281729616e+00,5.328328367439532975e+00
3.163171605340451009e+01,-3.191142950179183813e-01,5.429727454900847761e+02,7.863219544994256012e+02,1.452914360143347627e+00,-7.963506469818463884e+00,5.328008801846065623e+00
3.638326278085315835e+01,-3.441224356887008229e-01,5.418378801014298460e+02,7.863940367075737186e+02,1.652979485509606716e+00,-7.992479545273655006e+00,5.327689386572455277e+00
4.113480950830425797e+01,-3.691305763594961986e-01,5.407051392463528146e+02,7.864661321324995242e+02,1.853044610875969056e+00,-8.021452620728862115e+00,5.327370121628973720e+00
4.588900486815082047e+01,-3.946545033388798585e-01,5.395512327800205412e+02,7.865397281999230472e+02,2.054985322819016691e+00,-8.051023258227331780e+00,5.327051007025896290e+00
5.044643438619328890e+01,-3.617062845978524233e-01,5.403577099443793941e+02,7.864447274235726582e+02,2.157440573103221126e+00,-8.012864886500340234e+00,5.326732042773490328e+00
5.494789970693643966e+01,-3.116900032562617828e-01,5.417281162326841013e+02,7.863005576376400541e+02,2.232464995115607476e+00,-7.954936560957756697e+00,5.326413228882016071e+00
5.944936502767959752e+01,-2.616737219146711979e-01,5.431005081468126718e+02,7.861564406999673338e+02,2.307489417127992937e+00,-7.897008235415173161e+00,5.326094565361736421e+00
6.404560440910995567e+01,-2.113064255335156405e-01,5.444845377998281037e+02,7.860113658088978354e+02,2.384093406818498906e+00,-7.838672868400669458e+00,5.325776052222898294e+00
6.308205796157579215e+01,-1.808205796157578704e-01,5.453232202391893679e+02,7.859235821087371505e+02,2.342461738847273711e+00,-7.803385451794041749e+00,5.325457689475754819e+00
6.058124389449626079e+01,-1.558124389449625780e-01,5.460117588800169415e+02,7.858515861161722569e+02,2.267437316834887806e+00,-7.774447975508429032e+00,5.325139477130546695e+00
5.808042982741802973e+01,-1.308042982741802196e-01,5.467007912113309658e+02,7.857796033130531441e+02,2.192412894822540981e+00,-7.745510499222832301e+00,5.324821415197510177e+00
5.558662381036618427e+01,-1.057961576033848994e-01,5.473903167887885957e+02,7.857076336957553622e+02,2.115776621303785632e+00,-7.716572832501336521e+00,5.324503503686884187e+00
5.250244220123665428e+01,-8.078801693258959304e-02,5.480803351656784344e+02,7.856356772606563936e+02,2.176847932269641905e+00,-7.687649161543244070e+00,5.324185742608891658e+00
4.925138391403494609e+01,-5.577987626180724162e-02,5.487708458929167818e+02,7.855637340041348580e+02,2.276880494952771006e+00,-7.658729407692860924e+00,5.323868131973759965e+00
4.600032562683155390e+01,-3.077173559101193182e-02,5.494618485190435422e+02,7.854918039225703978e+02,2.376913057635952065e+00,-7.629809653842463568e+00,5.323550671791710265e+00
4.275190618147907884e+01,-5.946283971433195294e-03,5.501451910531443446e+02,7.854204123082856768e+02,2.477258801549790501e+00,-7.601100906001486024e+00,5.323233362072951280e+00
3.930576359491897875e+01,3.848909150115729927e-02,5.520853863562911101e+02,7.852926600560233510e+02,2.557733637251735637e+00,-7.549756248364995592e+00,5.322916202827694399e+00
3.580462390100944958e+01,8.850537284272202987e-02,5.543965114474186748e+02,7.851489123123911895e+02,2.632758059264082906e+00,-7.491969703495203525e+00,5.322599194066146566e+00
3.230348420709810853e+01,1.385216541843126425e-01,5.567162939674635709e+02,7.850052171851478988e+02,2.707782481276469255e+00,-7.434183158625380372e+00,5.322282335798502295e+00
2.880504250402522359e+01,1.881653558386885694e-01,5.590464486925676511e+02,7.848626443773216579e+02,2.784483511881320705e+00,-7.376826029147966146e+00,5.321965628034962315e+00
2.510843373493990072e+01,2.771084337349359883e-01,5.612674689636653511e+02,7.846073365741019643e+02,2.742168674698798103e+00,-7.274228481113028444e+00,5.321649070785714919e+00
2.135721263432060368e+01,3.771409964181172692e-01,5.634561640270719636e+02,7.843203950943949394e+02,2.667144252686411754e+00,-7.158865822375858556e+00,5.321332664060942186e+00
1.760599153370130665e+01,4.771735591012984390e-01,5.656436461297815868e+02,7.840336634146956385e+02,2.592119830674026293e+00,-7.043503163638688669e+00,5.321016407870827969e+00
1.384162378730339249e+01,5.779657057628603267e-01,5.678355620354068378e+02,7.837449667946651743e+02,2.516753595871384253e+00,-6.927262398384544717e+00,5.320700302225544576e+00
1.087593617714074767e+01,6.386193422338045655e-01,5.696652773393608413e+02,7.835713398561182430e+02,2.461380657766195412e+00,-6.857396262795631081e+00,5.320384347135263425e+00
8.125040703353265670e+00,6.886356235753952060e-01,5.714012847268040787e+02,7.834282215393907336e+02,2.411364376424604661e+00,-6.799819344316100356e+00,5.320068542610153273e+00
5.374145229567204751e+00,7.386519049169599782e-01,5.731415369479270794e+02,7.832851554938758909e+02,2.361348095083040111e+00,-6.742242425836598940e+00,5.319752888660371326e+00
2.579040960839290797e+00,7.898292253175921429e-01,5.749161535732550874e+02,7.831388227604650183e+02,2.310170774682407835e+00,-6.683328961547165825e+00,5.319437385296078347e+00
1.613155323998588742e+00,7.806577661999294371e-01,5.754813026330137973e+02,7.831650427330224602e+02,2.299999999999999822e+00,-6.693880113294063072e+00,5.319122032527419996e+00
1.112992510582682559e+00,7.556496255291340614e-01,5.757364874160018644e+02,7.832365472879081381e+02,2.299999999999999822e+00,-6.722659913252049257e+00,5.318806830364542826e+00
6.128296971670352811e-01,7.306414848583516752e-01,5.759886743471611226e+02,7.833080649010072420e+02,2.299999999999999822e+00,-6.751439713210020344e+00,5.318491778817594273e+00
1.008396600558773004e-01,7.058304645824773349e-01,5.762432305839142828e+02,7.833790316786114545e+02,2.299999999999999822e+00,-6.780900061827117575e+00,5.318176877896704013e+00
0.000000000000000000e+00,6.612504070335222250e-01,5.763004098102735497e+02,7.835065760681399070e+02,2.299999999999999822e+00,-6.446577044775819942e+00,5.317862127612007939e+00
0.000000000000000000e+00,6.112341256919575638e-01,5.763018029176109849e+02,7.836497230168552051e+02,2.299999999999999822e+00,-6.007558017687221863e+00,5.317547527973635724e+00
0.000000000000000000e+00,5.612178443503669234e-01,5.762947755970276376e+02,7.837929222811319505e+02,2.299999999999999822e+00,-5.568538990598395522e+00,5.317233078991702833e+00
0.000000000000000000e+00,5.114424469953383623e-01,5.762789792709805852e+02,7.839354837913525671e+02,2.299999999999999822e+00,-5.118948140636582878e+00,5.316918780676330947e+00
0.000000000000000000e+00,4.417779225008174326e-01,5.769177498246706364e+02,7.841350969111387030e+02,2.299999999999999822e+00,-5.483769045191727365e+00,5.316604633037630201e+00
0.000000000000000000e+00,3.667535004884314720e-01,5.777214536252300832e+02,7.843501816606923285e+02,2.299999999999999822e+00,-6.066947849539267246e+00,5.316290636085709842e+00
0.000000000000000000e+00,2.917290784760455669e-01,5.784976525575510777e+02,7.845653844361894471e+02,2.299999999999999822e+00,-6.650126653886808015e+00,5.315976789830672899e+00
0.000000000000000000e+00,2.148654677897993970e-01,5.792317191833046763e+02,7.847859859200975734e+02,2.299999999999999822e+00,-7.247601814314430513e+00,5.315663094282617074e+00
0.000000000000000000e+00,2.000000000000000111e-01,5.851920824343393406e+02,7.848286639668955331e+02,2.261120156300874928e+00,-7.363153863889579043e+00,5.315349549451633848e+00
0.000000000000000000e+00,2.000000000000000111e-01,5.926307775861884011e+02,7.848286639668955331e+02,2.211103874959284621e+00,-7.363153863889579043e+00,5.315036155347812041e+00
0.000000000000000000e+00,2.000000000000000111e-01,6.000694727380333688e+02,7.848286639668955331e+02,2.161087593617719627e+00,-7.363153863889579043e+00,5.314722911981235143e+00
0.000000000000000000e+00,2.000000000000000111e-01,6.075961736793140062e+02,7.848286639668955331e+02,2.111487256927002676e+00,-7.363153863889579043e+00,5.314409819361982201e+00
0.000000000000000000e+00,2.194724845327307161e-01,6.112218494650192042e+02,7.847727595387931387e+02,2.022110061869076603e+00,-7.340676778117511958e+00,5.314096877500127825e+00
0.000000000000000000e+00,2.444806252035260363e-01,6.138831477024543801e+02,7.847009742287156087e+02,1.922077499185895544e+00,-7.311809885353390825e+00,5.313784086405739515e+00
0.000000000000000000e+00,2.694887658743083669e-01,6.165518449542781809e+02,7.846292020502341984e+02,1.822044936502766221e+00,-7.282942992589283016e+00,5.313471446088881223e+00
0.000000000000000000e+00,2.944969065451036316e-01,6.192521127343586613e+02,7.845574429997456036e+02,1.722012373819585163e+00,-7.254075877420340213e+00,5.313158956559611568e+00
0.000000000000000000e+00,3.195050472158989519e-01,6.208142224232125272e+02,7.844856970736489075e+02,1.621979811136403882e+00,-7.225222870924769225e+00,5.312846617827982953e+00
0.000000000000000000e+00,3.445131878866813935e-01,6.220938222597969798e+02,7.844139642683433067e+02,1.521947248453274115e+00,-7.196373497104476158e+00,5.312534429904052224e+00
0.000000000000000000e+00,3.695213285574767692e-01,6.233757839621553103e+02,7.843422445802301581e+02,1.421914685770092834e+00,-7.167524123284168880e+00,5.312222392797854909e+00
0.000000000000000000e+00,3.945294692282720894e-01,6.246622730984255440e+02,7.842705380057116145e+02,1.320332643021099317e+00,-7.138674523909124936e+00,5.311910506519436304e+00
0.000000000000000000e+00,4.195376098990544200e-01,6.258237992098283939e+02,7.841988445411916473e+02,1.280462390100945758e+00,-7.109839022955720012e+00,5.311598771078831049e+00
0.000000000000000000e+00,4.445457505698496292e-01,6.269549109816763348e+02,7.841271641830750241e+02,1.255454249430150382e+00,-7.081007117694967157e+00,5.311287186486064904e+00
0.000000000000000000e+00,4.695538912406450049e-01,6.280878295386761465e+02,7.840554969277681039e+02,1.230446108759355006e+00,-7.052175212434213414e+00,5.310975752751167178e+00
0.000000000000000000e+00,4.941681580950894603e-01,6.292046651372702399e+02,7.839849711640479200e+02,1.205766196268854173e+00,-7.023797039435780931e+00,5.310664469884157413e+00
0.000000000000000000e+00,5.782806903288906231e-01,6.330344347075582618e+02,7.837440645676425675e+02,1.141289482253331933e+00,-6.926959916620983648e+00,5.310353337895048043e+00
0.000000000000000000e+00,6.783132530120717929e-01,6.376158714863863679e+02,7.834577540457864870e+02,1.066265060240946028e+00,-6.811805980238669456e+00,5.310042356793855056e+00
0.000000000000000000e+00,7.783458156952013374e-01,6.422265898239962780e+02,7.831716526324486267e+02,9.912406382285989803e-01,-6.696652043856414771e+00,5.309731526590581119e+00
0.000000000000000000e+00,8.810475193966849083e-01,6.469911276397760957e+02,7.828781356956715172e+02,9.168835014707886755e-01,-6.578425487051583254e+00,5.309420847295225343e+00
0.000000000000000000e+00,9.000000000000000222e-01,6.478735873071623246e+02,7.828239930499943284e+02,7.823835884076543179e-01,-6.556608063933140329e+00,5.309110318917786842e+00
0.000000000000000000e+00,9.000000000000000222e-01,6.478735873071623246e+02,7.828239930499943284e+02,6.323347443828823966e-01,-6.556608063933140329e+00,5.308799941468253181e+00
0.000000000000000000e+00,9.000000000000000222e-01,6.478735873071623246e+02,7.828239930499943284e+02,4.822859003581881354e-01,-6.556608063933140329e+00,5.308489714956615479e+00
0.000000000000000000e+00,9.000000000000000222e-01,6.478735873071623246e+02,7.828239930499943284e+02,3.281684539755530539e-01,-6.556608063933140329e+00,5.308179639392851534e+00
0.000000000000000000e+00,9.589058938456775927e-01,6.506236407424827348e+02,7.826557644881236229e+02,3.196352979485591606e-01,-6.488939786558543865e+00,5.307869714786940918e+00
0.000000000000000000e+00,1.033930315858024640e+00,6.541411296657242929e+02,7.824416078951471718e+02,3.446434386193416022e-01,-6.402755313882507515e+00,5.307559941148850768e+00
0.000000000000000000e+00,1.108954737870410767e+00,6.576754128387480023e+02,7.822275684686245540e+02,3.696515792901369224e-01,-6.316570841206426756e+00,5.307250318488551777e+00
0.000000000000000000e+00,1.184392499158370526e+00,6.612495895697963988e+02,7.820124679893071971e+02,3.953486187535557028e-01,-6.229909848430601471e+00,5.306940846816005752e+00
0.000000000000000000e+00,1.239335721263429280e+00,6.637262598307574990e+02,7.818558790975853299e+02,3.606642787365708647e-01,-6.166862592588330472e+00,5.306631526141166511e+00
0.000000000000000000e+00,1.289352002605019587e+00,6.659433535146084751e+02,7.817133866914045939e+02,3.106479973949802798e-01,-6.109491721057502822e+00,5.306322356473989643e+00
0.000000000000000000e+00,1.339368283946610338e+00,6.681668104729383231e+02,7.815709462139404877e+02,2.606317160533896948e-01,-6.052120849526674284e+00,5.306013337824424525e+00
0.000000000000000000e+00,1.389104694300028919e+00,6.703806262375451297e+02,7.814293541792500264e+02,2.106154347118249504e-01,-5.995069862541920536e+00,5.305704470202408984e+00
0.000000000000000000e+00,1.459101269944648616e+00,6.738495894069106953e+02,7.812301715537898872e+02,1.605991533702342544e-01,-5.914882053756097768e+00,5.305395753617881738e+00
0.000000000000000000e+00,1.534125691957034299e+00,6.776480074128890010e+02,7.810167943084475155e+02,1.105828720286436417e-01,-5.828952940108782066e+00,5.305087188080777061e+00
0.000000000000000000e+00,1.609150113969381790e+00,6.814655050246909695e+02,7.808035335906491810e+02,6.056659068707889032e-02,-5.743023826461510772e+00,5.304778773601023012e+00
0.000000000000000000e+00,1.683464102538699825e+00,6.852679529103882032e+02,7.805924068621324068e+02,9.129442459353095257e-03,-5.654653631053186302e+00,5.304470510188541432e+00
0.000000000000000000e+00,1.818397915988306579e+00,6.919395364832191717e+02,7.802093510429426715e+02,0.000000000000000000e+00,-7.959681291516218060e+00,5.304162397853250610e+00
0.000000000000000000e+00,1.968446760013078611e+00,6.993852469972071049e+02,7.797838270092038329e+02,0.000000000000000000e+00,-1.090078196619255380e+01,5.303854436605067058e+00
0.000000000000000000e+00,2.118495604037772928e+00,7.069016338321155217e+02,7.793587668817268650e+02,0.000000000000000000e+00,-1.384188264086736986e+01,5.303546626453896629e+00
0.000000000000000000e+00,2.266950296664735021e+00,7.144081195773636637e+02,7.789386774252352552e+02,0.000000000000000000e+00,-1.686265169251352347e+01,5.303238967409642513e+00
0.000000000000000000e+00,2.556952132855852433e+00,7.292756350563777232e+02,7.781193533051459781e+02,5.929664604365818964e-02,-1.747224867042477570e+01,5.302931459482204346e+00
0.000000000000000000e+00,2.882057961576023342e+00,7.462668482921496889e+02,7.772028976620313188e+02,1.343210680560053272e-01,-1.756423974773313645e+01,5.302624102681476437e+00
0.000000000000000000e+00,3.207163790296362116e+00,7.636065845536625147e+02,7.762885982508532834e+02,2.093454900683911490e-01,-1.765623082504154340e+01,5.302316897017346875e+00
0.000000000000000000e+00,3.532650188993896823e+00,7.813414156947476386e+02,7.753753814806285618e+02,2.828676621707952865e-01,-1.775091402896693893e+01,5.302009842499703751e+00
1.781830022793728929e+00,3.837577336372496983e+00,7.972922861642113048e+02,7.745217939316565889e+02,6.167697818299961998e-01,-1.742840440145621272e+01,5.301702939138420057e+00
4.032562683165306083e+00,4.137675024422040160e+00,8.130126858254691342e+02,7.736835590563330243e+02,1.016900032562721101e+00,-1.700021622208815586e+01,5.301396186943373223e+00
6.283295343536883237e+00,4.437772712471584668e+00,8.289980246168530584e+02,7.728471365976421339e+02,1.417030283295446003e+00,-1.657202804272009544e+01,5.301089585924436243e+00
8.487588084331031624e+00,4.743216654677069322e+00,8.457402185076891783e+02,7.719976746590757557e+02,1.822560790751293736e+00,-1.613616360784707027e+01,5.300783136091468783e+00
1.891533702377152437e+01,4.859492022142628542e+00,8.475548648285982836e+02,7.716747861194033931e+02,2.018984044285258239e+00,-1.597130702722931161e+01,5.300476837454331402e+00
3.141940735916917760e+01,4.934516444155014447e+00,8.461364329047399906e+02,7.714665959779657669e+02,2.169032888310030049e+00,-1.586552164525413033e+01,5.300170690022885545e+00
4.392347769456682727e+01,5.009540866167401241e+00,8.446772167213671310e+02,7.712585181414663111e+02,2.319081732334801860e+00,-1.575973626327894728e+01,5.299864693806972227e+00
5.630889786370900651e+01,5.083812117559210364e+00,8.431735013269844785e+02,7.710526394926769171e+02,2.471390088221107728e+00,-1.565695643170990081e+01,5.299558848816444012e+00
7.806870726148287076e+01,5.219179420384267409e+00,8.417859591195863231e+02,7.706776868834682546e+02,2.539726473461422440e+00,-1.274830613653189992e+01,5.299253155061136589e+00
1.020765223054463604e+02,5.369228264409039220e+00,8.403118194110197692e+02,7.702624936605329822e+02,2.589742754803012748e+00,-9.117451917462078725e+00,5.298947612550887420e+00
1.260843373493974440e+02,5.519277108433733758e+00,8.387039822083097533e+02,7.698477475573075708e+02,2.639759036144578186e+00,-5.486597698394136025e+00,5.298642221295527754e+00
1.501282122747387291e+02,5.667978126009948880e+00,8.369039050948001659e+02,7.694371665131176314e+02,2.688858795501149590e+00,-1.744854330600568382e+00,5.298336981304884397e+00
1.723093454900752590e+02,5.918853793552676379e+00,8.367688053142716171e+02,7.687454632757271611e+02,2.859166395311036446e+00,-1.590355132374323688e+00,5.298031892588776159e+00
1.940664278736559254e+02,6.193943340931281405e+00,8.366984404477655062e+02,7.679884257720221967e+02,3.059231520677295535e+00,-2.189742795116661700e+00,5.297726955157020079e+00
2.158235102572478468e+02,6.469032888310030316e+00,8.362821947504161244e+02,7.672328778171657859e+02,3.259296646043658097e+00,-2.789130457859309686e+00,5.297422169019425198e+00
2.377752064290419867e+02,6.745467316676633907e+00,8.355313060599604569e+02,7.664751335866935733e+02,3.459774744965887994e+00,-3.407076921440354234e+00,5.297117534185801446e+00
2.515656138065767777e+02,6.959426896776279570e+00,8.289770255777229977e+02,7.658896655927572965e+02,3.639498534679244113e+00,-2.611110977020718149e+00,5.296813050665948985e+00
2.635695213285585510e+02,7.159492022142641687e+00,8.206762057106950579e+02,7.653430276217839037e+02,3.814555519374812409e+00,-1.482756137709810185e+00,5.296508718469663535e+00
2.755734288505402674e+02,7.359557147509003805e+00,8.119715010280170873e+02,7.647971693974634491e+02,3.989612504070379373e+00,-3.544012983989021648e-01,5.296204537606740814e+00
2.879540590572794372e+02,7.562476232608321247e+00,8.026470721229823084e+02,7.642443213772780837e+02,4.166867037760309422e+00,8.045100875968654863e-01,5.295900508086962333e+00
2.754285249104516424e+02,7.659882774340609046e+00,7.996413537589825182e+02,7.639792203031188365e+02,4.259882774340609579e+00,1.067964044208400853e+00,5.295596629920112264e+00
2.571725822207710621e+02,7.734907196352994951e+00,7.979482697882672255e+02,7.637751612812054418e+02,4.334907196352995484e+00,1.151006566947110343e+00,5.295292903115967675e+00
2.389166395310904818e+02,7.809931618365381745e+00,7.962144668784244459e+02,7.635712112386049739e+02,4.409931618365382278e+00,1.234049089685819611e+00,5.294989327684302083e+00
2.207367242950128343e+02,7.887341957974934203e+00,7.943822537355093800e+02,7.633608899807641137e+02,4.487341957974933848e+00,1.319732520691475841e+00,5.294685903634881896e+00
1.980061869097970373e+02,7.840019537609885347e+00,7.961426405309390475e+02,7.634894493704113074e+02,4.440019537609885880e+00,1.267352601409104773e+00,5.294382630977471749e+00
1.742484532725415249e+02,7.764995115597500330e+00,7.986798834585841860e+02,7.636933557322913657e+02,4.364995115597499087e+00,1.184310078670395283e+00,5.294079509721824728e+00
1.504907196352982623e+02,7.689970693585152617e+00,8.011682493093306903e+02,7.638973710384709648e+02,4.289970693585152262e+00,1.101267555931729092e+00,5.293776539877699250e+00
1.265478802967915044e+02,7.615291581537709575e+00,8.035606654327017395e+02,7.641005555155284128e+02,4.216154856450068600e+00,1.018609615684915815e+00,5.293473721454836856e+00
1.103848909150069062e+02,7.519895799413840898e+00,8.119547560313872054e+02,7.643602627360899078e+02,4.019765548681141887e+00,9.128558175228698168e-01,5.293171054462986191e+00
9.588016932595314756e+01,7.419863236730711797e+00,8.216205435540078952e+02,7.646327827958446051e+02,3.794692282644100523e+00,8.019321562942306469e-01,5.292868538911883469e+00
8.137544773689187139e+01,7.319830674047530295e+00,8.311129566663811374e+02,7.649054972499832274e+02,3.569619016606942807e+00,6.910084950655339675e-01,5.292566174811260460e+00
6.678944707031217831e+01,7.216533758960972378e+00,8.407339612509574636e+02,7.651873165557785796e+02,3.339871791446769045e+00,5.764650733267523419e-01,5.292263962170850711e+00
5.577596873982498948e+01,7.200000000000000178e+00,8.410383796218670795e+02,7.652324426443764196e+02,3.259882774340609579e+00,5.581311925520253681e-01,5.291961901000371782e+00
4.552263106479892230e+01,7.200000000000000178e+00,8.395175629012242098e+02,7.652324426443764196e+02,3.209866492999019272e+00,5.581311925520253681e-01,5.291659991309543898e+00
3.526929338977284800e+01,7.200000000000000178e+00,8.379967461805812263e+02,7.652324426443764196e+02,3.159850211657428520e+00,5.581311925520253681e-01,5.291358233108084619e+00
2.489172063436457094e+01,7.200000000000000178e+00,8.365169364231064719e+02,7.652324426443764196e+02,3.108181135454833210e+00,5.581311925520253681e-01,5.291056626405699070e+00
1.918267665255594778e+01,7.159817648974273752e+00,8.241378515528127764e+02,7.653421385475897978e+02,3.240638228590043912e+00,5.135044411822111687e-01,5.290755171212092378e+00
1.443112992510484105e+01,7.109801367632682556e+00,8.092348029837989998e+02,7.654787245564907607e+02,3.415695213285611320e+00,4.579560699471694196e-01,5.290453867536965227e+00
9.679583197653734317e+00,7.059785086291091361e+00,7.944227307397811728e+02,7.656153593254608722e+02,3.590752197981177840e+00,4.024076987121275595e-01,5.290152715390009419e+00
4.824364838308315306e+00,7.010103464252492422e+00,7.793650821819960584e+02,7.657511281028857866e+02,3.768151797797409053e+00,3.472321686566554044e-01,5.289851714780915870e+00
3.195050472158731392e+00,6.939628785411905199e+00,7.746366522288008127e+02,7.659438024380164052e+02,3.860371214588095068e+00,2.688736581654098678e-01,5.289550865719368389e+00
2.194724845326919027e+00,6.864604363399518405e+00,7.719075656913283865e+02,7.661490220593377671e+02,3.935395636600480973e+00,1.854420427185944353e-01,5.289250168215047232e+00
1.194399218495624915e+00,6.789579941387171580e+00,7.691836951639527342e+02,7.663543516792771015e+02,4.010420058612828242e+00,1.020104272718222321e-01,5.288949622277629103e+00
1.602000877283575875e-01,6.712015006579626686e+00,7.665118217425176681e+02,7.665667506725191060e+02,4.084428275507149486e+00,1.575361063214140642e-02,5.288649227916781825e+00
0.000000000000000000e+00,6.700000000000000178e+00,7.592258377522892943e+02,7.665996615878182183e+02,4.241094106154400301e+00,2.392209349011399817e-03,5.288348985142170555e+00
0.000000000000000000e+00,6.700000000000000178e+00,7.508977113290947045e+02,7.665996615878182183e+02,4.416151090849876226e+00,2.392209349011399817e-03,5.288048893963456010e+00
0.000000000000000000e+00,6.700000000000000178e+00,7.425695849058956810e+02,7.665996615878182183e+02,4.591208075545443634e+00,2.392209349011399817e-03,5.287748954390291800e+00
0.000000000000000000e+00,6.700000000000000178e+00,7.340781730875899029e+02,7.665996615878182183e+02,4.772263797533057961e+00,2.392209349011399817e-03,5.287449166432331538e+00
0.000000000000000000e+00,6.659622272875290072e+00,7.308080779371223343e+02,7.667102852028963298e+02,4.658677955063512677e+00,-4.256929047101593033e-02,5.287149530099219064e+00
0.000000000000000000e+00,6.609605991533698877e+00,7.285484510168821544e+02,7.668473600218155752e+02,4.483620970367945269e+00,-9.826353540938741193e-02,5.286850045400595555e+00
0.000000000000000000e+00,6.559589710192107681e+00,7.262947116739003377e+02,7.669844838628130219e+02,4.308563985672377861e+00,-1.539577803477588935e-01,5.286550712346095970e+00
0.000000000000000000e+00,6.510151442110531761e+00,7.239690562361778348e+02,7.671200711213347176e+02,4.134265643380636845e+00,-2.090070320690763928e-01,5.286251530945350829e+00
0.000000000000000000e+00,6.419114295017905647e+00,7.269903020107614111e+02,7.673698714406738191e+02,3.918007163790287350e+00,-3.105234448866744379e-01,5.285952501207987986e+00
0.000000000000000000e+00,6.319081732334724144e+00,7.310757095211903334e+02,7.676445421637829440e+02,3.692933897753129635e+00,-4.220889782961804726e-01,5.285653623143627300e+00
0.000000000000000000e+00,6.219049169651542641e+00,7.350668411987629725e+02,7.679194095873956485e+02,3.467860631715971920e+00,-5.336545117056866738e-01,5.285354896761885080e+00
0.000000000000000000e+00,6.119406387801444858e+00,7.389806321759504044e+02,7.681934015938849143e+02,3.241800732945320895e+00,-6.447806864471335997e-01,5.285056322072374968e+00
0.000000000000000000e+00,5.998730055356540802e+00,7.421117063481582363e+02,7.685254926748476692e+02,3.058222077499157088e+00,-7.796462510416218850e-01,5.284757899084700838e+00
0.000000000000000000e+00,5.873689352002563702e+00,7.449938320759978296e+02,7.688698970097365191e+02,2.883165092803589680e+00,-9.194384669158233159e-01,5.284459627808465676e+00
0.000000000000000000e+00,5.748648648648652326e+00,7.477650856859702344e+02,7.692146101633339867e+02,2.708108108108112866e+00,-1.059230682789952471e+00,5.284161508253266248e+00
0.000000000000000000e+00,5.620651543827486663e+00,7.503901134882108863e+02,7.695677951338365119e+02,2.528394791101725492e+00,-1.202325856006443816e+00,5.283863540428693106e+00
0.000000000000000000e+00,5.579713448388138985e+00,7.557503885572289164e+02,7.696808231931670434e+02,2.479713448388139785e+00,-1.248132389182291746e+00,5.283565724344335024e+00
0.000000000000000000e+00,5.554705307717357599e+00,7.616873217888942236e+02,7.697498865635781158e+02,2.454705307717357510e+00,-1.276135948437790324e+00,5.283268060009773670e+00
0.000000000000000000e+00,5.529697167046562001e+00,7.676011930553737557e+02,7.698189623291980297e+02,2.429697167046561912e+00,-1.304139507693303113e+00,5.282970547434584496e+00
0.000000000000000000e+00,5.503792268771419138e+00,7.735365773397697922e+02,7.698905282058402690e+02,2.403792268771419938e+00,-1.333147236152825821e+00,5.282673186628344730e+00
0.000000000000000000e+00,5.520319114295015872e+00,7.777027447366438082e+02,7.698448689376263019e+02,2.460957342885046639e+00,-1.314640842414118715e+00,5.282375977600615613e+00
0.000000000000000000e+00,5.545327254965810582e+00,7.815385041002942899e+02,7.697757885229428894e+02,2.535981764897432544e+00,-1.286637283158605705e+00,5.282078920360961938e+00
0.000000000000000000e+00,5.570335395636605291e+00,7.853849412464596753e+02,7.697067205047193283e+02,2.611006186909818449e+00,-1.258633723903092694e+00,5.281782014918944945e+00
0.000000000000000000e+00,5.594890278615528345e+00,7.893815298651284138e+02,7.696389163176972943e+02,2.685124093538457490e+00,-1.231137302593518834e+00,5.281485261284112553e+00
0.000000000000000000e+00,5.661055030934551979e+00,7.899640101536704151e+02,7.694562730719129604e+02,2.822110061869103070e+00,-1.157121460817243097e+00,5.281188659466017121e+00
0.000000000000000000e+00,5.736079452946936996e+00,7.899453171415625548e+02,7.692492781144584342e+02,2.972158905893874881e+00,-1.073201179908162217e+00,5.280892209474197685e+00
0.000000000000000000e+00,5.811103874959322901e+00,7.899026325657918051e+02,7.690423944963756639e+02,3.122207749918646691e+00,-9.892808989990812263e-01,5.280595911318193281e+00
0.000000000000000000e+00,5.888876869357296151e+00,7.898383700349603487e+02,7.688280496666072850e+02,3.270882307750528017e+00,-9.022861396667030132e-01,5.280299765007541168e+00
0.000000000000000000e+00,5.859231520677296245e+00,7.843978644001991825e+02,7.689097386709655666e+02,3.503842396613520371e+00,-9.354343635544974944e-01,5.280003770551764397e+00
0.000000000000000000e+00,5.809215239335705938e+00,7.777771514755041835e+02,7.690476011387196422e+02,3.753923803321473240e+00,-9.913661788992054191e-01,5.279707927960387792e+00
0.000000000000000000e+00,5.759198957994140500e+00,7.711916740819084453e+02,7.691855130517269572e+02,4.004005210029297324e+00,-1.047297994243884478e+00,5.279412237242935291e+00
0.000000000000000000e+00,5.710108457508145108e+00,7.646282910322140651e+02,7.693209202017056896e+02,4.260258489107882518e+00,-1.102192859513750012e+00,5.279116698408913066e+00
0.000000000000000000e+00,5.577499185932877523e+00,7.586678905988767383e+02,7.696869376790152728e+02,4.340833604689040115e+00,-1.250783808963107813e+00,5.278821311467832622e+00
0.000000000000000000e+00,5.427450341908183873e+00,7.528465793665454839e+02,7.701015104849545878e+02,4.390849886030605553e+00,-1.418941840152829981e+00,5.278526076429201908e+00
0.000000000000000000e+00,5.277401497883412063e+00,7.470549984875985956e+02,7.705165301303210299e+02,4.440866167372195861e+00,-1.587099871342639634e+00,5.278230993302513774e+00
0.000000000000000000e+00,5.127352653858639364e+00,7.412846480795514026e+02,7.709319973379306248e+02,4.489947166132028933e+00,-1.755247617512611935e+00,5.277936062097266401e+00
0.000000000000000000e+00,4.977303809833945714e+00,7.359167413407153617e+02,7.713479128321579310e+02,4.622696190166053931e+00,-1.923866421424965667e+00,5.277641282822948199e+00
0.000000000000000000e+00,4.827254965809173015e+00,7.306411609158150213e+02,7.717642773389433160e+02,4.772745034190825741e+00,-2.092575367512460094e+00,5.277346655489044913e+00
0.000000000000000000e+00,4.677206121784402093e+00,7.253864305377236406e+02,7.721810915857940927e+02,4.922793878215597552e+00,-2.261284313599954299e+00,5.277052180105033408e+00
0.000000000000000000e+00,4.525267891778526952e+00,7.201403789772756454e+02,7.726036142858786206e+02,5.078510880183678466e+00,-2.432110582446401104e+00,5.276757856680388770e+00
0.000000000000000000e+00,4.438554216867467872e+00,7.154423291367834281e+02,7.728449607750973200e+02,5.038554216867468405e+00,-2.529786567254614482e+00,5.276463685224582534e+00
0.000000000000000000e+00,4.363529794855081967e+00,7.108686352842535143e+02,7.730538956206532930e+02,4.963529794855081612e+00,-2.614350504783202744e+00,5.276169665747078241e+00
0.000000000000000000e+00,4.288505372842696062e+00,7.063209193142479307e+02,7.732629434657798129e+02,4.888505372842696595e+00,-2.698914442311791007e+00,5.275875798257334992e+00
0.000000000000000000e+00,4.210618923533862024e+00,7.018364950738108519e+02,7.734800863955952082e+02,4.814196457654470684e+00,-2.786704320021058834e+00,5.275582082764813663e+00
0.000000000000000000e+00,4.200000000000000178e+00,6.952438437161628144e+02,7.735097000012654007e+02,4.697427548029939004e+00,-2.798673462365002251e+00,5.275288519278956478e+00
0.000000000000000000e+00,4.200000000000000178e+00,6.882399084371566005e+02,7.735097000012654007e+02,4.572386844675961903e+00,-2.798673462365002251e+00,5.274995107809211881e+00
0.000000000000000000e+00,4.200000000000000178e+00,6.812359731581540245e+02,7.735097000012654007e+02,4.447346141322050528e+00,-2.798673462365002251e+00,5.274701848365022094e+00
0.000000000000000000e+00,4.200000000000000178e+00,6.741975888264398691e+02,7.735097000012654007e+02,4.322305437968074315e+00,-2.798673462365002251e+00,5.274408740955820463e+00
0.000000000000000000e+00,4.220547053077180699e+00,6.685271047579735750e+02,7.734523999561432674e+02,4.197264734614097215e+00,-3.959048167601316059e+00,5.274115785591036776e+00
0.000000000000000000e+00,4.245555193747962974e+00,6.630848055282317546e+02,7.733826706253803422e+02,4.072224031260185839e+00,-5.371358426905385564e+00,5.273822982280102600e+00
0.000000000000000000e+00,4.270563334418758572e+00,6.576211585719922823e+02,7.733129538661506786e+02,3.947183327906208294e+00,-6.783668686210185150e+00,5.273530331032430851e+00
0.000000000000000000e+00,4.296543821570828925e+00,6.521623199665741595e+02,7.732405398233620417e+02,3.822142624552231638e+00,-8.192385592500171398e+00,5.273237831857444213e+00
1.852165418430231636e+00,4.258840768479328354e+00,6.453758889932560123e+02,7.733456320319525048e+02,3.697101921198319818e+00,-9.771045570978223793e+00,5.272945484764547608e+00
4.102898078801809234e+00,4.208824487137737158e+00,6.383806570733881927e+02,7.734850899085048468e+02,3.572061217844343606e+00,-1.138113571827396697e+01,5.272653289763150397e+00
6.353630739173386388e+00,4.158808205796146851e+00,6.314255087524823011e+02,7.736245980911718334e+02,3.447020514490366949e+00,-1.299122586556971015e+01,5.272361246862655726e+00
8.544430233136091957e+00,4.108137683261787743e+00,6.244165642080572525e+02,7.737659825564588800e+02,3.318708605172553838e+00,-1.463114568028903228e+01,5.272069356072457857e+00
1.868772386844696598e+01,4.079387821556495375e+00,6.205476096979094791e+02,7.738462252545851925e+02,3.279387821556495552e+00,-1.536020822918933604e+01,5.271777617401949279e+00
3.044154998372076193e+01,4.054379680885700665e+00,6.172183661281629838e+02,7.739160382037202908e+02,3.254379680885700399e+00,-1.593756534175231110e+01,5.271486030860514482e+00
4.219537609899455077e+01,4.029371540214905068e+00,6.138986546194269067e+02,7.739858637504167973e+02,3.229371540214905245e+00,-1.651492245431528261e+01,5.271194596457535297e+00
5.376067469788828390e+01,4.003373128680190796e+00,6.104576312789807844e+02,7.740584676815112743e+02,3.204363399544122970e+00,-1.711514171941387374e+01,5.270903314202392664e+00
7.891566265060643559e+01,4.061934223380017528e+00,6.104757659379340566e+02,7.738949475475261579e+02,3.179355258873327816e+00,-1.419805886013643814e+01,5.270612184104452425e+00
1.066746987951892294e+02,4.136958645392403433e+00,6.110258384870350028e+02,7.736855578906099709e+02,3.154347118202532663e+00,-1.057009773101831662e+01,5.270321206173086637e+00
1.344337349397576702e+02,4.211983067404750258e+00,6.115627741256143963e+02,7.734762815104872971e+02,3.129338977531749943e+00,-6.942136601902070936e+00,5.270030380417655813e+00
1.622288770355669101e+02,4.286258186375275336e+00,6.121069967724891967e+02,7.732692065627685452e+02,3.103331766138472503e+00,-3.180067487900256396e+00,5.269739706847516025e+00
1.885043959622343550e+02,4.403386519049202974e+00,6.098775994941576073e+02,7.729428849200043032e+02,3.306773038098407280e+00,-2.569492113265105182e+00,5.269449185472020680e+00
2.145128622598480206e+02,4.528427222403115238e+00,6.070054627126862670e+02,7.725948228722982094e+02,3.556854444806231363e+00,-2.428707877142130656e+00,5.269158816300516079e+00
2.405213285574751580e+02,4.653467925757091450e+00,6.040306207585246057e+02,7.722470741534615399e+02,3.806935851514184233e+00,-2.287923641019081966e+00,5.268868599342347636e+00
2.675778635720199077e+02,4.778050557119407848e+00,6.008247618575330762e+02,7.719009103616931498e+02,4.067094842038652125e+00,-2.147646666236207036e+00,5.268578534606850994e+00
2.676864213611206083e+02,4.924259198957977368e+00,6.043710082893484241e+02,7.714950528443405346e+02,4.099999999999999645e+00,-1.983459074921917864e+00,5.268288622103359131e+00
2.636851188537933695e+02,5.074308042982748290e+00,6.091759512393593923e+02,7.710789787001925788e+02,4.099999999999999645e+00,-1.815026725469180757e+00,5.267998861841197034e+00
2.596838163464661307e+02,5.224356887007520100e+00,6.140073152785812454e+02,7.706633530991147154e+02,4.099999999999999645e+00,-1.646594376016444761e+00,5.267709253829692351e+00
2.558141528836420662e+02,5.380503716182072793e+00,6.188799575694183659e+02,7.702313146794558634e+02,4.099999999999999645e+00,-1.471316935737578380e+00,5.267419798078160298e+00
2.234715076522301445e+02,5.317030283295343551e+00,6.231606872532024681e+02,7.704068775290858184e+02,4.099999999999999645e+00,-1.542516113935641142e+00,5.267130494595915202e+00
1.854591338326212906e+02,5.216997720612161160e+00,6.272543035475542865e+02,7.706837270654856411e+02,4.099999999999999645e+00,-1.654743079210228895e+00,5.266841343392264285e+00
1.474467600130124367e+02,5.116965157928980545e+00,6.312579050074427869e+02,7.709607756479244927e+02,4.099999999999999645e+00,-1.766970044484816871e+00,5.266552344476512992e+00
1.086361754168021605e+02,5.016932595245850557e+00,6.352439454311056579e+02,7.712380234911412344e+02,4.099999999999999645e+00,-1.879191984722000885e+00,5.266263497857958775e+00
9.282025398892699286e+01,4.916900032562669942e+00,6.370197976812694378e+02,7.715154708101838423e+02,4.058450016281334172e+00,-1.991627938377067419e+00,5.265974803545892868e+00
8.056626506023731338e+01,4.816867469879487551e+00,6.384069427174974862e+02,7.717931178204097478e+02,4.008433734939743864e+00,-2.104100426923639411e+00,5.265686261549607394e+00
6.831227613155394351e+01,4.716834907196358451e+00,6.397405116618118655e+02,7.720709647374861788e+02,3.958417453598178870e+00,-2.216572915470153227e+00,5.265397871878382929e+00
5.586577797011990043e+01,4.614322860517739322e+00,6.410492573609413967e+02,7.723559069812162079e+02,3.908814419589161204e+00,-2.331831188693888723e+00,5.265109634541500050e+00
4.942233800064979476e+01,4.579192445457498373e+00,6.415329944313600663e+02,7.724536027572344210e+02,3.837577336372497427e+00,-2.371364608305693178e+00,5.264821549548232227e+00
4.392054705307766937e+01,4.554184304786716986e+00,6.418927416786932554e+02,7.725231646488125534e+02,3.762552914360150158e+00,-2.399521412486317118e+00,5.264533616907852043e+00
3.841875610550270892e+01,4.529176164115921388e+00,6.422490541876771886e+02,7.725927390700560409e+02,3.687528492347764253e+00,-2.427678216666956157e+00,5.264245836629617870e+00
3.289405595597173004e+01,4.504688687125944391e+00,6.426165407454352589e+02,7.726608770661298422e+02,3.610942079292922990e+00,-2.455248316335522318e+00,5.263958208722790744e+00
2.824877889938186826e+01,4.437479648323031434e+00,6.417809128643750682e+02,7.728479525342560237e+02,3.579159882774344048e+00,-2.530997769484828464e+00,5.263670733196627260e+00
2.374731357863871395e+01,4.362455226310644640e+00,6.407176198040970121e+02,7.730568889976484570e+02,3.554151742103548450e+00,-2.615561707013417170e+00,5.263383410060373357e+00
1.924584825789555964e+01,4.287430804298259623e+00,6.396458300627907647e+02,7.732659384619244065e+02,3.529143601432752853e+00,-2.700125644542005432e+00,5.263096239323277636e+00
1.470660420318979789e+01,4.211776736719830438e+00,6.385200891651483062e+02,7.734768570561095657e+02,3.504765106328001423e+00,-2.785396921881837073e+00,5.262809220994578041e+00
1.149527841094105263e+01,4.158254640182351025e+00,6.411523197833386121e+02,7.736261424086176248e+02,3.416509280364701695e+00,-2.845792245473687476e+00,5.262522355083508074e+00
8.494301530445614645e+00,4.108238358840760718e+00,6.444372018179566339e+02,7.737657014818518064e+02,3.316476717681520192e+00,-2.902246575313742749e+00,5.262235641599296798e+00
5.493324649950178440e+00,4.058222077499169522e+00,6.476903438561062103e+02,7.739053109159722226e+02,3.216444154998339577e+00,-2.958700905153798466e+00,5.261949080551172386e+00
2.401716818577059875e+00,4.007500888761877711e+00,6.510472329918949299e+02,7.740469395139225526e+02,3.112182147940845578e+00,-3.015949989100525919e+00,5.261662671948353243e+00
1.581895148160143094e+00,3.979094757408006888e+00,6.496356667849544237e+02,7.741262803284791971e+02,3.100000000000000089e+00,-3.048033182797448948e+00,5.261376415800053330e+00
1.081732334744236912e+00,3.954086616737212179e+00,6.474851561593727638e+02,7.741961438196741483e+02,3.100000000000000089e+00,-3.076283990201399199e+00,5.261090312115485723e+00
5.815695213285896337e-01,3.929078476066429015e+00,6.453399530552709393e+02,7.742660199221136281e+02,3.100000000000000089e+00,-3.104534797605335239e+00,5.260804360903852839e+00
6.010311133158965924e-02,3.904425395338651850e+00,6.432162524725622461e+02,7.743349162562390120e+02,3.100000000000000089e+00,-3.132384057023681390e+00,5.260518562174355317e+00
0.000000000000000000e+00,3.858124389449677505e+00,6.402926177439444473e+02,7.744643438462333052e+02,3.120937805275161292e+00,-3.184728879677766855e+00,5.260232915936191134e+00
0.000000000000000000e+00,3.808108108108112955e+00,6.372469630107239027e+02,7.746042055270320361e+02,3.145945945945943567e+00,-3.241277999459847958e+00,5.259947422198548495e+00
0.000000000000000000e+00,3.758091826766522203e+00,6.342138715558028252e+02,7.747441177326177240e+02,3.170954086616739165e+00,-3.297827119241958371e+00,5.259662080970612053e+00
0.000000000000000000e+00,3.708075545424931896e+00,6.311085576110193642e+02,7.748840804903734352e+02,3.197035089787516604e+00,-3.354374874799638917e+00,5.259376892261568237e+00
0.000000000000000000e+00,3.658059264083341589e+00,6.301807451106450344e+02,7.750240938277016767e+02,3.095148160208352817e+00,-3.410978719576728047e+00,5.259091856080585714e+00
0.000000000000000000e+00,3.608042982741776594e+00,6.295494975444770489e+02,7.751641577720248506e+02,2.970107456854440997e+00,-3.467591474563440634e+00,5.258806972436840255e+00
0.000000000000000000e+00,3.558026701400185843e+00,6.289140013894073036e+02,7.753042723507860501e+02,2.845066753500464785e+00,-3.524204229550180756e+00,5.258522241339495196e+00
0.000000000000000000e+00,3.508010420058595091e+00,6.282465336978981441e+02,7.754444375914465581e+02,2.719425824522471835e+00,-3.580815603025426785e+00,5.258237662797712986e+00
0.000000000000000000e+00,3.457994138717030541e+00,6.289442029484813474e+02,7.755846535214890309e+02,2.615988277434060816e+00,-3.637483482627017484e+00,5.257953236820651632e+00
0.000000000000000000e+00,3.407977857375439790e+00,6.298503865765501359e+02,7.757249201684153377e+02,2.515955714750879757e+00,-3.694160229401973528e+00,5.257668963417456709e+00
0.000000000000000000e+00,3.357961576033849482e+00,6.307415017003302182e+02,7.758652375597470154e+02,2.415923152067698254e+00,-3.750836976176929127e+00,5.257384842597282670e+00
0.000000000000000000e+00,3.308380417778543858e+00,6.316553144110037010e+02,7.760043842809624266e+02,2.311539358521976339e+00,-3.807018976656964870e+00,5.257100874369266208e+00
0.000000000000000000e+00,3.236893520026041138e+00,6.307314553740138763e+02,7.762050962803941729e+02,2.321035493324653309e+00,-3.888128760577540977e+00,5.256817058742542237e+00
0.000000000000000000e+00,3.161869098013654789e+00,6.295078153354650112e+02,7.764158521154644177e+02,2.346043633995448019e+00,-3.973264651893301913e+00,5.256533395726244784e+00
0.000000000000000000e+00,3.086844676001307963e+00,6.282774462289662551e+02,7.766267224308073764e+02,2.371051774666230738e+00,-4.058400543209018885e+00,5.256249885329500771e+00
0.000000000000000000e+00,3.011163215412461902e+00,6.270509200281886706e+02,7.768395557143985570e+02,2.397154979631126448e+00,-4.144279472310658186e+00,5.255966527561431789e+00
0.000000000000000000e+00,2.957863887984357731e+00,6.252986337257996183e+02,7.769895151642111841e+02,2.399999999999999911e+00,-4.204833082143172973e+00,5.255683322431157656e+00
0.000000000000000000e+00,2.907847606642792293e+00,6.234670289228372440e+02,7.771302904637608435e+02,2.399999999999999911e+00,-4.261671385886144137e+00,5.255400269947783976e+00
0.000000000000000000e+00,2.857831325301201986e+00,6.216396508212955041e+02,7.772711167840149074e+02,2.399999999999999911e+00,-4.318509689629144610e+00,5.255117370120422571e+00
0.000000000000000000e+00,2.805610698208734544e+00,6.198085875691338060e+02,7.774182044566055083e+02,2.399999999999999911e+00,-4.377853003140609545e+00,5.254834622958175494e+00
0.000000000000000000e+00,2.799999999999999822e+00,6.182720051225916222e+02,7.774340108546870169e+02,2.210094431781093327e+00,-4.384228978331975668e+00,5.254552028470135916e+00
0.000000000000000000e+00,2.799999999999999822e+00,6.167786708040425765e+02,7.774340108546870169e+02,1.985021165744052185e+00,-4.384228978331975668e+00,5.254269586665402336e+00
0.000000000000000000e+00,2.799999999999999822e+00,6.152853364854927349e+02,7.774340108546870169e+02,1.759947899706894692e+00,-4.384228978331975668e+00,5.253987297553059932e+00
0.000000000000000000e+00,2.799999999999999822e+00,6.137522638443032292e+02,7.774340108546870169e+02,1.532022583872976629e+00,-4.384228978331975668e+00,5.253705161142188551e+00
0.000000000000000000e+00,2.799999999999999822e+00,6.132451268061464589e+02,7.774340108546870169e+02,1.394334093129275365e+00,-4.384228978331975668e+00,5.253423177441868930e+00
0.000000000000000000e+00,2.799999999999999822e+00,6.128717932265092259e+02,7.774340108546870169e+02,1.269293389775298708e+00,-4.384228978331975668e+00,5.253141346461172034e+00
0.000000000000000000e+00,2.799999999999999822e+00,6.124984596468715381e+02,7.774340108546870169e+02,1.144252686421322274e+00,-4.384228978331975668e+00,5.252859668209167054e+00
0.000000000000000000e+00,2.799999999999999822e+00,6.121084668648181832e+02,7.774340108546870169e+02,1.015492202686772538e+00,-4.384228978331975668e+00,5.252578142694916075e+00
0.000000000000000000e+00,2.778834255942686848e+00,6.127287186649529076e+02,7.774936456853114350e+02,9.788342559426868039e-01,-4.408302339157621041e+00,5.252296769927476738e+00
0.000000000000000000e+00,2.753826115271891251e+00,6.135051335464501108e+02,7.775641183233162792e+02,9.538261152718914282e-01,-4.436745940871614557e+00,5.252015549915904913e+00
0.000000000000000000e+00,2.728817974601108975e+00,6.142766568047347846e+02,7.776346037378699521e+02,9.288179746011091531e-01,-4.465189542585593863e+00,5.251734482669244031e+00
0.000000000000000000e+00,2.704184027532086976e+00,6.150775726390223781e+02,7.777040469522326021e+02,9.043711243329737304e-01,-4.493207056535886146e+00,5.251453568196540189e+00
0.000000000000000000e+00,2.657603386519037159e+00,6.126876184416961451e+02,7.778353919949870487e+02,8.364050797785553826e-01,-4.546228787874436961e+00,5.251172806506833268e+00
0.000000000000000000e+00,2.607587105177472164e+00,6.097824041030597755e+02,7.779764740018750899e+02,7.613806577662083352e-01,-4.603165121000281523e+00,5.250892197609152490e+00
0.000000000000000000e+00,2.557570823835881413e+00,6.068891863659113142e+02,7.781176071963119512e+02,6.863562357538225411e-01,-4.660101454126155396e+00,5.250611741512528852e+00
0.000000000000000000e+00,2.505296407360778410e+00,6.040354105140954744e+02,7.782651673060862549e+02,6.079446110411675930e-01,-4.719608348892283978e+00,5.250331438225987135e+00
0.000000000000000000e+00,2.521230869423649601e+00,5.998226828862399316e+02,7.782201814050307576e+02,5.999999999999999778e-01,-4.701462294085039240e+00,5.250051287758544127e+00
0.000000000000000000e+00,2.546239010094431876e+00,5.953877517728506064e+02,7.781495898008819267e+02,5.999999999999999778e-01,-4.672985923847578604e+00,5.249771290119213951e+00
0.000000000000000000e+00,2.571247150765227474e+00,5.909349585393300686e+02,7.780790110021652026e+02,5.999999999999999778e-01,-4.644509553610103758e+00,5.249491445317005400e+00
0.000000000000000000e+00,2.597390682851378862e+00,5.864770028698253554e+02,7.780052416251101022e+02,5.999999999999999778e-01,-4.614740331307624288e+00,5.249211753360921939e+00
0.000000000000000000e+00,2.578736567893194831e+00,5.814731495081350658e+02,7.780578766135465685e+02,5.574731357863897951e-01,-4.635981473981699352e+00,5.248932214259965257e+00
0.000000000000000000e+00,2.553728427222399677e+00,5.764069661897857486e+02,7.781284515779815365e+02,5.074568544447990437e-01,-4.664457844219174198e+00,5.248652828023126382e+00
0.000000000000000000e+00,2.528720286551604080e+00,5.713567038145781680e+02,7.781990393468047387e+02,4.574405731032085143e-01,-4.692934214456649933e+00,5.248373594659395458e+00
0.000000000000000000e+00,2.502570596512849743e+00,5.662617565510222448e+02,7.782728630150295430e+02,4.051411930257001193e-01,-4.720183763272101096e+00,5.248094514177757297e+00
0.000000000000000000e+00,2.500000000000000000e+00,5.630865664940782835e+02,7.782801207885032682e+02,4.212959947899734270e-01,-5.564471658345340188e+00,5.247815586587188719e+00
0.000000000000000000e+00,2.500000000000000000e+00,5.601627393369465153e+02,7.782801207885032682e+02,4.463041354607687472e-01,-6.549524561032026071e+00,5.247536811896667430e+00
0.000000000000000000e+00,2.500000000000000000e+00,5.572389121798165661e+02,7.782801207885032682e+02,4.713122761315510778e-01,-7.534577463718203916e+00,5.247258190115160481e+00
0.000000000000000000e+00,2.500000000000000000e+00,5.542484259800281734e+02,7.782801207885032682e+02,4.954023860491748588e-01,-8.564831090744592146e+00,5.246979721251634921e+00
2.132855747314169881e-01,2.478671442526858559e+00,5.530470117461530890e+02,7.783403452644241725e+02,6.919570172582752976e-01,-7.848750322681707914e+00,5.246701405315049804e+00
4.633669814392406550e-01,2.453663301856076284e+00,5.520660131975989771e+02,7.784109714840141123e+02,9.170302832953165506e-01,-6.892190243929757543e+00,5.246423242314357083e+00
7.134483881471936906e-01,2.428655161185280242e+00,5.510865514706439399e+02,7.784816105219437077e+02,1.142103549332474266e+00,-5.935630165177311568e+00,5.246145232258508706e+00
9.540932486058911755e-01,2.403647020514485089e+00,5.500635689472475178e+02,7.785522623817035992e+02,1.370142587047969318e+00,-4.934954292752444793e+00,5.245867375156450407e+00
3.136112015630998062e+00,2.378638879843689935e+00,5.512987356772548537e+02,7.786229270667844276e+02,1.506805600781549570e+00,-4.863923455987387179e+00,5.245589671017119926e+00
5.636926082709234898e+00,2.353630739172907660e+00,5.528519196810932499e+02,7.786936045806789934e+02,1.631846304135461834e+00,-4.892432780139994719e+00,5.245312119849455001e+00
8.137740149788765365e+00,2.328622598502112506e+00,5.543976467697420958e+02,7.787642949268813481e+02,1.756887007489438046e+00,-4.920942104292616470e+00,5.245034721662384491e+00
1.056128768230200876e+01,2.302455459812822625e+00,5.559702072403813418e+02,7.788382752193032275e+02,1.887722700935886122e+00,-4.948148060038047191e+00,5.244757476464831925e+00
2.169684141973266378e+01,2.342787365678930644e+00,5.566148914288255583e+02,7.787242538970281203e+02,1.579094757408020078e+00,-8.531366692366121995e+00,5.244480384265720829e+00
3.420091175513032056e+01,2.392803647020521396e+00,5.571456055333093218e+02,7.785829005724089029e+02,1.203972647346090330e+00,-1.271362907853177049e+01,5.244203445073962300e+00
4.670498209052797023e+01,2.442819928362111703e+00,5.576722205771523022e+02,7.784415985551323729e+02,8.288505372841609153e-01,-1.689589146469741721e+01,5.243926658898470983e+00
5.901758039494171726e+01,2.491671747147936156e+00,5.582189087937967997e+02,7.783036356027162128e+02,4.436159892383644276e-01,-2.127289395613624023e+01,5.243650025748149979e+00
8.221198306740727446e+01,2.628557473135801459e+00,5.556414215291509890e+02,7.779173162012388048e+02,3.142950179094655128e-01,-2.148219711889074190e+01,5.243373545631902388e+00
1.069700423314946249e+02,2.778606317160573269e+00,5.524473042513446899e+02,7.774942879563576525e+02,2.142624552262843429e-01,-2.125462320911654146e+01,5.243097218558619765e+00
1.317281015955691714e+02,2.928655161185267808e+00,5.491141737229182809e+02,7.770717195434700670e+02,1.142298925431548540e-01,-2.102704929934245826e+01,5.242821044537196329e+00
1.564304854356915371e+02,3.078164122310985018e+00,5.455792066805046261e+02,7.766511279237033705e+02,9.518344734834659898e-03,-2.080023257410215010e+01,5.242545023576515639e+00
1.833901009443240753e+02,3.250211657440613244e+00,5.436694620994632032e+02,7.761676954185347768e+02,2.145880820580186449e-02,-2.054199316396831421e+01,5.242269155685460369e+00
2.106489742754909287e+02,3.425268642136180652e+00,5.418348114191181821e+02,7.756764238126346527e+02,4.646694887659717083e-02,-2.027956403939263552e+01,5.241993440872905197e+00
2.379078476066437133e+02,3.600325626831656578e+00,5.398611752577292009e+02,7.751857737093530432e+02,7.147508954737955000e-02,-2.001713491481709539e+01,5.241717879147722137e+00
2.657107592000252794e+02,3.777625499750095983e+00,5.376420580010028516e+02,7.746894705900488134e+02,9.589580711218444187e-02,-1.975128803392604837e+01,5.241442470518776986e+00
2.784562031911468694e+02,3.885965483555880784e+00,5.389575006604173950e+02,7.743865130323124504e+02,1.644741126669105047e-01,-1.959017773088302050e+01,5.241167214994930212e+00
2.894597850862911059e+02,3.985998046239010328e+00,5.407225766941743359e+02,7.741069973145712311e+02,2.394985346792576353e-01,-1.944166984583294422e+01,5.240892112585039619e+00
3.004633669814410268e+02,4.086030608922190943e+00,5.424826509308875302e+02,7.738276833070724479e+02,3.145229566916435404e-01,-1.929316196078279333e+01,5.240617163297955017e+00
3.119860429970519249e+02,4.185119364113624840e+00,5.442699741528861068e+02,7.735512030044592393e+02,3.930866567980811910e-01,-1.915105843442832878e+01,5.240342367142521773e+00
3.121390426571149419e+02,4.329143601432752675e+00,5.451283532301176820e+02,7.731496951839487792e+02,3.569521328557489492e-01,-1.627433627677811145e+01,5.240067724127585258e+00
3.111387170302831464e+02,4.479192445457525373e+00,5.458315250369471414e+02,7.727318348825930343e+02,3.069358515141583643e-01,-1.296342292443742750e+01,5.239793234261980182e+00
3.101383914034513509e+02,4.629241289482297184e+00,5.464819039568352537e+02,7.723144260149359752e+02,2.569195701725677239e-01,-9.652509572096745316e+00,5.239518897554535926e+00
3.091785535508335556e+02,4.778743449157953904e+00,5.470697241573908514e+02,7.718989859387636443e+02,2.045343233185074605e-01,-6.264960999477648507e+00,5.239244714014082760e+00
2.980061869098001353e+02,4.950895473787055856e+00,5.480675312938612933e+02,7.714211596832924442e+02,2.000000000000000111e-01,-4.904398281460692566e+00,5.238970683649438520e+00
2.852520351676945438e+02,5.125952458482624152e+00,5.490631342061013811e+02,7.709358764205762782e+02,2.000000000000000111e-01,-3.767221240276442895e+00,5.238696806469422818e+00
2.724978834255955462e+02,5.301009443178100078e+00,5.499913748787166696e+02,7.704512033350318916e+02,2.000000000000000111e-01,-2.630044199092781199e+00,5.238423082482846382e+00
2.599484890566175750e+02,5.484389521698389558e+00,5.508725407547436816e+02,7.699441428354774644e+02,2.000000000000000111e-01,-1.438800013855093152e+00,5.238149511698519945e+00
2.357632692933840417e+02,5.500000000000000000e+00,5.511573739957827911e+02,7.699010059047224104e+02,1.568218821230758231e-01,-1.337393734309216597e+00,5.237876094125240023e+00
2.100048844024648531e+02,5.500000000000000000e+00,5.513828822221371411e+02,7.699010059047224104e+02,1.068056007814851965e-01,-1.337393734309216597e+00,5.237602829771805801e+00
1.842464995115590511e+02,5.500000000000000000e+00,5.516083904484912637e+02,7.699010059047224104e+02,5.678931943992046594e-02,-1.337393734309216597e+00,5.237329718647010246e+00
1.585340641074843973e+02,5.500000000000000000e+00,5.518243341170796157e+02,7.699010059047224104e+02,4.386341451551696406e-03,-1.337393734309216597e+00,5.237056760759640994e+00
1.309999999999903082e+02,5.413513513513478870e+00,5.551579906700792435e+02,7.701400394813143748e+02,2.162162162163033807e-02,-1.434370593983236519e+00,5.236783956118476802e+00
1.032409638554218674e+02,5.313480950830348881e+00,5.588908618659501144e+02,7.704166972373373028e+02,4.662976229241271031e-02,-1.546536600353102031e+00,5.236511304732303529e+00
7.548192771083908781e+01,5.213448388147166490e+00,5.625424375633031104e+02,7.706935538325720927e+02,7.163790296320800277e-02,-1.658702606723025497e+00,5.236238806609883056e+00
4.707166893751333703e+01,5.112731548588171471e+00,5.660780218724701172e+02,7.709725055561991667e+02,9.664604363400330911e-02,-1.771630873366191850e+00,5.235966461759987034e+00
3.577140996418143004e+01,5.035037447085643159e+00,5.712192786928421810e+02,7.711878297414103827e+02,1.216541843047856813e-01,-1.858892895149093061e+00,5.235694270191382671e+00
2.626831650927921658e+01,4.960013025073256365e+00,5.765017815982182583e+02,7.713958694324663838e+02,1.466623249755809877e-01,-1.943177932687525145e+00,5.235422231912821189e+00
1.676522305437699956e+01,4.884988603060871348e+00,5.817119904106107242e+02,7.716040213975759343e+02,1.716704656463762801e-01,-2.027462970225957228e+00,5.235150346933058252e+00
6.930101062510171772e+00,4.806359923903789522e+00,5.869053318603121170e+02,7.718222943970868073e+02,1.978800253654036667e-01,-2.115797155236511351e+00,5.234878615260843304e+00
4.698795180722760811e+00,4.799999999999999822e+00,5.903217267244293680e+02,7.718399542916025666e+02,1.783132530120460080e-01,-2.122942114312422746e+00,5.234607036904916022e+00
3.198306740475042265e+00,4.799999999999999822e+00,5.935438694849872263e+02,7.718399542916025666e+02,1.533051123412507155e-01,-2.122942114312422746e+00,5.234335611874016081e+00
1.697818300228100208e+00,4.799999999999999822e+00,5.967660122455434930e+02,7.718399542916025666e+02,1.282969716704683572e-01,-2.122942114312422746e+00,5.234064340176874275e+00
1.250209267630176535e-01,4.799999999999999822e+00,5.999814462536943438e+02,7.718399542916025666e+02,1.020836821127169558e-01,-2.122942114312422746e+00,5.233793221822221398e+00
0.000000000000000000e+00,4.734842070986633011e+00,6.034502547067979776e+02,7.720209339109894700e+02,1.868772386844890498e-01,-2.196263399471575450e+00,5.233522256818780249e+00
0.000000000000000000e+00,4.659817648974247994e+00,6.068975468541973441e+02,7.722294233907288117e+02,2.869098013676703030e-01,-2.280687308020638238e+00,5.233251445175266525e+00
0.000000000000000000e+00,4.584793226961901169e+00,6.102904989380693905e+02,7.724380255088777858e+02,3.869423640507997919e-01,-2.365111216569656172e+00,5.232980786900399472e+00
0.000000000000000000e+00,4.509043602310116583e+00,6.136590627251903243e+02,7.726487585277125163e+02,4.918096109966315077e-01,-2.450348482168329234e+00,5.232710282002881463e+00
0.000000000000000000e+00,4.456496255291418684e+00,6.160287685355071972e+02,7.727950108849864819e+02,4.347443829371283042e-01,-2.509549564798828403e+00,5.232439930491416646e+00
0.000000000000000000e+00,4.406479973949854134e+00,6.182692965102886546e+02,7.729342702266795868e+02,3.597199609247812013e-01,-2.565909892372784995e+00,5.232169732374705617e+00
0.000000000000000000e+00,4.356463692608262939e+00,6.204858115141259987e+02,7.730735797670909051e+02,2.846955389123952962e-01,-2.622270219946770897e+00,5.231899687661441867e+00
0.000000000000000000e+00,4.304023446064232594e+00,6.226351301827742191e+02,7.732196949300644064e+02,2.060351690963490578e-01,-2.681361967553855141e+00,5.231629796360310003e+00
0.000000000000000000e+00,4.299999999999999822e+00,6.274769311879813358e+02,7.732309075341536300e+02,3.960599153370130687e-01,-2.685895745997072481e+00,5.231360058480001740e+00
0.000000000000000000e+00,4.299999999999999822e+00,6.326630347256689220e+02,7.732309075341536300e+02,6.211331813741709507e-01,-2.685895745997072481e+00,5.231090474029186588e+00
0.000000000000000000e+00,4.299999999999999822e+00,6.378491382633566218e+02,7.732309075341536300e+02,8.462064474113285550e-01,-2.685895745997072481e+00,5.230821043016543825e+00
0.000000000000000000e+00,4.299999999999999822e+00,6.431007740545366005e+02,7.732309075341536300e+02,1.071922991365684474e+00,-2.685895745997072481e+00,5.230551765450742074e+00
0.000000000000000000e+00,4.234549006838157048e+00,6.463416059519737473e+02,7.734133572452955150e+02,1.274535981764913561e+00,-2.759750979932511061e+00,5.230282641340442851e+00
0.000000000000000000e+00,4.159524584825772031e+00,6.493248327302876532e+02,7.736225995718649528e+02,1.474601107131275901e+00,-2.844408919727169138e+00,5.230013670694307670e+00
0.000000000000000000e+00,4.084500162813425206e+00,6.522569712804287292e+02,7.738319551475761955e+02,1.674666232497534768e+00,-2.929066859521783250e+00,5.229744853520990056e+00
0.000000000000000000e+00,4.005821855370112594e+00,6.551615565140419903e+02,7.740516292073878049e+02,1.882309786905818960e+00,-3.017847862240897072e+00,5.229476189829138200e+00
0.000000000000000000e+00,4.000000000000000000e+00,6.572735362074662362e+02,7.740678884912535977e+02,1.921849560403782409e+00,-3.024417273483209101e+00,5.229207679627396743e+00
0.000000000000000000e+00,4.000000000000000000e+00,6.593048627824310870e+02,7.740678884912535977e+02,1.946857701074577784e+00,-3.024417273483209101e+00,5.228939322924404109e+00
0.000000000000000000e+00,4.000000000000000000e+00,6.613361893573950283e+02,7.740678884912535977e+02,1.971865841745360060e+00,-3.024417273483209101e+00,5.228671119728795169e+00
0.000000000000000000e+00,4.000000000000000000e+00,6.633652941407951857e+02,7.740678884912535977e+02,1.998094605933707468e+00,-3.024417273483209101e+00,5.228403070049199464e+00
0.000000000000000000e+00,4.043764246173901178e+00,6.654816980165981022e+02,7.739456761546254029e+02,2.000000000000000000e+00,-2.975019734873149080e+00,5.228135173894241206e+00
0.000000000000000000e+00,4.093780527515465728e+00,6.676131387207983607e+02,7.738060521579825490e+02,2.000000000000000000e+00,-2.918565405033122673e+00,5.227867431272541943e+00
0.000000000000000000e+00,4.143796808857056924e+00,6.697503750090880885e+02,7.736664785301051097e+02,2.000000000000000000e+00,-2.862111075193067400e+00,5.227599842192712565e+00
0.000000000000000000e+00,4.196259215496784378e+00,6.719401716083452811e+02,7.735201331718277515e+02,2.000000000000000000e+00,-2.802895757116641295e+00,5.227332406663364850e+00
0.000000000000000000e+00,4.200000000000000178e+00,6.728809800513164419e+02,7.735097000012654007e+02,2.000000000000000000e+00,-2.798673462365002251e+00,5.227065124693102582e+00
0.000000000000000000e+00,4.200000000000000178e+00,6.737049724370820059e+02,7.735097000012654007e+02,2.000000000000000000e+00,-2.798673462365002251e+00,5.226797996290525994e+00
0.000000000000000000e+00,4.200000000000000178e+00,6.745289648228474562e+02,7.735097000012654007e+02,2.000000000000000000e+00,-2.798673462365002251e+00,5.226531021464229987e+00
0.000000000000000000e+00,4.200000000000000178e+00,6.753933287936271199e+02,7.735097000012654007e+02,2.000000000000000000e+00,-2.798673462365002251e+00,5.226264200222805911e+00
0.000000000000000000e+00,4.221947248453274071e+00,6.750434297975684785e+02,7.734484955076768529e+02,2.000000000000000000e+00,-2.773921856753803539e+00,5.225997532574833571e+00
0.000000000000000000e+00,4.246955389124070557e+00,6.745721036877030201e+02,7.733787668808787430e+02,2.000000000000000000e+00,-2.745718246799201179e+00,5.225731018528899874e+00
0.000000000000000000e+00,4.271963529794865266e+00,6.740968137340556723e+02,7.733090508254235829e+02,2.000000000000000000e+00,-2.717514636844598819e+00,5.225464658093572190e+00
0.000000000000000000e+00,4.298198931717988280e+00,6.736344149955101557e+02,7.732359270591878158e+02,2.000000000000000000e+00,-2.687926949675752297e+00,5.225198451277425882e+00
0.000000000000000000e+00,4.299999999999999822e+00,6.710067073192027465e+02,7.732309075341536300e+02,2.000000000000000000e+00,-2.685895745997072481e+00,5.224932398089025654e+00
0.000000000000000000e+00,4.299999999999999822e+00,6.681024893380977119e+02,7.732309075341536300e+02,2.000000000000000000e+00,-2.685895745997072481e+00,5.224666498536931769e+00
0.000000000000000000e+00,4.299999999999999822e+00,6.651982713569941552e+02,7.732309075341536300e+02,2.000000000000000000e+00,-2.685895745997072481e+00,5.224400752629696498e+00
0.000000000000000000e+00,4.299999999999999822e+00,6.621802874804803878e+02,7.732309075341536300e+02,2.000000000000000000e+00,-2.685895745997072481e+00,5.224135160375873888e+00
0.000000000000000000e+00,4.277987626180388858e+00,6.616572488431240799e+02,7.732922591228349347e+02,2.044024747639221928e+00,-2.710720798509201668e+00,5.223869721784005549e+00
0.000000000000000000e+00,4.252979485509606583e+00,6.613279813081213661e+02,7.733619721505451707e+02,2.094041028980786923e+00,-2.738924408463789817e+00,5.223604436862635758e+00
0.000000000000000000e+00,4.227971344838810985e+00,6.609976054012389568e+02,7.734316977487792428e+02,2.144057310322377674e+00,-2.767128018418392177e+00,5.223339305620295470e+00
0.000000000000000000e+00,4.201732670413043991e+00,6.606678733761356170e+02,7.735048677932853707e+02,2.193253235827320236e+00,-2.796719396240987532e+00,5.223074328065520078e+00
0.000000000000000000e+00,4.200000000000000178e+00,6.602635966442854851e+02,7.735097000012654007e+02,2.288179746011065774e+00,-2.798673462365002251e+00,5.222809504206833431e+00
0.000000000000000000e+00,4.200000000000000178e+00,6.598516004514026463e+02,7.735097000012654007e+02,2.388212308694246389e+00,-2.798673462365002251e+00,5.222544834052753160e+00
0.000000000000000000e+00,4.200000000000000178e+00,6.594396042585199211e+02,7.735097000012654007e+02,2.488244871377427447e+00,-2.798673462365002251e+00,5.222280317611799560e+00
0.000000000000000000e+00,4.200000000000000178e+00,6.590073145458427462e+02,7.735097000012654007e+02,2.587729960611364621e+00,-2.798673462365002251e+00,5.222015954892480494e+00
0.000000000000000000e+00,4.222077499185934002e+00,6.590874482628241822e+02,7.734481323051725212e+02,2.710387495929673207e+00,-2.773774962951956802e+00,5.221751745903301156e+00
0.000000000000000000e+00,4.247085639856730488e+00,6.592081986100234872e+02,7.733784037438589394e+02,2.835428199283649420e+00,-2.745571352997354442e+00,5.221487690652765856e+00
0.000000000000000000e+00,4.272093780527525197e+00,6.593271129669466291e+02,7.733086877538703447e+02,2.960468902637626076e+00,-2.717367743042752082e+00,5.221223789149368244e+00
0.000000000000000000e+00,4.297101921198306584e+00,6.594499006600254916e+02,7.732389843318077283e+02,3.086194526153650308e+00,-2.689163747340300947e+00,5.220960041401598417e+00
0.000000000000000000e+00,4.322110061869103070e+00,6.593757214234984758e+02,7.731692934742725356e+02,3.188440247476411749e+00,-2.660974355311045869e+00,5.220696447417942920e+00
0.000000000000000000e+00,4.347118202539897780e+00,6.592806416524565520e+02,7.730996151778679177e+02,3.288472810159592363e+00,-2.632786390588119030e+00,5.220433007206882969e+00
0.000000000000000000e+00,4.372126343210680055e+00,6.591829730751992429e+02,7.730299494391982762e+02,3.388505372842721908e+00,-2.604598425865206845e+00,5.220169720776895339e+00
0.000000000000000000e+00,4.397134483881476541e+00,6.590776830366811510e+02,7.729602962548686946e+02,3.487989644919155641e+00,-2.576410076214869616e+00,5.219906588136450587e+00
6.642787365681336320e-01,4.422142624552271251e+00,6.600913331483531010e+02,7.728906556214864167e+02,3.610713122761355809e+00,-2.548236310576736496e+00,5.219643609294016606e+00
1.414522956691604660e+00,4.447150765223053526e+00,6.612453244470785876e+02,7.728210275356589136e+02,3.735753826115267628e+00,-2.520063947725691644e+00,5.219380784258052408e+00
2.164767176815463934e+00,4.472158905893848235e+00,6.624010948170534903e+02,7.727514119939955890e+02,3.860794529469244285e+00,-2.491891584874632581e+00,5.219118113037014339e+00
2.889677715407992675e+00,4.497167046564644721e+00,6.635538875930060385e+02,7.726818089931070972e+02,3.984411150133589263e+00,-2.463718837990769739e+00,5.218855595639353417e+00
6.548029957668235035e+00,4.522175187235426996e+00,6.649048040492139080e+02,7.726122185296044336e+02,4.177401497883412418e+00,-2.435560655337316582e+00,5.218593232073520660e+00
1.054933246499548360e+01,4.547183327906220818e+00,6.662773090989461480e+02,7.725426406001006399e+02,4.377466623249774536e+00,-2.407403851156677099e+00,5.218331022347950210e+00
1.455063497232273129e+01,4.572191468577016416e+00,6.676523403330265864e+02,7.724730752012100083e+02,4.577531748616136653e+00,-2.379247046976038948e+00,5.218068966471084202e+00
1.850490865274698393e+01,4.596788107012415914e+00,6.689940246493858922e+02,7.724046666772393337e+02,4.780888891865459733e+00,-2.351553045021371524e+00,5.217807064451352339e+00
2.477401497883463222e+01,4.644415499837189820e+00,6.731472671824320742e+02,7.722722392001312528e+02,4.888830999674379285e+00,-2.297970906416772152e+00,5.217545316297180769e+00
3.127613155324140948e+01,4.694431781178779239e+00,6.776307533875362878e+02,7.721332182906945718e+02,4.988863562357559900e+00,-2.241703802048347516e+00,5.217283722016991199e+00
3.777824812764819740e+01,4.744448062520370435e+00,6.821363681375987653e+02,7.719942474240634738e+02,5.088896125040741403e+00,-2.185436697679924212e+00,5.217022281619200896e+00
4.460134926398762900e+01,4.796933455876827068e+00,6.867545416393696769e+02,7.718484700907445131e+02,5.193866911753656446e+00,-2.126391902133522027e+00,5.216760995112221799e+00
4.477759687398236821e+01,4.799999999999999822e+00,6.888860109102886327e+02,7.718399542916025666e+02,5.200000000000000178e+00,-2.122942114312422746e+00,5.216499862504461404e+00
4.452751546727441223e+01,4.799999999999999822e+00,6.908192965666233931e+02,7.718399542916025666e+02,5.200000000000000178e+00,-2.122942114312422746e+00,5.216238883804320103e+00
4.427743406056659126e+01,4.799999999999999822e+00,6.927525822229572441e+02,7.718399542916025666e+02,5.200000000000000178e+00,-2.122942114312422746e+00,5.215978059020192958e+00
4.401500915467437380e+01,4.799999999999999822e+00,6.946583922035350724e+02,7.718399542916025666e+02,5.200000000000000178e+00,-2.122942114312422746e+00,5.215717388160477697e+00
4.400000000000000000e+01,4.844545750569862363e+00,6.980153674694561232e+02,7.717162749223151650e+02,5.266818625854794433e+00,-2.072884194028749683e+00,5.215456871233556058e+00
4.400000000000000000e+01,4.894562031911427802e+00,7.015304789676486052e+02,7.715774540871213958e+02,5.341843047867140370e+00,-2.016678809850630305e+00,5.215196508247811558e+00
4.400000000000000000e+01,4.944578313253018109e+00,7.050606082418826190e+02,7.714386831867517458e+02,5.416867469879526276e+00,-1.960473425672481618e+00,5.214936299211623272e+00
4.400000000000000000e+01,4.994101040412230574e+00,7.086567441489393104e+02,7.713013307756968970e+02,5.490041063707995050e+00,-1.904820852045838286e+00,5.214676244133360505e+00
4.913025073265993115e+01,5.066916313904260782e+00,7.107334404211975425e+02,7.710994648984589048e+02,5.700748941712778795e+00,-1.823099660961559287e+00,5.214416343021391675e+00
5.488212308694284758e+01,5.141940735916645799e+00,7.126871339115924684e+02,7.708915850313128431e+02,5.925822207749937398e+00,-1.738906567001835102e+00,5.214156595884079870e+00
6.063399544122577112e+01,5.216965157929030816e+00,7.146395455707513520e+02,7.706838172181729760e+02,6.150895473787096002e+00,-1.654713473042110916e+00,5.213897002729780183e+00
6.649759953229985854e+01,5.293839319396666632e+00,7.166309128044657655e+02,7.704710432533419180e+02,6.379139721747487890e+00,-1.568442892462641458e+00,5.213637563566847710e+00
6.923380006512550722e+01,5.322338000651255285e+00,7.175121004829508138e+02,7.703921934782950984e+02,6.511690003256275006e+00,-1.536490340766417662e+00,5.213378278403625998e+00
7.173461413220502436e+01,5.347346141322049107e+00,7.183109443799771725e+02,7.703230148070684891e+02,6.636730706610251218e+00,-1.508456469451553872e+00,5.213119147248463925e+00
7.423542819928455572e+01,5.372354281992844705e+00,7.191101441836077584e+02,7.702538485587582500e+02,6.761771409964227431e+00,-1.480422598136690304e+00,5.212860170109690827e+00
7.685945921416491444e+01,5.398594592141649606e+00,7.198868621609195770e+02,7.701812878404570029e+02,6.886812113318139694e+00,-1.451007477370325649e+00,5.212601346995644924e+00
6.872289156626339945e+01,5.377629436665576357e+00,7.226791349003930236e+02,7.702392603895461889e+02,7.011852816672115907e+00,-1.474509203406227265e+00,5.212342677914652000e+00
5.946987951806914197e+01,5.352621295994781647e+00,7.256686681446316243e+02,7.703084240178250184e+02,7.136893520026093007e+00,-1.502543074721091054e+00,5.212084162875034288e+00
5.021686746987966643e+01,5.327613155323999372e+00,7.286454193956082008e+02,7.703776000683143366e+02,7.261934223380004383e+00,-1.530576946035940411e+00,5.211825801885109577e+00
4.089269332189994088e+01,5.303015318651966403e+00,7.315609162468670092e+02,7.704456532584724755e+02,7.389612595297457176e+00,-1.558150371174326088e+00,5.211567594953192994e+00
3.395115597525029472e+01,5.255193747964817419e+00,7.371937805043568233e+02,7.705779924837310091e+02,7.444806252035182759e+00,-1.611799302816439239e+00,5.211309542087589008e+00
2.719895799413905380e+01,5.205177466623251092e+00,7.430356533952588052e+02,7.707164538768995499e+02,7.494822533376748197e+00,-1.667912743415851162e+00,5.211051643296602087e+00
2.044676001302432411e+01,5.155161185281662561e+00,7.488271299794622564e+02,7.708549650379126206e+02,7.544838814718338504e+00,-1.724026184015291507e+00,5.210793898588527817e+00
1.355480045873075312e+01,5.102686135523035738e+00,7.546825352243735097e+02,7.710003390379316670e+02,7.597313864476963552e+00,-1.782898125483175722e+00,5.210536307971661785e+00
1.053207424291784555e+01,5.122435688700747392e+00,7.573193174959882299e+02,7.709456194049550959e+02,7.487821556496266240e+00,-1.760734187418714125e+00,5.210278871454290694e+00
7.781178769130363548e+00,5.147443829371542101e+00,7.597359851444565493e+02,7.708763413108615623e+02,7.362780853142289139e+00,-1.732669836803488739e+00,5.210021589044696810e+00
5.030283295342879768e+00,5.172451970042336811e+00,7.621584940183665822e+02,7.708070756664737928e+02,7.237740149788312927e+00,-1.704605486188263574e+00,5.209764460751162396e+00
2.185902644613360923e+00,5.198687693844695090e+00,7.645817490605736566e+02,7.707344233805383737e+02,7.110068911152416682e+00,-1.675163531221439017e+00,5.209507486581952840e+00
1.550634972321697225e+00,5.200000000000000178e+00,7.672150348796941444e+02,7.707307896366119166e+02,7.055063497232169745e+00,-1.673690849963691107e+00,5.209250666545341524e+00
1.050472158905791265e+00,5.200000000000000178e+00,7.698654374117950283e+02,7.707307896366119166e+02,7.005047215890579437e+00,-1.673690849963691107e+00,5.208994000649591172e+00
5.503093454898853043e-01,5.200000000000000178e+00,7.725158399438957986e+02,7.707307896366119166e+02,6.955030934548988242e+00,-1.673690849963691107e+00,5.208737488902958290e+00
2.563641642865691073e-02,5.200000000000000178e+00,7.751434729939678618e+02,7.707307896366119166e+02,6.905831657062276641e+00,-1.673690849963691107e+00,5.208481131313697610e+00
0.000000000000000000e+00,5.222500814067083219e+00,7.788331757834725977e+02,7.706684915642712213e+02,6.809996743731667301e+00,-1.648453973428413155e+00,5.208224927890057643e+00
0.000000000000000000e+00,5.247508954737878817e+00,7.826233712058299261e+02,7.705992632650669520e+02,6.709964181048484910e+00,-1.620404883444197752e+00,5.207968878640278021e+00
0.000000000000000000e+00,5.272517095408661092e+00,7.864241024459591927e+02,7.705300474021493073e+02,6.609931618365354922e+00,-1.592355793459997004e+00,5.207712983572602816e+00
0.000000000000000000e+00,5.296913661490694203e+00,7.901703748871194648e+02,7.704625361613782388e+02,6.509200113295019463e+00,-1.564992086851044295e+00,5.207457242695259225e+00
0.000000000000000000e+00,5.367600130250754553e+00,7.977499772382249148e+02,7.702669963945655809e+02,6.432399869749244381e+00,-1.485792941292453540e+00,5.207201656016480662e+00
0.000000000000000000e+00,5.442624552263101378e+00,8.057262837178428754e+02,7.700595650733216644e+02,6.357375447736897556e+00,-1.401736816266501373e+00,5.206946223544487218e+00
0.000000000000000000e+00,5.517648974275488172e+00,8.137614609508455032e+02,7.698522454436575799e+02,6.282351025724512539e+00,-1.317680691240505464e+00,5.206690945287499872e+00
0.000000000000000000e+00,5.592150320430381072e+00,8.217717606708067706e+02,7.696464816204326098e+02,6.203665072709681816e+00,-1.234206822692302197e+00,5.206435821253730722e+00
0.000000000000000000e+00,5.690263757733627692e+00,8.339860937824022358e+02,7.693756719501053567e+02,6.245131878866813757e+00,-1.124476438011060786e+00,5.206180851451388314e+00
0.000000000000000000e+00,5.790296320416809195e+00,8.466732193966263367e+02,7.690997612224459772e+02,6.295148160208405841e+00,-1.012612725048092077e+00,5.205926035888676751e+00
0.000000000000000000e+00,5.890328883099991586e+00,8.594913545821605112e+02,7.688240483160642498e+02,6.345164441549996148e+00,-9.007490120851234794e-01,5.205671374573793919e+00
0.000000000000000000e+00,5.989387376767962401e+00,8.723667504961820214e+02,7.685512147072143989e+02,6.397615895429610511e+00,-7.899675977170973473e-01,5.205416867514934154e+00
0.000000000000000000e+00,6.135591012699452840e+00,8.887122135759019557e+02,7.681488848652986690e+02,6.264408987300547516e+00,-6.268829876038565230e-01,5.205162514720284683e+00
0.000000000000000000e+00,6.285639856724223762e+00,9.055572031130981259e+02,7.677364111655510897e+02,6.114360143275775705e+00,-4.595344854614325514e-01,5.204908316198032736e+00
0.000000000000000000e+00,6.435688700748994684e+00,9.226444868400002406e+02,7.673243802009247929e+02,5.964311299251004783e+00,-2.921859833190084688e-01,5.204654271956353107e+00
0.000000000000000000e+00,6.585737544773689223e+00,9.403042802286515780e+02,7.669127912589766538e+02,5.809057995230721971e+00,-1.248246233714670889e-01,5.204400382003421477e+00
0.000000000000000000e+00,6.735786388798461033e+00,9.486689734599417534e+02,7.665016436287917259e+02,5.777368935200256850e+00,4.203254211289213921e-02,5.204146646347405536e+00
0.000000000000000000e+00,6.885835232823233731e+00,9.564850165566570013e+02,7.660909366009788073e+02,5.752360794529461252e+00,2.088523079114356085e-01,5.203893064996470308e+00
0.000000000000000000e+00,7.035884076847927382e+00,9.643491796220836250e+02,7.656806694676664620e+02,5.727352653858678089e+00,3.756720737098926954e-01,5.203639637958776376e+00
0.000000000000000000e+00,7.185932920872699192e+00,9.725353380269905301e+02,7.652708415224984719e+02,5.701133642647007171e+00,5.425044527980779074e-01,5.203386365242475442e+00
0.000000000000000000e+00,7.335981764897471002e+00,9.741943521721383377e+02,7.648614520606300857e+02,6.198599804624061349e+00,7.088401805162505287e-01,5.203133246855715655e+00
0.000000000000000000e+00,7.486030608922165541e+00,9.754216768043272623e+02,7.644525003787249489e+02,6.748778899381274066e+00,8.751397534421793134e-01,5.202880282806641610e+00
0.000000000000000000e+00,7.636079452946938240e+00,9.765590901824347156e+02,7.640439857749485100e+02,7.298957994138769223e+00,1.041439326368194251e+00,5.202627473103393463e+00
0.000000000000000000e+00,7.788542442794883947e+00,9.776526520286640789e+02,7.636293461059563015e+02,7.849754661083590435e+00,1.210422767532940869e+00,5.202374817754103375e+00
0.000000000000000000e+00,7.868088570498200873e+00,9.771737418797698638e+02,7.634131894735013475e+02,8.376619993487413041e+00,1.298401050319642147e+00,5.202122316766904397e+00
0.000000000000000000e+00,7.943112992510587667e+00,9.765645251249630974e+02,7.632094326731760248e+02,8.901790947574111712e+00,1.381358385053983895e+00,5.201869970149917144e+00
0.000000000000000000e+00,8.018137414522973572e+00,9.759205784420943246e+02,7.630057846101797168e+02,9.426961901660813936e+00,1.464315719788326087e+00,5.201617777911260454e+00
0.000000000000000000e+00,8.096770770919233584e+00,9.752663976172597131e+02,7.627924573350279616e+02,9.961096983088108203e+00,1.551263589466981507e+00,5.201365740059049614e+00
0.000000000000000000e+00,8.077271247150765277e+00,9.707421810684190859e+02,7.628453469109442722e+02,1.022728752849235612e+01,1.529715093552340699e+00,5.201113856601395469e+00
0.000000000000000000e+00,8.052263106479969679e+00,9.658743391173323971e+02,7.629131889813985481e+02,1.047736893520030854e+01,1.502076802067252359e+00,5.200862127546399982e+00
0.000000000000000000e+00,8.027254965809174081e+00,9.610198739735950539e+02,7.629810431197140588e+02,1.072745034190826274e+01,1.474438510582164241e+00,5.200610552902164230e+00
0.000000000000000000e+00,8.002246825138390918e+00,9.559471112476588814e+02,7.630489093291113250e+02,1.098398565819141126e+01,1.447977048918662080e+00,5.200359132676781293e+00
0.000000000000000000e+00,7.977238684467596208e+00,9.559723329091594906e+02,7.631167876128110947e+02,1.106828394659721049e+01,1.018603881659014165e+00,5.200107866878339813e+00
0.000000000000000000e+00,7.952230543796800610e+00,9.562189435697364388e+02,7.631846779740366173e+02,1.114330836860959728e+01,5.508674795989737527e-01,5.199856755514924878e+00
0.000000000000000000e+00,7.927222403126019223e+00,9.564616399437368273e+02,7.632525804160108009e+02,1.121833279062194499e+01,8.313107753917557685e-02,5.199605798594618022e+00
0.000000000000000000e+00,7.901020377290119079e+00,9.567117235663599786e+02,7.633237375115909344e+02,1.129284554756357295e+01,-3.738105003174096996e-01,5.199354996125491013e+00
0.000000000000000000e+00,7.922793878215572683e+00,9.565042102210976509e+02,7.632646060660877083e+02,1.139117551286228824e+01,-1.650284475559641972e+00,5.199104348115613838e+00
0.000000000000000000e+00,7.947802018886354958e+00,9.562622058458164247e+02,7.631967014844781261e+02,1.149120807554541734e+01,-2.993478065069812732e+00,5.198853854573052935e+00
0.000000000000000000e+00,7.972810159557149667e+00,9.560162891508877010e+02,7.631288089841882538e+02,1.159124063822859796e+01,-4.336671654580678492e+00,5.198603515505865857e+00
0.000000000000000000e+00,7.997818300227944377e+00,9.557777111276268442e+02,7.630609285619947286e+02,1.169195256149440176e+01,-5.677911844287557130e+00,5.198353330922107496e+00
0.000000000000000000e+00,8.022826440898729317e+00,9.476828691380504779e+02,7.629930602146747560e+02,1.176847932269618191e+01,-7.100436201917245782e+00,5.198103300829828299e+00
0.000000000000000000e+00,8.047834581569524914e+00,9.388191366696795512e+02,7.629252039390064510e+02,1.184350374470856870e+01,-8.528402714204638357e+00,5.197853425237070724e+00
0.000000000000000000e+00,8.072842722240316959e+00,9.299222618906549087e+02,7.628573597317696340e+02,1.191852816672095550e+01,-9.956369226492027380e+00,5.197603704151877224e+00
0.000000000000000000e+00,8.099034430698266007e+00,9.211046334517927789e+02,7.627863176120930575e+02,1.199355258873334051e+01,-1.141132585195516924e+01,5.197354137582280487e+00
0.000000000000000000e+00,8.031422989254313194e+00,9.061474762143037651e+02,7.629697332584788683e+02,1.206857701074568645e+01,-1.206728480859101182e+01,5.197104725536312309e+00
0.000000000000000000e+00,7.956398567241926401e+00,8.908726426451378302e+02,7.631733620749786269e+02,1.214360143275807324e+01,-1.268018950346968410e+01,5.196855468021995605e+00
0.000000000000000000e+00,7.881374145229540495e+00,8.757268324113700828e+02,7.633770996133905555e+02,1.221862585477046004e+01,-1.329309419834835282e+01,5.196606365047350629e+00
0.000000000000000000e+00,7.807233180080687340e+00,8.608325452745983739e+02,7.635785448002001203e+02,1.229718410423677888e+01,-1.393486815178724925e+01,5.196357416620391412e+00
2.289156626506398118e-01,7.685542168674679431e+00,8.400722602056520145e+02,7.639094170156664632e+02,1.227710843373493610e+01,-1.143173355716283268e+01,5.196108622749129324e+00
4.789970693585928752e-01,7.560501465320703218e+00,8.191866388680535920e+02,7.642496955955691647e+02,1.225210029306414228e+01,-8.672025757356056630e+00,5.195859983441568630e+00
7.290784760664165143e-01,7.435460761966790955e+00,7.985877043687718242e+02,7.645902774604162460e+02,1.222709215239335734e+01,-5.912317957550708769e+00,5.195611498705710041e+00
9.686118636137901472e-01,7.306513384849637305e+00,7.779862021180251759e+02,7.649418189172176881e+02,1.220091200959361011e+01,-3.085302084882017848e+00,5.195363168549546273e+00
5.355584500164129125e+00,7.277075871051767564e+00,7.667363375163398587e+02,7.650221171724487021e+02,1.226877238684469695e+01,-2.124699290234933535e+00,5.195114992981069157e+00
1.010713122761277916e+01,7.252067730380986177e+00,7.560171182192281094e+02,7.650903469857214532e+02,1.234379680885704467e+01,-1.254224507480461215e+00,5.194866972008263417e+00
1.485867795506388767e+01,7.227059589710189691e+00,7.453319675750803981e+02,7.651585889704659849e+02,1.241882123086942968e+01,-3.837497247255386990e-01,5.194619105639107559e+00
1.948893182227115517e+01,7.200885705302496831e+00,7.341852325141521760e+02,7.652300250986479568e+02,1.249225600233150146e+01,5.247944661634976748e-01,5.194371393881578314e+00
3.492184956041035093e+01,7.222956691631400084e+00,7.340274607205911934e+02,7.651697860835603251e+02,1.268365353305120458e+01,5.836071128692865706e-01,5.194123836743646194e+00
5.117714099641889192e+01,7.247964832302182359e+00,7.342643724053892811e+02,7.651015421016227265e+02,1.288371865841746455e+01,6.113596047893448127e-01,5.193876434233273720e+00
6.743243243243584573e+01,7.272972972972978845e+00,7.344996955574720232e+02,7.650333102916912367e+02,1.308378378378382401e+01,6.391120967094172656e-01,5.193629186358424299e+00
8.382471601599357314e+01,7.297594725535325288e+00,7.347248669267999048e+02,7.649661445684507726e+02,1.328517366837915503e+01,6.681509576961331964e-01,5.193382093127048904e+00
9.534516444155015336e+01,7.345978508629111836e+00,7.365895679969606817e+02,7.648341927609884578e+02,1.343793552588733320e+01,-9.595587561036295066e-01,5.193135154547102061e+00
1.065988277434080373e+02,7.395994789970703032e+00,7.385921561724229605e+02,7.646978366451459124e+02,1.358798436991210679e+01,-2.731249667228634159e+00,5.192888370626526751e+00
1.178524910452659213e+02,7.446011071312293339e+00,7.405988023817141084e+02,7.645615291402995126e+02,1.373803321393688037e+01,-4.502940578353638479e+00,5.192641741373261510e+00
1.291366553712367988e+02,7.496027352653857889e+00,7.425989440859385695e+02,7.644252702204596517e+02,1.389499562342850325e+01,-6.283961857875432599e+00,5.192395266795247544e+00
1.392087267990896748e+02,7.546043633995448197e+00,7.451020996867159738e+02,7.642890598596542304e+02,1.371582546401820579e+01,-7.711730118210009088e+00,5.192148946900407402e+00
1.492119830674078003e+02,7.596059915337038504e+00,7.476433839526273459e+02,7.641528980319308175e+02,1.351576033865184456e+01,-9.119960105887187751e+00,5.191902781696670743e+00
1.592152393357207529e+02,7.646076196678603942e+00,7.501922967592946634e+02,7.640167847113548305e+02,1.331569521328558636e+01,-1.052819009356363900e+01,5.191656771191957453e+00
1.691816440473573095e+02,7.698382539042547990e+00,7.527322346869165131e+02,7.638744912477491198e+02,1.311257667322274933e+01,-1.200089773769161638e+01,5.191410915394182091e+00
1.808355584500194766e+02,7.700000000000000178e+00,7.560918644599013305e+02,7.638700918474308992e+02,1.300778248127643089e+01,-1.204643804902792859e+01,5.191165214311254772e+00
1.925893845652871903e+02,7.700000000000000178e+00,7.595011691940040919e+02,7.638700918474308992e+02,1.290774991859330001e+01,-1.204643804902792859e+01,5.190919667951082950e+00
2.043432106805609862e+02,7.700000000000000178e+00,7.629104739281084449e+02,7.638700918474308992e+02,1.280771735591012117e+01,-1.204643804902792859e+01,5.190674276321564307e+00
2.160032453981388585e+02,7.700000000000000178e+00,7.664182191306662162e+02,7.638700918474308992e+02,1.270495486488549020e+01,-1.204643804902792859e+01,5.190429039430595637e+00
2.324682513839206877e+02,7.769260827092182353e+00,7.672807716033538554e+02,7.636817591777640928e+02,1.267691305763593945e+01,-1.060364425303286495e+01,5.190183957286066629e+00
2.492237056333448777e+02,7.844285249104528290e+00,7.680239045625814924e+02,7.634778590075777629e+02,1.265190491696515629e+01,-9.040787221547198271e+00,5.189939029895863420e+00
2.659791598827777079e+02,7.919309671116914195e+00,7.687522056797567984e+02,7.632740676894919716e+02,1.262689677629436069e+01,-7.477930190060725124e+00,5.189694257267867705e+00
2.834914306024729740e+02,7.996028458361232438e+00,7.694593539650123830e+02,7.630657865453122213e+02,1.260286760220201430e+01,-5.911192460291052164e+00,5.189449639409952297e+00
2.833064148485835290e+02,8.023119505047217714e+00,7.704786838902904265e+02,7.629922649540469592e+02,1.227632692933897474e+01,-4.502793922361814083e+00,5.189205176329988234e+00
2.825561706284596539e+02,8.048127645718013312e+00,7.715180038452143663e+02,7.629244088198242935e+02,1.192621295994783992e+01,-3.102815407452602425e+00,5.188960868035842999e+00
2.818059264083357789e+02,8.073135786388805357e+00,7.725583661823663988e+02,7.628565647539952579e+02,1.157609899055670688e+01,-1.702836892543390546e+00,5.188716714535375196e+00
2.810876948525705075e+02,8.099265274624679378e+00,7.736464940926177860e+02,7.627856915243862659e+02,1.122875540926773930e+01,-2.400843185980192640e-01,5.188472715836439875e+00
2.529859980462349256e+02,8.076847932269615171e+00,7.729619664905020500e+02,7.628464951789341058e+02,1.073695864539231160e+01,-2.252304725264067942e-01,5.188228871946890308e+00
2.227261478345726005e+02,8.051839791598821350e+00,7.721896228762983583e+02,7.629143374536351985e+02,1.023679583197640675e+01,-2.536137977395088172e-01,5.187985182874570000e+00
1.924662976229259357e+02,8.026831650928038187e+00,7.714174120596413786e+02,7.629821917962520956e+02,9.736633018560757691e+00,-2.819971229525961576e-01,5.187741648627323343e+00
1.619711431867427791e+02,8.002194436720751369e+00,7.706109842366773819e+02,7.630490514972352685e+02,9.231749322882016884e+00,-3.091470004183876630e-01,5.187498269212979629e+00
1.402930641484802265e+02,7.953630739172894870e+00,7.731155764034789399e+02,7.631808765017667611e+02,8.898599804623815501e+00,-2.538004557427482322e+00,5.187255044639372592e+00
1.190361445783152448e+02,7.903614457831330320e+00,7.758134789329027399e+02,7.633166921165461645e+02,8.573493975903645037e+00,-4.938602660938755662e+00,5.187011974914327972e+00
9.777922500813923534e+01,7.853598176489739124e+00,7.784831393130654078e+02,7.634525560794041894e+02,8.248388147183304042e+00,-7.339200764451269343e+00,5.186769060045667068e+00
7.639006337579546368e+01,7.804317808024451963e+00,7.811056126762596250e+02,7.635864682675578479e+02,7.921410540060198180e+00,-9.845762226763090652e+00,5.186526300041202298e+00
6.014099641809860941e+01,7.707131227613116309e+00,7.846782776396587451e+02,7.638506964649172915e+02,7.667828069032792015e+00,-8.261826219256271031e+00,5.186283694908753183e+00
4.413578638879789651e+01,7.607098664929986320e+00,7.882171883192760333e+02,7.641228532261816326e+02,7.417746662324967488e+00,-6.484665083352862069e+00,5.186041244656114380e+00
2.813057635948889867e+01,7.507066102246805706e+00,7.916676237347196547e+02,7.643952039931677973e+02,7.167665255617015063e+00,-4.707503947448533843e+00,5.185798949291092974e+00
1.163030874513322210e+01,7.407033539563625091e+00,7.951755230310039906e+02,7.646677489733933726e+02,6.918578952866996978e+00,-2.852555897520538952e+00,5.185556808821484509e+00
8.442526864213609983e+00,7.307000976880495990e+00,7.930844852332243136e+02,7.649404883746722135e+02,6.621002930641484596e+00,-5.175156414205669186e+00,5.185314823255075645e+00
5.691631390426127091e+00,7.206968414197313599e+00,7.907315167053984624e+02,7.652134224051160345e+02,6.320905242591941864e+00,-7.724152980287783521e+00,5.185072992599659258e+00
2.940735916638643310e+00,7.106935851514132985e+00,7.883694648678099384e+02,7.654865512731319086e+02,6.020807554542397355e+00,-1.027314954636989697e+01,5.184831316863009576e+00
7.048917507924573611e-02,7.006903288831002996e+00,7.860485581265086239e+02,7.657598751874256777e+02,5.719526217556414771e+00,-1.292144775468326934e+01,5.184589796052907040e+00
0.000000000000000000e+00,6.906870726147822381e+00,7.794556141723368228e+02,7.660333943570012707e+02,5.467176815369555243e+00,-1.312569979506738527e+01,5.184348430177117883e+00
0.000000000000000000e+00,6.806838163464639990e+00,7.726545582557704392e+02,7.663071089911610443e+02,5.217095408661601930e+00,-1.326280806114742461e+01,5.184107219243411002e+00
0.000000000000000000e+00,6.706805600781510890e+00,7.659057485179240530e+02,7.665810192995064654e+02,4.967014001953778290e+00,-1.339991632722738935e+01,5.183866163259549076e+00
0.000000000000000000e+00,6.606158719329329188e+00,7.592479517844450356e+02,7.668568095130382289e+02,4.712325204478325702e+00,-1.353785138431693902e+01,5.183625262233284126e+00
0.000000000000000000e+00,6.530055356561361712e+00,7.506091907614350021e+02,7.670654778076507228e+02,4.606740475415148417e+00,-1.364268309913770949e+01,5.183384516172368173e+00
0.000000000000000000e+00,6.455030934549013999e+00,7.419344887854321087e+02,7.672712990116747278e+02,4.506707912732019317e+00,-1.374605754416767844e+01,5.183143925084549686e+00
0.000000000000000000e+00,6.380006512536628094e+00,7.333268064545720790e+02,7.674772306984127681e+02,4.406675350048838702e+00,-1.384943198919770069e+01,5.182903488977566475e+00
0.000000000000000000e+00,6.304982090524243077e+00,7.244565304273379525e+02,7.676832729568476452e+02,4.302383786036850566e+00,-1.394963624824607606e+01,5.182663207859155463e+00
0.000000000000000000e+00,6.229957668511856284e+00,7.238389381924690724e+02,7.678894258760578850e+02,4.299999999999999822e+00,-1.455322231207641082e+01,5.182423081737047355e+00
0.000000000000000000e+00,6.154933246499509458e+00,7.234130941741367451e+02,7.680956895452173967e+02,4.299999999999999822e+00,-1.518899260146404551e+01,5.182183110618969302e+00
0.000000000000000000e+00,6.079908824487123553e+00,7.229701342144333012e+02,7.683020640535962684e+02,4.299999999999999822e+00,-1.582476289085200527e+01,5.181943294512641351e+00
0.000000000000000000e+00,6.006321792476678745e+00,7.225224708236896731e+02,7.685045922423645379e+02,4.299999999999999822e+00,-1.648733071672963391e+01,5.181703633425780886e+00
0.000000000000000000e+00,5.812959947899708268e+00,7.205395676200802200e+02,7.690372776924145910e+02,4.183099967437317268e+00,-1.577183306376324090e+01,5.181464127366095518e+00
0.000000000000000000e+00,5.612894822533346151e+00,7.183722140828845113e+02,7.695892074586445233e+02,4.058059264083340167e+00,-1.499089963211498855e+01,5.181224776341295524e+00
0.000000000000000000e+00,5.412829697166984033e+00,7.161122496443408636e+02,7.701419300219462230e+02,3.933018560729364399e+00,-1.420996620046673797e+01,5.180985580359078746e+00
0.000000000000000000e+00,5.213255424445559782e+00,7.137556960408742270e+02,7.706940879566498097e+02,3.809181390302691206e+00,-1.341069876782741765e+01,5.180746539427143915e+00
0.000000000000000000e+00,4.989286877238656714e+00,7.115944820863367113e+02,7.713146808708061144e+02,3.612699446434362027e+00,-1.317472384525916951e+01,5.180507653553178216e+00
0.000000000000000000e+00,4.764213611201499887e+00,7.093207208071921741e+02,7.719393423881506351e+02,3.412634321067999466e+00,-1.295630449179173382e+01,5.180268922744872384e+00
0.000000000000000000e+00,4.539140345164458523e+00,7.069252372531718720e+02,7.725650165097882791e+02,3.212569195701740821e+00,-1.273788513832440827e+01,5.180030347009904723e+00
0.000000000000000000e+00,4.309424541827097777e+00,7.043055373842671543e+02,7.732046440792075828e+02,3.010599439648115272e+00,-1.252695633589382496e+01,5.179791926355951759e+00
0.000000000000000000e+00,4.229664604363380320e+00,7.067941979393478960e+02,7.734269763479127278e+02,2.882774340605634755e+00,-1.028288847390256144e+01,5.179553660790682912e+00
0.000000000000000000e+00,4.154640182350995303e+00,7.094585314214277787e+02,7.736362260446762775e+02,2.757733637251658543e+00,-7.911767299115912699e+00,5.179315550321769379e+00
0.000000000000000000e+00,4.079615760338647590e+00,7.120732615412349560e+02,7.738455889965661072e+02,2.632692933897746279e+00,-5.540646124330489641e+00,5.179077594956866371e+00
0.000000000000000000e+00,4.001531571503471163e+00,7.146247405405019890e+02,7.740636110911303831e+02,2.502552619172452086e+00,-3.077319802207976629e+00,5.178839794703635313e+00
0.000000000000000000e+00,4.046955389124082814e+00,7.179156062402349789e+02,7.739367663479329167e+02,2.546955389124082370e+00,-2.971417831016165412e+00,5.178602149569721647e+00
0.000000000000000000e+00,4.096971670465647364e+00,7.212535712779790629e+02,7.737971455657364004e+02,2.596971670465647364e+00,-2.914963501176138561e+00,5.178364659562775252e+00
0.000000000000000000e+00,4.146987951807238559e+00,7.246050765145773767e+02,7.736575751505661174e+02,2.646987951807238115e+00,-2.858509171336082844e+00,5.178127324690438016e+00
0.000000000000000000e+00,4.195996432305710400e+00,7.278882195608747452e+02,7.735208657610490945e+02,2.695660498691338169e+00,-2.803190472633273700e+00,5.177890144960343832e+00
0.000000000000000000e+00,4.341061543471179895e+00,7.410635521668123147e+02,7.731164892377718161e+02,2.935102572451966818e+00,-2.639807284151405309e+00,5.177653120380125706e+00
0.000000000000000000e+00,4.491110387495951706e+00,7.549688480943011655e+02,7.726986648192456641e+02,3.185183979159919687e+00,-2.470819438073755148e+00,5.177416250957408650e+00
0.000000000000000000e+00,4.641159231520723516e+00,7.690749466023175955e+02,7.722812917762865936e+02,3.435265385867872556e+00,-2.301831591996104986e+00,5.177179536699813234e+00
0.000000000000000000e+00,4.791208075545418055e+00,7.833596919655393549e+02,7.718643693778582247e+02,3.691982177102528073e+00,-2.132832673518367361e+00,5.176942977614958252e+00
0.000000000000000000e+00,4.941256919570188977e+00,7.991243402087820868e+02,7.714478968945013548e+02,3.747085639856730044e+00,-1.964378847835439590e+00,5.176706573710451842e+00
0.000000000000000000e+00,5.091305763594960787e+00,8.151751827174518894e+02,7.710318735983317993e+02,3.797101921198320351e+00,-1.795946498382702483e+00,5.176470324993901251e+00
0.000000000000000000e+00,5.241354607619655326e+00,8.314640694862629289e+02,7.706162987630330008e+02,3.847118202539885345e+00,-1.627514148930053306e+00,5.176234231472911063e+00
0.000000000000000000e+00,5.397298090437400830e+00,8.486485184248699625e+02,7.701848732700630080e+02,3.896741507961944517e+00,-1.452464968354567842e+00,5.175998293155070762e+00
0.000000000000000000e+00,5.400000000000000355e+00,8.481037209358653399e+02,7.701774018860202204e+02,3.970726147834599651e+00,-1.449432029456602322e+00,5.175762510047976939e+00
0.000000000000000000e+00,5.400000000000000355e+00,8.472079143476944409e+02,7.701774018860202204e+02,4.045750569846985556e+00,-1.449432029456602322e+00,5.175526882159215525e+00
0.000000000000000000e+00,5.400000000000000355e+00,8.463121077595238830e+02,7.701774018860202204e+02,4.120774991859333269e+00,-1.449432029456602322e+00,5.175291409496363570e+00
0.000000000000000000e+00,5.400000000000000355e+00,8.453815840535003190e+02,7.701774018860202204e+02,4.195072518207175527e+00,-1.449432029456602322e+00,5.175056092067003455e+00
0.000000000000000000e+00,5.447215890589403031e+00,8.470754263179816235e+02,7.700468743363256863e+02,4.318039726473507756e+00,-1.396546438388138967e+00,5.174820929878700682e+00
0.000000000000000000e+00,5.497232171930967581e+00,8.488872305676426322e+02,7.699086534007980163e+02,4.443080429827420019e+00,-1.340524184677035713e+00,5.174585922939025195e+00
0.000000000000000000e+00,5.547248453272557889e+00,8.507002010076488432e+02,7.697704820767912679e+02,4.568121133181396232e+00,-1.284501930965903815e+00,5.174351071255538059e+00
0.000000000000000000e+00,5.597264734614148196e+00,8.525836677659725638e+02,7.696323603376000619e+02,4.692727487463751679e+00,-1.228478523161827596e+00,5.174116374835793231e+00
0.000000000000000000e+00,5.647281015955713634e+00,8.519606381274049909e+02,7.694942881565374364e+02,4.841843047867140370e+00,-1.172514496704552212e+00,5.173881833687343779e+00
0.000000000000000000e+00,5.697297297297303942e+00,8.512541463382493703e+02,7.693562655069357561e+02,4.991891891891913069e+00,-1.116552617907413225e+00,5.173647447817735667e+00
0.000000000000000000e+00,5.747313578638895137e+00,8.505313311957316955e+02,7.692182923621471673e+02,5.141940735916684879e+00,-1.060590739110273795e+00,5.173413217234508643e+00
0.000000000000000000e+00,5.796702154626982129e+00,8.497639251712488431e+02,7.690820992968822338e+02,5.290328006946878325e+00,-1.005329677044201953e+00,5.173179141945202453e+00
2.367307066102512236e-01,5.894692282644100167e+00,8.526931453326942574e+02,7.688120262758868648e+02,5.560403777271276660e+00,-8.958628578986268520e-01,5.172945221957347961e+00
4.868121133182042870e-01,5.994724845327281670e+00,8.557974616512434523e+02,7.685365195929192623e+02,5.835493324650024682e+00,-7.841189062842068846e-01,5.172711457278467151e+00
7.368935200260279261e-01,6.094757408010410771e+00,8.588990318874224386e+02,7.682612102969308125e+02,6.110582872028630597e+00,-6.723749546698446489e-01,5.172477847916086446e+00
9.793890602906460963e-01,6.194789970693592274e+00,8.621125084395320073e+02,7.679860981758700973e+02,6.382952745808435857e+00,-5.606265945453646760e-01,5.172244393877716284e+00
3.370563334419340418e+00,6.294822533376773777e+00,8.598995016360989894e+02,7.677111830179898107e+02,6.850407033539674728e+00,-4.491122450844772795e-01,5.172011095170874206e+00
5.871377401498869553e+00,6.394855096059954391e+00,8.574390310349124320e+02,7.674364646118457358e+02,7.325561706284785757e+00,-3.376058603906437194e-01,5.171777951803063544e+00
8.372191468577106832e+00,6.494887658743084380e+00,8.548988295087618781e+02,7.671619427462956082e+02,7.800716379029650760e+00,-2.260994756968679187e-01,5.171544963781784965e+00
1.081619726560186656e+01,6.598569722411602001e+00,8.521807851532450968e+02,7.668776128984566185e+02,8.293206181455111903e+00,-1.105249890780609229e-01,5.171312131114538246e+00
2.120742429176552690e+01,6.552523607945276218e+00,8.530534483686902831e+02,7.670038601298371077e+02,8.228785411917915127e+00,-1.618245987719279244e-01,5.171079453808810733e+00
3.196092478020193894e+01,6.502507326603711668e+00,8.539955095998784600e+02,7.671410399506978592e+02,8.153760989905567413e+00,-2.175482571663340248e-01,5.170846931872089769e+00
4.271442526864392875e+01,6.452491045262121361e+00,8.549198874420258107e+02,7.672782688499805772e+02,8.078736567893180620e+00,-2.732719155607688521e-01,5.170614565311857369e+00
5.342773883394914236e+01,6.400680371073494079e+00,8.557994804044008106e+02,7.674204728320587492e+02,8.001020556610241030e+00,-3.309947256584421238e-01,5.170382354135589331e+00
6.659850211657402497e+01,6.542624552263102800e+00,8.656788583736483815e+02,7.670310064084777650e+02,8.071312276131552110e+00,-1.730204572360680981e-01,5.170150298350757900e+00
7.985281667209554257e+01,6.692673396287874610e+00,8.761053123144673691e+02,7.666197320504754771e+02,8.146336698143937127e+00,-6.025404278131672037e-03,5.169918397964829992e+00
9.310713122761706018e+01,6.842722240312645532e+00,8.866436790239494030e+02,7.662088984985159641e+02,8.221361120156323921e+00,1.609696486798047055e-01,5.169686652985263642e+00
1.068287054445095094e+02,6.992015408335111815e+00,8.973324682174669533e+02,7.658005706542165854e+02,8.294732500913795548e+00,3.271342203257405212e-01,5.169455063419518659e+00
9.866883751221014620e+01,7.190426571149481916e+00,9.061957105860885804e+02,7.652585747953236250e+02,8.609443178117910378e+00,5.471699934881416594e-01,5.169223629275043308e+00
8.991598827743177935e+01,7.390491696515844922e+00,9.150555905726197352e+02,7.647128369883558889e+02,8.934549006838247820e+00,7.690179376491982355e-01,5.168992350559285853e+00
8.116313904265795998e+01,7.590556821882103122e+00,9.239673074411093694e+02,7.641678770034742456e+02,9.259654835558418284e+00,9.908658818101403476e-01,5.168761227279688342e+00
7.232765967602121293e+01,7.792930344582922331e+00,9.330513083029113659e+02,7.636174191513439382e+02,9.583596515623018064e+00,1.215284105990947605e+00,5.168530259443684827e+00
6.723282318462926810e+01,7.895343536307413146e+00,9.371362582709650724e+02,7.633391558669821961e+02,9.981374145229656492e+00,1.328510962914839499e+00,5.168299447058709362e+00
6.223119505047021960e+01,7.995376098990595537e+00,9.411120140034308861e+02,7.630675569774067526e+02,1.038150439596238428e+01,1.439092486388781511e+00,5.168068790132186230e+00
5.722956691631374326e+01,8.095408661673724637e+00,9.450932388447010908e+02,7.627961512908639179e+02,1.078163464669490068e+01,1.549674009862666901e+00,5.167838288671535274e+00
5.205808389538581338e+01,8.195926524033387395e+00,9.490794724728294796e+02,7.625236233458621200e+02,1.118888262601603500e+01,1.664010872926954709e+00,5.167607942684178113e+00
6.274080104200984209e+01,8.271605340280064667e+00,9.530944911198558884e+02,7.623185683840766842e+02,1.131934223380010884e+01,9.046134090783396475e-01,5.167377752177520378e+00
7.399446434386190674e+01,8.346629762292412380e+00,9.571233796215758503e+02,7.621153954010444522e+02,1.144438293715402111e+01,1.076099919548782757e-01,5.167147717158970366e+00
8.524812764571979073e+01,8.421654184304799173e+00,9.611656222722455141e+02,7.619123306883966507e+02,1.156942364050799732e+01,-6.893934251689951553e-01,5.166917837635932820e+00
9.651921526822310682e+01,8.496321822608729590e+00,9.652645933568845749e+02,7.617103390532394087e+02,1.169862682046059810e+01,-1.512928267531341131e+00,5.166688113615799161e+00
1.067994138717026544e+02,8.595604037772709205e+00,9.673934974534892035e+02,7.614419256975849066e+02,1.158049495278411278e+01,-9.891444942534375340e-01,5.166458545105960809e+00
1.170527515467287429e+02,8.695636600455889820e+00,9.694572580459334858e+02,7.611716749742433876e+02,1.145545424943013657e+01,-4.319402442856231650e-01,5.166229132113807410e+00
1.273060892217548030e+02,8.795669163139072211e+00,9.714992830484501383e+02,7.609016160174396646e+02,1.133041354607616036e+01,1.252640056821911207e-01,5.165999874646718837e+00
1.378937034534948793e+02,8.897658466642022645e+00,9.735846866926287930e+02,7.606264717697046081e+02,1.120631358350100726e+01,7.006340787184612839e-01,5.165770772712071413e+00
1.329739498534674453e+02,8.923933572126344416e+00,9.735399534884493278e+02,7.605556195092192411e+02,1.100853142298923615e+01,-1.178780355081688325e-01,5.165541826317236129e+00
1.277222403126004338e+02,8.948941712797140013e+00,9.734681838613231548e+02,7.604881960662058873e+02,1.080846629762287492e+01,-9.791755754513832288e-01,5.165313035469578651e+00
1.224705307717361364e+02,8.973949853467923177e+00,9.733930764623763707e+02,7.604207845763429532e+02,1.060840117225661494e+01,-1.840473115394152703e+00,5.165084400176461088e+00
1.172858289982372213e+02,8.999755705655005045e+00,9.733170645735895050e+02,7.603512353273902136e+02,1.040904512379361968e+01,-2.688844015259994613e+00,5.164855920445238446e+00
1.052565939433382454e+02,9.000000000000000000e+00,9.686459780313321062e+02,7.603505769815734538e+02,1.016033865190486196e+01,-5.029997741576452519e+00,5.164627596283263955e+00
9.300260501464855167e+01,9.000000000000000000e+00,9.637778369504873126e+02,7.603505769815734538e+02,9.910257245196907760e+00,-7.422004373306559266e+00,5.164399427697882849e+00
8.074861608596519602e+01,9.000000000000000000e+00,9.589096958696451338e+02,7.603505769815734538e+02,9.660175838489085010e+00,-9.814011005035428781e+00,5.164171414696436813e+00
6.852676249181348567e+01,9.000000000000000000e+00,9.540744012638963341e+02,7.603505769815734538e+02,9.412322148525911203e+00,-1.228059533744489684e+01,5.163943557286263086e+00
5.408075545424440378e+01,8.904005210029271922e+00,9.466090167859794064e+02,7.606093561252592963e+02,8.968023445131722227e+00,-1.012140262342592401e+01,5.163715855474689143e+00
3.957603386519063093e+01,8.803972647346142821e+00,9.391206669955712414e+02,7.608792076275437921e+02,8.517876913057639499e+00,-7.848490091774770860e+00,5.163488309269044230e+00
2.507131227612935476e+01,8.703940084662960430e+00,9.316851198048658489e+02,7.611492506754021861e+02,8.067730380983324068e+00,-5.575577560122441767e+00,5.163260918676649602e+00
1.025491626791739463e+01,8.604922553613029379e+00,9.243872014739256429e+02,7.614167423474460747e+02,7.614843263499235348e+00,-3.233475214952802990e+00,5.163033683704821186e+00
7.596873982416259885e+00,8.407749918593301786e+00,9.083890256460996397e+02,7.619499564738628123e+02,7.311624877889951080e+00,-5.795796282933154409e+00,5.162806604360870466e+00
5.096059915336729418e+00,8.207684793226937003e+00,8.923737265392995823e+02,7.624917565447472043e+02,7.011527189840407459e+00,-8.482669154717758175e+00,5.162579680652101821e+00
2.595245848257198062e+00,8.007619667860575774e+00,8.766056064348758810e+02,7.630343276799139858e+02,6.711429501790864727e+00,-1.116954202650236105e+01,5.162352912585816078e+00
2.018906858456848141e-02,7.804854807490884561e+00,8.610624507844987647e+02,7.635850091766592413e+02,6.408987307027969038e+00,-1.393019566556794508e+01,5.162126300169314952e+00
0.000000000000000000e+00,7.727808531422982519e+00,8.469333422503646034e+02,7.637944642798300947e+02,6.231553239986959980e+00,-1.405865663714974190e+01,5.161899843409882394e+00
0.000000000000000000e+00,7.652784109410596614e+00,8.329507262012275532e+02,7.639985336176773671e+02,6.056496255291393460e+00,-1.416339593642685557e+01,5.161673542314810348e+00
0.000000000000000000e+00,7.577759687398210708e+00,8.190859473501068351e+02,7.642027120304813934e+02,5.881439270595826052e+00,-1.426813523570396569e+01,5.161447396891376549e+00
0.000000000000000000e+00,7.501650528265063400e+00,8.053739193994319976e+02,7.644099541353053837e+02,5.701320179336613947e+00,-1.437590327156799042e+01,5.161221407146857842e+00
0.000000000000000000e+00,7.475903614457825697e+00,7.890848934899466940e+02,7.644800873054476824e+02,5.844578313253043333e+00,-1.391316824376343320e+01,5.160995573088527522e+00
0.000000000000000000e+00,7.450895473787030099e+00,7.727865156292417623e+02,7.645482204649345022e+02,5.994627157277816032e+00,-1.343210455182445706e+01,5.160769894723647333e+00
0.000000000000000000e+00,7.425887333116248712e+00,7.565410831612632592e+02,7.646163657700377598e+02,6.144676001302509682e+00,-1.295104085988572962e+01,5.160544372059481688e+00
0.000000000000000000e+00,7.401230924248237919e+00,7.401107221041227149e+02,7.646835645189313482e+02,6.298945626960694710e+00,-1.246881691828734873e+01,5.160319005103287004e+00
0.000000000000000000e+00,7.327613155323972727e+00,7.349040931547369837e+02,7.648842732291295761e+02,6.299999999999999822e+00,-1.206222157498653580e+01,5.160093793862312594e+00
0.000000000000000000e+00,7.252588733311625901e+00,7.298798510718419266e+02,7.650889254071447567e+02,6.299999999999999822e+00,-1.165713712733343144e+01,5.159868738343806882e+00
0.000000000000000000e+00,7.177564311299240885e+00,7.248854882447781165e+02,7.652936871278045601e+02,6.299999999999999822e+00,-1.125205267968011569e+01,5.159643838555008521e+00
0.000000000000000000e+00,7.101514878209996162e+00,7.198479452128259481e+02,7.655013583064265958e+02,6.299999999999999822e+00,-1.085523319448362756e+01,5.159419094503153502e+00
0.000000000000000000e+00,7.075838489091501593e+00,7.183229478122556202e+02,7.655714992309751779e+02,6.420807554542488305e+00,-8.134591381858879089e+00,5.159194506195476038e+00
0.000000000000000000e+00,7.050830348420706883e+00,7.168451406334430658e+02,7.656398270789781009e+02,6.545848257896464517e+00,-5.341366010847401924e+00,5.158970073639197906e+00
0.000000000000000000e+00,7.025822207749912174e+00,7.153700367918628444e+02,7.657081671246962742e+02,6.670888961250441618e+00,-2.548140639835925647e+00,5.158745796841540887e+00
0.000000000000000000e+00,7.000814067079129899e+00,7.138586471389803592e+02,7.657765193713959206e+02,6.799243596776386234e+00,3.191131009164922538e-01,5.158521675809726759e+00
0.000000000000000000e+00,6.975805926408333413e+00,7.160502698381535538e+02,7.658448838223447410e+02,6.703223705633337026e+00,-1.017219496684228730e+00,5.158297710550960424e+00
0.000000000000000000e+00,6.950797785737538703e+00,7.183148881021005536e+02,7.659132604808122551e+02,6.603191142950155523e+00,-2.415981651826546006e+00,5.158073901072446787e+00
0.000000000000000000e+00,6.925789645066743994e+00,7.205694202472672032e+02,7.659816493500678689e+02,6.503158580266974020e+00,-3.814743806968863282e+00,5.157850247381393416e+00
0.000000000000000000e+00,6.900139706624049296e+00,7.228140837111881183e+02,7.660518060148422137e+02,6.400558826496196119e+00,-5.249403170400465335e+00,5.157626749484991002e+00
0.000000000000000000e+00,6.972679908824502171e+00,7.250373739720637332e+02,7.658534302369873785e+02,6.957212634321185085e+00,-4.720054134179634708e+00,5.157403407390433792e+00
0.000000000000000000e+00,7.047704330836888964e+00,7.272617752347730402e+02,7.656483689175632890e+02,7.532399869749477617e+00,-4.165563145504614262e+00,5.157180221104904483e+00
0.000000000000000000e+00,7.122728752849235789e+00,7.294875883197096300e+02,7.654434173812567224e+02,8.107587105177474385e+00,-3.611072156829880697e+00,5.156957190635586663e+00
0.000000000000000000e+00,7.198125397909992174e+00,7.317700405414190072e+02,7.652375595343919485e+02,8.684514407701806604e+00,-3.060232857259007844e+00,5.156734315989654149e+00
0.000000000000000000e+00,7.248518397916004830e+00,7.307556116394147239e+02,7.651000316303576483e+02,9.136665581244043821e+00,-2.113274754627785690e+00,5.156511597174278982e+00
0.000000000000000000e+00,7.298534679257570268e+00,7.296815001612833385e+02,7.649635807179638505e+02,9.586812113318126549e+00,-1.157964643421279360e+00,5.156289034196627874e+00
0.000000000000000000e+00,7.348550960599159687e+00,7.285904895016852834e+02,7.648271784672631384e+02,1.003695864539244198e+01,-2.026545322142801753e-01,5.156066627063861318e+00
0.000000000000000000e+00,7.399764252695512745e+00,7.274557560683043675e+02,7.646875621950679260e+02,1.049249172586318757e+01,7.755184637689398475e-01,5.155844375783132705e+00
0.000000000000000000e+00,7.375708238358842372e+00,7.314794878496156798e+02,7.647531366824506449e+02,1.064575056984694612e+01,7.530777320971900890e-01,5.155622280361598087e+00
0.000000000000000000e+00,7.350700097688046775e+00,7.356110331552615662e+02,7.648213185230445106e+02,1.079579941387171971e+01,7.253396505126022964e-01,5.155400340806396642e+00
0.000000000000000000e+00,7.325691957017251177e+00,7.397261189272552429e+02,7.648895125222759361e+02,1.094584825789648974e+01,6.976015689280145038e-01,5.155178557124674654e+00
0.000000000000000000e+00,7.300107620667405151e+00,7.438248859452477291e+02,7.649592903232854724e+02,1.109451423229142897e+01,6.692243929395437219e-01,5.154956929323566861e+00
0.000000000000000000e+00,7.324324324324325453e+00,7.479071477750534314e+02,7.648932422323172204e+02,1.144054054054056380e+01,6.960846425913667090e-01,5.154735457410200894e+00
0.000000000000000000e+00,7.349332464995121050e+00,7.520006428214427388e+02,7.648250475680669069e+02,1.179065450993170039e+01,7.238227241759545016e-01,5.154514141391707049e+00
0.000000000000000000e+00,7.374340605665917536e+00,7.561056719335382468e+02,7.647568650626313911e+02,1.214076847932283343e+01,7.515608057605424053e-01,5.154292981275204077e+00
0.000000000000000000e+00,7.399902186005872906e+00,7.603134956312115946e+02,7.646871862184596012e+02,1.249455262757251539e+01,7.799127416455118311e-01,5.154071977067806287e+00
0.000000000000000000e+00,7.351286225985010248e+00,7.593049852615240525e+02,7.648197203720238804e+02,1.262178443503747083e+01,7.259757267334013831e-01,5.153851128776627988e+00
0.000000000000000000e+00,7.301269944643421717e+00,7.582502897249408989e+02,7.649561199622888807e+02,1.274682513839144704e+01,6.704851532287410265e-01,5.153630436408770166e+00
0.000000000000000000e+00,7.251253663301856278e+00,7.571929183638836776e+02,7.650925682128233802e+02,1.287186584174535930e+01,6.149945797241094247e-01,5.153409899971335584e+00
0.000000000000000000e+00,7.200176913231121745e+00,7.561103939484229386e+02,7.652319597638172581e+02,1.299955771692219564e+01,5.583274689722671491e-01,5.153189519471422564e+00
0.000000000000000000e+00,7.200000000000000178e+00,7.570954353557123113e+02,7.652324426443764196e+02,1.278049495278403569e+01,5.581311925520253681e-01,5.152969294916118770e+00
0.000000000000000000e+00,7.200000000000000178e+00,7.581093131694738076e+02,7.652324426443764196e+02,1.255542168674699610e+01,5.581311925520253681e-01,5.152749226312510089e+00
0.000000000000000000e+00,7.200000000000000178e+00,7.591231909832357587e+02,7.652324426443764196e+02,1.233034842070983750e+01,5.581311925520253681e-01,5.152529313667677968e+00
0.000000000000000000e+00,7.200000000000000178e+00,7.601457694553756710e+02,7.652324426443764196e+02,1.210352161965766626e+01,5.581311925520253681e-01,5.152309556988697636e+00
0.000000000000000000e+00,7.126733962878546436e+00,7.605533569634790183e+02,7.654324790432477812e+02,1.200231195050472799e+01,4.767402461738873276e-01,5.152089956282641658e+00
0.000000000000000000e+00,7.051709540866160530e+00,7.609292584559220813e+02,7.656374247212157798e+02,1.190227938782154737e+01,3.933959170826550333e-01,5.151870511556571053e+00
0.000000000000000000e+00,6.976685118853774625e+00,7.612790346531867272e+02,7.658424801775938704e+02,1.180224682513836676e+01,3.100515879914227391e-01,5.151651222817550391e+00
0.000000000000000000e+00,6.900213305025422628e+00,7.616014682007927377e+02,7.660516047138492013e+02,1.170157097720367823e+01,2.250993571450272679e-01,5.151432090072636250e+00
2.445457505698626355e-01,6.900000000000000355e+00,7.620954445561002331e+02,7.660521881640812580e+02,1.165109084988602639e+01,2.248623974489873945e-01,5.151213113328872772e+00
4.946271572778156989e-01,6.900000000000000355e+00,7.625920923988663844e+02,7.660521881640812580e+02,1.160107456854443519e+01,2.248623974489873945e-01,5.150994292593311208e+00
7.447085639857686790e-01,6.900000000000000355e+00,7.630887402416325358e+02,7.660521881640812580e+02,1.155105828720284755e+01,2.248623974489873945e-01,5.150775627872992146e+00
9.907198120174317557e-01,6.900000000000000355e+00,7.635802200727491709e+02,7.660521881640812580e+02,1.150012622015914587e+01,2.248623974489873945e-01,5.150557119174947296e+00
5.162813415826272845e+00,6.924487137740155340e+00,7.653636550477746141e+02,7.659852116049540882e+02,1.159794855096061639e+01,2.520792728498414959e-01,5.150338766506211030e+00
9.414197329861474728e+00,6.949495278410950050e+00,7.671728295746112281e+02,7.659168220996303944e+02,1.169798111364379878e+01,2.798752307060319300e-01,5.150120569873806176e+00
1.366558124389447570e+01,6.974503419081732325e+00,7.689856878376822351e+02,7.658484448052648759e+02,1.179801367632692966e+01,3.076711885622080422e-01,5.149902529284752895e+00
1.787504891613509628e+01,6.999511559752527035e+00,7.707984323333049588e+02,7.657800797185886950e+02,1.189723823267590852e+01,3.354672721817542058e-01,5.149684644746068685e+00
3.320221426246014573e+01,7.024519700423323521e+00,7.731135948403355087e+02,7.657117268363316498e+02,1.216971670465655109e+01,3.632488600842276316e-01,5.149466916264760386e+00
4.870726147834520958e+01,7.049527841094105796e+00,7.754401372021246743e+02,7.656433861552263807e+02,1.244480625203515700e+01,3.910302900012303517e-01,5.149249343847838389e+00
6.421230869423830256e+01,7.074535981764899617e+00,7.777721072253571037e+02,7.655750576720064373e+02,1.271989579941390502e+01,4.188117199182473938e-01,5.149031927502299766e+00
7.978765769922166839e+01,7.099299704029181868e+00,7.801097657836274948e+02,7.655074090145697028e+02,1.299444762629832084e+01,4.463218150302283860e-01,5.148814667235141584e+00
8.859329208726735772e+01,7.198209052425911914e+00,7.824176527699366943e+02,7.652373311763609536e+02,1.334373168349069338e+01,5.560577119005322144e-01,5.148597563053351145e+00
9.734614132204571035e+01,7.298241615109093416e+00,7.847158814459230598e+02,7.649643800932748263e+02,1.369384565288182820e+01,6.670389368969688038e-01,5.148380614963914859e+00
1.060989905568240772e+02,7.398274177792274919e+00,7.870045014858533250e+02,7.646916236575908670e+02,1.404395962227296302e+01,7.780201618934053931e-01,5.148163822973814696e+00
1.149853298937877923e+02,7.498815274198067371e+00,7.892986614433385739e+02,7.644176765532946547e+02,1.439523437516136184e+01,8.895667486427329962e-01,5.147947187090024634e+00
1.105747313578636408e+02,7.549169651579292761e+00,7.901829693491356466e+02,7.642805483238232682e+02,1.462126343210681689e+01,9.453466005310521281e-01,5.147730707319515098e+00
1.060732660371204901e+02,7.599185932920883069e+00,7.910547083206027992e+02,7.641443895285559620e+02,1.484633669814397550e+01,1.000751061658913477e+00,5.147514383669250293e+00
1.015718007163773251e+02,7.649202214262474264e+00,7.919221055195110921e+02,7.640082792388159305e+02,1.507140996418113232e+01,1.056155522786775158e+00,5.147298216146193539e+00
9.700644144429399773e+01,7.699076509045500671e+00,7.927797491157865579e+02,7.638726036109395636e+02,1.529967792778530189e+01,1.111403186916842145e+00,5.147082204757296608e+00
9.921556496255333002e+01,7.773852165418444926e+00,7.949727942035779051e+02,7.636692777835962715e+02,1.527538261152718491e+01,1.194128676998585714e+00,5.146866349509510385e+00
1.014662976229248983e+02,7.848876587430829943e+00,7.971809101206041532e+02,7.634653842774366694e+02,1.525037447085639108e+01,1.277128548367580496e+00,5.146650650409778649e+00
1.037170302832953155e+02,7.923901009443177657e+00,7.993883502503632599e+02,7.632615996180422826e+02,1.522536633018560615e+01,1.360128419736532424e+00,5.146435107465045178e+00
1.059586782234584774e+02,7.999909609478140560e+00,8.016085540076080633e+02,7.630552526104398794e+02,1.520003013017395332e+01,1.444217091886487170e+00,5.146219720682242205e+00
1.101904916965171140e+02,8.000000000000000000e+00,8.024181155387356057e+02,7.630550072749455239e+02,1.524929990231196619e+01,1.444317091346476900e+00,5.146004490068301074e+00
1.144418756105501132e+02,8.000000000000000000e+00,8.032210738388945401e+02,7.630550072749455239e+02,1.529931618365353074e+01,1.444317091346476900e+00,5.145789415630144248e+00
1.186932595245853150e+02,8.000000000000000000e+00,8.040240321390534746e+02,7.630550072749455239e+02,1.534933246499512194e+01,1.444317091346476900e+00,5.145574497374695966e+00
1.229957583828217338e+02,8.000000000000000000e+00,8.048202168228413029e+02,7.630550072749455239e+02,1.539995009862143149e+01,1.444317091346476900e+00,5.145359735308866256e+00
1.121396939107791155e+02,8.024682513839138664e+00,8.093613915252220750e+02,7.629880235920309133e+02,1.532595245848258436e+01,1.471595509244513433e+00,5.145145129439569587e+00
1.011361120156291804e+02,8.049690654509934262e+00,8.139578993789214110e+02,7.629201682121771455e+02,1.525092803647019934e+01,1.499233800729601551e+00,5.144930679773707105e+00
9.013253012047925949e+01,8.074698795180728084e+00,8.185673978920782474e+02,7.628523249005157822e+02,1.517590361445781255e+01,1.526872092214689891e+00,5.144716386318181733e+00
7.907860967573981270e+01,8.099706935851523681e+00,8.231813707607370816e+02,7.627844936538276670e+02,1.510142482008083853e+01,1.554510460642837044e+00,5.144502249079885736e+00
7.455128622598481059e+01,8.124715076522305068e+00,8.296928127932261532e+02,7.627166744688945528e+02,1.472927385216540053e+01,1.582134737705913174e+00,5.144288268065709602e+00
7.004982090524164562e+01,8.149723217193100666e+00,8.362372976447475139e+02,7.626488673424995568e+02,1.435415174210347011e+01,1.609758926445513882e+00,5.144074443282538489e+00
6.554835558449849486e+01,8.174731357863896264e+00,8.428013055159694886e+02,7.625810722714267058e+02,1.397902963204154148e+01,1.637383115185114368e+00,5.143860774737253116e+00
6.105921152069925739e+01,8.199658008740092541e+00,8.494030550914837931e+02,7.625135101054697770e+02,1.360317411382851915e+01,1.664917381283629982e+00,5.143647262436727097e+00
5.308075545424802044e+01,8.249495278410948984e+00,8.531134547951297691e+02,7.623784651180573064e+02,1.335252360794524940e+01,1.719926211582485820e+00,5.143433906387831378e+00
4.507815043959352153e+01,8.299511559752541956e+00,8.568259415030676109e+02,7.622429831426619558e+02,1.310244220123729697e+01,1.775132432070988253e+00,5.143220706597428027e+00
3.707554542494316507e+01,8.349527841094106506e+00,8.605526151934682275e+02,7.621075493116076132e+02,1.285236079452947244e+01,1.830338652559462043e+00,5.143007663072378222e+00
2.906308258823782964e+01,8.399544122435697702e+00,8.643122584000600455e+02,7.619721635992360689e+02,1.260135521700425443e+01,1.885545114429670877e+00,5.142794775819536035e+00
2.305275154672563076e+01,8.449560403777285345e+00,8.653146020469853283e+02,7.618368259799076441e+02,1.250087919244542789e+01,1.940695645012338710e+00,5.142582044845751099e+00
1.705079778573786342e+01,8.499576685118849895e+00,8.663062610114984636e+02,7.617015364280003951e+02,1.240084662976229879e+01,1.995845906937697478e+00,5.142369470157868605e+00
1.104884402474698923e+01,8.549592966460442867e+00,8.672935279780128894e+02,7.615662949179111365e+02,1.230081406707911640e+01,2.050996168863084890e+00,5.142157051762730191e+00
5.017592695324980312e+00,8.599981892312777987e+00,8.682717238014530494e+02,7.614300943513775337e+02,1.220102993406976566e+01,2.106557325837473904e+00,5.141944789667166837e+00
3.759361771410072439e+00,8.575187235428201049e+00,8.726288322368785657e+02,7.614971078751044615e+02,1.200149788342561230e+01,2.079224513536267249e+00,5.141732683878008636e+00
2.508954737870307206e+00,8.550179094757407228e+00,8.769903705576169841e+02,7.615647103411567969e+02,1.180143275805924930e+01,2.051656358652751422e+00,5.141520734402081239e+00
1.258547704330541972e+00,8.525170954086611630e+00,8.813344038889614467e+02,7.616323248111920066e+02,1.160136763269288629e+01,2.024088203769235594e+00,5.141308941246201414e+00
3.149910582290194050e-04,8.500006299821164291e+00,8.856684766934758954e+02,7.617003745671805746e+02,1.140005039856931646e+01,1.996347513427145115e+00,5.141097304417187708e+00
0.000000000000000000e+00,8.549690654509934262e+00,8.881149933193934203e+02,7.615660308213274448e+02,1.152422663627483423e+01,2.051104093880012247e+00,5.140885823921845343e+00
0.000000000000000000e+00,8.599706935851525458e+00,8.905619474477859967e+02,7.614308374212275794e+02,1.164926733962881045e+01,2.106226488807969144e+00,5.140674499766983985e+00
0.000000000000000000e+00,8.649723217193113101e+00,8.930140718835313010e+02,7.612956920117439950e+02,1.177430804298278666e+01,2.161348883735926929e+00,5.140463331959396420e+00
0.000000000000000000e+00,8.699823639129386166e+00,8.954716495210658422e+02,7.611603673384965987e+02,1.189961919824826175e+01,2.216564102580622198e+00,5.140252320505881656e+00
0.000000000000000000e+00,8.724877889938133180e+00,8.978269333400323831e+02,7.610927121327860050e+02,1.194975577987626991e+01,2.244155297478227062e+00,5.140041465413226263e+00
0.000000000000000000e+00,8.749886030608928777e+00,9.001870264439825178e+02,7.610251934335893793e+02,1.199977206121786111e+01,2.271695659873156803e+00,5.139830766688215036e+00
0.000000000000000000e+00,8.774894171279711941e+00,9.025522205689360362e+02,7.609576867128814683e+02,1.204978834255942566e+01,2.299236022268072333e+00,5.139620224337628329e+00
0.000000000000000000e+00,8.799997723114946879e+00,9.049257373422171895e+02,7.608899344842545815e+02,1.209999544622989376e+01,2.326881456770510948e+00,5.139409838368240280e+00
0.000000000000000000e+00,8.800000000000000711e+00,9.060574998461909217e+02,7.608899283396025339e+02,1.200035818951478639e+01,2.326883964203602773e+00,5.139199608786817919e+00
0.000000000000000000e+00,8.800000000000000711e+00,9.071876202756817520e+02,7.608899283396025339e+02,1.190032562683165906e+01,2.326883964203602773e+00,5.138989535600127390e+00
0.000000000000000000e+00,8.800000000000000711e+00,9.083177407051734917e+02,7.608899283396025339e+02,1.180029306414847667e+01,2.326883964203602773e+00,5.138779618814926842e+00
0.000000000000000000e+00,8.800000000000000711e+00,9.094467468262016610e+02,7.608899283396025339e+02,1.170040297130673501e+01,2.326883964203602773e+00,5.138569858437968207e+00
0.000000000000000000e+00,8.800000000000000711e+00,9.119869533235799963e+02,7.608899283396025339e+02,1.135079778573757814e+01,2.326883964203602773e+00,5.138360254476006084e+00
0.000000000000000000e+00,8.800000000000000711e+00,9.145297242899358707e+02,7.608899283396025339e+02,1.100068381634644332e+01,2.326883964203602773e+00,5.138150806935779080e+00
0.000000000000000000e+00,8.800000000000000711e+00,9.170724952562919725e+02,7.608899283396025339e+02,1.065056984695531028e+01,2.326883964203602773e+00,5.137941515824029359e+00
0.000000000000000000e+00,8.800000000000000711e+00,9.196156739501593620e+02,7.608899283396025339e+02,1.030000355574253312e+01,2.326883964203602773e+00,5.137732381147489313e+00
0.000000000000000000e+00,8.750048844024746586e+00,9.215889475281039722e+02,7.610247538979746196e+02,1.037492673396288190e+01,2.271861099527832106e+00,5.137523402912885118e+00
0.000000000000000000e+00,8.700032562683155390e+00,9.235369402136497001e+02,7.611598031220344183e+02,1.044995115597526691e+01,2.216766497088461740e+00,5.137314581126945612e+00
0.000000000000000000e+00,8.650016281341564195e+00,9.254600985061848633e+02,7.612949002854812761e+02,1.052497557798765371e+01,2.161671894649091374e+00,5.137105915796386313e+00
0.000000000000000000e+00,8.599999999999999645e+00,9.273585504990119261e+02,7.614300454138451641e+02,1.059999999999999964e+01,2.106577292209748986e+00,5.136897406927922738e+00
