0,5.1,790.282976379999,692.884318983904,6.7,-6.18267985451428,9.59012300747807
0,5.05056265595413,790.423542456263,690.525114554532,6.72320513387335,-6.18267985451428,9.58985021669997
0,5.00220175794534,790.561055167118,688.218903502551,6.75054906861922,-6.18267985451428,9.58957742714785
0,4.95510133857072,790.694994181037,685.974846592783,6.78209831001329,-6.18267985451428,9.58930463892963
0,4.90929251373557,790.825272824871,683.794566793728,6.81736708516295,-6.18267985451428,9.58903185198468
0,4.8648409941815,790.95170621376,681.681382003041,6.85603413235282,-6.18267985451428,9.58875906629679
0,4.82192346890423,791.073795190858,679.644099634495,6.89800642202545,-6.18267985451428,9.58848628194466
0,4.78054467012454,791.191527610787,677.683016448776,6.94281500681056,-6.18267985451428,9.58821349885641
0,4.74077345120648,791.304709631649,675.801594683064,6.99016706886252,-6.18267985451428,9.58794071702198
0,4.70295930886824,791.412353340462,674.01721600151,7.04009367468692,-6.18267985451428,9.58766793663118
0,4.66680647837194,791.515296725937,672.315259510016,7.09182182480889,-6.18267985451428,9.58739515740492
0,4.63244322216907,791.613177681185,670.702122867804,7.1451916783494,-6.18267985451428,9.5871223793857
0,4.60056432805869,791.704027621233,669.201101426379,7.20318441738142,-6.18323076681895,9.58684960296692
0,4.57033868626927,791.790185932527,667.742849593184,7.27235595799053,-6.1858949333518,9.58657682763534
0,4.54167728617588,791.871901148722,666.317512816704,7.35440850127181,-6.19128676381666,9.58630405340377
0,4.51447488587671,791.949468901373,664.918453788885,7.45016298721133,-6.19993270508217,9.58603128029856
0,4.48898433670695,792.022173697555,663.571980839321,7.55844889928985,-6.21301556982696,9.58575850884602
0,4.46441952945886,792.092251305992,662.271330401914,7.67067901018019,-6.22899232916321,9.58548573855179
0,4.4406781513484,792.159995374896,661.033268850815,7.78286087888567,-6.24816400154655,9.58521296962003
0,4.41740825082473,792.226406817988,659.854309374031,7.89122516866111,-6.26982661118905,9.58494020182238
0,4.39444444481933,792.291961396774,658.768821788422,7.98813523138852,-6.29467326494818,9.58466743559937
0,4.37145350581911,792.357604200129,657.756425959374,8.07280483276681,-6.32155169507462,9.58439467047488
0,4.34823806940762,792.423899205347,656.833032070099,8.14021047740016,-6.35057507850396,9.58412190659262
0,4.32433980968547,792.492156669182,656.039372457557,8.17806976557844,-6.38211388993048,9.58384914434393
0,4.29985482227961,792.562097012107,655.326345145201,8.18908313615244,-6.41940971115875,9.58357638307399
0,4.27449026670908,792.634563365302,654.716768150793,8.13306169910788,-6.48512858197034,9.5833036232319
0,4.2485446901502,792.708703893459,654.171857154073,8.00374461709522,-6.58929911149511,9.5830308645763
0,4.22218046285427,792.784054765342,653.679623820793,7.80761566434562,-6.72930955385137,9.58275810710742
0,4.19555555572583,792.860167551899,653.240140260311,7.54758633711548,-6.90265118344134,9.58248535121052
0,4.16895979265202,792.936209296977,652.828857533067,7.25659136619261,-7.09109127588931,9.58221259656158
0,4.14258663350751,793.01162644986,652.435311578202,6.9500000017584,-7.28572689797836,9.58193984319145
0,4.11663405260836,793.08585225687,652.048108577491,6.64431010286232,-7.47706702862612,9.58166709110292
0,4.09130002426154,793.158319964358,651.655858061907,6.35601952886042,-7.65562064666047,9.58139434029878
0,4.06684464475288,793.228285746479,651.245451117769,6.10473223750172,-7.80994143291218,9.58112159086007
0,4.0433926557944,793.295391358209,650.806971184906,5.90391297651432,-7.93253290629141,9.58084884267387
0,4.02116920674741,793.358992649062,650.328434338899,5.77124907921348,-8.01313232477186,9.58057609578353
0,4.0002032555501,793.419006311526,649.794738000923,5.73131865260454,-8.04905251869474,9.58030335018921
0,3.98015798905904,793.476395197218,649.186943412464,5.81923875908933,-8.05304078702111,9.58003060588563
0,3.9605382384452,793.532574840221,648.495746193697,6.05606261741075,-8.04644529302626,9.57975786286406
0,3.94130008084328,793.587670159511,647.729817905354,6.4291167161946,-8.03551519165724,9.5794851212081
0,3.92252243933251,793.641453841081,646.912214978654,6.89872248185821,-8.02088204394254,9.57921238085732
0,3.90429776971288,793.693660249271,646.061662374998,7.43298265879327,-8.00295725423426,9.57893964181468
0,3.88672864362383,793.743994825277,645.197148957166,7.99964340788425,-7.9821266766593,9.57866690409927
0,3.86997078963674,793.792011025597,644.33906178009,8.56460542106647,-7.95864126584817,9.5783941678152
0,3.8540947178617,793.837505611166,643.509941700818,9.0889459583145,-7.93314348920175,9.57812143289096
0,3.83906626965418,793.880575242841,642.721557438281,9.55149191820053,-7.90622355307108,9.57784869915894
0,3.82493958124857,793.921064253118,641.986473222331,9.93071361368273,-7.87818659149807,9.57757596660645
0,3.81179247954884,793.958749157795,641.31798204063,10.2029165794164,-7.84920133455025,9.5773032352513
0,3.80056784991691,793.990928226557,640.784236014485,10.2203396192268,-7.81590652326809,9.57703050599998
0,3.78987222097987,794.021591263758,640.260999858149,10.1643002055498,-7.77674526048898,9.57675777734656
0,3.78066713123759,794.047982653519,639.767376844166,9.90126925608992,-7.72105438636001,9.57648505037784
0,3.77215777290578,794.072380368111,639.284533179741,9.54222737165719,-7.65645158533471,9.57621232454118
0,3.76435637519501,794.094749363731,638.812658338764,9.08548692118791,-7.58278020812439,9.57593959985648
0,3.75708214101157,794.115608906811,638.368828480084,8.55599790361276,-7.50386586593775,9.57566687684392
0,3.75000353203613,794.135908306877,637.93540583892,7.99951260720891,-7.42300591093671,9.57539415445187
0,3.74291559582609,794.156237868282,637.559798300486,7.44431446893708,-7.3466671063204,9.57512143441904
0,3.73566226197586,794.177042620076,637.202392445714,6.91194120499984,-7.27402376631319,9.57484871496766
0,3.72773514685035,794.199782630623,636.910239488306,6.47254975704394,-7.21575910922032,9.57457599752054
0,3.71958003106791,794.223177026914,636.631964397095,6.0646223997786,-7.16173708803824,9.57430328041559
0,3.70980717936422,794.25121449459,636.452157103999,5.87994259987741,-7.13781789465393,9.57403056573848
0,3.69988326336137,794.279685687612,636.276453736267,5.70997162336211,-7.11551993735755,9.57375785120092
0,3.68710741336871,794.316345155866,636.178228133348,5.81768765559746,-7.12382920049788,9.57348513929792
0,3.67433156337605,794.353004624119,636.080002530428,5.92540368783282,-7.1321384636382,9.57321242739492
0,3.65873513294276,794.397768031117,636.002663504003,6.20292523465177,-7.1538285000127,9.57293971820727
0,3.64307254040684,794.442721531479,635.925814412131,6.48442989420884,-7.17583240798581,9.57266700908332
0,3.62573061141559,794.492503811104,635.855831850778,6.83909316221339,-7.20355478360437,9.57239430245341
0,3.60821005174175,794.542799727013,635.786579680903,7.20153829675342,-7.23188543148163,9.5721215960888
0,3.58996963548702,794.595170816006,635.712998304753,7.55710634859798,-7.25967852983842,9.57184889202664
0,3.5715824398094,794.64796503471,635.638534199439,7.91127215691788,-7.28736202135062,9.57157618843395
0,3.55332153916767,794.700406424194,635.549373564612,8.18535006405915,-7.30878541468162,9.57130348705956
0,3.53510108956452,794.752734806002,635.455505778168,8.43377661635741,-7.32820376108998,9.57103078639566
0,3.51749815783898,794.803297196168,635.243224624457,8.59138249753247,-7.33361677907789,9.57075808719463
0,3.50055423362298,794.851974941701,634.904574176689,8.65206567174813,-7.32408348225025,9.57048538955474
0,3.48393698761934,794.89971622883,634.166166367625,8.7,-7.28813537813196,9.57021269255352
0,3.46854801754811,794.943936530243,631.924712664692,8.7,-7.15287035960612,9.56993999795365
0,3.45315904747689,794.988156831657,629.683258961758,8.7,-7.01760534108029,9.56966730335377
0,3.43823945406556,795.031039209928,625.720201045287,8.7,-6.78955645647577,9.56939461168415
0,3.42335172542649,795.073830760044,621.640267853864,8.7,-6.55520871422806,9.56912192021345
0,3.4079922764049,795.117988166334,616.942472413851,8.7,-6.3073389211229,9.56884923074458
0,3.39239280485959,795.162840552655,611.93029400097,8.7,-6.05258878768699,9.56857654229429
0,3.37606937535556,795.20978101805,606.867533232009,8.7,-5.81790774025025,9.56830385502496
0,3.35860934397267,795.259999732647,601.725359010561,8.7,-5.61473482195041,9.56803116960969
0,3.34077091941493,795.311308748562,596.664334501337,8.69942462496004,-5.42721818087851,9.56775848458202
0,3.32003325945991,795.370971615413,592.225076275948,8.69444074629628,-5.35965939355562,9.56748580252411
0,3.29929559950489,795.430634482263,587.785818050559,8.68945686763253,-5.29210060623274,9.5672131204662
0,3.27725990260208,795.494035661911,583.263559167106,8.64416968296396,-5.27248278335451,9.56694044014071
0,3.25424576173403,795.560254734844,578.678735428984,8.56850237190034,-5.28900225797628,9.5666677611211
0,3.22987166074454,795.630400020217,573.823061726249,8.45032663638059,-5.31762786619186,9.56639508364501
0,3.2044786404704,795.703486931236,568.764459828896,8.30030242769152,-5.3553237205029,9.56612240732536
0,3.17675863099832,795.783299421337,563.789711801321,8.13150571685671,-5.40369712110978,9.56584973256
0,3.14730573396155,795.868120388644,558.877408983341,7.94872929543479,-5.46002199274794,9.56557705895208
0,3.11455382117877,795.962480768553,554.405335257317,7.77103998159691,-5.52558825027861,9.56530438690923
0,3.07936005003274,796.063902010319,550.259109351581,7.59711603208438,-5.59799477689769,9.56503171602479
0,3.03989023908152,796.177690965202,546.910998095396,7.45226248773623,-5.6781989559425,9.56475904671623
0,2.99727459642083,796.300578699768,544.150050309793,7.32879569527527,-5.76413977528483,9.56448637856703
0.0204650595756543,2.94777047980345,796.443431597264,542.545544549977,7.25891944246201,-5.86180254978037,9.56421371192513
0.0558946110109918,2.89322936282604,796.600883451439,541.786654079827,7.2282297452192,-5.96803667007734,9.5639410463854
0.313822103624851,2.81303256957934,796.832965272111,542.957288300123,7.29814122430545,-6.13935813360718,9.56366838221587
1.03369074410048,2.68649080363442,797.19994366831,546.935328546583,7.51754153564203,-6.43569425869727,9.5633957196455
2.12897319245132,2.52627269290895,797.664973754869,552.888510161985,7.84203634586913,-6.82468184128868,9.56312305829498
3.6559604931548,2.33409556048858,798.223095427133,560.841703922221,8.2710812364769,-7.30301752251182,9.56285039862407
5.44339566565553,2.12898195769194,798.818944479105,569.748926625248,8.7479163415052,-7.81913463095357,9.56257774022607
7.45572439620319,1.91934646592196,799.428052018272,579.217847931053,9.24999999712391,-8.35098025721036,9.56230508319925
9.62685554005834,1.71463973994577,800.022922455029,588.765566100801,9.7503453440242,-8.8732932486628,9.56203242747297
11.9088380590178,1.52469681466404,800.574952944096,597.927716083181,10.2221973226765,-9.36017748004918,9.56175977311784
14.2422777502538,1.35963343740453,801.0547189085,606.212054412726,10.6373941920631,-9.78480786604668,9.56148712013676
16.5677804097095,1.22956535588684,801.432795770127,613.128399350964,10.9677742101439,-10.1203593203136,9.56121446853265
18.8229444240239,1.14590970582281,801.67597594665,618.132342788542,11.1818483900649,-10.3366430267711,9.56094181834086
20.9999528580909,1.10550056888486,801.793430583605,621.412037758874,11.2795106356395,-10.4368046505244,9.56066916930939
23.1427007329074,1.12445029845986,801.738195928001,622.973465158089,11.1731902637383,-10.3468612722785,9.56039652191406
25.3851159009613,1.17500841862097,801.590882144692,624.428506067233,10.9099676304695,-10.1214907723193,9.56012387575514
27.735757126086,1.25523561794406,801.357140047434,625.840270272925,10.4992430392894,-9.76895280099163,9.5598512309865
30.1807107024348,1.35915317351253,801.05440332943,627.204501462339,9.97637679057893,-9.31904912552046,9.55957858763941
32.7036718548686,1.48067796530128,800.700414678546,628.495822195872,9.37904875428332,-8.80332711895798,9.55930594576649
35.2819989279104,1.6123489822488,800.316926831585,629.695487928027,8.75050519464948,-8.25829277020086,9.55903330529271
37.8974784605885,1.7484831137984,799.920505778168,630.793735626485,8.12260116696597,-7.71095283546481,9.5587606661099
40.536858165643,1.88243008472207,799.530563753102,631.740525562362,7.54166407205327,-7.19957908458546,9.5584880285169
43.1795650606808,2.00920453383151,799.161617442939,632.549100023131,7.03047757756269,-6.74406032660853,9.55821539217627
45.8140612680951,2.12486849385771,798.825149457356,633.207390215328,6.61233053847491,-6.36400594220303,9.55794275707017
48.4287207336843,2.22541732230149,798.532839127855,633.691814856751,6.31179972801702,-6.07981572728746,9.55767012321434
50.987936237894,2.29735357121786,798.324084891372,633.784735196301,6.22441638622599,-5.96735606198687,9.55739749116704
53.4827757944516,2.35932626021681,798.14448606185,632.741594918552,6.24486335570658,-5.91672770814001,9.55712486049874
55.9317861891217,2.41857799465771,797.972891248614,630.629282345814,6.31918887126125,-5.88383930935344,9.55685223092281
58.3357478349803,2.47717366287056,797.803275817081,627.167181331074,6.43804770762815,-5.85374136426999,9.55657960276509
60.7195628897174,2.53414183043111,797.638434036806,622.718227060675,6.58934760493302,-5.82639140064874,9.55630697596801
63.112995021407,2.58755050223057,797.483952636075,617.495411282534,6.7658732073731,-5.8026054596895,9.55603435088248
65.528015022307,2.6381920279964,797.337504335388,612.035196892039,6.94998855396362,-5.78094714812541,9.55576172679516
68.0123075800952,2.68253417289677,797.209313295674,606.554536836195,7.13423623225421,-5.76321517232347,9.5554891045062
70.5766375437018,2.72094650494106,797.098286300515,601.438079219736,7.3059767690461,-5.74850346202269,9.55521648356083
73.239929810118,2.75263896475914,797.006697885511,596.948187246265,7.45650670764685,-5.73683798083447,9.55494386394351
76.0217725034271,2.77676253539339,796.936993438647,593.347478454885,7.57711114890364,-5.72828076163632,9.55467124565515
78.9624159240505,2.7916393044798,796.894016552603,591.002049072011,7.65577551916383,-5.72493214665851,9.55439862876241
82.086729970326,2.79662019697898,796.879640774609,590.091560983939,7.68678752134008,-5.72933489645405,9.55412601317828
85.9490161530889,2.77377591828176,796.945804134306,592.403746009321,7.61688049967922,-5.81786415537439,9.55385339937134
90.3078007415665,2.73206689860766,797.066595582766,596.699536605538,7.4859629954713,-5.97137987905022,9.55358078663785
95.2276333503788,2.66897560197288,797.249316351308,603.153771412251,7.28920176898686,-6.2021048860526,9.55330817506236
100.686986873013,2.5784512249741,797.511515481215,612.171017380942,7.01392027537849,-6.52490387280032,9.55303556555423
106.217693585703,2.47886343578892,797.799987194819,621.913361276473,6.7162283644013,-6.87398163304794,9.55276295707398
111.759845419539,2.37120036365957,798.111874132287,632.2426993718,6.40029140111547,-7.24445380060275,9.55249034967773
116.935790744035,2.25737623889158,798.441675976118,642.597039745701,6.08282054657596,-7.61672463081366,9.55221774431811
121.62754905355,2.14601038703071,798.76441415277,652.233403514436,5.78678400177187,-7.96386128519045,9.55194514017933
125.774941390483,2.03916102757959,799.074128284162,660.939483203225,5.51872370780811,-8.27819259073727,9.55167253716982
128.964962737183,1.94322238628962,799.352331668521,667.801100126451,5.30643094481519,-8.52713009790396,9.55139993573445
130.991792635648,1.86386436357222,799.58261025862,672.19021663714,5.16924998474818,-8.68799043882359,9.55112733575018
131.450460441456,1.8027336194364,799.76020092403,673.505578941496,5.15193876897579,-8.73931780966655,9.55085473722893
129.954871717973,1.75211640216754,799.907421116381,671.784209196559,5.31683287809443,-8.68273936539968,9.55058213995298
125.793073287013,1.70425303793458,800.046729943735,666.692246898269,5.75808379607574,-8.50680586830859,9.55030954404379
118.841380386403,1.65731714960903,800.183397930464,658.270276658616,6.49513075421268,-8.21293396100782,9.55003694982682
110.249316177009,1.61211972728596,800.315042610323,647.895157405005,7.40609659810026,-7.84971793104714,9.54976435703176
100.655844653164,1.56919647063232,800.440092702814,636.331927274183,8.42323574761638,-7.44416897848901,9.54949176553873
90.500000113436,1.52945853135754,800.555888904634,624.107635679016,9.49999998797305,-7.0148465892796,9.5492191754597
80.3544306448387,1.49369440942269,800.660125950135,611.90791007848,10.5756748231978,-6.58595856257641,9.54894658679759
70.8062141059691,1.4627621458643,800.75029599952,600.435292354659,11.588015853825,-6.1823226934844,9.54867399957318
62.3832908245927,1.43723640910231,800.824716688393,590.320580722894,12.4810486836576,-5.82625683080381,9.54840141373468
55.6708378855373,1.4180214649388,800.880745758263,582.26360364742,13.1927304410515,-5.54249841741161,9.54812882932032
51.2397231729291,1.40590336207951,800.916085109998,576.946721026775,13.6625353744364,-5.35517999718214,9.54785624633302
49.3797251162102,1.40374847521322,800.922385080918,575.125972768771,13.843605181221,-5.27369069554786,9.54758366477343
49.4734693078468,1.42079865915018,800.872755312327,577.701128380653,13.7369161272972,-5.26049921509571,9.54731108467202
50.3919168879895,1.46179076755832,800.753435338147,584.378782236801,13.4205619608036,-5.26049921509571,9.54703850586975
51.9197822245663,1.53279150654203,800.546819173135,595.499214067158,12.8942972337605,-5.26049921509571,9.54676592884896
53.7477448011768,1.62078982499922,800.290794431802,608.817456543474,12.2646656795947,-5.26049921509571,9.54649335305961
55.7971912927969,1.72331006720345,799.992586765168,623.766269606942,11.55874522137,-5.26049921509571,9.5462207784945
58.0013073577919,1.83904542543217,799.656031662974,639.866737302225,10.7995496878717,-5.26049921509571,9.5459482052747
60.196025631541,1.96674424414487,799.284887070868,655.946532893225,10.0435911713581,-5.26049921509571,9.54567563400971
62.2458583435636,2.09788448501606,798.903912240217,671.005047954682,9.33753768166143,-5.26049921509571,9.54540306400829
64.1036156121417,2.23010441625762,798.519976883299,684.694575167115,8.6976435113734,-5.26049921509571,9.54513049512642
65.5693592994965,2.36035936299658,798.142054447065,695.571436624082,8.19277624128455,-5.26049921509571,9.54485792786449
66.4283315493324,2.48232817454392,797.78860618301,702.066435999799,7.89690802189663,-5.26049921509571,9.54458536227332
66.8346384580244,2.6012501402855,797.444413566329,704.569697480928,7.75053534098873,-5.27007593367299,9.54431279782834
66.7582565293244,2.71860767364448,797.105252877337,702.428081959783,7.76012247339114,-5.29501064830507,9.54404023455173
66.0223996986325,2.85694013401089,796.706464316377,689.919071759069,7.93423166372858,-5.39948666986275,9.54376767344284
65.0158371923429,3.00274799569371,796.28644938411,673.312686620003,8.16475784738889,-5.53932144191558,9.54349511342899
63.7496912400609,3.15449948622852,795.849597708568,652.971284761409,8.44587891179004,-5.71249767558992,9.5432225545373
62.1180365553383,3.3090478150546,795.405047291875,628.262365938942,8.78554236119366,-5.92871950020487,9.5429499974967
60.2678001902377,3.45836262342275,794.975733591584,602.055161471747,9.14447728391505,-6.16584840454461,9.54267744189903
58.2722041525126,3.60100147395343,794.565733244872,575.370212767843,9.50894563791028,-6.41464350038193,9.54240488741635
56.12887011057,3.73116694436517,794.19170404297,549.123682582516,9.866075314282,-6.67131327194119,9.5421323343436
53.8678589476238,3.83830177504158,793.88394861351,525.361005600284,10.1875171360693,-6.9250872158695,9.54185978303087
51.5679012357322,3.91830428332391,793.65417835597,505.606442532443,10.4526867566832,-7.16424343631385,9.54158723324963
49.2710162013973,3.97292561977322,793.497323661865,490.031196582601,10.6595774497489,-7.38528448666066,9.54131468468627
46.9802065681603,3.99842843454676,793.424095899681,479.466600614654,10.7964921305489,-7.58361683620234,9.54104213741249
44.3305407282693,3.99256020832226,793.440907272726,473.542360949304,10.8632261100611,-7.77038926139387,9.54076959194147
41.1499377047488,3.97642968901481,793.487135446633,468.07343301086,10.9164434051236,-7.96888852230779,9.54049704780945
37.5486145396573,3.95293700360093,793.554462723961,462.854436308975,10.9611374599573,-8.17601508125114,9.54022450490972
33.5292931734385,3.92149538448731,793.644570711719,458.078245551787,10.9964976884841,-8.38731313578042,9.53995196385542
29.3725674590265,3.88680375936291,793.743992835012,453.642685740775,11.0279203783212,-8.59556418799736,9.53967942403143
25.1569855473141,3.850000000415,793.849468085786,449.573419358802,11.0566738841526,-8.79751627535359,9.53940688543934
21.0761189559728,3.81319507751993,793.954946672296,446.145603909408,11.0849379733886,-8.98034779318266,9.53913434876175
17.2415777228627,3.77864670694871,794.053958244864,443.199276959884,11.1153894673168,-9.14388306212958,9.5388618133735
13.7753123557644,3.74804309372658,794.141664606156,440.797941341362,11.1498905618802,-9.28252941955675,9.53858927935383
10.7938608848985,3.72307244287909,794.213227558838,438.979314596434,11.1903230525692,-9.39146208846721,9.53831674670514
8.48648657707042,3.7063482582681,794.261157104367,437.845184454968,11.2395820614213,-9.46192946316254,9.53804421556042
7.01028598370547,3.70020561347756,794.278761124878,437.454622410501,11.3005765255579,-9.48728374860628,9.53777168593971
6.03157384059583,3.70447585840847,794.266518555926,437.896993983517,11.392301888764,-9.47950358663318,9.53749915789487
5.10932500577712,3.71552571463096,794.234839535449,439.076965744819,11.5217837515059,-9.45837222979547,9.53722663129253
4.24111184717376,3.73195969356876,794.187724682114,440.924105726081,11.6824607885441,-9.42641951392985,9.53695410613411
3.43400619540313,3.75242115854262,794.129063360659,443.367646369079,11.8674227370365,-9.38581821093899,9.53668158242248
2.69808222827612,3.77560870190893,794.062586598761,446.355169617307,12.0701917447292,-9.338564544749,9.53640906021872
2.03457701610109,3.79999999958764,793.992658773179,449.775690959642,12.282705990462,-9.28727599618899,9.53613653940733
1.4501935272161,3.82440192659092,793.922700474206,453.56913384912,12.4989102886531,-9.23385051394864,9.5358640199994
0.951235852874814,3.84760512659058,793.85617882604,457.672230322582,12.7126445742661,-9.18022498764293,9.5355915019975
0.5467602396094,3.868264907844,793.796948948275,462.024161306061,12.9171534141833,-9.1284982598987,9.53531898544075
0.276219122579801,3.88354253738853,793.753149252655,466.592000032213,13.099109410178,-9.08255669521846,9.53504647077222
0.104526172655727,3.89357516848228,793.724386532176,471.220980375308,13.2576328003976,-9.04310089934103,9.53477395738233
0.00891117160440896,3.89909439352549,793.708562419303,476.082079172098,13.3976837297786,-9.00879285220385,9.53450144511833
0.00207072138975972,3.89743568792139,793.713311904815,481.956141992722,13.5144241967993,-8.98111727851444,9.53422893473669
0,3.89249567893815,793.72746199499,489.340736301985,13.6307204373117,-8.95351019044229,9.53395642581394
0,3.88508019460274,793.748705095871,497.767498421472,13.7459936752368,-8.92610084977606,9.53368391805231
0,3.87419886525503,793.779880866458,507.468517036354,13.8585292015071,-8.89924560035514,9.53341141203116
0,3.86057955757072,793.818906939601,517.748104440989,13.9655040996975,-8.87365837654187,9.53313890748132
0,3.84517878910204,793.863041442709,528.32765106223,14.06825373489,-8.8490445784717,9.53286640390601
0,3.82591656847422,793.918254111344,538.933815894614,14.1568940418329,-8.82775051553218,9.53259390258344
0,3.8048964825077,793.978513255775,549.158801381769,14.2359873146853,-8.808731083894,9.53232140237499
0,3.78222865723785,794.043502726431,559.026487492841,14.3061316521701,-8.79184378337719,9.53204890321086
0,3.75571040500419,794.119555717966,566.906457606096,14.3462012118235,-8.78217788687657,9.5317764067469
0,3.72896373717663,794.196265021311,574.668512138971,14.3844866710891,-8.77294037956569,9.53150391044313
0,3.68758335937624,794.315264543021,580.121604077276,14.3862118097617,-8.78176281103712,9.53123141636916
0,3.63218127998594,794.474814966106,584.773162598235,14.3691662651439,-8.80527646185145,9.53095892314677
0,3.50811494775885,794.832999121178,588.290881551823,14.2903537337039,-8.89571843414048,9.53068643182462
0,3.33384391192148,795.336433906406,591.210523672198,14.1653004440174,-9.03518879452303,9.5304139420578
0,3.12404403028989,795.942677242183,593.689435309105,14.0027414795061,-9.21006795680919,9.5301414538447
0,2.89543008061757,796.603377905002,595.919749664824,13.8160568640844,-9.40433296875065,9.52986896685841
0,2.65514463538869,797.297904813914,597.954564307957,13.6027217055994,-9.61236482170165,9.52959648174012
0,2.42014613609891,797.977194431915,599.996405521526,13.3783339870561,-9.81760561901574,9.52932399796649
0,2.1994659047722,798.615128852205,602.142535351068,13.1481693757443,-10.0116889191683,9.529051515546
0,2.0025441265364,799.184407907628,604.494574952751,12.9177041209501,-10.1858752170803,9.52877903449112
0,1.84222215957971,799.64789921461,607.187375040944,12.6933924169303,-10.3284245231018,9.5285065549131
0,1.75143377151546,799.910377831173,610.560950985445,12.4898510895718,-10.4095161302584,9.52823407728064
0,1.71344898322235,800.020146365052,614.672200533158,12.3005255964131,-10.4403241856695,9.52796160096563
0,1.72024795705291,800.000255970608,619.979164586507,12.1115778586739,-10.4197998158059,9.52768912610174
0,1.75652051804486,799.894888373888,626.629595189291,11.9112676634057,-10.3570576633054,9.52741665267565
0,1.81313240668231,799.730456826594,634.460846151808,11.6980705735399,-10.2613674951244,9.52714418068684
0,1.88697821792678,799.51600071329,643.131483516956,11.4780459158871,-10.1402308672494,9.52687171013795
0,1.9749663904513,799.260519412032,652.299139047642,11.2572812699649,-10.0011492692253,9.52659924103458
0,2.0771214048379,798.964007336888,661.472057265289,11.0482212163451,-9.85160783378206,9.52632677405474
0,2.18325362067851,798.656026744357,670.265240565519,10.8520472079211,-9.70492750784666,9.5260543081921
0,2.29249632449548,798.339103213522,678.561951676305,10.6709642896306,-9.5635123114541,9.52578184347529
0,2.40227921896749,798.020800846668,685.453388685391,10.5256500859118,-9.44302987594514,9.52550938075654
0,2.50769117987673,797.715362001918,690.794951877697,10.4155650402673,-9.34923080054979,9.52523691949066
0,2.60787097992503,797.425304996026,694.247198602544,10.3439433152488,-9.28379495960978,9.52496445955702
0,2.69827794924016,797.163960456384,694.13209691398,10.3399844796119,-9.26730274621916,9.52469200165302
0,2.78913002579936,796.901372305797,693.427284451582,10.3441458962243,-9.25301599452277,9.52441954393249
0,2.88665572438839,796.620070566102,684.649114706103,10.4584115350809,-9.26674152690642,9.52414708874296
0,2.98877360539365,796.325717040624,672.243232890272,10.6186795567584,-9.28599284290666,9.52387463482684
0,3.09393939318179,796.022753279466,656.629984905971,10.8195294319441,-9.31011883120638,9.52360218230129
0,3.19861996193414,795.721377159545,638.224372401556,11.0554801011278,-9.33846110963087,9.52332973180992
0,3.30095439502658,795.426839859531,619.075371389311,11.3006333721032,-9.36790880005995,9.5230572824429
0,3.39608078299152,795.15314815403,600.164403152763,11.5423785594486,-9.3969471131583,9.52278483481086
0,3.48509849351773,794.897086883194,582.002686676805,11.7743761701317,-9.42481455213843,9.52251238827692
0,3.56105846832763,794.678662249399,566.202368935499,11.9760187358577,-9.44903575803628,9.52223994357365
0,3.62157356270479,794.504697633893,554.072710024191,12.1308076610964,-9.46762892766499,9.5219675004415
0,3.67009626796834,794.365242863748,545.019831102101,12.2473414487014,-9.48125779592657,9.52169505846117
0,3.69236692681759,794.301297688462,543.367756354069,12.2746265584452,-9.48227424029435,9.5214226188023
0,3.7138838933202,794.239518600256,542.071529443492,12.3,-9.48199543912185,9.52115017935234
0,3.72539715268429,794.206489838226,545.498446621719,12.3,-9.4645249321886,9.52087774267543
0,3.73602181363453,794.17601130433,549.677042113033,12.3,-9.44238478902442,9.52060530689353
0,3.74502351302795,794.150190580033,555.228524373253,12.3,-9.41171588869718,9.52033287274632
0,3.75290891411588,794.127574033501,561.54722794755,12.3,-9.37426852559267,9.52006044021693
0,3.76015967840023,794.106779122927,568.302111421069,12.3,-9.33296747756462,9.51978800860731
0,3.76649808490094,794.08860412664,575.256394272114,12.3,-9.28392394363871,9.51951557951129
0,3.77274462271811,794.070693408853,582.051294381635,12.3,-9.23317663093022,9.51924315116828
0,3.77893720134125,794.05293946052,588.162137674124,12.3,-9.17838803296827,9.51897072491228
0,3.78533764757514,794.034589999342,593.693712309918,12.3,-9.1226144076843,9.51869829957062
0,3.79228258632777,794.014680039403,597.937469048774,12.3,-9.06544261847402,9.51842587598464
0,3.80005961982728,793.992384415767,600.66359874645,12.297972919435,-9.00741048086055,9.51815345397229
0,3.80914766807383,793.96633230218,602.364003840807,12.2487974244743,-8.93267502689171,9.51788103376468
0,3.81913549484596,793.937703689168,603.954390313109,12.1395307672834,-8.83682721670637,9.51760861497671
0,3.82976052464387,793.907250934232,605.467858800576,11.9787370186029,-8.72362192457918,9.51733619761838
0,3.84074074051387,793.87578202189,606.888532550217,11.7767480446457,-8.59759401037273,9.51706378174438
0,3.85175854506627,793.844206820073,608.202799893086,11.5462677413687,-8.4641200839419,9.5167913673574
0,3.86249634091601,793.813435196699,609.397041487458,11.3000000041897,-8.32857675497357,9.51651895446014
0,3.87249410314985,793.784785249277,610.436318616513,11.0525477621022,-8.19779344566497,9.51624654326582
0,3.88127144536247,793.759633232433,611.298381098927,10.8227192414907,-8.07979986886551,9.51597413380094
0,3.88872862482219,793.738264582936,612.002990484518,10.6205130044526,-7.97780074993294,9.51570172573521
0,3.89436742625212,793.72210678259,612.515511666587,10.4625476456329,-7.89939518330758,9.51542931925527
0,3.89801356888679,793.711659000976,612.837602441241,10.3580779259619,-7.84810976018681,9.51515691423674
0,3.89998842534849,793.706000243596,613.005348098995,10.300199620986,-7.81997822365511,9.51488451033882
0,3.89723799140138,793.713882797389,612.025497001823,10.3305850127215,-7.83672047700913,9.51461210842447
0,3.88957581293693,793.735842599101,609.360498498618,10.4135011297585,-7.88271885917829,9.51433970807337
0,3.87790456770232,793.769293335857,605.411310306293,10.5363588904057,-7.95148242292261,9.51406730921193
0,3.86284761805428,793.812449185452,600.479912690881,10.6897539752448,-8.03826302264646,9.51379491184682
0,3.84489483020793,793.863907160041,594.849011832901,10.8648777001236,-8.13879270699693,9.51352251608909
0,3.82480275912239,793.921499951677,588.895090887683,11.0499999989411,-8.24718911163877,9.51325012197043
0,3.80352046664356,793.982507576716,582.951247306501,11.2347514423151,-8.35771720661053,9.51297772920639
0,3.78148148152289,794.045689120053,577.350841007376,11.4087255281485,-8.46561203338694,9.51270533809006
0,3.75945664989869,794.1088357869,572.413668497361,11.5619507551285,-8.56562931680235,9.51243294850599
0,3.73808730398678,794.170110162225,568.436729819466,11.6851586582107,-8.65303801047719,9.51216056043067
0,3.71805554891432,794.227558264911,565.764515649059,11.7675927585405,-8.72246623283321,9.51188817390615
0,3.70026551812752,794.278589471316,564.809944704928,11.7921008357401,-8.76759068658662,9.5116157890891
0,3.68457651346055,794.323598670196,564.74781152537,11.7524383410648,-8.80051235904395,9.51134340573931
0,3.67046634112889,794.364077993859,564.909537354315,11.6512751760902,-8.83106651281717,9.51107102376386
0,3.65776548226775,794.400515449641,565.235832520997,11.4805313044524,-8.85993912125089,9.51079864374677
0,3.64545454552202,794.43583751708,565.664959516097,11.2765717732312,-8.88734911986228,9.51052626505284
0,3.63321654404311,794.470954943643,566.192325556142,11.0471451504944,-8.91311036833402,9.51025388768372
0,3.62044871728201,794.507600993407,566.83785850847,10.8000000027673,-8.93636998956677,9.5099815120334
0,3.60630581524266,794.548204524261,567.595960455901,10.5541748435289,-8.95651570848466,9.50970913819707
0,3.59045360653521,794.593724534215,568.436146204657,10.3240855562364,-8.97379734577509,9.50943676582701
0,3.57245941647999,794.64540409858,569.350950529607,10.1205952330817,-8.98798129669911,9.50916439490942
0,3.55187884584863,794.704520038377,570.333908462537,9.9545669662172,-8.9988066020504,9.50889202544661
0,3.52778656390267,794.773731654656,571.385341055189,9.84526106465571,-9.00548999203708,9.50861965763131
0,3.4982620448164,794.858595426614,572.526470125121,9.8037281069733,-9.00603805151923,9.50834729137865
0,3.4348511460597,795.041575872295,574.360567784113,9.83973460582959,-8.96586103435809,9.50807492668618
0,3.30797406696094,795.408422816899,577.544469542495,9.95022106172031,-8.84833168026834,9.507802563666
0,3.13367438314033,795.912671361867,581.76022022274,10.1156694779246,-8.67233684601561,9.5075302022169
0,2.92504476016632,796.516402636484,586.75052723718,10.3216531131205,-8.45322289759116,9.50725784232789
0,2.6957980508428,797.179895584711,592.236014857741,10.5527748700876,-8.20736841168662,9.50698548382515
0,2.45466852752297,797.877866951695,598.07052340691,10.8000257862027,-7.94435662227913,9.5067131270494
0,2.21748173715255,798.564480617007,603.944225214522,11.0458577899461,-7.68285419302997,9.50644077192515
0,1.99688708697809,799.203098213929,609.609205452806,11.2761768859993,-7.43785353321652,9.50616841835373
0,1.80492292417511,799.758854749379,614.837856315499,11.4777357344297,-7.22344642714984,9.50589606633504
0,1.65360883832018,800.196939663055,619.404447199543,11.6373127866686,-7.05369722372046,9.50562371587188
0,1.55602016992638,800.479485713818,623.065852053941,11.7405698345214,-6.9438581122971,9.50535136699258
0,1.5165231558984,800.593792052298,625.857468207344,11.779183068678,-6.89537268721093,9.5050790196141
0,1.53448856044503,800.541573493461,628.046578392499,11.7469505954029,-6.89929951709587,9.50480667374683
0,1.60029608130555,800.350571283123,630.104917207921,11.6467860256014,-6.93453199920445,9.50453432939206
0,1.70860969931588,800.036241043098,632.179725436464,11.4847790100443,-6.99151731136014,9.5042619867279
0,1.8516522155417,799.621212946563,634.218826644303,11.2765521426088,-7.06476026938395,9.50398964586337
0,2.01604391297072,799.144346388837,636.187108467145,11.044160617199,-7.1465030480672,9.50371730651775
0,2.19547527905506,798.623996630878,638.044771448951,10.8000000013973,-7.23238555667178,9.50344496875242
0,2.38226694540833,798.082451397752,639.783381791975,10.5556822991887,-7.31832331978431,9.5031726323046
0,2.57257968048215,797.530885947091,641.373647491121,10.319171951877,-7.40151487740461,9.50290029725262
0,2.75384017214363,797.005998093526,642.643073413752,10.1231099071354,-7.47047890827118,9.50262796448988
0,2.92138648513664,796.521196508838,643.679269196025,9.96651870860446,-7.52555922870322,9.50235563307729
0,3.07129175058808,796.087898084204,644.462310799306,9.85665598741995,-7.56420299631689,9.50208330300865
0,3.19986994166203,795.716823438176,644.969776893411,9.80096821765659,-7.58300698578472,9.50181097428923
0,3.30880214099634,795.403449570294,644.864596620974,9.85611797257044,-7.48709107633428,9.50153864789848
0,3.42033120938192,795.08288707786,644.406633617422,9.96649144774512,-7.29584087570031,9.50126632286877
0,3.53306157646275,794.759108648334,643.647878810137,10.1235061345126,-7.0239598610608,9.50099399917693
0,3.64561507780636,794.436043218415,642.632682898332,10.3197697003631,-6.68411689147154,9.50072167683485
0,3.75330059431259,794.127200128333,641.346933222137,10.5556345908316,-6.27570168485223,9.50044935671005
0,3.85445469679756,793.837207581012,639.989642189912,10.7999999972843,-5.85256728884811,9.500177038062
0,3.94836107941357,793.568082020252,638.617161969441,11.0439902790566,-5.43008244532095,9.49990472072341
0,4.03387747858619,793.323079104427,637.26877090456,11.2811803952853,-5.01937252518339,9.49963240468698
0,4.09849362042326,793.13803949563,636.142915911964,11.4766706040977,-4.68086867297549,9.49936009106321
0,4.14863418770179,792.994477537393,635.238479632902,11.6330503413661,-4.41008711417426,9.49908777876709
0,4.18313296288279,792.895717717706,634.60203072149,11.7439227335265,-4.21788431011261,9.4988154678019
0,4.19883976705655,792.850762904117,634.321167577369,11.7963236129703,-4.12640655812424,9.4985431583143
0,4.19406588974448,792.864418305517,635.211497828748,11.7851647243612,-4.12100305765983,9.49827085105715
0,4.18341906504097,792.894875847415,636.904893444051,11.7585476626024,-4.12100305765983,9.49799854509385
0,4.16778359526042,792.939604486158,639.391552690531,11.7194589881511,-4.12100305765983,9.49772624054038
0,4.14807900614023,792.995973719748,642.525064311394,11.6701975153506,-4.12100305765983,9.49745393739426
0,4.124469345304,793.063514254521,646.278765201836,11.61117336326,-4.12100305765983,9.4971816364706
0,4.10000000041182,793.133514101238,650.16851113291,11.5500000010296,-4.12100305765983,9.49690933702011
0,4.07564124476323,793.203197583534,654.040090483727,11.4891031119081,-4.12100305765983,9.49663703898583
0,4.0524301282307,793.269597996237,657.728699005884,11.4310753205768,-4.12100305765983,9.49636474242178
0,4.03227142634834,793.327266317476,660.931624020233,11.3806785658709,-4.12100305765983,9.49609244774255
0,4.0168340516962,793.371428262314,663.384118906576,11.3420851292405,-4.12100305765983,9.49582015474739
0,4.00627350742421,793.401644490117,665.159553276797,11.3140096600809,-4.12039951992716,9.4955478630217
0,4.00399609815373,793.408179780428,665.881179779994,11.3021574259291,-4.11817922506363,9.49527557299135
0,4.03209821899276,793.328025913439,665.648628609338,11.3,-4.09207350119873,9.49500328493672
0,4.08212353671036,793.18532928623,665.01001570846,11.3,-4.04698656806632,9.49473099812499
0,4.15862840521846,792.967100053528,664.03308997676,11.3,-3.97803408464181,9.49445871271601
0,4.26398626248565,792.666568011596,662.686202769361,11.3,-3.88307691330717,9.49418642959693
0,4.3783319094453,792.340398405852,661.22339217161,11.3,-3.7800192062566,9.4939141476703
0,4.49999449298023,791.993357325054,659.665945932573,11.3,-3.67036687382123,9.49364186690172
0,4.62168141623264,791.6462468155,658.105587775788,11.3,-3.56069260442943,9.49336958875258
0,4.73599609051723,791.320165558945,656.638788260617,11.3,-3.4576628125025,9.49309731177343
0,4.84126747934556,791.019880167212,655.287083959314,11.3,-3.36278357364084,9.4928250359963
0,4.91810223415363,790.800709937741,654.299408722123,11.3,-3.29353376953499,9.49255276250675
0,4.96791275221877,790.658626024,653.658925957921,11.3,-3.24864043152619,9.49228049047596
0,4.98649312860807,790.605835759276,653.269142428039,11.3087794663928,-3.24393018828044,9.49200821965802
0,4.93943405609003,790.741116945787,653.123797113913,11.352490484722,-3.34626788166592,9.4917359505152
0,4.7647612915246,791.242990616512,652.776166347228,11.5038735473453,-3.71123098797747,9.49146368346952
0,4.52723004173029,791.925470684556,652.309517392557,11.7097339638337,-4.20753127260786,9.49119141766709
0,4.22057211280972,792.806567063989,651.7195346285,11.9755041688982,-4.84826556562926,9.49091915359371
0,3.86889054989263,793.817026349651,651.063397506026,12.2802948567597,-5.58307271174646,9.49064689132623
0,3.50000000410892,794.8769308675,650.400597278992,12.5999999964389,-6.35383648715897,9.490374630641
0,3.1338227575581,795.929039473667,649.77856038699,12.9173536101163,-7.11893106669625,9.49010237160602
0,2.78436527612315,796.933108478966,649.223516383172,13.2202167606933,-7.84909119363773,9.48983011392663
0,2.46875205343849,797.839935407549,648.778919754597,13.4937482203533,-8.50853677137605,9.48955785778547
0,2.23540000642435,798.510407697247,648.569999482157,13.6959866610989,-8.99610498588462,9.48928560380153
0,2.08578270383466,798.940291457554,648.587707001617,13.82565499001,-9.30871694715369,9.48901335136279
0,2.03047982837539,799.099080937924,649.229717177669,13.869697280403,-9.43895989490988,9.48874110046818
0,2.06158667012838,799.009304916567,651.118490417938,13.828387365006,-9.42903874376554,9.48846885103166
0,2.1799441064208,798.668280705862,655.220701703523,13.6914681276711,-9.31639955143559,9.48819660332918
0,2.36120454778766,798.146047252733,661.248252071599,13.4831324040228,-9.14500824001724,9.48792435722604
0,2.59171625672777,797.481970433199,668.743814895796,13.2204175625845,-8.9288809219814,9.48765211272499
0,2.85782749433497,796.715416127324,677.249228992388,12.9203609733815,-8.6820337110343,9.48737986982884
0,3.14699454051285,795.882589614844,686.303880201239,12.6000000053875,-8.41848272001737,9.48710762885471
0,3.43914428785776,795.0413341434,695.268743281212,12.2828144445298,-8.15754403755626,9.4868353894492
0,3.72170194444184,794.227910571578,703.712312412786,11.9845153349145,-7.91214265033094,9.48656315161889
0,3.98204306791775,793.478722487726,711.199442100399,11.7208579806321,-7.69523995633193,9.48629091536636
0,4.20754321601453,792.830173479972,717.292969910912,11.5075976856598,-7.5197973534566,9.48601868069418
0.00856529306910014,4.38442199975458,792.321999761349,721.503425428378,11.3628777067879,-7.3999302150642,9.48574644764756
0.0832025171676726,4.48849418788039,792.023945658541,722.90880853595,11.3235721852444,-7.36053199451876,9.48547421659445
0.51706874043345,4.56268619061039,791.811984326893,722.875342838186,11.3585991475864,-7.34901320290589,9.48520198694898
1.51235804092124,4.6192819801818,791.650591453427,721.68434140666,11.4682457785917,-7.34901320290589,9.48492975894388
3.02636153235483,4.66940641618798,791.507685519083,719.795740978228,11.6306117152336,-7.34901320290589,9.48465753234803
5.12623298140997,4.71260879826855,791.384562354731,717.149387025951,11.8449080019585,-7.34901320290589,9.48438530759323
7.67496162342121,4.75096207128119,791.275307903777,713.958044686992,12.0900570074517,-7.34901320290589,9.48411308454147
10.5782347028327,4.78597195482975,791.175627781129,710.374431578159,12.3499999985065,-7.34901320290589,9.4838408631485
13.7886696937763,4.8188601104347,791.082045543168,706.511825524183,12.6075188333718,-7.34901320290589,9.48356864369175
17.1466078370923,4.85139331209819,790.989509159503,702.567386840233,12.8508141645981,-7.34901320290589,9.48329642559246
20.617563142567,4.88424749257361,790.89609293757,698.606811342001,13.0715482475603,-7.34901320290589,9.48302420891519
24.1380141658923,4.91967443483394,790.795395419835,694.83014621142,13.2345607166453,-7.34901320290589,9.48275199442737
27.6261771325086,4.95749465752464,790.687903612326,691.253209581838,13.3551393896944,-7.34901320290589,9.48247978113397
31.0386206410308,5.0006206300817,790.565339376332,688.088928444503,13.3912683767545,-7.34704282883719,9.48220756977056
34.9068385835987,5.05071205122794,790.423046269432,684.94054921491,13.3288875680052,-7.32204207299583,9.48193536001942
39.5703404232679,5.10766565064548,790.261360299463,681.511795059332,13.1689106768313,-7.2609494238412,9.48166315177812
45.0272518205821,5.17080334574374,790.082216977472,677.818035448681,12.9081911901015,-7.16004072507122,9.48139094547993
50.8645892949773,5.23647299448734,789.895945209169,674.035959208083,12.5900810907556,-7.03518997261487,9.48111874072433
56.8945711039227,5.30292350851424,789.707500901837,670.254167621291,12.2323946755606,-6.89260188883698,9.48084653745679
62.8888985651624,5.36770224490322,789.523837432867,666.609702551339,11.8500000042601,-6.73619497042933,9.48057433606751
68.607477670703,5.42872840162739,789.350838029684,663.20208850393,11.468990205501,-6.57567284969687,9.48030213626382
73.8764524649501,5.48439076718982,789.193062352457,660.112945508685,11.1060685797494,-6.4168922785885,9.48002993798109
78.2768803502019,5.53040212499666,789.06265805958,657.575456107396,10.7929977753697,-6.26943507767644,9.47975774163428
81.6773228221103,5.5657200165645,788.962568745857,655.635823399778,10.5460899113784,-6.13969591621107,9.47948554692682
84.0311006544705,5.59004120185564,788.893647767072,654.304483525239,10.3725429433738,-6.03069582016944,9.47921335365895
84.9222258409279,5.59402440712786,788.882497267269,653.796503233265,10.3138443380664,-5.95332394542726,9.47894116218382
84.9496319024997,5.52696625862452,789.074287579984,653.675025635796,10.4158466242508,-5.89927534000197,9.47866897251821
84.8458456841342,5.37647624199464,789.504653254969,653.501216432258,10.6545549264913,-5.85348969841428,9.47839678432008
84.6820509278834,5.13897384543095,790.183853653087,653.236392463414,11.0312828658681,-5.81464834451477,9.4781245979088
84.479809329974,4.84572352846229,791.022479851876,652.922026795973,11.4964385410598,-5.78026156830944,9.47785241300985
84.2474049526613,4.5087371813589,791.986180700475,652.581589926454,12.030968608879,-5.7493774811469,9.4775802298326
84.00000000418,4.15000000606098,793.012083747381,652.250557190477,12.599999990386,-5.72024912803352,9.47730804844127
83.7525859812865,3.79124967286548,794.038024422745,651.957837689123,13.169052243041,-5.69114531189425,9.47703586863542
83.5194901435479,3.45326070814445,795.004592519402,651.739970567186,13.7051726698398,-5.66041684759725,9.47676369058161
83.3151571128407,3.15697781361901,795.851891169137,651.628874717295,14.1751386404664,-5.62639785988092,9.47649151423312
83.1501219366765,2.91767680818087,796.536235161093,651.646091464358,14.5547195456441,-5.58787214814411,9.4762193394742
83.0475121859693,2.76889266965553,796.961722430199,651.851976416235,14.7907219722705,-5.54217778315621,9.47594716659021
83.0171140878532,2.7074689742505,797.13733824332,652.234556725883,14.8879712831564,-5.48794430255739,9.47567499522697
83.1712953461551,2.72333781961597,797.091470795368,652.795542544234,14.8605597400492,-5.41030739082683,9.47540282566195
83.538107466872,2.7723618628245,796.950183974637,653.458549230213,14.777271559564,-5.3070978434028,9.47513065756403
84.1738461760405,2.85452966874541,796.713433326183,654.229809737923,14.6363589901439,-5.17669754175984,9.47485849139431
84.9986631448329,2.95791136587975,796.415625887348,655.068960042343,14.4574983697002,-5.03190583958191,9.47458632671361
86.0226595580338,3.08136349966794,796.060107146556,655.970631994395,14.2414599102087,-4.87710473108273,9.47431416374677
87.2117445394924,3.21906931625734,795.663666241433,656.91468287445,13.9975331310196,-4.71939530570832,9.47404200235246
88.5845020601355,3.36863936409649,795.233287391181,657.889974657149,13.7274861556705,-4.5674859274815,9.4737698429626
90.0768386291649,3.52255287754942,794.790624383438,658.872083540103,13.4445876849189,-4.42700088933352,9.47349768509348
91.6846990360446,3.67713332624939,794.346335878396,659.846609556792,13.1536099960521,-4.30553709143132,9.47322552891877
93.3918845711505,3.82728322941347,793.915171645646,660.794471725147,12.8618344425624,-4.21174805124681,9.47295337452025
95.1690988681512,3.96928081837308,793.507853898424,661.703244758283,12.5756750896251,-4.14884733470021,9.47268122169495
97.0743162727376,4.10018125919294,793.132971087351,662.563413495106,12.2972811119858,-4.12699006057814,9.47240907055276
99.6759865800173,4.2313091913691,792.758245163845,663.432669821196,11.9950357725088,-4.16514954486567,9.47213692105449
103.722809884319,4.37944441413954,792.335749909974,664.389849556191,11.625063972414,-4.28487731277132,9.4718647734255
108.791619015844,4.5385161364875,791.882586521952,665.400089312421,11.2095350453759,-4.46321536019601,9.47159262744708
114.601908043446,4.70350549537082,791.412965406318,666.434653516976,10.7646009158848,-4.68691615624032,9.47132048313464
120.87358726462,4.86893531456574,790.942413489807,667.461478395641,10.3072318361851,-4.94340744068571,9.47104834061173
127.288691472364,5.03095897918786,790.481747498634,668.460841768448,9.85240470021713,-5.21507907794078,9.47077619946793
133.546020021629,5.18157399502252,790.053731471463,669.383130585389,9.42218913548956,-5.49138479462449,9.4705040603267
139.382093857541,5.31806641409822,789.66596871507,670.215215492964,9.02813929348979,-5.75706557831354,9.47023192273798
144.28362608003,5.42936942488343,789.349870011852,670.890544430781,8.70321620570392,-5.99053081891614,9.46995978716726
148.195108086691,5.51671593588028,789.101854400849,671.419049155029,8.44659042969111,-6.18602552541854,9.46968765310061
150.976152033472,5.57785811198331,788.928275715111,671.788014531623,8.26586825134149,-6.33654793731048,9.46941552048445
151.579574470808,5.59274743947462,788.886006185321,671.827584026395,8.22102844406655,-6.40258602075705,9.46914339023121
151.454378382284,5.59540848180132,788.878431814818,671.69657247031,8.21147879549669,-6.44867695506357,9.46887126090872
150.152030247736,5.58473899629722,788.908648250838,671.155485739202,8.23815250925695,-6.48066553718243,9.46859913360973
148.096518803083,5.56849223567711,788.954659766822,670.29161594549,8.27876941080724,-6.5103303424521,9.46832700800348
145.351861611905,5.54783290867728,789.013167858171,669.120931391201,8.3304177283068,-6.53732855188462,9.46805488421969
142.089395234977,5.52458045611159,789.079019791237,667.707715104549,8.38854885972101,-6.56175797790605,9.46778276209139
138.425417520482,5.50000000041754,789.148632685555,666.095085026327,8.44999999895615,-6.58366142951648,9.46751064151722
134.379684147519,5.47545676299598,789.218140176145,664.271193384588,8.51135809251004,-6.60214622142393,9.46723852293564
130.154060851372,5.45199029536941,789.284598208951,662.330071370356,8.57002426157647,-6.61819138223411,9.46696640571259
125.781865024503,5.43211847313713,789.340876053357,660.247996957443,8.61970381715718,-6.630122849974,9.46669429067287
121.413584501951,5.41588577197813,789.38684775235,658.107181478699,8.66028557005467,-6.63924198386737,9.46642217705443
117.12202510184,5.40474173782095,789.418408130307,655.923462583107,8.68814565544762,-6.64506114951391,9.4661500650543
112.997742485331,5.40020673848253,789.431251566989,653.712686572566,8.69969354055495,-6.64714486514163,9.46587795474806
108.73226121536,5.40738973042212,789.410916407936,650.739102076547,8.69396593732636,-6.63593007575097,9.46560584653178
104.087233607621,5.42391501093349,789.364132895116,646.789855669475,8.67978869273088,-6.6103325905411,9.46533373992023
99.1201777006927,5.44813921065054,789.295553535314,642.059257694531,8.65782985355073,-6.57280956068684,9.46506163491575
93.8969206993963,5.47836625333987,789.209979965885,636.756826805002,8.62864883681435,-6.52598819038416,9.46478953152258
88.4837486896992,5.51288892204337,789.112245363875,631.093358742418,8.59281471484489,-6.47251294069414,9.46451742974313
82.9410315475009,5.54999999978749,789.007182906374,625.323324904727,8.54956100042561,-6.41502827270172,9.46424532999416
77.3827918945567,5.58688219385785,788.902768424699,619.761278525132,8.50087326768685,-6.35789814310579,9.463973231955
71.8879575353672,5.62150262938552,788.804757042185,614.659170075617,8.44742855554312,-6.30427145363634,9.46370113562871
66.5354674019819,5.65182821177138,788.718904504229,610.269206046462,8.38990456220835,-6.25729744638311,9.46342904101817
61.4334289879448,5.67501275849194,788.653268429974,606.962312826301,8.3287079565916,-6.22138482805455,9.46315694829558
56.5809238996975,5.69125269031976,788.607292746939,604.66496464166,8.26528757511993,-6.19622934494574,9.46288485699085
52.0039747937647,5.69881258666088,788.585893333895,603.492208494763,8.19811385201126,-6.18700213719106,9.46261276714885
47.6093583540389,5.68004480741407,788.63908476907,603.763001452906,8.09306939774388,-6.26766166301353,9.46234067971999
43.1160581650273,5.63932663004274,788.754498439671,604.384774124629,7.94634348967016,-6.43799598018414,9.46206859387166
38.580385733512,5.57961525949141,788.923765236604,605.284322897037,7.76617050994789,-6.68209895366204,9.46179650959018
34.0402580479506,5.50320368284797,789.140394019149,606.40834880307,7.55858546042683,-6.98814808345532,9.46152442683833
29.6430517277553,5.40988640748158,789.405010399165,607.704563115593,7.33205674669124,-7.34405332765171,9.46125234629154
25.3656998588098,5.30988610771707,789.688615255356,609.045311450448,7.10182346530702,-7.7141442608352,9.46098026689861
21.4045111004839,5.20121352442662,789.996907337002,610.384181234041,6.8763771189889,-8.08864026012302,9.46070818971841
17.7860115204063,5.09152958856677,790.308167264321,611.609682421401,6.6697547864756,-8.43699036235263,9.46043611415829
14.3988867919891,4.98142645884019,790.620683282792,612.75516073421,6.47627049204205,-8.76671562357731,9.46016403966755
11.6831874360037,4.87759398909829,790.915610212788,613.569637214521,6.33308160655146,-9.01479568955542,9.45989196758534
9.5519355355477,4.78317162273283,791.184019042597,614.044167758861,6.24009628450682,-9.17724068440987,9.45961989723303
8.09958722804779,4.7017459887307,791.415788877728,613.849400146161,6.20891055469821,-9.23154993744603,9.45934782886979
6.89776236126351,4.62469347086873,791.635282429226,612.94474628577,6.2,-9.24565249169548,9.45907576161632
5.84344680165171,4.54792742987165,791.854175242848,610.206879022379,6.2,-9.24025199564747,9.45880369642002
4.85709196500921,4.47049943199917,792.075100575496,606.009913922912,6.2,-9.23091541133215,9.45853163317057
3.92723986794558,4.3933411208594,792.295348960802,601.010208597124,6.2,-9.21877245946966,9.45825957134851
3.07223989439617,4.31726317339404,792.512613567857,595.308615450209,6.2,-9.20332277118157,9.45798751124874
2.31139465229689,4.24355809580947,792.723198626253,589.230557966041,6.2,-9.18428991698783,9.45771545307895
1.6426634950978,4.1729532473338,792.925001176677,583.172669484749,6.2,-9.16219421584084,9.45744339661569
1.07286299338567,4.10628470232065,793.11562038565,577.438649840843,6.2,-9.13715383219913,9.45717134184376
0.620397191185603,4.04494850320299,793.291060044731,572.419007505524,6.2,-9.10899825365787,9.456899288923
0.286838687370898,3.98960265298755,793.449423855394,568.41482799955,6.2,-9.07801911280083,9.45662723774144
0.0905977107345847,3.94175875851568,793.586382079534,565.873406132005,6.2,-9.04411125964866,9.45635518843212
0.0138966166173542,3.90140098059079,793.701960561802,564.847463969076,6.19193822601099,-8.99378196752459,9.45608314083202
0,3.8678344764187,793.798116535427,564.904565884002,6.14021133710952,-8.86604489593887,9.45581109499191
0,3.83908955511213,793.880468638992,565.49603403744,6.03136187841998,-8.63858830625153,9.4555390507459
0,3.81439779426421,793.951214250595,566.4455295022,5.86392709709192,-8.30959076157826,9.45526700822267
0,3.79273403196103,794.013293854309,567.667362593125,5.65189591139789,-7.90403728373881,9.45499496742504
0,3.77306932741341,794.069658683902,569.075468881564,5.40932402030763,-7.44701779694244,9.4547229283478
0,3.75435769794388,794.123311787103,570.585327198737,5.15000000148549,-6.96361708384406,9.45445089125013
0,3.73534078238673,794.177859273131,572.088533286264,4.89165089420338,-6.48497152210755,9.45417885584138
0,3.71503434476202,794.23612458809,573.503220677867,4.64764745958745,-6.03501845705778,9.45390682215583
0,3.6923844591473,794.301131030346,574.741665576981,4.43231827173389,-5.63939946986622,9.45363479022436
0,3.66640342721504,794.375711357604,575.721107246896,4.25918689210973,-5.32222511629337,9.45336276002543
0,3.63605193128249,794.46284677406,576.354889960719,4.14241547320086,-5.10880864844319,9.45309073157246
0,3.59810485094137,794.571810226231,576.469617162489,4.10640993101004,-5.04977950529159,9.45281870522335
0,3.55033685465271,794.709058210571,576.273315844135,4.1,-5.0806197886586,9.45254668025794
0,3.48374023324251,794.900592734051,575.716711740787,4.1,-5.21175649174665,9.45227465743875
0,3.40582591435959,795.124781650397,574.954226288599,4.1,-5.39948248803225,9.45200263609938
0,3.31757043767683,795.378824115687,573.99704962738,4.1,-5.64053298168431,9.45173061631559
0,3.21890101318853,795.662970509874,572.827970998501,4.1,-5.93917829372871,9.45145859858818
0,3.11414752595064,795.964755098142,571.515043952137,4.1,-6.27638842538247,9.45118658268045
0,3.00630227673531,796.275548539305,570.11097922155,4.1,-6.63760778223564,9.45091456825224
0,2.89702387703997,796.590617363622,568.625253097906,4.1,-7.01957972032045,9.45064255572005
0,2.7896853376302,796.900275892291,567.10060341229,4.1,-7.40992017840206,9.45037054520642
0,2.68653372250241,797.198035203163,565.579842083386,4.1,-7.79685368025778,9.45009853634964
0,2.58960324062691,797.478048138945,564.090913303801,4.1,-8.17234261900102,9.44982652915203
0,2.50014283662796,797.736763633806,562.630244571972,4.1,-8.53509894825195,9.4495545237467
0,2.4121758779475,797.991489291064,561.039101979888,4.1,-8.92073197584272,9.44928252008624
0,2.31849292798976,798.263055164604,559.14825533827,4.1,-9.36867273258849,9.44901051817856
0,2.22015350790479,798.54833910373,557.003484192155,4.1,-9.86940056103247,9.44873851803095
0,2.12007791300324,798.838846007596,554.686028166787,4.1,-10.4048151750966,9.44846651986479
0,2.02114333102497,799.126155510451,552.31229268472,4.1,-10.9500544892364,9.44819452327743
0,1.92653847883648,799.400999993576,549.964505101596,4.1,-11.4865083739374,9.44792252861252
0,1.83914612745094,799.654966671278,547.741564425273,4.1,-11.9925850820311,9.44765053575969
0,1.76163926814907,799.880260336392,545.731107649297,4.1,-12.4490103226868,9.44737854468252
0,1.69678009094191,800.068828891974,544.021246051373,4.1,-12.8363160147828,9.44710655538307
0,1.64733271476179,800.212614686885,542.700033946562,4.1,-13.1350300312154,9.44683456786424
0,1.61708676370984,800.300577725544,541.88316115496,4.1,-13.3194401372521,9.44656258221692
0,1.60791012681037,800.327286133555,541.566206197861,4.1,-13.4019302953185,9.44629059826677
0,1.62307833923836,800.283243124378,541.705894462087,4.1,-13.4144941279689,9.4460186160198
0,1.66347314153538,800.165914178107,542.209709228585,4.1,-13.3965157359543,9.44574663547059
0,1.72619450643919,799.98373649102,542.992183694504,4.1,-13.3670578512221,9.44547465662862
0,1.80846260566712,799.744784228718,544.019003209064,4.1,-13.3248801232346,9.44520267981093
0,1.9020478635132,799.472960650804,545.187772225225,4.1,-13.2714088917897,9.44493070494473
0,1.9999999994404,799.188453233023,546.411788226089,4.1,-13.2083872977378,9.44465873186167
0,2.09742634801377,798.905472993807,547.629854048007,4.1,-13.1374418142272,9.44438676036404
0,2.19049983102836,798.635135894307,548.794091360502,4.1,-13.0589283678715,9.44411479047893
0,2.27398503691688,798.392648478128,549.838970460791,4.1,-12.9726430649678,9.44384282238051
0,2.33539480683194,798.214280391514,550.607982300065,4.1,-12.8774227053051,9.44357085661841
0,2.37551185851726,798.097758187318,551.110458327551,4.1,-12.7767695435407,9.44329889247785
0,2.38908179462579,798.058368832717,551.220769174924,4.09070604042325,-12.6501627137367,9.44302692994052
0,2.37038468181971,798.112766200153,550.77808958185,4.05796007302286,-12.4664168188082,9.44275496903463
0,2.30534531360255,798.301938156167,549.382818360116,3.96560832035248,-12.1456585675591,9.44248301016618
0,2.20248486526566,798.601137273954,547.202192604509,3.81947295097226,-11.7082086082186,9.44221105333836
0,2.07696477965772,798.966273102987,544.570848039751,3.64105356077066,-11.2059667299064,9.44193909809299
0,1.93393452267777,799.382377173848,541.61012234987,3.43762826307991,-10.6585868303543,9.44166714441685
0,1.77749157125434,799.837545350779,538.424105899457,3.214964619739,-10.0837041094551,9.44139519243971
0,1.61565586766867,800.308500906613,535.242613457397,2.98426604742826,-9.52302664958236,9.44112324292082
0,1.45895182779793,800.764614800723,532.268397207817,2.76054298675283,-9.00530662019047,9.440851295031
0,1.30975853626614,801.198958382542,529.541341492773,2.54720648900144,-8.53553705700349,9.44057934847693
0,1.17767008027984,801.58367028379,527.315551057585,2.3577177797816,-8.15865787522706,9.44030740381876
0,1.07684483722504,801.877610558659,525.937285592605,2.21203014432738,-7.93357415457613,9.44003546136215
0,1.00183488667139,802.096581216772,525.25615199343,2.10256884143629,-7.83463865867559,9.43976352040834
0,0.948633117346947,802.252233612884,525.328247638291,2.02365303181438,-7.89845121755117,9.43949158134629
0,0.898642238170531,802.398592690246,525.870246481239,1.94911717319627,-8.10321418864205,9.4392196443218
0,0.850130412898558,802.540662508563,526.691533054594,1.87662852233335,-8.38854872081424,9.43894770874294
0,0.804827986242817,802.673387083767,527.893833545825,1.80872855098186,-8.76844485722702,9.43867577548032
0,0.762167575823574,802.798399097492,529.294662111975,1.74468100277775,-9.18509403473015,9.43840384370431
0,0.723159977335641,802.91273570102,530.898144975499,1.68600655979911,-9.62690326778746,9.43813191372142
0,0.688401322309241,803.014641277746,532.658040166501,1.6336338115436,-10.0696349731802,9.43785998553449
0,0.658576617870592,803.102099800893,534.529131155169,1.58862466090346,-10.4882485642296,9.43758805917552
0,0.634242038393219,803.173472391263,536.462837530258,1.55184906935192,-10.8581506785675,9.43731613462693
0,0.616017901194792,803.226932393699,538.412305300564,1.52427257181321,-11.1545197468454,9.43704421189576
0,0.60451329795678,803.260686023748,540.330466758972,1.50684394571279,-11.3525912506019,9.43677229098493
0,0.600188106579933,803.273377646309,542.177144090011,1.50042526790531,-11.4319939887549,9.43650037186394
0,0.604115734841123,803.261861292644,544.078245691194,1.51234720452337,-11.4238353756592,9.43622845467465
0,0.614831424236113,803.230440836623,546.174854662508,1.54449427270834,-11.3975515854555,9.4359565392539
0,0.631488143156821,803.181600142852,548.44641489905,1.59446442947046,-11.3566954455044,9.43568462579012
0,0.651877258211664,803.121815347935,550.828088407316,1.65563177463499,-11.3066843633624,9.43541271396006
0,0.675298375110569,803.053140142231,553.299486525792,1.72589512533171,-11.2492362888414,9.43514080411116
0,0.699999999859082,802.980710241977,555.809186342791,1.79999999957724,-11.1886473431704,9.43486889625064
0,0.724510451394646,802.90884089824,558.313784501645,1.87353135418394,-11.1285273133513,9.43459699000274
0,0.74793367064972,802.840159528024,560.786894308871,1.94380101194916,-11.0710740821029,9.43432508536935
0,0.767948865137218,802.781471139909,563.160302916499,2.00384659541165,-11.0219801644459,9.43405318298062
0,0.785101691147425,802.731175765024,565.449733554843,2.05530507344227,-10.9799071569487,9.43378128189199
0,0.79540120755651,802.700975607999,567.537704508687,2.08620362266953,-10.9546441693314,9.43350938311773
0,0.799165233101947,802.689938763355,569.435898733012,2.0964522406861,-10.9448990407295,9.43323748605662
0,0.795381103493789,802.701034556966,571.135634489319,2.07459606921584,-10.9490208356672,9.43296559079658
0,0.784267377109901,802.73362213376,572.664550282536,2.01347057410446,-10.9626317463983,9.43269369749907
0,0.768615880121514,802.779515324077,574.090998615445,1.92738734066833,-10.9818000362192,9.43242180566446
0,0.747686801401079,802.840883395998,575.402477253743,1.81227740770594,-11.0074317471601,9.43214991614991
0,0.724734330373174,802.908184442146,576.672889579362,1.68603881705245,-11.0355414939209,9.43187802796552
0,0.699999227606857,802.980712506368,577.913434559884,1.54999575183771,-11.0658344185483,9.43160614187308
0,0.675387209061003,803.052879664055,579.170829132223,1.41462964983552,-11.0959766027059,9.43133425778841
0,0.652379996118319,803.120341223994,580.480599493551,1.28808997865075,-11.124153391545,9.43106237552714
0,0.63212611663305,803.17972948229,581.870705792002,1.17669364148177,-11.1489581902336,9.43079049500536
0,0.615773325784104,803.227679000677,583.369698806898,1.08675329181257,-11.1689853502303,9.43051861622551
0,0.605399418481003,803.258097286067,585.030981419083,1.02969680164552,-11.181690209191,9.43024673943844
0,0.60275827996751,803.265845304504,586.914670801314,1.01452770418314,-11.184400044773,9.4299748644695
0,0.611555220989805,803.240070737156,589.166229357122,1.05924351481536,-11.1708874139508,9.42970299133734
0,0.633472026580415,803.175852347083,591.853967961936,1.17049441163786,-11.1379056578339,9.42943112003621
0,0.667197342811604,803.077036554511,594.918746023222,1.33956871743456,-11.0872487743363,9.42915925056626
0,0.710588360657272,802.949904834596,598.258780645294,1.55336000304667,-11.0222414753381,9.42888738301059
0,0.759929772269283,802.805344052404,601.740353046385,1.79249898306174,-10.9484976870878,9.42861551697999
0,0.814656340184345,802.64501564295,605.291262328107,2.04999999564517,-10.8670528078001,9.42834365305713
0,0.87131453170507,802.479040232373,608.778443738695,2.30720281014334,-10.7831546488402,9.42807179098446
0,0.927430898443177,802.31466779531,612.091193165329,2.54956355007333,-10.7006146744003,9.42779993076491
0,0.980459559311522,802.159360812259,615.113364442808,2.76195756038217,-10.6233629164533,9.42752807242612
0,1.028655798168,802.01823170942,617.782262486458,2.93534234112659,-10.5540332909975,9.42725621577685
0,1.06954412019009,801.898537456755,619.976817572503,3.05425357205783,-10.4964754376914,9.42698436094378
0,1.09958856047138,801.810644389536,621.521823328287,3.09450078724796,-10.4562059786134,9.42671250816766
0,1.12394179869576,801.739450758191,622.715736957661,3.04693707479812,-10.4252780735501,9.42644065741045
0,1.14774766815074,801.669875715863,623.84510216265,2.92446280734119,-10.3956071863675,9.42616880866513
0,1.17120039748051,801.601341792159,624.936700381418,2.75929692340178,-10.3666413667324,9.42589696133385
0,1.1941757860944,801.534211287129,625.986248101936,2.55547224106535,-10.3385152133922,9.42562511543101
0,1.21528694053598,801.47254042484,626.921254361123,2.3058871619958,-10.3130420473658,9.42535327243919
0,1.23503318963616,801.414861338963,627.785232044868,2.05000000146602,-10.2893493648148,9.42508143088903
0,1.2531232388061,801.362024376635,628.566663615717,1.7941910289977,-10.2677711694406,9.42480959089236
0,1.26820570974473,801.317977038285,629.206177029526,1.55545787713899,-10.2499319853171,9.42453775328739
0,1.2808178645511,801.281145905674,629.736726918177,1.34688515823408,-10.2350678507714,9.42426591723781
0,1.29104352804004,801.251286112526,630.162010722336,1.16744944346964,-10.223077813955,9.42399408269085
0,1.29620779963401,801.236206964349,630.374561562556,1.07211223726728,-10.21705055503,9.42372225076524
0,1.29635940882479,801.235795500133,630.370084077896,1.00483678632931,-10.2212590444257,9.42345041983681
0,1.2697021185865,801.313875902629,629.195021695927,1.00174525430158,-10.2869459433824,9.4231785917546
0,1.22401599777658,801.44769091224,627.182528359685,1,-10.3992864646881,9.42290676499826
0,1.1536617510936,801.65375777667,624.084426945097,1,-10.5721066578371,9.42263493996072
0,1.06229677487409,801.921364851665,620.063947203056,1,-10.7965382107533,9.42236311711312
0,0.959845295847626,802.221444179276,615.557961154344,1,-11.04820296773,9.42209129586705
0,0.849904863711574,802.543458573467,610.725518216594,1,-11.3182638043168,9.42181947626391
0,0.740487646524043,802.863940476459,605.921260310418,1,-11.5870394006696,9.42154765935078
0,0.637468061382608,803.165683781033,601.400327104024,1,-11.8400996698315,9.42127584390919
0,0.54347417373437,803.440990910545,597.277692709516,1,-12.0709889563217,9.42100402995937
0,0.472644587009863,803.648450041065,594.173434384349,1,-12.2449767884074,9.42073221843792
0,0.431015910222296,803.770379845785,592.350434580096,1,-12.3471972683958,9.42046040895326
0,0.400370497414309,803.860139722743,591.009351284324,1,-12.4224240767863,9.42018860023468
0,0.417220789663437,803.810712152161,592.184752523194,1,-12.3640349704793,9.41991679494997
0,0.439131381334284,803.746442584318,593.703943668096,1,-12.2884735268686,9.41964499025221
0,0.478197781483571,803.631850486921,596.413125674665,1,-12.1537481102163,9.41937318767311
0,0.53065665474281,803.477974719231,600.05255144221,1,-11.972837058009,9.41910138750656
0,0.588494755407096,803.308320253009,604.066507631266,1,-11.7733750604716,9.41882958891562
0,0.650022538971967,803.127842969718,608.338212788176,1,-11.5611887252886,9.4185577921258
0,0.71123584646363,802.948288128032,612.590278535613,1,-11.3500869005757,9.41828599760353
0,0.768438487554396,802.780497633023,616.565254153541,1,-11.1528163656629,9.4180142048665
0,0.818782574909589,802.632825092438,620.064808105335,1,-10.9791984198325,9.41774241390488
0,0.859442761303547,802.513557997911,622.89203072342,1,-10.8389766299529,9.41747062472108
0,0.885403343926238,802.437417742805,624.733792728033,1.00139715465961,-10.7474539374817,9.41719883745699
0,0.885103506812679,802.438349302974,624.922341271977,1.00947084914299,-10.7369633131623,9.41692705268493
0,0.865875371963914,802.494909480091,624.22465080108,1.03412462803609,-10.7680823706965,9.41665526897483
0,0.802912622052045,802.680001878266,621.479268418833,1.09708737794796,-10.8953423197267,9.41638348771842
0,0.718973723031004,802.926758129252,617.821582947873,1.181026276969,-11.0649991410382,9.41611170797777
0,0.607351510055628,803.254895371004,612.959883685108,1.29264848994437,-11.2906093177502,9.41583993023754
0,0.48588272202033,803.611978714923,607.67190314899,1.41411727797967,-11.5361213355032,9.4155681536373
0,0.350000000781379,804.011434881941,601.763287281109,1.54999999921862,-11.8107667123834,9.415296379643
0,0.216035290853761,804.405252646668,595.945018395991,1.68396470914624,-12.081535415801,9.4150246080896
0,0.0887150256328074,804.779537652628,590.418459707033,1.81128497436719,-12.3388744056834,9.41475283780439
0,-0.0256931530936097,805.115864833397,585.456318755311,1.92569315309361,-12.5701155603939,9.4144810693033
0,-0.115374360809591,805.37950182242,581.569862011495,2.01537436080959,-12.7513787031073,9.41420930295683
0,-0.169486920651361,805.538577204079,579.225983769832,2.06948692065136,-12.8607506987238,9.41393753875993
0,-0.192794090438966,805.607085128551,578.294925653779,2.09358330910095,-12.9087814552819,9.41366577635301
0,-0.196275392791723,805.617287807424,578.431082534378,2.1,-12.9192049088613,9.41339401557978
0,-0.18901377383582,805.595863555659,579.440956714645,2.1,-12.912762164449,9.41312225680275
0,-0.177660940062994,805.562369649929,580.988521286009,2.1,-12.9023726636536,9.41285049986247
0,-0.162844118176628,805.518657386432,582.957605626822,2.1,-12.8882994738003,9.41257874476159
0,-0.144842844286075,805.465552881139,585.256666875997,2.1,-12.8702567835786,9.41230699183631
0,-0.124470101731353,805.405456186548,587.716683231608,2.1,-12.8483992849992,9.4120352412449
0,-0.103352913886136,805.343166554189,590.150058366379,2.1,-12.8245633255981,9.4117634920352
0,-0.0814613175922713,805.278595720569,592.555719998539,2.1,-12.7986692743598,9.41149174426281
0,-0.0596442805458872,805.214254074844,594.600960862942,2.1,-12.7693010766545,9.41121999940422
0,-0.038430361459057,805.151696476273,596.385702547043,2.1,-12.7386835429434,9.4109482557968
0,-0.018469019950458,805.092842170526,597.700933718432,2.1,-12.7061945558531,9.41067651418678
0,-0.000857235003439238,805.04092690551,598.405266937579,2.09514233727116,-12.6696023191378,9.41040477483977
0,0.0157703784495552,804.991917580166,598.876778966677,2.08684140268357,-12.6304964474856,9.41013303647876
0,0.0302734442367577,804.949173620204,599.127166538366,2.0534103521659,-12.5756572322083,9.40986130081115
0,0.0439559380350559,804.908850442928,599.329434114254,2.00403939975255,-12.5086905131015,9.4095895670239
0,0.0573071607719411,804.869509380009,599.493238011498,1.94151903304643,-12.4276202153121,9.40931783553938
0,0.0707222594486902,804.829986741776,599.633706092161,1.87068720249402,-12.3343946146942,9.4090461061045
0,0.0841373581254394,804.790464103543,599.774174172824,1.7998553719416,-12.2411690140764,9.40877437666963
0,0.0996691991607499,804.744726082134,599.923423578759,1.72944520439166,-12.1234185951139,9.40850265174018
0,0.115293000001074,804.698718039471,600.073054480796,1.65905335557916,-12.0046027193641,9.40823092700647
0,0.133597226185122,804.644829888492,600.271635401568,1.60252994618656,-11.8730171461939,9.40795920491243
0,0.15374396008188,804.585525000059,600.503864260817,1.55553961580855,-11.7326537624269,9.40768748463288
0.0233069474787544,0.176303043804181,804.519132623275,600.860965409453,1.51736863624072,-11.581518730882,9.40741576539172
0.126028233438821,0.207081786739925,804.428590872171,601.64354699758,1.50924804877436,-11.3936811975009,9.40714404968868
0.228749519398887,0.23786052967567,804.338049121066,602.426128585707,1.501127461308,-11.2058436641198,9.40687233398563
0.708253465041305,0.286456591032501,804.195226584818,604.698975621181,1.5,-10.9101993008859,9.40660062109592
1.49538897737133,0.34827878166022,804.013615639651,608.049028892754,1.5,-10.5378344626461,9.40632891032252
2.54456021984768,0.420413183494612,803.801784274879,612.159650261426,1.5,-10.1124844802953,9.4060572015275
3.80257125733636,0.500008879252757,803.568108534551,616.733294428432,1.5,-9.65609411133301,9.40578549454833
5.24965584199624,0.585469866140096,803.317288583117,621.557693867611,1.5,-9.18474482568934,9.40551378949407
6.85191135395489,0.674641820905051,803.055660825449,626.378773234214,1.5,-8.71740601232,9.40524208636761
8.60084507989505,0.765151820546669,802.790236546619,630.78433202329,1.5,-8.28590908045037,9.40497038574844
10.399883851732,0.854608230114633,802.527984930054,634.760358571329,1.5,-7.88897007703165,9.40469868646264
12.254113697784,0.942231864091604,802.271216951983,638.135260708568,1.5,-7.54002668686469,9.40442698885778
14.1276646361239,1.02241439595658,802.036486076459,640.004020850093,1.5,-7.30832241093641,9.40415529398786
16.0629651465143,1.09912436871026,801.812060270498,641.158632990228,1.50805335251904,-7.13135762357228,9.40388360052366
18.0957577570478,1.17174492269631,801.599779954407,641.466941266057,1.52937403015915,-7.01886893348261,9.40361190877568
20.5722020832735,1.24527223765667,801.385053419714,641.498071670666,1.60318703859594,-6.92534922073574,9.4033402197038
23.2546812015618,1.31912607265887,801.16946282061,641.442505860467,1.70113092183517,-6.83779362882717,9.40306853203753
26.1799842642072,1.39331381557192,800.953000274228,641.307386403494,1.82738152916034,-6.75573554794366,9.40279684611547
29.3764227270456,1.46625456626777,800.740320921871,641.042614207292,1.98489396478101,-6.6845011151759,9.40252516312509
32.6158135660694,1.53899777256782,800.528240890639,640.757302851598,2.14735879617233,-6.61498132905787,9.40225348059914
35.9879813245239,1.60777480451618,800.327867332095,640.323984888737,2.32441757707168,-6.56046738147587,9.40198180154741
39.3717231816863,1.67620610699864,800.128514221014,639.877765262786,2.50274850536586,-6.50726148545249,9.40171012279853
42.6827413154118,1.73753598260415,799.949982664694,639.279127128917,2.67110953674964,-6.47265991417632,9.40143844778083
45.9822668461837,1.79835821991091,799.772936700965,638.671880106727,2.83802601169273,-6.43922072480128,9.40116677297938
48.9962347295135,1.84932564466096,799.624702702216,637.920196456671,2.96963742021715,-6.42668465057318,9.40089510187527
51.9948565715274,1.89967219434982,799.478285024057,636.975113501992,3.09918079517128,-6.41524585267031,9.40062343111041
54.8374319117845,1.94370536462488,799.350336635048,634.063446181535,3.20769533294757,-6.41496472914648,9.40035176379529
57.6869452031398,1.9873572419907,799.223508517948,630.629096242811,3.31672351761958,-6.41472468056236,9.40008009710139
60.577005001677,2.02878078198941,799.103227450882,624.140104633105,3.42875353774005,-6.41472468056236,9.39980843403807
63.4670648002142,2.07020432198811,798.982946383816,617.6511130234,3.54078355786052,-6.41472468056236,9.39953677097474
66.2864489592233,2.10820731589064,798.872645220795,609.965947145659,3.64589290608336,-6.41472468056236,9.39926511132378
69.0792034452265,2.1449214919678,798.766104357406,601.830078170945,3.7483946340449,-6.41472468056236,9.39899345295855
71.7904960981419,2.17954774839793,798.665635723508,593.965639255607,3.84328699401063,-6.41472468056236,9.39872179603058
74.3175108498545,2.20945084263237,798.578903310168,586.715212568683,3.92096591412859,-6.41472468056236,9.3984501423539
76.8445256015672,2.2393539368668,798.492170896829,579.46478588176,3.99864483424655,-6.41472468056236,9.39817848867722
78.9712120527205,2.26104058739197,798.429293397647,575.369966479747,4.03933406880486,-6.41472468056236,9.39790683931269
81.0467793886513,2.28167805570317,798.369462003634,571.678095987838,4.07529998004197,-6.41472468056236,9.3976351904988
82.9666902742714,2.29897831866843,798.319312662648,569.860769192913,4.09553749961382,-6.41152252197916,9.3973635438384
84.7089353964871,2.31246950636414,798.280214385329,570.183040444167,4.09782268436913,-6.40466543005982,9.39709189963599
86.4486405975958,2.32586671679538,798.241388864029,570.577473660523,4.1,-6.39704195559389,9.3968202556868
88.1370780243864,2.33736701587276,798.208068865691,572.428480992917,4.1,-6.3739492103181,9.39654861684882
89.8255154511769,2.34886731495014,798.174748867354,574.279488325312,4.1,-6.35085646504231,9.39627697801083
91.4891304370839,2.36013796595292,798.142094627695,576.162634142419,4.1,-6.32735191295463,9.39600533964178
92.8689993303684,2.36878350268299,798.11705069617,578.413155976353,4.1,-6.29913998441135,9.39573370663313
94.2488682236529,2.37742903941306,798.092006764646,580.663677810287,4.1,-6.27092805586807,9.39546207362447
95.5596826378573,2.3856111145927,798.068305582641,582.83176034861,4.1,-6.24374594925244,9.39519044128147
96.3321268694795,2.39017989947092,798.055072893246,584.35712051438,4.1,-6.22459265447641,9.39491881412814
97.1045711011019,2.39474868434915,798.04184020385,585.88248068015,4.1,-6.20543935970038,9.3946471869748
97.7593204445856,2.3987132488307,798.030357550284,587.209032909678,4.10159152203595,-6.18878219226818,9.39437556068354
97.7307060906772,2.39916957016897,798.02903600884,587.381260354757,4.11242378851011,-6.18661811657361,9.39410393939764
97.7020917367688,2.39962589150724,798.027714467396,587.553487799836,4.12325605498426,-6.18445404087905,9.39383231811173
97.5878909179938,2.4,798.02663102063,587.694685996122,4.14121090820062,-6.18267985451428,9.39356069798452
97.0842299950945,2.4,798.02663102063,587.694685996122,4.19157700049055,-6.18267985451428,9.3932890831299
96.5805690721952,2.4,798.02663102063,587.694685996122,4.24194309278048,-6.18267985451428,9.39301746827529
96.0769081492959,2.4,798.02663102063,587.694685996122,4.2923091850704,-6.18267985451428,9.39274585342067
95.5231947679296,2.4,798.02663102063,587.694685996122,4.34768052320704,-6.18267985451428,9.39247424297074
94.9405729825369,2.4,798.02663102063,587.694685996122,4.40594270174631,-6.18267985451428,9.39220263506478
94.3579511971441,2.4,798.02663102063,587.694685996122,4.46420488028559,-6.18267985451428,9.39193102715882
93.813985677736,2.39999006977428,798.026659777218,587.695391040852,4.51932868073892,-6.18326374188776,9.39165941987845
93.6725721770458,2.39987672986045,798.02698799424,587.703438159941,4.54177057563786,-6.18992801584057,9.39138781911277
93.5311586763557,2.39976338994662,798.027316211262,587.711485279029,4.5642124705368,-6.19659228979337,9.39111621834709
93.3897451756655,2.3996500500328,798.027644428285,587.719532398118,4.58665436543574,-6.20325656374618,9.39084461758141
94.0717171513595,2.39863339749324,798.03058861234,587.788736326313,4.58981200917381,-6.2614988391594,9.39057301931929
95.9203501107792,2.39615817441659,798.037756967115,587.950712197063,4.57189450112952,-6.39994142276659,9.39030142402113
98.7507518919059,2.39216120653079,798.04933281385,588.198262798518,4.54385703819221,-6.61627507522494,9.39002983060539
102.350640591416,2.38672208923601,798.065086087304,588.512345355596,4.50716025684915,-6.89891526346616,9.38975823908233
106.573586148131,2.37958534957499,798.085757633659,588.879152192625,4.46190642382906,-7.24641276130051,9.38948664997828
110.999999925507,2.3711602822989,798.110162450125,589.261590102007,4.41171749046955,-7.63055936169557,9.38921506289203
115.231603087497,2.36117701616894,798.139083848174,589.623034321908,4.35811118669934,-8.03845582940332,9.38894347854417
119.363781000616,2.35059908050291,798.169729023413,589.974197115543,4.30334580771325,-8.45424581853925,9.38867189525832
123.034735891272,2.33939159923368,798.202200111616,590.282272756738,4.24941336876449,-8.86177973530693,9.3884003133373
125.550771624604,2.32660771296702,798.239243352028,590.48245660727,4.19756664184475,-9.24864014776544,9.38812873483384
128.066807357937,2.31382382670035,798.276286592441,590.682640457801,4.14571991492501,-9.63550056022396,9.38785715633038
127.859100504528,2.29573725115501,798.328714772902,590.195768968177,4.10270269091577,-9.96264967302728,9.38758558213555
127.264457740069,2.27689737354762,798.383328543816,589.611294134801,4.06093978945868,-10.2813161758202,9.38731400855281
125.305255151383,2.25084935064055,798.458861829682,588.183754076274,4.02099473791511,-10.6045538070894,9.38704243694573
121.781339724484,2.21653589496177,798.558383095432,585.789488369063,3.98313417768303,-10.9330330578793,9.3867708676041
117.229285577781,2.17542913073258,798.677643594484,582.737773582768,3.94561971394207,-11.2621553351487,9.38649930038092
111.861412542302,2.12893193686003,798.812566998812,579.164378825868,3.90837987467477,-11.5917878481846,9.38622773483871
105.80174762158,2.07638685553552,798.965098295941,575.198455827106,3.87018455719995,-11.9104307385033,9.38595617177043
99.3684448404606,2.0205753009035,799.127139643033,571.020527721658,3.83147318447681,-12.2231381167029,9.38568461003833
92.7225351787608,1.95998773079046,799.30313762313,566.819793471245,3.79012088851189,-12.5099063413606,9.38541305113759
86.002330527923,1.89773119296897,799.484012716775,562.611089665529,3.74784572794811,-12.7876101880198,9.38514149322628
79.6915421607831,1.8324969623395,799.673673264835,558.853565377808,3.70086032869478,-13.0211084679084,9.38486993850574
73.4629635122541,1.76666481878472,799.865097909157,555.186636756879,3.65292912583598,-13.2457303856444,9.38459838442589
67.9895127038785,1.68773688806086,800.095101595523,552.302152632297,3.59241211910132,-13.4124153288328,9.38432683454916
62.577715831245,1.60773972537696,800.328255145599,549.481552766955,3.53086751902131,-13.5743698908647,9.3840552850156
56.9916036899274,1.51513330127781,800.59842848415,546.622382808083,3.46231685467016,-13.7321626426583,9.38378373685136
51.0576809819212,1.39829541650213,800.939752403728,543.678715275176,3.38018463537588,-13.882287174931,9.38351219150215
44.9743966516102,1.27026870876275,801.313957316362,540.706848296046,3.29127330663039,-14.027553987995,9.38324064798705
38.9051952378803,1.13518518625346,801.708971941681,537.811574373502,3.19652827958616,-14.162678953224,9.38296910698294
33.0462334684649,1.00171954464425,802.09935677473,535.084210274995,3.10004916335399,-14.2861757600626,9.38269756807277
27.3764177156068,0.871390807495808,802.480620451679,532.492462505921,3.00335159116654,-14.4014081373693,9.38242603049016
22.3681568682748,0.757421257727419,802.814101831518,530.325061057443,2.91018903351846,-14.4947750394189,9.38215449576818
17.8414779863364,0.657060564519062,803.107788685794,528.450565195021,2.82095642750376,-14.5744464445417,9.38188296256611
13.8277322363876,0.571564645392073,803.357999849098,526.884553851847,2.73620484070602,-14.640014227643,9.38161143086047
11.1862136758868,0.528520785292487,803.483988254605,526.118345197679,2.66558364242219,-14.6713597634079,9.3813399022698
9.2099222551017,0.506458007014712,803.54856636965,525.726741028173,2.60195085753648,-14.6873411995003,9.38106837527261
7.7362667993072,0.5,803.567470044709,525.613399671019,2.54336010430977,-14.6919220303371,9.38079684970717
6.53444803832142,0.5,803.567470044709,525.613399671019,2.48580247040065,-14.6919220303371,9.38052532667445
5.41801578135273,0.5,803.567470044709,525.613399671019,2.42845007903981,-14.6919220303371,9.38025380588556
4.37511443220715,0.5,803.567470044709,525.613399671019,2.37212567073611,-14.6919220303371,9.37998228686847
3.43748492704406,0.5,803.567470044709,525.613399671019,2.31868930698365,-14.6919220303371,9.37971077012106
2.57622642517333,0.5,803.567470044709,525.613399671019,2.26791196127987,-14.6919220303371,9.37943925491393
1.82971841555949,0.5,803.567470044709,525.613399671019,2.22182042886547,-14.6919220303371,9.37916774189099
1.22277733059299,0.5,803.567470044709,525.613399671019,2.18281951046435,-14.6919220303371,9.3788962312623
0.728036256280443,0.5,803.567470044709,525.613399671019,2.15024208510501,-14.6919220303371,9.37862472242207
0.407501864194816,0.5,803.567470044709,525.613399671019,2.12823247192162,-14.6919220303371,9.37835321624662
0.0869674721091882,0.5,803.567470044709,525.613399671019,2.10622285873824,-14.6919220303371,9.37808171007117
0.0327501954227088,0.498316196495154,803.572417326664,525.669919564975,2.10235895190879,-14.7014366262256,9.37781020802052
0,0.494588299846313,803.583370706146,525.79370169786,2.1,-14.7223009161905,9.37753870681201
0,0.48408383661804,803.614235732464,526.138896400629,2.1,-14.7805580013831,9.37726720790444
0,0.467029707244956,803.664347392637,526.688028965017,2.1,-14.8734633654387,9.37699571106144
0,0.443853271531116,803.732452984294,527.409189490323,2.1,-14.9959991259627,9.3767242166232
0,0.416837671601807,803.811845214235,528.220137037968,2.1,-15.1344335305352,9.37645272415485
0,0.386811044844676,803.900093049222,529.080202248947,2.1,-15.2821750260517,9.37618123377612
0,0.355104300359148,803.993285642052,529.947273363849,2.1,-15.4320783180362,9.3759097450855
0,0.322231880804158,804.089912624054,530.797299742856,2.1,-15.5802251975435,9.37563825812697
0,0.289294047583752,804.186750449316,531.538845913282,2.1,-15.7122795182821,9.37536677402043
0,0.257630382455108,804.279859045261,532.151841868506,2.1,-15.82435197106,9.37509529179294
0,0.227772022898401,804.367677818715,532.618703064827,2.1,-15.9134650771337,9.37482381130596
0,0.200074537630502,804.449163656414,532.924433708977,2.10252902321966,-15.9769169768102,9.37455233262038
0,0.174301271298577,804.525030823266,533.049400019496,2.14108838365679,-16.0089128652977,9.37428085744273
0,0.148528004966652,804.600897990119,533.174366330015,2.17964774409392,-16.0409087537851,9.37400938226509
0,0.122098319399524,804.67872472311,533.277413921542,2.26516807061489,-16.0663215195092,9.37373791055069
0,0.095558458781641,804.756883011203,533.374328975235,2.36129173356514,-16.0901679354128,9.37346643982268
0,0.0689447313474128,804.835275822969,533.455834333931,2.47705494399198,-16.1108395133595,9.37319497162142
0,0.04261123215605,804.912858162392,533.521188882724,2.59999999863667,-16.1294691176646,9.37292350585561
0,0.0166914254848734,804.989232474028,533.573578555745,2.72163848454107,-16.1471377915526,9.37265204193268
0,-0.0086836838210982,805.064012100296,533.61276743253,2.83732066124465,-16.1642716893325,9.37238057981285
0,-0.033300590879125,805.136568383714,533.636961532746,2.94101182473922,-16.1812992253293,9.3721091196584
0,-0.0567364890240045,805.205656912242,533.642112346189,3.02130470328167,-16.1989751014363,9.37183766187064
0,-0.0789515788473811,805.271157880699,533.630351079795,3.07437622620446,-16.2178444463339,9.37156620608277
0,-0.0997365419550412,805.332452992244,533.573514922873,3.09585663597653,-16.2381790671831,9.3712947522837
0,-0.118734520219661,805.388485474869,533.320724212569,3.08839805565978,-16.2591327101057,9.37102330053809
0,-0.135283492229461,805.437299086313,532.594596832676,3.05622777618733,-16.2791436244236,9.37075185166213
0,-0.151353044185695,805.484700685899,531.753734850819,3.01911957210238,-16.2989964904145,9.37048040369981
0,-0.165943104697179,805.527744813474,530.558801609825,2.96677292072122,-16.3183616188859,9.37020895855697
0,-0.18031624829056,805.570154235692,529.255257454197,2.91081496164136,-16.3378677613186,9.3699375149505
0,-0.194377872265674,805.611652142235,527.795734544297,2.84967071646827,-16.3575764173024,9.36966607355045
0,-0.208959285281707,805.654692662656,526.301400052552,2.79001384844777,-16.37805310717,9.36939463431273
0,-0.223922947683465,805.698867611008,524.781465356245,2.73145078764166,-16.3990946040211,9.36912319666516
0,-0.241693151397641,805.75134279835,523.466952087811,2.69047369969033,-16.4228084175683,9.36885176290095
0,-0.26043927374241,805.806704227854,522.223870013957,2.65561178220528,-16.4474514758193,9.3685803304871
0,-0.279185396087178,805.862065657358,520.980787940103,2.62074986472022,-16.4720945340703,9.36830889807324
0,-0.306179703632399,805.941842888951,519.988109132231,2.60456354346187,-16.502931321782,9.36803746935614
0,-0.339551778165815,806.040499218525,519.189050332241,2.60281780497473,-16.5385573040048,9.36776604349747
0,-0.37292385269923,806.139155548099,518.389991532251,2.6010720664876,-16.5741832862275,9.3674946176388
0,-0.411815952431845,806.254166974212,517.59486192567,2.6,-16.6137809891324,9.36722319351497
0,-0.459838090984674,806.396230415642,516.808175590656,2.6,-16.6599737346386,9.3669517723595
0,-0.511779749881671,806.549918260591,516.048748162952,2.6,-16.7093049834849,9.36668035365386
0,-0.564835310059433,806.7069216262,515.331901960475,2.6,-16.7598870527787,9.36640893701766
0,-0.617104957431907,806.861616450504,514.67458848945,2.6,-16.8105097911263,9.36613752245386
0,-0.666564588254766,807.00801107535,514.095835120574,2.6,-16.8598941307066,9.36586611000484
0,-0.70810404792895,807.130986604782,513.666809116155,2.6,-16.9050496645933,9.36559470069134
0,-0.749643507603134,807.253962134215,513.237783111736,2.6,-16.9502051984799,9.36532329137783
0,-0.774518862991072,807.327641526522,513.062057465789,2.59935051993989,-16.9858743595384,9.36505188620345
0,-0.798408582766123,807.398405188856,512.901313834463,2.59866262493312,-17.0209824279191,9.36478048127389
0,-0.812936368096945,807.441465996205,512.896704677766,2.58946373244719,-17.0514745920919,9.36450907888371
0,-0.8242079294583,807.474883828679,512.9986319235,2.56121509746253,-17.08174522758,9.36423767907822
0,-0.834214776404188,807.504553716928,513.157573196555,2.52043298827125,-17.1119663199128,9.36396628119449
0,-0.842963341871742,807.530495016754,513.367390142452,2.46852136114733,-17.1414336268895,9.36369488562621
0,-0.850931627587129,807.554124439637,513.603184798654,2.41098529932098,-17.1697621508285,9.36342349187826
0,-0.858212404220038,807.575717182343,513.855298339807,2.35000000068189,-17.1962953848066,9.36315210018774
0,-0.865029048752046,807.595935463736,514.108703952576,2.28891611996537,-17.2204444223362,9.36288071055749
0,-0.871625153035246,807.615501610755,514.343423393624,2.23221136639161,-17.2411340064049,9.36260932323866
0,-0.878216288269128,807.635054640422,514.546176592283,2.18283942462692,-17.2579429334212,9.36233793814972
0,-0.885097885693142,807.655469969209,514.705358606313,2.14333617107541,-17.271088774354,9.36206655472379
0,-0.892363105704388,807.677024163674,514.806994780833,2.11686680569771,-17.2793966618171,9.36179517349425
0,-0.899994800080642,807.699665597677,514.851078222998,2.1050626519398,-17.2841025950246,9.3615237938405
0,-0.907842289890395,807.722947024493,514.802657162418,2.12137214206175,-17.2846076009023,9.36125241655273
0,-0.915010886354532,807.744214174287,514.666253496952,2.17420516877446,-17.2846076009023,9.36098104151155
0,-0.921639082259779,807.76387855932,514.45335908121,2.25731707603098,-17.2846076009023,9.36070966874381
0,-0.928042327903963,807.782876456068,514.186172420021,2.35934283659485,-17.2846076009023,9.3604382978721
0,-0.93443785589213,807.801853043386,513.866312530834,2.47629700361701,-17.2846076009023,9.36016692921465
0,-0.941110000868948,807.821652469567,513.506441924517,2.59999999791358,-17.2846076009023,9.35989556274199
0,-0.948286390729374,807.842950440372,513.119584237124,2.7230924488091,-17.2846076009023,9.35962419830849
0,-0.956212348446579,807.866475331633,512.715114059206,2.83895304414841,-17.2846076009023,9.35935283595434
0,-0.965110379916435,807.892887727219,512.303067020802,2.94114561376516,-17.2846076009023,9.35908147565119
0,-0.975233512436212,807.922938873186,511.893252561865,3.02280159142109,-17.2846076009023,9.35881011743461
0,-0.986906224774862,807.957592199465,511.496872686345,3.07549983963759,-17.2846076009023,9.35853876140843
0,-1.00016630628271,807.996960832379,511.11803103404,3.09968760094909,-17.2848554551942,9.35826740717723
0,-1.02391244171082,808.067538681774,510.703741117664,3.1,-17.3003884087602,9.35799605528766
0,-1.06522423943464,808.190411948603,510.192739562026,3.1,-17.3449567667926,9.35772470564902
0,-1.11785849751567,808.346995414771,509.623088907987,3.1,-17.4085772353244,9.35745335781928
0,-1.18121057140744,808.535491594605,509.004548048172,3.1,-17.4907794372556,9.35718201232944
0,-1.2501881620277,808.740741680435,508.369369541254,3.1,-17.5834827744579,9.35691066892594
0,-1.3213385612465,808.952468084468,507.740520343682,3.1,-17.6813029063291,9.35663932754529
0,-1.39164673054731,809.161696005793,507.137992242238,3.1,-17.7795353904883,9.35636798812904
0,-1.45646285034264,809.354586807643,506.598329320906,3.1,-17.8714051654735,9.3560966511379
0,-1.51276556121162,809.522145496501,506.138150704579,3.1,-17.9519202981917,9.3558253161948
0,-1.55821391393859,809.657403496534,505.772121901976,3.1,-18.0173632015009,9.35555398317983
0,-1.58824513617102,809.746780230446,505.533588288637,3.1,-18.0608825454808,9.35528265231209
0,-1.59881200559389,809.778228933564,505.458541360521,3.10218165638205,-18.0756885446069,9.35501132374895
0,-1.6,809.781764602227,505.525071357517,3.1227082058736,-18.0719740471423,9.35473999713062
0,-1.6,809.781764602227,505.735144500355,3.17828717143544,-18.0572297339217,9.35446867280353
0,-1.6,809.781764602227,506.043572026599,3.25800283233062,-18.0360822969203,9.35419735030623
0,-1.6,809.781764602227,506.459242582053,3.36139217923463,-18.0086545659612,9.35392603020876
0,-1.6,809.781764602227,506.942506123961,3.47705954652983,-17.9779696499042,9.35365471202833
0,-1.6,809.781764602227,507.483803008405,3.59999999862528,-17.9453552873509,9.353383395994
0,-1.6,809.781764602227,508.063062915435,3.72312835442587,-17.9126910766032,9.35311208206293
0,-1.6,809.781764602227,508.661849257741,3.84031856973195,-17.8816021705146,9.35284077013721
0,-1.6,809.781764602227,509.261393331133,3.94244381274132,-17.8545097884338,9.35256946055954
0,-1.6,809.781764602227,509.836757497997,4.0202770468386,-17.8338617326289,9.35229815334149
0,-1.6,809.781764602227,510.378451615098,4.0741323816527,-17.8195746742595,9.35202684790203
0,-1.6,809.781764602227,510.876048047764,4.09855763876741,-17.8130949991207,9.35175554442499
0,-1.6,809.781764602227,511.368501216324,4.1,-17.8127123610925,9.35148424332748
0,-1.6,809.781764602227,511.914700869176,4.1,-17.8127123610925,9.35121294452714
0,-1.6,809.781764602227,512.493451260002,4.1,-17.8127123610925,9.35094164768313
0,-1.6,809.781764602227,513.090246835236,4.1,-17.8127123610925,9.35067035282583
0,-1.6,809.781764602227,513.689832946956,4.1,-17.8127123610925,9.35039905995765
0,-1.6,809.781764602227,514.269569427973,4.1,-17.8127123610925,9.35012776949801
0,-1.6,809.781764602227,514.806483797579,4.1,-17.8127123610925,9.34985648132437
0,-1.6,809.781764602227,515.288110531326,4.1,-17.8127123610925,9.34958519514284
0,-1.6,809.781764602227,515.695516115599,4.1,-17.8127123610925,9.34931391104292
0,-1.6,809.781764602227,516.011303536876,4.1,-17.8127123610925,9.34904262902733
0,-1.6,809.781764602227,516.218075782781,4.1,-17.8127123610925,9.34877134909881
0,-1.60117319301252,809.785267541483,516.260143764974,4.10168448321025,-17.8141152881094,9.34850007144857
0,-1.60700702018327,809.802686288309,516.081671303383,4.1100583725194,-17.8210931936182,9.34822879556335
0,-1.62759073682225,809.864146421052,515.40178144002,4.13934927437588,-17.8458957084902,9.34795752247285
0,-1.65641426278286,809.950210706503,514.440970439308,4.18001910190347,-17.8808742316463,9.34768625121887
0,-1.69217826118168,810.057000143109,513.237590622772,4.23003764122242,-17.924592538485,9.34741498180314
0,-1.73470817524411,810.183995679025,511.782002456812,4.28854632439739,-17.9772760125569,9.34714371494946
0,-1.78021755717704,810.319892057813,510.195245268465,4.34999999964809,-18.0344742454944,9.34687245020442
0,-1.82661063266156,810.458432464172,508.540132441143,4.41116748658216,-18.0938396296683,9.34660118751713
0,-1.87193072173059,810.593775484125,506.874207278471,4.46899147278366,-18.153209344973,9.34632992689019
0,-1.91318614781051,810.716990995671,505.277116510727,4.51847402714217,-18.2095074984636,9.34605866872707
0,-1.94997442645287,810.826875233929,503.776461571788,4.55961041759253,-18.2618435040721,9.3457874122574
0,-1.97862203760769,810.912463138881,502.467313037512,4.58616223091545,-18.3065128301409,9.34551615810182
0,-1.99872046736577,810.972534289716,501.373521633768,4.59786744561141,-18.3429864773055,9.34524490609557
0,-2.01308774610837,811.015500008713,500.441061063422,4.6,-18.3743782929109,9.3449736562326
0,-2.02582501121224,811.053601395534,499.57725622463,4.6,-18.4050225621033,9.3447024085062
0,-2.03799108715478,811.089997564066,498.752612340612,4.6,-18.4356734939532,9.34443116297821
0,-2.04951358366057,811.124471118216,497.960885623825,4.6,-18.465810389448,9.34415991948116
0,-2.06000477308227,811.155861875839,497.20537215622,4.6,-18.4943540956698,9.34388867858043
0,-2.06964516724476,811.184708542836,496.472027621373,4.6,-18.5212248933481,9.34361743951486
0,-2.0782763150742,811.210536674374,495.759422027827,4.6,-18.5458525692298,9.34334620240501
0,-2.08526731435939,811.231458345451,495.072033237094,4.6,-18.5664400237072,9.34307496813567
0,-2.09127196167358,811.249428601098,494.39308428646,4.6,-18.5842848986375,9.34280373530693
0,-2.09558185432621,811.262327720673,493.728636709346,4.6,-18.5974174603077,9.34253250495346
0,-2.09811624938231,811.269913227485,493.072650053828,4.59833138020738,-18.6052583001726,9.34226127672119
0,-2.09914201211133,811.272983781418,492.423852605359,4.59524494167727,-18.6086027878054,9.34199005029131
0,-2.09690122600434,811.266279820329,491.813379328753,4.56901226004343,-18.6027947035791,9.34171882631949
0,-2.09181955817404,811.251075568548,491.241604204125,4.51819558174044,-18.5892290603168,9.34144760440284
0,-2.08418415500481,811.228230590066,490.708184711022,4.44184155004815,-18.5688461547401,9.34117638435074
0,-2.07378332580662,811.197111510436,490.210921146167,4.33783325806617,-18.5410808730952,9.34090516707443
0,-2.0621636699083,811.162345724912,489.722773802617,4.22163669908297,-18.5100619021567,9.34063395198199
0,-2.05000000020606,811.125952260618,489.232320737058,4.10000000206064,-18.4775906723458,9.34036273876267
0,-2.0378082489246,811.089474776782,488.72819312845,3.97808248924599,-18.4450444780353,9.34009152755063
0,-2.0267205064003,811.056300465777,488.17884645117,3.86720506400298,-18.4154454635599,9.33982031957079
0,-2.015632763876,811.023126154772,487.629499773891,3.75632763875998,-18.3858464490844,9.33954911159096
0,-2.00914109322982,811.003703201859,486.953399044836,3.69141093229823,-18.3685167669598,9.33927790840396
0,-2.00266188864133,810.98431754715,486.276954517128,3.62661888641332,-18.3512203632975,9.33900670522996
0,-2.00295976286919,810.985208937959,485.330439251695,3.61009996066663,-18.3494111696797,9.33873550599798
0,-2.00449025677422,810.989788331516,484.334803337886,3.60236098264862,-18.3504188002958,9.33846430748298
0,-2.01171327792472,811.011400709414,482.953169824969,3.6,-18.3597380238143,9.33819311164587
0,-2.02263761493464,811.044088528083,481.333286012306,3.6,-18.3743102379311,9.3379219177057
0,-2.03774075137948,811.08928171232,479.474286167506,3.6,-18.394458125235,9.33765072627276
0,-2.0557428877101,811.143152238315,477.522235995821,3.6,-18.418475860277,9.33737953724483
0,-2.07534054112046,811.201799494671,475.557805419759,3.6,-18.4446243863009,9.33710834989571
0,-2.09657807325689,811.265357828738,473.640382316581,3.6,-18.4729644093158,9.33683716481842
0,-2.11838190711868,811.330619658136,472.032513131406,3.6,-18.502068408058,9.33656598321056
0,-2.14031950806298,811.396283873028,470.497764197569,3.6,-18.531352866791,9.33629480242221
0,-2.16120278820312,811.458800724162,469.32509847428,3.6,-18.5592379657073,9.33602362376563
0,-2.18062251762419,811.516948576342,468.655056943814,3.6,-18.5851805495388,9.33575244806826
0,-2.19998935283924,811.574938886281,468.014162349914,3.59876036850973,-18.6111210304844,9.33548127252536
0,-2.2175561974671,811.62756803153,468.365138424283,3.55533605967526,-18.6369899501906,9.33521010223874
0,-2.23512304209497,811.680197176779,468.716114498651,3.51191175084079,-18.6628588698967,9.33493893195212
0,-2.25323330301558,811.734465677062,469.398223757924,3.4312139084979,-18.6909489575905,9.33466776491783
0,-2.27165141838263,811.789662899474,470.267925521691,3.32939998410405,-18.7202973742126,9.33439659972605
0,-2.28996825852539,811.84455996414,471.183643573091,3.22240052357492,-18.7492418046539,9.33412543582841
0,-2.307978287346,811.898547706747,472.238767072823,3.09969158218653,-18.7769623668184,9.33385427585134
0,-2.32598831616661,811.952535449354,473.293890572555,2.97698264079814,-18.8046829289828,9.33358311587427
0,-2.34247950433215,812.001979916791,474.204394208132,2.87087817544132,-18.8263050256753,9.33331196046948
0,-2.35871928741085,812.050672361635,475.090959737111,2.76752215490963,-18.8469176779363,9.33304080582151
0,-2.37345030173739,812.094846208183,475.716785102027,2.69504518798656,-18.8614271353645,9.33276965379541
0,-2.38646480679315,812.133879296178,476.045969309549,2.65769897368316,-18.8689930565502,9.33249850475217
0,-2.39947931184891,812.172912384174,476.37515351707,2.62035275937975,-18.876558977736,9.33222735570894
0,-2.41141211573828,812.208709138328,476.348716100353,2.65960343915347,-18.8788621057205,9.33195621041905
0,-2.42287154054322,812.243089593047,476.166649898055,2.73237480718694,-18.8788621057205,9.33168506677172
0,-2.43423898044855,812.277197347773,475.887542952519,2.84884730844157,-18.8788621057205,9.33141392563909
0,-2.44553950218878,812.311106715774,475.537839762308,2.99711198059739,-18.8788621057205,9.33114278633587
0,-2.45630002344127,812.343397870338,475.139819649699,3.16753667918922,-18.8788621057205,9.33087164948056
0,-2.46640604907601,812.373726610153,474.716196545683,3.34999999690594,-18.8788621057205,9.33060051481352
0,-2.47572134233008,812.401683497599,474.290247326975,3.53414408763666,-18.8788621057205,9.33032938211442
0,-2.48376335460011,812.425820167173,473.888538693225,3.70840697824506,-18.8788621057205,9.33005825192283
0,-2.49017112604879,812.445052663963,473.547095493188,3.85687171642689,-18.8788621057205,9.32978712426053
0,-2.49471374107813,812.45868735257,473.294996075447,3.96664033034976,-18.8788621057205,9.32951599899874
0,-2.49811859209032,812.468907255025,473.099422404786,4.05189266353176,-18.8788621057205,9.32924487515343
0.22012203773534,-2.49476085807978,812.45884397822,473.118602747643,4.08716218693503,-18.8746202969177,9.32897375413047
0.550429235398975,-2.48801801769859,812.438627672788,473.245281210944,4.09741211690825,-18.868255191483,9.32870263452029
1.7394971001457,-2.46304505411608,812.363757896595,473.758992665175,4.1,-18.8458815988688,9.32843151806112
3.2186143791795,-2.43191480275875,812.27042871979,474.403425863697,4.1,-18.8181010838047,9.32816040266623
5.37366376858791,-2.38771032196705,812.137919003479,475.302362528788,4.1,-18.7786600526497,9.32788928995682
8.0300215720253,-2.33449715228464,811.97842284697,476.366176867198,4.1,-18.7311889079029,9.32761817952311
11.089178871434,-2.27488823158596,811.799781526806,477.53319140069,4.1,-18.6780226466008,9.32734707126583
14.5298526560321,-2.21049160400914,811.6068323997,478.753734537607,4.1,-18.6206032061341,9.32707596559436
18.2062542051944,-2.14444444456965,811.408981758552,479.961734465474,4.1,-18.561730600146,9.32680486206046
22.047948882003,-2.0784918751027,811.211465232023,481.117197735337,4.1,-18.5029637368158,9.3265337605423
26.0029280173458,-2.01414556638368,811.018820740049,482.18275879005,4.1,-18.4456541148765,9.32626266104203
30.0117254012125,-1.95449643220908,810.840340920333,483.067966647145,4.1,-18.3925710334618,9.32599156412463
34.0596426053304,-1.90060841173543,810.679209184364,483.756552517842,4.10145518389589,-18.3447226883114,9.32572046941727
38.5337437893164,-1.85038116162986,810.52911384194,484.30629040948,4.11299256339798,-18.3005828171247,9.32544937691478
43.718683702231,-1.80113558371458,810.382009137589,484.791578427418,4.13994936345036,-18.257927825334,9.32517828661086
49.5689269758177,-1.7522006192287,810.235883370441,485.235167021927,4.18054023667132,-18.2160090013776,9.32490719850662
56.0025632892564,-1.70341880372556,810.090273253777,485.64432180761,4.23202019726897,-18.1744670443998,9.32463611281797
62.7664316324907,-1.65463208988409,809.94469170668,486.03562863601,4.28884474562664,-18.1329320204994,9.32436502887058
69.8607313071821,-1.60573487738958,809.798835155972,486.410973595745,4.35007258300393,-18.0911659721417,9.32409394709657
77.1689805700139,-1.55640348414277,809.65175797712,486.782514989644,4.4109078736093,-18.0484331486325,9.32382286821022
84.5153923107221,-1.50678367655559,809.503856541461,487.157182056125,4.46978611605935,-18.0050524654959,9.3235517907002
91.7972501307307,-1.45641937034935,809.353806348591,487.548789936424,4.52095180166993,-17.9599905552611,9.32328071589302
98.8903026994863,-1.40528636442858,809.201521772728,487.964544575411,4.56216105077767,-17.9131861193815,9.32300964323987
105.632460471003,-1.35311549638132,809.046208041793,488.418140930851,4.58836150019248,-17.8640237842829,9.32273857299471
111.994069882862,-1.29994034767168,808.887955130779,488.910815625814,4.59894813055233,-17.812552317428,9.32246750473274
118.156425201707,-1.24507162629796,808.724734551694,489.450633279519,4.57990160859855,-17.7565792846126,9.3221964388011
124.462109784639,-1.18829236181752,808.555914065834,490.028658024801,4.52542955408876,-17.6950497825549,9.32192537515568
130.846789543694,-1.12996663555668,808.382575944809,490.641276468624,4.4422374954674,-17.6290203661821,9.3216543138435
137.230178081866,-1.07055096178812,808.206072475543,491.283280232488,4.33880355486191,-17.5598305287386,9.32138325478569
143.556871634541,-1.0104856520685,808.02770072262,491.947706928241,4.22330494680674,-17.4887679201432,9.32111219767033
149.726358229066,-0.950000001132112,807.848159643606,492.637214469528,4.1000000020773,-17.4165170821875,9.32084114310218
155.648973020605,-0.889608740081968,807.668973693277,493.345833954982,3.97844801249661,-17.3445881586307,9.32057009098314
161.375832372177,-0.829487875857388,807.490637321211,494.064349623395,3.86191767828774,-17.2734815615253,9.32029904040411
166.731907135973,-0.770111012551742,807.314583526737,494.795372367919,3.75920450401345,-17.204604839279,9.32002799226549
171.665530191938,-0.711832559753949,807.141858645074,495.533892594968,3.67689038197161,-17.1389958103289,9.3197569463919
176.084306990251,-0.655096975997293,806.9737839184,496.276042669131,3.62322954199727,-17.0779613721826,9.31948590285891
179.997395272471,-0.60002391630284,806.810704944253,497.018859707923,3.60038607526205,-17.0218279241843,9.31921486136578
183.598292173897,-0.547896158260747,806.656417282246,497.844930040181,3.6250063129185,-16.9719257327281,9.31894382264342
187.222309788349,-0.497612796841823,806.507620764801,498.759121629269,3.67682052527708,-16.9249014643363,9.31867278571374
190.827948014502,-0.449198828929453,806.364401060586,499.7588549236,3.75733551784554,-16.8809077990734,9.31840175102876
194.319274905334,-0.402157956914915,806.225303326294,500.811778588355,3.86157054100225,-16.8394277525443,9.31813071895221
197.642688940581,-0.355624729288476,806.087761576566,501.872327865242,3.97786416724212,-16.7992354719876,9.31785968903616
200.739148276483,-0.309084963183331,805.950258244813,502.91081076088,4.09999999929961,-16.7596802383786,9.31758866127337
203.465685054976,-0.261735540437722,805.810435945182,503.875959389501,4.21959687992531,-16.7198904506252,9.31731763613564
205.915448568039,-0.213615183059719,805.668386329868,504.77851407435,4.33480100799687,-16.6796620583248,9.31704661277909
207.895009469555,-0.163518604014908,805.520566138619,505.543499702002,4.43248114587685,-16.6376267148835,9.31677559171064
209.428076885732,-0.111545450748372,805.367266342411,506.177852946265,4.51352090944682,-16.593875532583,9.3165045728149
210.362832200409,-0.0555822231339339,805.202276366616,506.585250339944,4.56324003436435,-16.5461574618803,9.31623355630766
210.776250126747,0.00385774335072882,805.027100189204,506.79489045926,4.58566801822822,-16.4949828553092,9.31596254188162
210.821325590854,0.0748081187602995,804.818240736382,506.598794319018,4.58157381082339,-16.4336208671898,9.31569152993031
210.572039075976,0.154957071845449,804.582463193399,506.078452834958,4.5562843150406,-16.3641176026749,9.31542051995667
210.143612472979,0.244722951769094,804.318589514418,505.199725887754,4.51680318624985,-16.2863541892659,9.31514951255083
209.583997561693,0.341531523120078,804.034140404278,504.058545220004,4.46692920600005,-16.2025416833784,9.31487850702545
208.917293321176,0.440482333072468,803.743473952613,502.774165545978,4.41152500198179,-16.1169060337919,9.314607503226
208.078547584106,0.539499812183301,803.452717648154,501.326443214748,4.35000000068814,-16.0312559907342,9.31433650237794
207.113006439409,0.632757977682547,803.178931143701,499.873433824096,4.28872037959418,-15.9506114764877,9.31406550401252
206.033378503264,0.715118912951012,802.937176000843,498.529327225934,4.23234159581461,-15.8794063708618,9.31379450818342
204.913879622651,0.793115215183774,802.708246699937,497.234353542185,4.1781310793901,-15.8119805398455,9.31352351327015
203.64851829438,0.842190896292504,802.564230391873,496.377392943699,4.14246002577074,-15.7695669699356,9.31325252239298
202.325660761692,0.878981958332556,802.456264649167,495.738738052784,4.11623167659266,-15.7376184730209,9.31298153279219
200.900371080939,0.893885548055381,802.412530065593,495.489100605844,4.10683041889906,-15.7243152579692,9.31271054546469
198.929978385362,0.888212448552607,802.429149001011,495.739087785886,4.12576857260552,-15.7255906932628,9.31243956075556
196.658952381246,0.873115821049845,802.473406180478,496.227923724824,4.15889386898498,-15.7333066296679,9.31216857737784
193.362456399122,0.84185809189995,802.565043014547,497.22672503946,4.2284342201172,-15.7497069945534,9.31189759760609
189.675293097571,0.805788827573317,802.670787727111,498.364108758109,4.30976307717594,-15.7691141610567,9.31162661961608
185.487585724207,0.763554764479885,802.794608215647,499.6790517384,4.40619600479195,-15.7923738042073,9.31135564390893
181.031938843188,0.719797029743451,802.922899388987,501.01565450189,4.50796189151281,-15.8172973522999,9.31108466996253
176.132807943629,0.673517367467898,803.058590282061,502.388107774241,4.61855470396487,-15.8449749371396,9.31081369893043
171.117632165996,0.628930440520607,803.18932342365,503.672984679607,4.72781209853693,-15.8728456188931,9.31054272937444
165.849980285425,0.588026357883865,803.30927010232,504.767323749844,4.83416405593905,-15.9011364170453,9.31027176302997
160.575842774764,0.550868261421977,803.418239945037,505.706466841714,4.93478400778823,-15.9286192428728,9.3100007978754
155.282572459425,0.524760937330379,803.494827790114,506.18777710942,5.01849437011032,-15.9537185259363,9.30972983623109
149.93543618078,0.501310155972686,803.563628439125,506.365025963838,5.09880634541857,-15.9779742574196,9.30945887541153
144.360781099253,0.489080067340464,803.599537565958,505.257981648545,5.16476422961513,-15.998666999699,9.30918791807554
138.40149187451,0.47888613103573,803.629469743118,503.078813106218,5.23161211534702,-16.0183297567546,9.30891696268164
132.120647568645,0.470394423039085,803.654405175785,500.003346097214,5.29920404453149,-16.0371314436529,9.30864600891133
125.352937154706,0.463828760747918,803.673686199401,495.670239479521,5.36594250102194,-16.0552928747919,9.3083750585213
118.423419623574,0.457810255581633,803.691361717278,490.955829087944,5.43086984085029,-16.0735309272088,9.30810410983638
111.354427877931,0.45222171059836,803.707776045004,485.929182833114,5.49355116518855,-16.0919647868331,9.30783316288205
104.215111866184,0.446420096724742,803.724820207736,480.914661089098,5.54803627296274,-16.1118357290279,9.30756221949034
97.1355545142555,0.440054806516009,803.743522064259,476.183607114017,5.59724818971767,-16.1328042056561,9.30729127773177
90.1315108335025,0.433045418527755,803.764117871637,471.783856959933,5.64091719183519,-16.1549472722018,9.3070203376102
83.4873576984001,0.423646075770566,803.791738502163,468.69491723378,5.66933936903509,-16.1805719313324,9.30674940103652
77.1724582330841,0.410789617201422,803.829525009355,466.837663428583,5.68260099174729,-16.2097270511777,9.30647846678956
71.1033105749163,0.395352800275576,803.874899230189,465.899728278544,5.68454692080255,-16.2415172733176,9.30620753427924
65.0466085105946,0.375228435743331,803.93407020502,465.327554526261,5.67232851118335,-16.2764250439541,9.30593660288942
58.9021921688322,0.339941335911942,804.037876309466,465.512622867214,5.61653999148545,-16.3209472053431,9.30566567465204
52.5909985594448,0.290233617130898,804.184158091958,465.830113058177,5.52499547261351,-16.374103417339,9.30539474907296
46.2780384526574,0.23059352783328,804.359715271301,466.22404954771,5.4121537697799,-16.4333649880949,9.30512382570113
40.0776458769521,0.162617991861029,804.559860897815,466.667272980844,5.28479709310695,-16.4979101819273,9.30485290456113
34.1139344936305,0.0879059901951167,804.779903668284,467.131364004423,5.15000000150546,-16.5669297078149,9.30458198570961
28.5113935786649,0.00830313894259545,805.014425387045,467.586006582573,5.01537566171617,-16.6394631349151,9.30431106914953
23.6416792590069,-0.0745708351405129,805.258716883368,467.970633005113,4.89533157431892,-16.7150354348394,9.30404015575652
19.0323116489541,-0.15829961498437,805.505573442888,468.328038249616,4.78112464309004,-16.7914983608724,9.30376924342019
15.4238980048562,-0.240297502479592,805.747503198114,468.542658550292,4.70009185234907,-16.8683000860825,9.30349833402848
12.4512033040491,-0.321196077626544,805.986303875555,468.666594267368,4.64012839172004,-16.945316987077,9.30322742650693
10.2267160239635,-0.400796470687102,806.221489961324,468.643976450678,4.6083335977667,-17.0240180915057,9.30295652143451
8.6995048216993,-0.479187050414578,806.453307504851,468.484781168457,4.60278999682896,-17.1042887536965,9.30268561864449
7.27506623857286,-0.559825528130478,806.69188657129,468.272548231394,4.6,-17.1880780160102,9.30241471713286
6.03076735201225,-0.646393414849933,806.948285139117,467.938158459237,4.6,-17.2805479727129,9.3021438190606
4.87380380111823,-0.735577193665687,807.212578486206,467.542499437959,4.6,-17.3766878485321,9.30187292320175
3.80901025880993,-0.826249432302444,807.481412628104,467.096136980677,4.6,-17.4749229999645,9.30160202947739
2.87053290641421,-0.917212221085185,807.751257119193,466.599461628052,4.6,-17.5735851771232,9.3013311384013
2.03039125216314,-1.00737165868768,808.018820333372,466.074890800521,4.6,-17.6711411317974,9.30106024922384
1.34384193834132,-1.09487146331496,808.278634171637,465.522108380846,4.6,-17.7650061325868,9.30078936278944
0.774493165544643,-1.17939316675952,808.529708013331,464.958154448024,4.6,-17.8547291041427,9.30051847829795
0.354079258128641,-1.25927775909184,808.767134667948,464.389296092057,4.6,-17.9379970643773,9.30024759614045
0.0909074837289079,-1.33331330269779,808.987312316787,463.825632530876,4.6,-18.0131178617716,9.29997671629618
0.00687521991661735,-1.39982595245716,809.185284122997,463.277557773431,4.60050089046806,-18.0774603794075,9.29970583901902
0,-1.46461451138,809.378283855297,462.722685070655,4.60767350175879,-18.1355601212085,9.29943496399598
0,-1.53144372845836,809.577500296755,462.135267850149,4.62628935929018,-18.1907877396343,9.29916409137031
0,-1.59910692835692,809.779302098996,461.513334455049,4.65438661737346,-18.2436955128806,9.29889322094586
0,-1.66625391145802,809.979645069463,460.85436711913,4.69060143802582,-18.2942801452112,9.29862235272519
0,-1.73153447814788,810.174485015612,460.155842829991,4.73356998323076,-18.3425383409,9.29835148671085
0,-1.79165031175943,810.353976866757,459.397448613881,4.78334522737281,-18.3875523764948,9.29808062377211
0,-1.84854780988999,810.523881201024,458.611454811031,4.83503304278558,-18.4311707981089,9.29780976215606
0,-1.89714227303861,810.669032486022,457.761697630254,4.88986920488285,-18.4716686519833,9.29753890349704
0,-1.93762093357706,810.789958755829,456.861992794476,4.94480210947173,-18.5099173974985,9.29726804696838
0,-1.9727439031266,810.894898720672,455.929327052837,4.99979885529918,-18.5466819362196,9.29699719184555
0,-1.98798116910978,810.940434572126,454.893395339438,5.05039574892086,-18.5791818555119,9.29672634076027
0,-1.99804138849345,810.970499432364,453.691467552723,5.10071560518966,-18.6100773475426,9.29645549095517
0,-1.99984452383974,810.975888548856,452.214442103481,5.15065817499456,-18.6383771280686,9.29618464320891
0,-2,810.976353227862,449.935835521218,5.20776914609896,-18.6627503475293,9.29591379808114
0,-2,810.976353227862,447.020679879199,5.27048529662292,-18.6841629349482,9.29564295536398
0,-2,810.976353227862,443.649389482722,5.33640523050328,-18.7034400405109,9.29537211513164
0,-2,810.976353227862,440.044333169308,5.40265151421984,-18.7215749821227,9.29510127735938
0,-2,810.976353227862,436.406033340168,5.46576956472882,-18.7394322849087,9.2948304428004
0,-2,810.976353227862,432.767733511028,5.52888761523779,-18.7572895876948,9.29455960824142
0,-2,810.976353227862,429.707743874374,5.57918719377562,-18.7775365692291,9.29428877843021
0,-2,810.976353227862,426.700908506303,5.62830858712697,-18.7980031934874,9.29401794905539
0,-2,810.976353227862,424.54313371133,5.66283348673589,-18.822131554073,9.29374712284186
0,-2.0001811002116,810.976896554972,422.750589908357,5.69081817571266,-18.8479454894125,9.29347629794515
0,-2.00671427864606,810.99649704538,422.466976746166,5.68369378362546,-18.88414086886,9.29320547715726
0,-2.01894590539995,811.03319384131,422.346848889042,5.6640108960171,-18.9244268740921,9.29293465703797
0,-2.06336381446717,811.166455648789,422.740160431502,5.5798649865954,-18.9858291420861,9.29266383992362
0,-2.13324224394427,811.376106875417,423.35544484669,5.44806024108718,-19.0623420753575,9.29239302529279
0,-2.2209421395443,811.639231453769,424.122342728953,5.28351027060621,-19.1485036806925,9.29212221298276
0,-2.32125336662489,811.940201080744,424.991468091996,5.09662755606547,-19.2402247624546,9.29185140311085
0,-2.42771088870013,812.259621384593,425.903680206311,4.90000000332134,-19.3329336679175,9.29158059550741
0,-2.5359036911648,812.584258259443,426.82035374965,4.70193771433302,-19.4239320228128,9.29130978979264
0,-2.63914448928712,812.894057666848,427.673367168745,4.51671594907484,-19.5065951101772,9.2910389869806
0,-2.73127464414508,813.170542264485,428.4091592434,4.35594742532147,-19.5771400726715,9.29076818655068
0,-2.81148645909089,813.411285870376,429.023831192931,4.22063834221618,-19.6358517383351,9.29049738794465
0,-2.85869643211638,813.553053663023,429.312973445702,4.15420203486962,-19.6642516290681,9.29022659284885
0,-2.8962623990566,813.665895879722,429.500165278302,4.1119484552682,-19.6842462919625,9.2899557989946
0,-2.91327837978813,813.717101012066,429.467094035173,4.12297361870924,-19.6864961950142,9.2896850078953
0,-2.92790841027773,813.761143864315,429.375499599052,4.15683195967169,-19.6873656239829,9.2894142189403
0,-2.94071018334552,813.799696423852,429.23283792098,4.21078008788371,-19.6873656239829,9.28914343207965
0,-2.95241079393353,813.834936259782,429.042118215163,4.28403842002338,-19.6873656239829,9.28887264773491
0,-2.96274690342596,813.866069547773,428.80324051367,4.37355457349917,-19.6873656239829,9.28860186624379
0,-2.97173526602709,813.893145347395,428.526500102915,4.47259247443282,-19.6873656239829,9.28833108734632
0,-2.97942694235769,813.91631707502,428.215504552118,4.57932761117582,-19.6873656239829,9.28806031089388
0,-2.98711861868829,813.939488802644,427.904509001321,4.68606274791882,-19.6873656239829,9.28778953444144
0,-2.99160238534112,813.952998302299,427.536025002081,4.79346960889854,-19.6873656239829,9.28751876340564
0,-2.99562243672599,813.965111090985,427.15923083393,4.90097357011353,-19.6873656239829,9.28724799315284
0,-2.99864776890666,813.974226754941,426.752244766617,5.00528840996115,-19.6884509775327,9.28697722465763
0,-2.99923728933792,813.976003230506,426.27132649572,5.10179391098826,-19.692194083057,9.28670646046633
0,-2.99982680976918,813.977779706072,425.790408224822,5.19829941201537,-19.6959371885813,9.28643569627504
0,-3,813.978301601831,425.081674795925,5.30675421843371,-19.7110029249026,9.28616493570861
0,-3,813.978301601831,424.278171975434,5.4201798459854,-19.7307787904411,9.28589417665009
0,-3,813.978301601831,423.236129368921,5.5407206262341,-19.7594064187397,9.28562342137537
0,-3,813.978301601831,422.150330885486,5.66204995540868,-19.7894648476304,9.28535266682973
0,-3,813.978301601831,420.847396284568,5.77762260285141,-19.8230128455172,9.28508191655733
0,-3,813.978301601831,419.509796114978,5.88916390562274,-19.8559558209349,9.28481116717803
0,-3,813.978301601831,418.039932978159,5.98532402099231,-19.8865903943827,9.28454042120633
0,-3,813.978301601831,416.520097872343,6.06620229630223,-19.9128165329549,9.28426967716383
0,-3,813.978301601831,414.916910976609,6.12159090715143,-19.9316895304562,9.28399893633917
0,-3,813.978301601831,413.313724080875,6.17697951800064,-19.9505625279576,9.28372819551452
0,-2.99980215122104,813.97770569207,411.638128285537,6.19849424335436,-19.9580574633977,9.28345745797862
0,-2.99792874916376,813.972063106964,409.743870384591,6.2,-19.9585940855875,9.28318672316437
0,-2.99245340084629,813.955571655626,407.422149413767,6.2,-19.9585940855875,9.28291599092625
0,-2.98413184682403,813.930507587505,404.765558436666,6.2,-19.9585940855875,9.2826452611613
0,-2.973831830208,813.899484497656,401.878710999878,6.2,-19.9585940855875,9.28237453374198
0,-2.96228559723016,813.864707871905,398.849579667976,6.2,-19.9585940855875,9.28210380847867
0,-2.95000000020749,813.827704321864,395.741153742605,6.2,-19.9585940855875,9.28183308574737
0,-2.93761823978388,813.790411132889,392.628773204955,6.2,-19.9585940855875,9.28156236489573
0,-2.92604447916161,813.75555159537,389.626710442419,6.2,-19.9585940855875,9.28129164702897
0,-2.91582123746369,813.724759747399,386.797670725637,6.2,-19.9585940855875,9.28102093136999
0,-2.9079361593624,813.701010321013,384.263210417039,6.2,-19.9585940855875,9.28075021830361
0,-2.90255417770677,813.684800084982,382.04142173697,6.2,-19.9585940855875,9.28047950734387
0,-2.90004102519644,813.677230629921,380.172656639159,6.19983626973399,-19.9586281391518,9.28020879843341
0,-2.90633877527287,813.696204126507,378.597506655645,6.16639696307961,-19.9656035127972,9.27993809237355
0,-2.92359191313918,813.748188334585,377.004956705289,6.07778421071453,-19.9846608662603,9.27966738871448
0,-2.94997077812277,813.827677209058,375.42156902614,5.94721441616584,-20.0137617123669,9.27939668732452
0,-2.98464799520911,813.932185393678,373.875607663627,5.78325747003339,-20.0519600212648,9.27912598831918
0,-3.02612776499952,814.05721267099,372.393745515818,5.59741321836587,-20.0975751812517,9.27885529163805
0,-3.07347711621722,814.199957627462,371.011735454439,5.40000000113247,-20.1495355532393,9.27858459745547
0,-3.12481067233567,814.354742504722,369.744014853603,5.20238164175309,-20.205746102387,9.2783139054843
0,-3.17927021189045,814.518993321543,368.633745774205,5.01575681678281,-20.2652083533062,9.27804321599998
0,-3.23534914574917,814.688177163049,367.706747024881,4.85157339656595,-20.3262305749772,9.27777252893258
0,-3.2916202810551,814.85800477501,367.004030362283,4.72341112213335,-20.3871898466152,9.27750184440021
0,-3.34690650137123,815.024925914742,366.515735135215,4.63528019878518,-20.4468010961339,9.27723116201571
0,-3.40003657424144,815.185424730114,366.285664908661,4.6001950626231,-20.5037150463581,9.27696048198331
0,-3.46094414960182,815.369669021581,366.25791371313,4.6,-20.5679389936608,9.2766898048708
0,-3.53069346172182,815.580806147579,366.272062718872,4.6,-20.6408984498168,9.27641912942439
0,-3.61258854737649,815.828906141141,366.348928971041,4.6,-20.7257756068511,9.27614845707048
0,-3.69887481800256,816.090389638699,366.454516847421,4.6,-20.8148816417315,9.27587778659969
0,-3.78808308655074,816.360811743652,366.589215849339,4.6,-20.9066699074067,9.2756071186444
0,-3.87609500210546,816.627669132499,366.740900646899,4.6,-20.9969795487303,9.27533645330422
0,-3.95995568288069,816.881977592667,366.896893924519,4.6,-21.0828779763572,9.27506579014483
0,-4.03717803268058,817.11618478247,367.049460311537,4.6,-21.1618584776037,9.27479512916836
0,-4.10269825125376,817.31492498451,367.186237482461,4.6,-21.2287729883062,9.27452447080391
0,-4.15172969350303,817.463664695264,367.292910372192,4.6,-21.2787904157386,9.27425381511974
0,-4.18387268208193,817.561178036025,367.364568413344,4.6,-21.3115568359788,9.27398316164764
0,-4.19808235754439,817.604287215455,367.392741186789,4.6,-21.3263122788948,9.27371251038817
0,-4.19801284001094,817.604067891868,367.366613392722,4.6,-21.327986670552,9.27344186136389
0,-4.1921957235196,817.586390384955,367.26507399073,4.6,-21.327986670552,9.27317121538476
0,-4.1839529987351,817.561341750538,367.121186657763,4.6,-21.327986670552,9.27290057161841
0,-4.17381754820258,817.530541353621,366.944247480979,4.6,-21.327986670552,9.27262993006712
0,-4.1623222545015,817.495608559312,366.743553599737,4.6,-21.327986670552,9.27235929073315
0,-4.15000000020835,817.458162732713,366.528399646425,4.6,-21.327986670552,9.27208865406762
0,-4.13769425853567,817.420767085952,366.313513102082,4.6,-21.327986670552,9.2718180198055
0,-4.12609701889054,817.385524490364,366.110979524745,4.6,-21.327986670552,9.27154738795552
0,-4.11590193698261,817.354542880976,365.932917910232,4.6,-21.327986670552,9.27127675852065
0,-4.10780266844495,817.329930192581,365.791450506238,4.6,-21.327986670552,9.27100613150385
0,-4.10205209215951,817.312454893232,365.691001841345,4.6,-21.327986670552,9.27073550660025
0,-4.10047924324344,817.307675023886,365.666417774639,4.6050622972238,-21.327986670552,9.27046488473657
0,-4.10101719511573,817.309308884419,365.690970419876,4.63161133258791,-21.327986670552,9.27019426457642
0,-4.10421095466102,817.319011302603,365.797199673341,4.72557821689847,-21.327986670552,9.26992364758308
0,-4.10899200283661,817.333536339977,365.947099694457,4.85849606010834,-21.327986670552,9.26965303285454
0,-4.11515943478582,817.352273952945,366.129130669166,5.02032873369899,-21.327986670552,9.26938242029098
0,-4.12271456782676,817.37522861047,366.335549298439,5.20450144465284,-21.327986670552,9.26911181013606
0,-4.13148530517848,817.401877914801,366.553625549964,5.39999999887574,-21.327986670552,9.2688412023927
0,-4.14132566491175,817.431778893824,366.769990457211,5.59529642271909,-21.327986670552,9.26857059714336
0,-4.15190478439224,817.463926193921,366.977243334796,5.78371572958695,-21.327986670552,9.26829999386311
0,-4.1634317421474,817.498957173119,367.145807381411,5.94036850132398,-21.327986670552,9.26802939394874
0,-4.17534680810397,817.535170144158,367.27818283323,6.06671967262337,-21.327986670552,9.26775879604542
0,-4.18762582228981,817.572492335121,367.365253332702,6.15713118774934,-21.3280657566109,9.26748820017398
0,-4.20035009316685,817.611172832127,367.380146782821,6.19400356986824,-21.3284141547513,9.26721760685648
0,-4.21803398939872,817.664955954388,367.133553570954,6.18155336863658,-21.3350051765634,9.26694701702086
0,-4.23644834957472,817.720963422727,366.848448059309,6.16183883467986,-21.342515624982,9.26667642769805
0,-4.26244044549157,817.800045938409,366.207888293284,6.11686518153991,-21.3605243091938,9.26640584281039
0,-4.28894791882077,817.880697993295,365.54256260646,6.07017360368895,-21.3792898779916,9.2661352582786
0,-4.31944530877057,817.973506432292,364.665190653829,6.01018230374453,-21.4053895696758,9.26586467836684
0,-4.34995578707341,818.066356049865,363.782232836127,5.95014737595657,-21.4318670991091,9.26559409891769
0,-4.38058542865135,818.159580578925,362.848418354184,5.8897152372509,-21.4617846628614,9.26532352368037
0,-4.41043838595899,818.2504439875,361.936054843974,5.83187204611767,-21.4917053630632,9.26505294935336
0,-4.43662337141204,818.330156760198,361.124995767988,5.78625542785587,-21.5216408754727,9.26478237932542
0,-4.46280835686509,818.409869532896,360.313936692002,5.74063880959408,-21.5515763878822,9.26451180929748
0,-4.48102502792244,818.465343805897,359.768884826477,5.72662147137483,-21.5778605311654,9.26424124396185
0,-4.49730457068617,818.514925605129,359.28850035083,5.72028604132194,-21.6032570123793,9.26397067976695
0,-4.51066240277339,818.555613967123,358.875285218093,5.7551279085234,-21.627655189976,9.26370011801769
0,-4.52021191446266,818.584710127769,358.549622347385,5.84364255801865,-21.6507521230454,9.26342955945623
0,-4.52959551315487,818.61330096458,358.226250429517,5.93713459743721,-21.6738500471504,9.26315900127435
0,-4.53654543219669,818.634479504851,357.936483144213,6.10363702653627,-21.6969625081713,9.26288844866038
0,-4.5434953512385,818.655658045123,357.64671585891,6.27013945563532,-21.7200749691923,9.26261789604639
0,-4.55007426721302,818.675709679999,357.396789056924,6.4477719768166,-21.743197917822,9.26234734745043
0,-4.55648922587884,818.695263301807,357.16446895148,6.63032321728693,-21.7663255012386,9.26207680063014
0,-4.56326963195203,818.715932201639,356.952359059679,6.80191103553829,-21.7894569183621,9.261806255279
0,-4.57117759587305,818.740042199869,356.802606115936,6.93967211836137,-21.8126001640724,9.26153571446082
0,-4.57908555979407,818.764152198098,356.652853172193,7.07743320118445,-21.8357434097826,9.26126517364264
0,-4.59045411608499,818.798819463248,356.585473557365,7.13415411750564,-21.8592759163416,9.26099463764653
0,-4.6027093885445,818.836191843093,356.539200664971,7.17010991090516,-21.8829081641736,9.260724102886
0,-4.61929025801575,818.886773794186,356.517705319766,7.18266832562058,-21.9081802055703,9.26045357017214
0,-4.64400085512032,818.962182426106,356.542778045866,7.15125262173008,-21.9365341510418,9.2601830413049
0,-4.66871145222488,819.037591058025,356.567850771966,7.11983691783957,-21.9648880965133,9.25991251243767
0,-4.70129021758441,819.137036738645,356.62425763379,7.06571914152189,-21.9952226630436,9.25964198908747
0,-4.73475736119164,819.23919639163,356.684202366653,7.00903812218899,-22.0257808573114,9.25937146636019
0,-4.76778945591326,819.340032756287,356.747583027324,6.95078990003897,-22.0546631357365,9.25910094632057
0,-4.80028940497637,819.439250493332,356.815166466412,6.89062469751564,-22.0814954575494,9.25883042956847
0,-4.83278935403948,819.538468230377,356.8827499055,6.83045949499231,-22.1083277793623,9.25855991281636
0,-4.85515470894229,819.606749952682,356.932341573015,6.78736254630133,-22.1258531138245,9.25828940186552
0,-4.87644604256614,819.671753207434,356.980026548934,6.74607441871566,-22.1423921332651,9.25801889152946
0,-4.89107678868643,819.716420826893,356.991072344175,6.72103569182145,-22.1540526977473,9.25774838340698
0,-4.89379182199054,819.724708233655,356.936571075508,6.72506695191731,-22.1569857636058,9.25747787924456
0,-4.89650685529465,819.732995640417,356.882069806841,6.72909821201318,-22.1599188294643,9.25720737508214
0,-4.89056811693078,819.714853057029,356.519702675043,6.79431883069224,-22.1604675269752,9.25693687605307
0,-4.88263794843435,819.690628330408,356.086488590015,6.87362051565654,-22.1604675269752,9.2566663782053
0,-4.8736485909056,819.663168040161,355.59201305819,6.96351409094403,-22.1604675269752,9.25639588202735
0,-4.86175588915119,819.626838742882,354.929613706929,7.08244110848813,-22.1604675269752,9.25612539042653
0,-4.84986318739678,819.590509445603,354.267214355667,7.20136812603223,-22.1604675269752,9.25585489882571
0,-4.83862179035314,819.556169725037,353.618681717221,7.31378209646857,-22.1604675269752,9.25558441225225
0,-4.82763157894077,819.522597315184,352.97549698883,7.42368421059229,-22.1604675269752,9.25531392761766
0,-4.8166413675284,819.489024905331,352.33231226044,7.53358632471602,-22.1604675269752,9.25504344298307
0,-4.81039279064864,819.469937448323,351.896412958535,7.5969898556677,-22.1604675269752,9.25477296319089
0,-4.80688826427461,819.459232636983,351.580472644499,7.63348400341166,-22.1604675269752,9.25450248620107
0,-4.80338373790058,819.448527825644,351.264532330464,7.66997815115562,-22.1604675269752,9.25423200921126
0,-4.80896560928994,819.465587553462,351.055539552207,7.63275793032545,-22.1604675269752,9.25396153638037
0,-4.82212790205891,819.505810135441,350.935768862596,7.53404073455814,-22.1604675269752,9.25369106701911
0,-4.83529019482789,819.546032717419,350.815998172985,7.43532353879084,-22.1604675269752,9.25342059765785
0,-4.85326853879186,819.600972645183,350.701362725532,7.30048595906105,-22.1604675269752,9.25315013178247
0,-4.87697083230715,819.673404360594,350.592830590909,7.1227187576964,-22.1604675269752,9.25287967005013
0,-4.90067312582243,819.745836076004,350.484298456286,6.94495155633174,-22.1604675269752,9.25260920831779
0,-4.9230323111975,819.814163394239,350.389992608736,6.77725766601875,-22.1604675269752,9.25233874963224
0,-4.94309161330766,819.875462511172,350.320047271395,6.62681290019258,-22.1604675269752,9.25206829616387
0,-4.96315091541781,819.936761628105,350.250101934054,6.4763681343664,-22.1604675269752,9.25179784269551
0,-4.98321021752797,819.998060745039,350.180156596712,6.32592336854023,-22.1604675269752,9.25152738922714
0.027562715127103,-4.99235558752435,820.026007691394,350.150538505836,6.25810787603211,-22.1604675269752,9.25125694119434
0.0626809743279372,-4.99850920962061,820.044812077099,350.131974996725,6.21294287762284,-22.1604675269752,9.25098649465154
0.465813504037261,-4.99762460939073,820.042103967351,350.137724584174,6.23059039231187,-22.1604675269752,9.25071605108072
1.52496692164285,-4.99216218525401,820.025399492417,350.162821946554,6.29845758014428,-22.1604675269752,9.25044561025279
3.1492247296305,-4.98368649189831,819.99948197365,350.202278588544,6.3998141382053,-22.1604675269752,9.2501751716428
5.45709391358153,-4.97138854413234,819.961880968596,350.260842739337,6.53680814084977,-22.1604675269752,9.24990473614661
8.13959375764787,-4.95687029113075,819.917495201107,350.331111122708,6.68987309739079,-22.1604675269752,9.24963430266244
11.2370160765362,-4.93975112197049,819.865163786145,350.415734589215,6.85683330724793,-22.1604675269752,9.24936387175165
14.6765694169905,-4.92025909844056,819.80558675302,350.514435306376,7.02896803790511,-22.1604675269752,9.24909344351793
18.3488611993539,-4.89890444105296,819.740325343931,350.625151669763,7.19778238552451,-22.1604675269752,9.24882301770971
22.1850911914261,-4.87594187731317,819.67016029995,350.747236656282,7.35611213913977,-22.1604675269752,9.24855259432969
26.1180797131481,-4.8515445351411,819.595624117477,350.880800557152,7.49488059742268,-22.1604675269752,9.24828217356445
30.0681602189662,-4.82611745574775,819.517955543691,351.024013069954,7.60882256540182,-22.1604675269752,9.24801175514935
34.0799986725704,-4.79819409523534,819.43269270061,351.228528966689,7.6941621619824,-22.1558557969703,9.24774133918458
38.3813077956306,-4.76371964726554,819.327490854687,351.624812675438,7.75641927908043,-22.1348841752353,9.24747092566501
43.2710310620059,-4.71798889892173,819.188026547956,352.3546450405,7.80697692193024,-22.0845175392803,9.24720051465059
48.8091488662404,-4.66026384704163,819.012063640191,353.4258165559,7.85028497168188,-22.0032957704977,9.24693010637805
54.8287389045411,-4.59374582003589,818.809363880086,354.720810065563,7.88865178518699,-21.9006328976622,9.24665970076751
61.1482313748906,-4.5218247129019,818.590248218568,356.135853810563,7.92422868630583,-21.785572604677,9.24638929722283
67.7104069411303,-4.44559740272186,818.358061254974,357.630741408305,7.95780498293186,-21.6613353598416,9.24611889571382
74.5022221922326,-4.36559684284531,818.11447646667,359.12192051313,7.99066220098376,-21.5323205085754,9.24584849779368
81.2857185855293,-4.28623180351276,817.872910941325,360.481790503949,8.0254877925737,-21.4099412009383,9.2455781024942
88.0652936941475,-4.20716633138407,817.632297241949,361.77976492822,8.0612412222367,-21.2906897091835,9.24530770843003
94.571635562576,-4.13405075024447,817.409947769617,362.696864700195,8.10353645923742,-21.1960418905636,9.2450373181484
101.013286992803,-4.06234385955216,817.19192251805,363.523788957143,8.14738052822875,-21.1072192138457,9.24476692876232
106.988048179091,-4.00267449700631,817.010737814197,363.593257100826,8.20775549469693,-21.0612145059468,9.24449654384988
112.954828322856,-3.94416523769641,816.833103775691,363.545265254278,8.27146620618762,-21.0191296013221,9.24422615952687
119.246982143083,-3.89068087133053,816.670851090842,362.556155032501,8.36657088845973,-20.9920127089958,9.24395577929626
125.648036478031,-3.83846903401387,816.512504354874,361.233977948162,8.47241106952918,-20.9679272001904,9.24368540098628
132.133002509111,-3.78736377774807,816.357555309611,359.626910896859,8.5872849802726,-20.9464402525107,9.24341502439624
138.542240974596,-3.73815173919836,816.208441817951,357.628837584544,8.71147983664566,-20.9286366756277,9.2431446517608
144.78298638691,-3.68949090751316,816.061042391069,355.581442536827,8.8342916844888,-20.9113963407521,9.24287428095258
150.861180794364,-3.64132543126279,815.915184494318,353.494633696117,8.95554928004469,-20.8946234776824,9.24260391183779
156.253919440542,-3.59365276598663,815.770914048059,351.599666213772,9.06060904988964,-20.8764947316184,9.24233354682477
161.116942389635,-3.54580435644955,815.626157072616,349.977991702061,9.14978818351991,-20.8561578923963,9.2420631839217
165.468736391393,-3.4977863360174,815.480930547554,348.620072405572,9.22364090530372,-20.8336900210997,9.24179282305496
168.933981937016,-3.44883320352609,815.332933393074,347.838386053691,9.26834244924586,-20.8054964292038,9.24152246500302
171.751046866273,-3.39919638419658,815.182910553172,347.477999883003,9.29173074370856,-20.7731166012579,9.24125210900906
174.074813498349,-3.34654776002391,815.023883822778,347.701407074897,9.3,-20.7233465779983,9.24098175615464
176.128773942935,-3.29225184943884,814.859932475006,348.244116121959,9.3,-20.6640651043158,9.24071140501737
178.04970155771,-3.23546839653897,814.688574271356,349.15098140295,9.3,-20.5868071141576,9.24044105734938
179.917657842571,-3.17769444809886,814.514266788141,350.202847282931,9.3,-20.5023911917333,9.24017071106281
181.575862849496,-3.1202277048215,814.340968069042,351.446279330973,9.3,-20.4106732737307,9.23990036858781
183.176276656408,-3.06284560348376,814.16794728717,352.742492171785,9.3,-20.3169434915283,9.23963002716297
184.479004629059,-3.00909778191128,814.005952435163,354.020798219413,9.3,-20.228762456718,9.23935968989347
185.730337642937,-2.95597741262981,813.845861191408,355.296012689304,9.3,-20.1415394038157,9.2390893533414
186.477292498949,-2.91280561026071,813.715823500899,356.196649952367,9.3,-20.0825780791291,9.23881902234332
187.181309749456,-2.87048072728091,813.588344262997,357.065399537331,9.3,-20.026022669366,9.23854869181805
187.752726963604,-2.83046742782922,813.467837617167,357.818677288334,9.29836457216113,-19.9763742799195,9.23827836227497
187.500085363099,-2.80481974119673,813.390662980255,357.854341490861,9.28656558205361,-19.9696503958596,9.23800803883575
187.247443762594,-2.77917205456425,813.313488343343,357.890005693388,9.27476659194609,-19.9629265117996,9.23773771539654
186.64943580036,-2.75551210979553,813.242302454095,357.799149309055,9.25219941848955,-19.9585940855875,9.23746739356887
185.214671721842,-2.7362597542737,813.184395092286,357.426787386234,9.20392977009769,-19.9585940855875,9.23719707571718
183.341336862531,-2.718644464014,813.131418701755,356.953065673656,9.14368877259042,-19.9585940855875,9.23692676019361
181.027988058603,-2.70256053965318,813.083056217127,356.398603479445,9.0740171018537,-19.9585940855875,9.23665644738737
178.321488219939,-2.68766182365369,813.038267002828,355.806543838689,9.0001709202158,-19.9585940855875,9.23638613763787
175.399900803397,-2.67330427690384,812.99511091851,355.214155796316,8.92653170488654,-19.9585940855875,9.23611582992905
172.258834184086,-2.65925925948794,812.952902171073,354.666677720732,8.85867066180434,-19.9585940855875,9.23584552512586
169.013188328178,-2.64520838207103,812.910680443772,354.169818382171,8.79715765873334,-19.9585940855875,9.23557522223883
165.668923877255,-2.63086888097537,812.867597100918,353.774137627379,8.74820605190648,-19.9585940855875,9.23530492213115
162.329721013122,-2.61564091150921,812.82184787142,353.543804541058,8.71958918433199,-19.9585940855875,9.23503462498352
158.854110421923,-2.599610901205,812.773693451532,353.412304344607,8.70291491550538,-19.9572272536393,9.23476433021769
155.012511011141,-2.5821592189389,812.721276872141,353.411564490608,8.70175912272591,-19.9522334773487,9.23449403941803
151.170911600359,-2.5647075366728,812.668860292751,353.41082463661,8.70060332994643,-19.947239701058,9.23422374861836
146.833256001336,-2.54679584566693,812.615071746623,353.418534936356,8.7,-19.9370524795842,9.23395346119391
141.953870650411,-2.52838179136761,812.55978491216,353.435473423956,8.7,-19.9211936349411,9.23368317745543
137.074485299486,-2.50996773706828,812.504498077697,353.452411911556,8.7,-19.9053347902979,9.23341289371695
131.801474521272,-2.49211978298964,812.450921078543,353.469673929339,8.7,-19.8826898511405,9.23314261481095
126.345164621523,-2.47453544418063,812.398140296525,353.487086605069,8.7,-19.8568848387843,9.2328723381553
120.888854721775,-2.45695110537163,812.345359514507,353.504499280799,8.7,-19.8310798264281,9.23260206149964
115.363268584618,-2.44172614504323,812.299671572914,353.515016955367,8.7,-19.7973840022651,9.23233179121751
109.828819067343,-2.42680304967024,812.25489110758,353.52465246574,8.7,-19.76267860733,9.23206152175082
104.311864656618,-2.41215977471735,812.210951276523,353.531716861447,8.69978851287384,-19.7256501016146,9.23179125281639
98.9699704123525,-2.40031644894921,812.175423030499,353.513054076801,8.69746083563452,-19.6653760009817,9.2315209892079
93.588854406167,-2.38868301569958,812.140526169319,353.475256636073,8.69266387373171,-19.584091396879,9.231250726486
87.8867996232573,-2.37716049393516,812.105967689235,353.338564346513,8.67432819430553,-19.3917256445269,9.23098046713205
81.9227484751565,-2.36567072155837,812.071511072508,353.11994398608,8.64359794539607,-19.1073991655253,9.23071021087149
75.8700411130911,-2.35437875458813,812.037649466295,352.864092458044,8.60654090489421,-18.7819060714928,9.23043995652459
69.7653945336854,-2.34349337657119,812.005009138495,352.571629010923,8.56245708387023,-18.416651625071,9.23016970464848
63.7598309507398,-2.33358511287104,811.975300752255,352.259782917004,8.51175930668968,-18.0329266523736,9.22989945619648
57.9502607800432,-2.32474454749708,811.948794926397,351.953641026379,8.457859284231,-17.6592201618391,9.22962921050118
52.2636459356768,-2.31640867492826,811.923802515536,351.659487171477,8.40383625757926,-17.3006845117572,9.22935896576866
47.1113797401525,-2.31026613490184,811.905387219165,351.417431837901,8.34927866990988,-17.0080794589063,9.22908872522026
42.1479489940475,-2.30478171725471,811.888945038631,351.199747648563,8.29586832381221,-16.7450693990499,9.22881848560737
38.037020877259,-2.30226841048997,811.881410541721,351.092087634269,8.24763723012376,-16.615666717575,9.22854825021782
34.0611522940268,-2.30120924190338,811.878237262766,351.054658649219,8.19969271673717,-16.5079519097038,9.22827801569245
30.7192753345668,-2.30697603665668,811.895536256895,351.346905645546,8.15309345833658,-16.5020435411122,9.22800778522362
27.4118012149247,-2.31509199711225,811.919882006148,351.757637124699,8.10491935373611,-16.4985295470411,9.22773755567396
24.2308021160014,-2.33132516077155,811.968576975364,352.578265349963,8.05153118317782,-16.4985295470411,9.227467329637
21.204985670835,-2.35245298817656,812.031954572406,353.646140843249,7.99629629660572,-16.4985295470411,9.22719710675414
18.3039295895092,-2.37549230076645,812.101066092556,354.810474416524,7.94135611738761,-16.4985295470411,9.22692688585563
15.5839427818107,-2.39999999972539,812.174582362793,356.048802511418,7.88799188043066,-16.4985295470411,9.22665666748129
13.0758319075081,-2.42466015252675,812.248555952091,357.29460914848,7.83784850145824,-16.4985295470411,9.22638645163392
10.9024478480204,-2.44725754396295,812.316341831877,358.435945906268,7.79481910280716,-16.4985295470411,9.22611623915104
8.9283023229859,-2.46772959344263,812.37775227781,359.469833488989,7.75681334687862,-16.4985295470411,9.22584602842624
7.27023636104431,-2.48417891098466,812.427095648465,360.300444505823,7.72734972704239,-16.4985295470411,9.22557582031312
5.93952836993603,-2.49557421089467,812.461278374025,360.875789604309,7.70751364944331,-16.4985295470411,9.22530561466298
5.02355825305597,-2.49934328460205,812.472584287038,361.051347238586,7.7030471959694,-16.4961822095709,9.22503541199584
4.3076198243178,-2.49779764017047,812.467945629141,360.850394689553,7.72182345696215,-16.4765917503757,9.2247652116658
3.64985785815241,-2.4920608577573,812.450730497244,360.192454779964,7.77939142242701,-16.4159916645124,9.22449501436497
3.03118736362961,-2.48381111189675,812.425974417492,359.241543378629,7.86188888103252,-16.3250060894115,9.2242248195112
2.45454462860613,-2.47366444592182,812.39552600413,358.06188698778,7.96335554078177,-16.2070193384822,9.22395462709119
1.93695114317279,-2.46215524743266,812.360988863169,356.703970665381,8.07844752567343,-16.0612204753983,9.22368443767836
1.47450629658813,-2.44989202983985,812.324189039529,355.236544429198,8.20107970160154,-15.8934767279451,9.22341425090995
1.0281245999923,-2.43778266941064,812.287850914985,353.778281564243,8.32217330589364,-15.7222439223211,9.22314406479359
0.714426158256372,-2.42694418482236,812.255326472003,352.395709078864,8.43055815177645,-15.5221911408626,9.22287388406317
0.400727716520443,-2.41610570023407,812.222802029021,351.013136593486,8.53894299765926,-15.3221383594042,9.22260370333274
0.229139064066592,-2.40945488505723,812.20284406744,350.022596046508,8.60545114942767,-15.1131867299178,9.22233352747633
0.0894691335743227,-2.40374464586946,812.185708613922,349.120108254411,8.66255354130536,-14.9022363651055,9.22206335271467
0.0160577291178511,-2.40134209679419,812.178498650189,348.483178945457,8.69283292091228,-14.671732490466,9.22179318061343
0.00254931974789008,-2.40192996354025,812.180262121294,348.08633569731,8.69886215690158,-14.4235506825371,9.22152301091743
0,-2.40534760460581,812.190516158795,347.749580152704,8.7,-14.1010040510312,9.22125284404457
0,-2.41115461599928,812.207939424582,347.439949791513,8.7,-13.7132184900741,9.22098268002948
0,-2.41853516318979,812.230084219879,347.146003865035,8.7,-13.2879581944956,9.22071251830131
0,-2.42764285092677,812.257411878198,346.878728719969,8.7,-12.837023014814,9.22044235980846
0,-2.4376370296206,812.287400167392,346.634351596988,8.7,-12.3879693181805,9.22017220368266
0,-2.44831302881257,812.319435362687,346.419781684988,8.7,-11.9603117259939,9.21990205031323
0,-2.45925925923826,812.352282478389,346.231425965729,8.7,-11.5646915606292,9.21963189914133
0,-2.47025930988065,812.385292459611,346.07383862248,8.7,-11.2172458135127,9.21936175036766
0,-2.48096266214984,812.41741406652,345.954997342847,8.7,-10.9450969283849,9.21909160436351
0,-2.49078657379901,812.446899454697,345.885017311114,8.7,-10.7881893979678,9.21882146150472
0,-2.49999999999784,812.474555836297,345.897564229232,8.7,-10.7411356474429,9.21855132104979
0,-2.50926858500506,812.502381515116,346.077387318986,8.7,-10.8135572209028,9.21828118296703
0,-2.51911691705346,812.531951146764,346.491541224858,8.7,-11.0090036302556,9.21801104731426
0,-2.52974141384938,812.563854056909,347.173473693725,8.7,-11.3243772154057,9.21774091428378
0,-2.54074074067854,812.596884537689,348.0729904101,8.7,-11.732511485257,9.21747078381951
0,-2.55174115835999,812.629920119103,349.181657028642,8.7,-12.2232256343451,9.21720065643317
0,-2.56247551794246,812.662157626385,350.398009013004,8.7,-12.7515670003593,9.2169305310851
0,-2.57234427699465,812.691796647901,351.734323973817,8.7,-13.3113763279011,9.21666040897565
0,-2.581170366424,812.718304771486,353.116546495051,8.7,-13.8701614396303,9.21639028931512
0,-2.58905692908074,812.741991512,354.517280061965,8.7,-14.4189975699314,9.21612017152455
0,-2.594844580103,812.759374714732,355.89734102129,8.7,-14.9211061296626,9.21585005699751
0,-2.59845153384311,812.770208350813,357.20933626957,8.7,-15.3562576644912,9.21557994517444
0,-2.59996951795928,812.774767723068,358.436464497089,8.7,-15.718649333296,9.21530983564299
0,-2.6,812.774859278265,359.729056129355,8.7,-16.0350736625834,9.21503972921594
0,-2.6,812.774859278265,361.184639903321,8.7,-16.359291723164,9.21476962522969
0,-2.6,812.774859278265,362.770440546713,8.7,-16.6863174663114,9.2144995240002
0,-2.6,812.774859278265,364.411910865469,8.7,-17.0110511399772,9.21422942464314
0,-2.6,812.774859278265,366.086119010976,8.7,-17.32392645573,9.21395932847546
0,-2.6,812.774859278265,367.717260422361,8.7,-17.6189472346093,9.21368923475894
0,-2.6,812.774859278265,369.250125634775,8.7,-17.8878054730377,9.2134191437389
0,-2.6,812.774859278265,370.655492939689,8.7,-18.1288995335059,9.21314905498975
0,-2.6,812.774859278265,371.847674836899,8.7,-18.328698866297,9.21287896901864
0,-2.6,812.774859278265,372.715104009852,8.7,-18.4710837853335,9.21260888618839
0,-2.59998961701714,812.774828097673,373.353833592169,8.69994808508567,-18.5747108756044,9.21233880520971
0,-2.59971020209869,812.773989001345,373.496656006597,8.69855101049345,-18.5944423634415,9.21206872756298
0,-2.59764058967815,812.767773856531,373.166154004929,8.68820294839077,-18.5185982506235,9.21179865214367
0,-2.59236691767809,812.751936767975,372.240027283391,8.66183458839045,-18.3119154017923,9.21152857936265
0,-2.58427889012625,812.72764803546,370.819595842599,8.62139445063127,-17.9949338800333,9.2112585091906
0,-2.57406363961029,812.69697115092,369.025460199656,8.57031819805146,-17.5945834073195,9.21098844163047
0,-2.56237331817401,812.66186455805,366.972079402578,8.51186659087005,-17.1364227674137,9.21071837681754
0,-2.55000000007105,812.624706893613,364.798536977639,8.45000000035525,-16.6514944982716,9.21044831463156
0,-2.53763783158041,812.587582711993,362.626753645416,8.38818915790204,-16.1670031985955,9.2101782550755
0,-2.52598096304355,812.552576579776,360.578695031382,8.32990481521773,-15.7101536263013,9.20990819815234
0,-2.5170023367439,812.525613336742,359.001013879377,8.2850116837195,-15.3582682488681,9.20963814540244
0,-2.50813811161719,812.498993645886,357.443425117999,8.24069055808593,-15.0108664192042,9.20936809282865
0,-2.50414058445463,812.486988749637,356.71620906977,8.2199220414776,-14.8566481610281,9.20909804474045
0,-2.50146321487219,812.478948313896,356.214242839724,8.20554248830301,-14.7548335568555,9.20882799786902
0,-2.50115698213374,812.478028010721,356.033313945638,8.2,-14.7553110309596,9.20855795296694
0,-2.50461144014237,812.488399296176,356.095318273534,8.2,-14.9366883043212,9.20828791221305
0,-2.50948924830504,812.503044200206,356.185424311338,8.2,-15.1841296695349,9.20801787349788
0,-2.51644113704014,812.52391706451,356.320777775548,8.2,-15.5132416503691,9.20774783820031
0,-2.52433304765948,812.547612920989,356.479409188932,8.2,-15.8699572368983,9.20747780473978
0,-2.53335964932829,812.574716659254,356.668424076519,8.2,-16.2522312199256,9.20720777373433
0,-2.54359230024027,812.605443527357,356.897463280134,8.2,-16.6354119985777,9.20693774614219
0,-2.55444425477381,812.638031824253,357.154997926452,8.2,-16.9920778241764,9.2066677211287
0,-2.56572424119478,812.671908918313,357.451019900012,8.2,-17.266592666872,9.20639769985127
0,-2.57719239062885,812.706353054712,357.767988517522,8.2,-17.4913150696128,9.20612768063495
0,-2.58866054006291,812.740797191111,358.084957135032,8.2,-17.7160374723536,9.20585766141863
0,-2.59999600149685,812.77484737391,358.452200523385,8.19943358037719,-17.8082730839166,9.20558764590736
0,-2.61126484599145,812.808700389823,359.129677782557,8.18874273978848,-17.7945870614596,9.2053176339331
0,-2.62293632678328,812.843764037972,360.327224817492,8.16054244167566,-17.74692794988,9.20504762477876
0,-2.63515620504254,812.880477725766,361.924413032457,8.11967836359334,-17.6740503139326,9.20477761811859
0,-2.64808685587661,812.919330851512,363.859426671313,8.0689782094693,-17.5779221489967,9.20450761397868
0,-2.6618881957651,812.960805428057,366.06604635087,8.01142191927045,-17.4607614475491,9.2042376123636
0,-2.67672726462522,813.005404923828,368.478451876856,7.95000000104502,-17.3247097494981,9.20396761329135
0,-2.69301224162691,813.054359146677,371.036630617858,7.88833887813729,-17.1697195834186,9.20369761720465
0,-2.71088903896138,813.108108102732,373.636239888775,7.83076194421075,-17.000116185686,9.2034276239339
0,-2.730382793041,813.166727880606,376.197313428258,7.78027821316233,-16.8198926153418,9.20315763320463
0,-2.75168653570538,813.230800261307,378.649987159925,7.74011863816137,-16.6312010494451,9.20288764506201
0,-2.77496962523237,813.300835719209,380.923654824705,7.71345868732723,-16.4364185312963,9.20261765950875
0,-2.80029610420887,813.377029377746,382.998611500181,7.70025281254759,-16.2363444011758,9.2023476761705
0,-2.83789035876954,813.490263050705,384.809044338276,7.7,-15.9650069827553,9.20207769603886
0,-2.89294387039611,813.656231546799,386.515618719643,7.7,-15.5813809789907,9.20180771851176
0,-2.96240065015851,813.865711322918,388.14109008669,7.7,-15.1070348114448,9.2015377436685
0,-3.04211945555537,814.106200416779,389.710634151935,7.7,-14.5706290538679,9.20126777143987
0,-3.12854774752956,814.366975920071,391.246337301624,7.7,-13.9973058749949,9.20099780191803
0,-3.21767284116244,814.63592415291,392.77279754456,7.7,-13.4148913474268,9.20072783505097
0,-3.30517500976703,814.900008724578,394.317560758872,7.7,-12.8546224034822,9.20045787113209
0,-3.38837636895069,815.151137179336,395.895212671967,7.7,-12.3325264640726,9.20018790943356
0,-3.46382382475982,815.378889717015,397.528162374894,7.7,-11.873940400883,9.19991795028992
0,-3.52756146735107,815.571325936672,399.241378408964,7.7,-11.5068712518987,9.19964799380655
0,-3.57196450391081,815.705435153261,401.083995903947,7.7,-11.2864491412365,9.19937804049959
0,-3.59827793017331,815.78496455979,403.065291885117,7.70134619191719,-11.1998077102687,9.19910808973808
0,-3.61325121208199,815.83026710273,405.255966212187,7.71229104275297,-11.1883028430103,9.1988381415433
0,-3.62468964021707,815.864886470626,407.680508204649,7.73859313012963,-11.1883028430103,9.19856819592203
0,-3.63417786677383,815.893604666099,410.308122425933,7.77952568291048,-11.1883028430103,9.19829825310312
0,-3.64225614647248,815.918056928104,413.062257137145,7.83046974549749,-11.1883028430103,9.19802831285606
0,-3.64923685507645,815.939188974173,415.889031687124,7.88848650565418,-11.1883028430103,9.19775837530615
0,-3.65550779194842,815.958174807095,418.724145330125,7.94999999931398,-11.1883028430103,9.19748844053909
0,-3.66148918179495,815.97628613492,421.517832193525,8.01169051831837,-11.1883028430103,9.19721850811227
0,-3.66759034965795,815.994762886392,424.169086970635,8.06886080211505,-11.1883028430103,9.19694857900611
0,-3.67414355026834,816.014609960063,426.664227485166,8.11960188070166,-11.1883028430103,9.19667865218033
0,-3.68150990054454,816.036920792154,428.934177884235,8.16032843124062,-11.1883028430103,9.19640872796105
0,-3.69004120433058,816.062760350463,430.923360724777,8.18787421914927,-11.1883028430103,9.19613880635098
0,-3.70013790391958,816.093341333504,432.58620858472,8.19926613241999,-11.1885178879431,9.1958688873523
0,-3.71350126636109,816.133824873644,434.027441659106,8.19259133001891,-11.1936646519781,9.19559897131768
0,-3.73064571616135,816.185776188635,435.454158350681,8.17304152634205,-11.2074770608631,9.19532905812836
0,-3.75036350188857,816.245533177492,436.852573108073,8.1436085835179,-11.2276866473713,9.19505914753849
0,-3.77180880377212,816.310531221066,438.201401476368,8.10587841359019,-11.252735235519,9.19478923955079
0,-3.79413580203981,816.378205700204,439.47938256942,8.06143692858727,-11.2810646493257,9.19451933416798
0,-3.8164463720224,816.445833578026,440.658557539344,8.01167389743864,-11.3111167127238,9.19424943154461
0,-3.83782500024792,816.510638769201,441.720474015956,7.95855121669821,-11.3411245198973,9.19397953155716
0,-3.85734681672316,816.569817025139,442.640129979364,7.9037037045225,-11.369416793294,9.1937096342598
0,-3.8740869514038,816.620564037512,443.394364318391,7.84886549218625,-11.3942897298901,9.1934397396555
0,-3.88712053430088,816.660075498163,443.960023487202,7.79577071094794,-11.4140395267351,9.19316984774723
0,-3.89540635903334,816.685194419549,444.309033128502,7.74626255743001,-11.4267837843477,9.19289995859456
0,-3.89917423834918,816.696617054557,444.464460551369,7.70085156716618,-11.4313445014518,9.19263007207029
0,-3.9,816.699120437269,444.497954945482,7.65833333375392,-11.4269656350575,9.19236018820291
0,-3.9,816.699120437269,444.497954945482,7.61666666703749,-11.4142444798193,9.19209030698633
0,-3.9,816.699120437269,444.497954945482,7.57500000031608,-11.3946639617069,9.19182042842019
0,-3.9,816.699120437269,444.497954945482,7.53333333359203,-11.3698634229744,9.19155055250394
0,-3.9,816.699120437269,444.497954945482,7.49166666686783,-11.3413495288336,9.19128067943322
0,-3.9,816.699120437269,444.497954945482,7.45000000014603,-11.3111167134055,9.19101080905904
0,-3.9,816.699120437269,444.497954945482,7.40833333342906,-11.280870452559,9.1907409413844
0,-3.9,816.699120437269,444.497954945482,7.36666666671944,-11.2523504171542,9.19047107643184
0,-3.9,816.699120437269,444.497954945482,7.32500000001893,-11.2269908917127,9.19020121406134
0,-3.9,816.699120437269,444.497954945482,7.28333333333278,-11.2077519024788,9.18993135484412
0,-3.9,816.699120437269,444.497954945482,7.24166666666101,-11.195372819273,9.18966149822187
0,-3.89942558728002,816.697378754094,444.517135940938,7.19907080295856,-11.1897137600029,9.18939164417851
0,-3.89665181398284,816.688968365336,444.609761684617,7.15313947288424,-11.1883028430103,9.18912179309187
0,-3.89150105891839,816.673350703814,444.781764256841,7.10365330055197,-11.1883028430103,9.18885194425593
0,-3.88344332988725,816.648918774308,445.050859697087,7.05084673607844,-11.1883028430103,9.18858209848957
0,-3.87377923523109,816.619616165786,445.373607714692,6.99620535510553,-11.1883028430103,9.18831225441942
0,-3.86207419147166,816.584125172866,445.76456316223,6.94180526274725,-11.1883028430103,9.18804241451309
0,-3.85001823096347,816.547570161383,446.167250108273,6.88785364810416,-11.1883028430103,9.18777257564048
0,-3.83791522627834,816.510872506729,446.571567648053,6.8397794246868,-11.1883028430103,9.18750274144882
0,-3.82641416170831,816.47600000137,446.955788769915,6.79489643631261,-11.1883028430103,9.18723290857654
0,-3.81649854247245,816.445934742381,447.287078094704,6.75841881681575,-11.1883028430103,9.18696307917936
0,-3.80894959933067,816.42304550821,447.539302683489,6.73112048244358,-11.1883028430103,9.1866932523399
0,-3.80390815292421,816.407759282682,447.707758070436,6.71354761390103,-11.1883028430103,9.18642342821033
0,-3.80059908248273,816.397725813519,447.788828054457,6.70728401066373,-11.1883028430103,9.18615360619654
0,-3.80025639286601,816.396686740534,447.720266325247,6.72038548084099,-11.1883028430103,9.18588378780563
0,-3.8,816.395909328883,447.606406155633,6.7406787697249,-11.1883028430103,9.18561397072929
0,-3.8,816.395909328883,447.357961579722,6.7823393869805,-11.1883028430103,9.18534415755864
0,-3.8,816.395909328883,447.043422604858,6.83237681837843,-11.1883028430103,9.18507434690177
0,-3.8,816.395909328883,446.679404761833,6.8886852090272,-11.1883028430103,9.18480453812673
0,-3.8,816.395909328883,446.235615961309,6.94999999897662,-11.1883028430103,9.18453473358571
0,-3.8,816.395909328883,445.77147674726,7.01086797732573,-11.1883028430103,9.18426493053022
0,-3.8,816.395909328883,445.267617463744,7.06782092183259,-11.1883028430103,9.18399513108968
0,-3.8,816.395909328883,444.754519968272,7.11743753442002,-11.1883028430103,9.18372533400087
0,-3.8,816.395909328883,444.233297802253,7.16060211059983,-11.1883028430103,9.1834555389803
0,-3.80008817384518,816.396176681776,443.723677098166,7.18112502388288,-11.1885194224339,9.18318574826048
0,-3.8001916487373,816.396490429144,443.216069627292,7.19771886788047,-11.1887735854733,9.18291595828699
0,-3.80332177096892,816.405981307456,442.609392815183,7.190343329059,-11.196462033984,9.18264617276409
0,-3.80805610808061,816.420336343487,441.944905735181,7.17623272611464,-11.2080908792564,9.18237638886372
0,-3.81574515838893,816.443650398151,441.172166950296,7.15264428254291,-11.2269773197902,9.18210660764002
0,-3.82617918903827,816.475287538133,440.314033158838,7.11850692278296,-11.2526061935113,9.18183682993296
0,-3.83781772570953,816.510576874173,439.435701381182,7.07775351988716,-11.2811936681575,9.18156705494267
0,-3.84999999993005,816.547514882864,438.566551955751,7.0319067129937,-11.3111167130599,9.18129728242311
0,-3.86223133256222,816.584601642108,437.730924916336,6.98183567557825,-11.3411602590304,9.18102751235001
0,-3.8739936439073,816.620266276709,436.955802420743,6.92827823055744,-11.3700517586111,9.18075774479979
0,-3.88403072816984,816.650699831152,436.318319831722,6.87167225864881,-11.3947056218916,9.18048798075579
0,-3.89218534150325,816.675425524624,435.809662464543,6.81419753089229,-11.4147356143643,9.18021821908604
0,-3.89754640834344,816.691680874812,435.481324966921,6.75668206142036,-11.4279038817075,9.17994846020223
0,-3.89969450368832,816.698194367699,435.341122255625,6.69949083948298,-11.433430327661,9.17967870384253
0,-3.89569316027383,816.68606646727,435.374224166316,6.63265089655793,-11.4286411869012,9.17940895047034
0,-3.88488374517898,816.653303283746,435.477572209257,6.54801183216551,-11.4153657258749,9.17913919982707
0,-3.86870161245888,816.604255469461,435.632300308371,6.44989247232303,-11.395491822397,9.17886945179912
0,-3.84776049843749,816.540783250488,435.8325593669,6.34132922617417,-11.3697732297999,9.17859970697535
0,-3.82456651180196,816.47048260664,436.054389582638,6.22932098854438,-11.3412877971541,9.17832996455759
0,-3.80000414580159,816.396034424386,436.289337778525,6.11694274923549,-11.3111218048511,9.17806022462284
0,-3.77530896196639,816.321183673163,436.525595246261,6.0091723294163,-11.2807926938248,9.17779048768342
0,-3.75226039909109,816.251323806666,436.746134258142,5.91191927905053,-11.2524858617272,9.17752075373014
0,-3.73214366611161,816.190350274914,436.938644071738,5.82897184921985,-11.227779723393,9.17725102247172
0,-3.71624811748005,816.142171092928,437.090773971803,5.76461406968038,-11.2082577849257,9.17698129390269
0,-3.70785502461512,816.116731401073,437.149784198239,5.72983086055718,-11.1975715526558,9.17671156888115
0,-3.70356522550525,816.103728498141,437.154999873278,5.71082743462704,-11.1916670217799,9.1764418456758
0,-3.70241020130874,816.100225853493,437.05641043731,5.7,-11.1883028430103,9.17617212401876
0,-3.70778815607892,816.116520306175,436.632733571287,5.7,-11.1883028430103,9.1759024063689
0,-3.71565602079231,816.140358838619,436.012923866072,5.7,-11.1883028430103,9.17563269110251
0,-3.72630606366166,816.172626982738,435.174020427494,5.7,-11.1883028430103,9.17536297963562
0,-3.73762516767143,816.206922288771,434.282448516739,5.7,-11.1883028430103,9.17509326947922
0,-3.74999999979372,816.244416303703,433.30784772638,5.7,-11.1883028430103,9.17482356354542
0,-3.76214768438538,816.281222093306,432.351201953189,5.7,-11.1883028430103,9.17455385979385
0,-3.77375768196245,816.316398766266,431.436961052226,5.7,-11.1883028430103,9.17428415828957
0,-3.78405213999263,816.347589537929,430.626385483007,5.7,-11.1883028430103,9.17401445975262
0,-3.7902570015998,816.366389402966,430.137858184743,5.7,-11.1883028430103,9.17374476584613
0,-3.79570909103453,816.382908473338,429.708610324224,5.7,-11.1883028430103,9.17347507279198
0.0437745382149409,-3.79753335261321,816.388437880272,429.475456453228,5.696318573904,-11.1868592721518,9.17320538173698
0.175134167976164,-3.79209897371633,816.37197891868,429.634651895883,5.68527126675503,-11.1825273718908,9.17293569468194
0.451688870037496,-3.78043119509511,816.336641565852,430.00348631463,5.66256190665534,-11.1735887080393,9.17266601008433
0.881927596283335,-3.76216557579782,816.281322080784,430.594216428331,5.62750866188155,-11.1597739422937,9.17239632808784
1.45743072390191,-3.73854541269061,816.209788724546,431.358505107393,5.58193931021287,-11.1417308133958,9.17212664893582
2.14749899493792,-3.71092621828889,816.126147010045,432.252536823868,5.52843976091925,-11.1204730619416,9.17185697218736
2.95696408352784,-3.67983262859679,816.031988521736,433.259682145334,5.46780103844478,-11.0962371071142,9.17158729843984
3.85504295933335,-3.64687099994726,815.932179384417,434.32809807942,5.40301731773687,-11.0701720640185,9.17131762742793
4.83285517383174,-3.61342593951843,815.830916716776,435.413368878352,5.33644782387156,-11.0431037134428,9.17104795973417
5.85339479565115,-3.58102166440573,815.732816610815,436.466071725952,5.27103151187815,-11.0161951578696,9.17077829474851
6.90005579402062,-3.55135490725989,815.643021434438,437.43156273635,5.20973129185752,-10.9905117324817,9.17050863292178
7.95624906511802,-3.52335812019922,815.558290702605,438.344177554954,5.15092847887631,-10.9656590388537,9.17023897256377
9.03460494667187,-3.5014059110448,815.491886213927,439.066767283653,5.10098225921206,-10.9440133803616,9.1699693163644
10.1471637142301,-3.48079658927259,815.429551545876,439.751007387042,5.05193937016854,-10.9229835157646,9.16969966121159
11.4937694564823,-3.46296907808124,815.375643120935,440.373262730574,4.99981775203512,-10.902607650145,9.16943000988519
13.0120855988869,-3.44626714860166,815.325143815053,440.974710184778,4.94515611739064,-10.8822366248322,9.1691603613769
14.6876243334999,-3.43050115797973,815.277481849361,441.553709239032,4.88970318763557,-10.8618712763859,9.16889071618147
16.445956488129,-3.41513708366217,815.231041065588,442.117627857922,4.83530760930166,-10.841510113354,9.16862107343431
18.2657862228452,-3.40000000016901,815.185292627886,442.667782933373,4.78285698683371,-10.8211530000043,9.16835143305926
20.1286710323629,-3.38492619069908,815.139741855002,443.204877462535,4.73331819550168,-10.800799979599,9.168081795085
22.0073706756363,-3.36951748148263,815.093188814218,443.7243551096,4.69065350227121,-10.7804531721406,9.16781216076367
23.8659883945683,-3.35365138628479,815.045259420509,444.234611374232,4.65356537111554,-10.7601100821498,9.16754252863321
25.6691094812421,-3.33691318367279,814.994702603449,444.733412548615,4.62553671765873,-10.7397721121669,9.16727289952503
27.3809986492125,-3.31900664394987,814.940622858713,445.222882755926,4.60810069965731,-10.7194390699015,9.16700327333223
28.994896247527,-3.29983572848962,814.882729539203,445.707983370043,4.60065948595078,-10.6989499472758,9.16673364970435
30.5541631700911,-3.27910400827067,814.820131642672,446.209006575517,4.6,-10.6770688400227,9.16646402888629
32.1372480009108,-3.25669836760078,814.752494699196,446.745702695893,4.6,-10.652504984805,9.16619441131064
33.7301665117921,-3.23322649434536,814.681650226246,447.298182614571,4.6,-10.6265809110851,9.16592479616988
35.3214952840099,-3.2087709731479,814.607848412484,447.857117795464,4.6,-10.5998263087325,9.16565518362638
36.8980682735432,-3.18349840581334,814.531592352885,448.411196793023,4.6,-10.5729165664653,9.16538557368254
38.4296884028181,-3.15744228689687,814.452987716226,448.937180545715,4.6,-10.5470839540636,9.16511596724576
39.9186640501662,-3.13105785865621,814.373402931645,449.433269224783,4.6,-10.5226502583636,9.16484636306224
41.3227194172818,-3.10444444486891,814.293143584506,449.866496217113,4.6,-10.5013882948887,9.16457676226668
42.6446693728589,-3.07787526301356,814.213030714368,450.236855393209,4.6,-10.4834342940037,9.16430716405956
43.8727090718483,-3.05150971805095,814.133545553451,450.534098668803,4.6,-10.4694029296426,9.16403756841706
44.99454820118,-3.02550333036173,814.055157733653,450.747635966554,4.6,-10.459924667466,9.1637679753414
45.9991803348764,-3.00000521005848,813.97831752514,450.867673172871,4.6,-10.455974874076,9.16349838483379
46.9205934889281,-2.97500000025301,813.902983454269,450.901751157134,4.6,-10.4896071185206,9.16322879787209
47.8514665095145,-2.95000000022288,813.827677662211,450.923796610157,4.6,-10.5680975758171,9.16295921342133
48.7794178740211,-2.92500000018986,813.752385147499,450.93588273486,4.6,-10.6862975552493,9.16268963163061
49.6836945297782,-2.90000000015522,813.677107817919,450.93950284063,4.6,-10.8382370506585,9.16242005288643
50.5464535952254,-2.87500000012067,813.601844526429,450.938120911645,4.6,-11.0100948343609,9.16215047696281
51.3511805727126,-2.85000000008765,813.526594957203,450.934360937038,4.6,-11.191403479847,9.16188090379995
52.0872435025741,-2.82500000005724,813.451358155319,450.930500696179,4.6,-11.3730812819626,9.16161133320885
52.727935328072,-2.80000000003125,813.376135788073,450.929082260929,4.6,-11.5449896819025,9.16134176552908
53.2520446640237,-2.77500000001136,813.300928006703,450.933043523711,4.6,-11.6954201029188,9.16107220079542
53.6480397494066,-2.74999999999873,813.225733969327,450.944706160379,4.6,-11.8151265162477,9.16080263884167
53.9016117414917,-2.72499999999457,813.150553431761,450.966324863989,4.6,-11.8951313422413,9.16053307962193
53.9983254461978,-2.69998628913396,813.075345196593,451.002352092012,4.59971747305954,-11.926788028858,9.16026352312553
53.9702145473774,-2.6740072572612,812.99725596618,451.208556646151,4.57948225969705,-11.9223584806656,9.15999396960139
53.8864933528736,-2.64647787082925,812.914530187291,451.70070531227,4.52459507255463,-11.908553433792,9.15972441891657
53.7556792060857,-2.61796226381009,812.82885908828,452.414934178998,4.443490548271,-11.8869895316964,9.15945487086936
53.5769322165316,-2.58888888906513,812.741529326628,453.323200124927,4.34045888722601,-11.8575349848015,9.15918532574998
53.3549721181805,-2.55984606653421,812.654305689304,454.368096419099,4.22334874680217,-11.8209746275778,9.15891578356088
53.0957088569196,-2.53138409862774,812.568838423783,455.49108973726,4.10000000137406,-11.7782884596703,9.15864624420356
52.8042720173872,-2.50398741235754,812.486580254603,456.640857844068,3.97728973397741,-11.7303271798286,9.15837670759625
52.4841193295313,-2.47817524189979,812.409088967512,457.768920194477,3.86190901917031,-11.6776670695556,9.15810717378883
52.1393350528613,-2.45445811960214,812.337896013365,458.825383044178,3.76066495519397,-11.6209873126783,9.15783764278423
51.7740034462208,-2.43334657783364,812.274532843083,459.760331092245,3.68036464029611,-11.5609670929142,9.15756811458537
51.3787876336526,-2.41615201640939,812.222935973021,460.47437934607,3.63605544506709,-11.4942519195222,9.15729858992803
50.9583619971506,-2.40183538523384,812.17998300771,461.016439042827,3.61950933992163,-11.4210234948856,9.15702906774138
50.5032413278029,-2.38833478247308,812.139480155816,461.50901597218,3.61225614776596,-11.337120700465,9.15675954657816
49.8891578914846,-2.37765613443349,812.107449446548,461.833791958622,3.63850154186192,-11.2049235557375,9.15649002953322
49.1507810279865,-2.36798650769163,812.078446979534,462.107038344526,3.67833808901171,-11.0387094043199,9.15622051515891
48.2576185730502,-2.35947641453394,812.05292490847,462.330928593708,3.73180117959639,-10.8394528141107,9.15595100466619
47.3215611205851,-2.35126235502234,812.028291521312,462.545005742966,3.78818024793083,-10.6334697599237,9.15568149539409
46.2538144314224,-2.34385470697504,812.006079504269,462.744604485473,3.85002910003695,-10.416674470086,9.15541199045603
45.1349248142493,-2.33666346955115,811.984517875415,462.953367201622,3.91071209203128,-10.204975206964,9.15514248775544
43.9708045736151,-2.32962427474041,811.96341352997,463.176248543705,3.96902609564832,-10.0015626454017,9.15487298725906
42.7522439254551,-2.32261877644342,811.942412169293,463.438942152121,4.01941237948284,-9.82246562775019,9.15460349027096
41.5046732508292,-2.31516829447841,811.920078323313,463.804603067465,4.0496512319725,-9.70074784200822,9.15433399772902
40.2466514655169,-2.30755750333295,811.897264438081,464.207358837688,4.07263179963171,-9.59970141637283,9.15406450678885
38.9886296802047,-2.29994671218748,811.87445055285,464.610114607911,4.09561236729091,-9.49865499073745,9.15379501584868
37.5897327266607,-2.29238515804431,811.851784724706,465.609639383284,4.08962806399974,-9.458276526651,9.15352553080431
36.1647073899947,-2.28483273598079,811.829146356989,466.719848031461,4.0782715914699,-9.4291502638039,9.15325604685344
34.5561560098892,-2.27790683989334,811.808387011387,468.484494749947,4.05349350610594,-9.40686577918024,9.15298656730319
32.909411570279,-2.27111107780424,811.788017953957,470.385342189925,4.02592031756284,-9.38600513198357,9.15271708866998
31.1398764494372,-2.26435976188992,811.767784624408,472.735361189403,3.9864178687559,-9.3697449542423,9.15244761482626
29.3408858329223,-2.25736313386561,811.746817817816,475.200848578645,3.94203917320734,-9.35460398429754,9.15217814339185
27.5261625880393,-2.2500077743546,811.724777808139,477.734875682977,3.89326386514009,-9.34007470394708,9.1519086743655
25.7126792469829,-2.24212271642576,811.701152578803,480.280325316,3.84044362469584,-9.32553128521912,9.15163920789677
23.988478747869,-2.2322753601754,811.671652938033,482.557354407467,3.78110765377937,-9.30776064400707,9.15136974744858
22.264278248755,-2.22242800392503,811.642153297263,484.834383498934,3.72177168286289,-9.28999000279501,9.1511002870004
20.5469375266537,-2.21240410865635,811.612125406979,487.08809669567,3.66209061836961,-9.2718872978031,9.15083082680139
19.0063147724208,-2.19783230803901,811.568489030526,488.74115807408,3.59351943463411,-9.24523014034567,9.15056137302168
17.4704094908688,-2.18063175509279,811.516993170234,490.338098764429,3.51697285916756,-9.21563868474064,9.15029192036907
15.872190354643,-2.15145876524494,811.429708233443,491.95076808633,3.40076719516887,-9.17490895864577,9.15002247149728
14.2355596144338,-2.11400314994484,811.317666903704,493.594403772731,3.25688533582393,-9.12716882850569,9.14975302576985
12.5944317908227,-2.072315062642,811.192976187339,495.232154622537,3.09913271904948,-9.07607926079336,9.14948358224415
10.9764189688588,-2.02677681468842,811.056780982838,496.825458844624,2.92925121547953,-9.02236158880021,9.14921414179093
9.42979772387588,-1.98029964087136,810.917785782898,498.313321932666,2.75759363895904,-8.96901518194151,9.14894470467225
7.95097660364449,-1.93468533540278,810.781375057651,499.706101393989,2.58996591881568,-8.91738116703668,9.14867526973435
6.62851066409707,-1.89363116271323,810.658605807668,500.886907211711,2.44000574898792,-8.87168810905626,9.14840583838118
5.43529988591848,-1.85745773695994,810.55043391443,501.895591050852,2.30827068296197,-8.83176733216401,9.14813640936707
4.38701815695734,-1.8272662456945,810.46015167218,502.712701628922,2.19863022559953,-8.79871353996792,9.14786698268944
3.61204580453783,-1.80963183854571,810.407420191502,503.172082448993,2.13481433848521,-8.77959872813092,9.14759755970074
3.04871441650052,-1.80234040002198,810.38561699278,503.360225144367,2.12525220361696,-8.77171442046378,9.14732813959604
2.59549129307743,-1.8,810.378618676008,503.419657437853,2.18391542043556,-8.76919395387284,9.14705872226837
2.20532150866945,-1.8,810.378618676008,503.419657437853,2.32767630577532,-8.76919395387284,9.14678930800003
1.82458130837085,-1.8,810.378618676008,503.419657437853,2.49859181239584,-8.76919395387284,9.14651989491564
1.47581294822028,-1.8,810.378618676008,503.419657437853,2.7507408280521,-8.76919395387284,9.14625048567997
1.15853452445854,-1.8,810.378618676008,503.419657437853,3.04223946678632,-8.76919395387284,9.14598107961371
0.876924078284797,-1.8,810.378618676008,503.419657437853,3.34944064867409,-8.76919395387284,9.14571167669625
0.624069523450593,-1.8,810.378618676008,503.419657437853,3.65681857255359,-8.76919395387284,9.14544227612663
0.418179298369618,-1.8,810.378618676008,503.419657437853,3.93962641174,-8.76919395387284,9.14517287901168
0.245179086290822,-1.8,810.378618676008,503.419657437853,4.19380339561818,-8.76919395387284,9.14490348414153
0.108452343289533,-1.8,810.378618676008,503.419657437853,4.41040736947022,-8.76919395387284,9.14463409165546
0.0434932219313271,-1.8,810.378618676008,503.419657437853,4.52280003007146,-8.76919395387284,9.14436470342988
0.00883297032001373,-1.8,810.378618676008,503.419657437853,4.57412200145375,-8.76919395387284,9.14409531735994
0,-1.8,810.378618676008,503.419657437853,4.5668388687904,-8.76919395387284,9.14382593340028
0,-1.8,810.378618676008,503.419657437853,4.48861589089961,-8.76919395387284,9.14355655285925
0,-1.8,810.378618676008,503.419657437853,4.36312506224018,-8.76919395387284,9.14328717557201
0,-1.8,810.378618676008,503.419657437853,4.20815595160473,-8.76919395387284,9.1430178011158
0,-1.8,810.378618676008,503.419657437853,4.03376830512332,-8.76919395387284,9.14274842949229
0,-1.8,810.378618676008,503.419657437853,3.85000000104696,-8.76919395387284,9.14247906104217
0,-1.8,810.378618676008,503.419657437853,3.66720689551232,-8.76919395387284,9.14220969481378
0,-1.8,810.378618676008,503.419657437853,3.48979111890448,-8.76919395387284,9.1419403310141
0,-1.8,810.378618676008,503.419657437853,3.34372654753807,-8.76919395387284,9.14167097146904
0,-1.8,810.378618676008,503.419657437853,3.22512248551008,-8.76919395387284,9.14140161419037
0,-1.79996928905607,810.378526966862,503.422270465978,3.13864293913695,-8.76919395387284,9.1411322592292
0,-1.79978872984366,810.377987780207,503.43763327284,3.11071824907207,-8.76919395387284,9.14086290772833
0,-1.79807476039959,810.372869599228,503.584053225415,3.13311613327733,-8.76919395387284,9.1405935594817
0,-1.79534204333279,810.364709373377,503.818187114457,3.17912860930321,-8.76919395387284,9.14032421302879
0,-1.79050464100428,810.35026460919,504.234869482878,3.25777766525039,-8.76919395387284,9.14005486972962
0,-1.78384299768416,810.330373185413,504.813238495422,3.36035856387437,-8.76919395387284,9.13978552961817
0,-1.77567539958999,810.305985992489,505.529273716823,3.4774290833914,-8.76919395387284,9.13951619268745
0,-1.76643088724971,810.2783843918,506.347621627243,3.59999999863571,-8.76919395387284,9.13924685853819
0,-1.75625380777687,810.247999912693,507.259466264599,3.72117369255936,-8.76919395387284,9.13897752743995
0,-1.74567770510231,810.216424820592,508.212141530489,3.84071105221237,-8.76919395387284,9.13870819775544
0,-1.73428616082733,810.182418924427,509.265056642581,3.93575445403235,-8.76919395387284,9.13843887316549
0,-1.72285268479129,810.14828952892,510.333935214761,4.01591903338094,-8.76919395387284,9.13816955025766
0,-1.71135219444942,810.113962846612,511.428952587667,4.07151538738372,-8.76919395387284,9.13790023012048
0,-1.69971979937657,810.079247611926,512.618670416066,4.08207881852061,-8.76622826379725,9.13763091351463
0,-1.68774794757559,810.04352231323,513.912632033212,4.06839147679018,-8.75978608152166,9.13736159870267
0,-1.67384356305981,810.002038375025,515.685330128841,3.99202762175673,-8.73697062674357,9.13709228810336
0,-1.65883452077194,809.957263265629,517.688567904117,3.88763981191327,-8.70559502547223,9.13682298006923
0,-1.64276981932736,809.909342969468,519.912119454344,3.75647108833414,-8.66603897478345,9.13655367448648
0,-1.62588989732119,809.85899548161,522.260281853238,3.60742631197956,-8.62076223342983,9.13628437157833
0,-1.60824299633443,809.80636518389,524.704872829283,3.44284445458821,-8.57037578219734,9.13601507154344
0,-1.59004778708054,809.752105035875,527.159710175385,3.27076868599267,-8.51710488544405,9.13574577456934
0,-1.57160493856304,809.697113414085,529.490498065314,3.10322626368562,-8.46421511205726,9.13547648118359
0,-1.55319897732559,809.642236991142,531.666475169271,2.94566944544028,-8.41353575981208,9.13520719023351
0,-1.53499599118093,809.587971751269,533.621007224275,2.80427444239799,-8.36677127305672,9.13493790188024
0,-1.51745754480947,809.535698357419,535.104955759091,2.70013866669683,-8.32949488215836,9.13466861766751
0,-1.49995813167086,809.483544519473,536.487569853152,2.60324709843739,-8.29398984257264,9.13439933445432
0,-1.4826355440341,809.431932284954,537.411126061744,2.53917270985853,-8.26650924938386,9.13413005576917
0,-1.46499595272442,809.379380558547,538.271287782801,2.47663554882303,-8.23908065269901,9.1338607787922
0,-1.4468429804944,809.325307911275,539.025239487479,2.4168071850437,-8.21181737991081,9.13359150486484
0,-1.42839234761533,809.270356110886,539.700831938345,2.35958757848255,-8.18503399480556,9.13332223404665
0,-1.40997281615088,809.215504186315,540.313574615966,2.30666622728171,-8.15965267521079,9.13305296672346
0,-1.39181110457176,809.161424949879,540.894887518336,2.25787492587358,-8.13588576018467,9.13278370204712
0,-1.37422035611862,809.109051139941,541.45759167714,2.21494898636335,-8.11465167338398,9.1325144404905
0,-1.35727153919797,809.05859328593,542.012208429153,2.17779172429542,-8.09600289262685,9.13224518175132
0,-1.34115432454775,809.010614599222,542.58199927401,2.14645761195668,-8.08017907360356,9.13197592528313
0,-1.32636154219241,808.966584301495,543.175956790029,2.12439760556215,-8.06885436513494,9.13170667243179
0,-1.31266687829966,808.925825619841,543.80558540457,2.10852513793966,-8.06069174243218,9.13143742173854
0,-1.30087421468067,808.890733553289,544.496998281434,2.10336982046028,-8.05800602244738,9.13116817478326
0,-1.28998378407145,808.858327574427,545.216532578037,2.1,-8.05625047699522,9.13089892986301
0,-1.28079616406551,808.830991126995,545.989141248103,2.1,-8.05625047699522,9.13062968878353
0,-1.27211704836735,808.80516851166,546.776135377634,2.1,-8.05625047699522,9.13036044962328
0,-1.26448612173457,808.782466385623,547.592782513209,2.1,-8.05625047699522,9.13009121441918
0,-1.25702518221639,808.760271512769,548.414804380271,2.1,-8.05625047699522,9.12982198158101
0,-1.24994800907527,808.739221825046,549.248960350761,2.1,-8.05625047699522,9.12955275408422
0,-1.24287083593416,808.718172137322,550.083116321252,2.1,-8.05625047699522,9.12928352658743
0,-1.23579366279305,808.697122449599,550.917272291742,2.1,-8.05625047699522,9.12901429909064
0,-1.22716121387696,808.67145350064,551.712606816943,2.1,-8.05625047699522,9.1287450813446
0,-1.21850560905249,808.64571577726,552.507363344438,2.1,-8.05625047699522,9.12847586374373
0,-1.20985000422802,808.61997805388,553.302119871933,2.1,-8.05625047699522,9.12820664614286
0,-1.19971437836328,808.589841369847,554.055782931826,2.1,-8.05566368690092,9.12793743267978
0,-1.18799078127279,808.55498589311,554.758279439057,2.1,-8.05251647034173,9.12766822325614
0,-1.17506500027347,808.516559889943,555.417083319428,2.1,-8.04506654898137,9.12739901675101
0,-1.16102791078813,808.474834482834,556.041765328508,2.1,-8.0332351793914,9.12712981316467
0,-1.14597209854018,808.430085563088,556.645179377754,2.1,-8.01757094343927,9.12686061250011
0,-1.12990833606434,808.382346421671,557.240620400985,2.1,-7.9983539752661,9.12659141504775
0,-1.11313746158231,808.332510547869,557.840497413148,2.1,-7.97682847056295,9.12632222009538
0,-1.09563409405627,808.280503757532,558.455636209136,2.1,-7.95310704628808,9.12605302799489
0,-1.07741290225664,808.226371299644,559.103328878025,2.1,-7.92755612336837,9.12578383912156
0,-1.05866525137054,808.170681554164,559.791728290387,2.1,-7.90097177584214,9.12551465302859
0,-1.03946894071361,808.113666351158,560.531647647286,2.1,-7.87381497423882,9.12524546971847
0,-1.01980895085597,808.055284986823,561.361197723419,2.1,-7.84673293569901,9.12497629017801
0,-0.999983633249482,807.996417386379,562.231997396014,2.09993139323727,-7.81984915491712,9.12470711213526
0,-0.9772139783366,807.928835427357,563.38435730715,2.08784131472893,-7.78842436415098,9.12443793792502
0,-0.949801089908586,807.847502661561,564.901753606241,2.05456100412786,-7.74817913356515,9.12416876673489
0,-0.919345413018545,807.757160904607,566.667536145139,2.00607247698011,-7.7019808311838,9.12389959821673
0,-0.886613656205072,807.660083951611,568.635243871629,1.94391433785202,-7.65103350813034,9.12363043291031
0,-0.853150303153005,807.560847527022,570.691067240201,1.87405252664332,-7.59813257346763,9.12336127038684
0,-0.820233352829796,807.463240188285,572.750726182166,1.8000000004236,-7.54540739749173,9.12309211104449
0,-0.789104397556566,807.370940395482,574.722954816134,1.72649834585195,-7.49509816123451,9.12282295456731
0,-0.760914587755476,807.287359570649,576.526986392169,1.65738473111514,-7.44920972044006,9.12255380095805
0,-0.736049697472041,807.213639667923,578.130207961447,1.59473007110277,-7.40851524848201,9.12228464980244
0,-0.717019072127982,807.157219677613,579.367518084352,1.54532545810389,-7.37718199995927,9.12201550193864
0,-0.705338624676273,807.122591799617,580.131606461393,1.5143414099674,-7.35786526510125,9.12174635730814
0,-0.700791318195803,807.109110826246,580.435861517648,1.50147289153472,-7.35049628579602,9.12147721543894
0,-0.702407135478224,807.113898720559,580.380536220723,1.5,-7.35467281910696,9.12120807651423
0,-0.707718975386388,807.129640310152,580.156418321369,1.5,-7.36716192720814,9.1209389404822
0,-0.715820348325186,807.153648655686,579.814619315924,1.5,-7.38620973816439,9.12066980738033
0,-0.726109689924979,807.184141026586,579.380538488574,1.5,-7.41040186400994,9.12040067739115
0,-0.73771685475181,807.218538754717,578.890898327743,1.5,-7.43769243352571,9.12013155027561
0,-0.749999999862253,807.254939744313,578.372781599042,1.5,-7.46657235644488,9.11986242589205
0,-0.76225983496775,807.29127165492,577.855698553897,1.5,-7.49539747327489,9.11959330492106
0,-0.774012484464969,807.326100525558,577.360038859619,1.5,-7.52303010388569,9.119324186229
0,-0.784050659550042,807.35584856676,576.936725628496,1.5,-7.54663169127225,9.11905507122533
0,-0.792158703579342,807.379876682011,576.594824633967,1.5,-7.5656951871836,9.11878595885646
0,-0.797261224004082,807.394997955205,576.379670747094,1.5,-7.57769214685761,9.11851684964752
0,-0.798515994405891,807.398717531684,576.326883037595,1.50316982087729,-7.58064542002484,9.11824774329596
0,-0.794206606534544,807.385951923196,576.509179143917,1.51887223377584,-7.57052820757502,9.11797863986476
0,-0.783681725379178,807.354772976865,576.954279379692,1.55422764573347,-7.54581503232726,9.11770953934843
0,-0.767664456982368,807.307323362533,577.631712464361,1.61002925318651,-7.50820533820935,9.11744044174677
0,-0.747468652771393,807.247495238463,578.485974233049,1.68378501501703,-7.46078414253335,9.1171713470843
0,-0.724546329437335,807.179590064194,579.45569354448,1.77204107026071,-7.40696088455276,9.11690225517758
0,-0.700004938915506,807.106888559383,580.494065696408,1.87291810475937,-7.34933594078031,9.11663316611383
0,-0.675388026351647,807.033963327798,581.535846505475,1.98582779806068,-7.29153366584068,9.11636408062565
0,-0.652449737627422,806.9660108576,582.506747472444,2.10549471014607,-7.23767291997978,9.11609499815964
0,-0.632546681096449,806.907049970324,583.34929443156,2.22906502204404,-7.190939116837,9.11582591865664
0,-0.61642376509929,806.859287385156,584.031887992458,2.35395587759485,-7.15308135458194,9.11555684177857
0,-0.605136601967327,806.82585028635,584.509797857598,2.47860297519418,-7.12655753948074,9.11528776758065
0,-0.600829609739007,806.813091425237,584.692192727159,2.60132916988261,-7.11633091085367,9.11501869648806
0,-0.608294894696464,806.835211005989,584.376583032536,2.74756992284905,-7.13139837199746,9.1147496290845
0,-0.624453457723196,806.883089950188,583.693653009378,2.9206415768252,-7.16398707016429,9.11448056434971
0,-0.648343277422892,806.953879691923,582.684371828763,3.11666049871579,-7.21174109823829,9.11421150224902
0,-0.679005103720999,807.044740026179,581.389631530059,3.32965407757372,-7.27237042215499,9.11394244285558
0,-0.716720820105143,807.156511672593,579.798424540709,3.55354694809131,-7.34552476816613,9.11367338714997
0,-0.757964599723147,807.278749205065,578.060020598602,3.77401751531926,-7.42378407372184,9.11340433442444
0,-0.801125651205959,807.40667922505,576.242352010381,3.98626060291493,-7.50398551655823,9.11313528413327
0,-0.845481556289623,807.538163009809,574.376190692537,4.18544906772089,-7.58436144782362,9.11286623637367
0,-0.888586720513154,807.665969712628,572.566846062139,4.34324670928164,-7.65736047015255,9.11259719300973
0,-0.929309654469566,807.78673650615,570.860473716377,4.46883603277151,-7.72240183658511,9.11232815205105
0,-0.967368362633576,807.899627188179,569.269749217281,4.56210740972791,-7.77902782223855,9.11205911331879
0,-0.998971722821964,807.99342552694,567.961853823159,4.58844817746535,-7.81675158388877,9.11179007857003
0,-1.02823259624402,808.080302387603,566.791525904008,4.58389786065587,-7.84678105675358,9.11152104665862
0,-1.05623778514978,808.163472430351,565.706252595336,4.55989377503693,-7.87233930036431,9.11125201708628
0,-1.08372419988444,808.245120944207,564.688850181503,4.51947669345725,-7.89504703907636,9.11098299084753
0,-1.11057955142685,808.324912847212,563.715952020156,4.46787254674671,-7.91549518558621,9.11071396804184
0,-1.1369653646644,808.403321334112,562.762811165753,4.41102676377444,-7.93468617726279,9.11044494757209
0,-1.16276536702005,808.48000234294,561.824493611298,4.34990895443518,-7.95262072001828,9.11017592985603
0,-1.18752050455904,808.553596704197,560.876347579198,4.28954474379739,-7.96946637735652,9.10990691645816
0,-1.21186934720255,808.625989552413,559.915963780532,4.23141759460388,-7.98615611585634,9.10963790460166
0,-1.23508469668078,808.695028647223,558.909944894623,4.18218644742704,-8.00277618722378,9.10936889685714
0,-1.25754311661937,808.761825521345,557.856032584109,4.14292164179088,-8.01990366671526,9.10909989157326
0,-1.279248369812,808.826391321145,556.754464933339,4.11357363373518,-8.03753603194003,9.10883088873779
0,-1.29955308487068,808.886803761105,555.541733614398,4.10830981996799,-8.05635697366409,9.1085618900389
0,-1.31931765944793,808.945613747018,554.285517676868,4.11246326871822,-8.07535520678364,9.10829289296814
0,-1.33749055989033,808.99969864294,552.898290454698,4.14497115534148,-8.09355796351012,9.10802390084888
0,-1.35555486201064,809.053461339441,551.501026409668,4.17912760121748,-8.11171534224554,9.1077549091889
0,-1.37228528003245,809.103266546758,549.980482758148,4.23353285877304,-8.12931535527288,9.10748592317001
0,-1.38898561683995,809.152982679782,548.456291900946,4.2881970198964,-8.14693421087156,9.10721693736394
0,-1.40485078040015,809.200225758834,546.830840217603,4.35004936601909,-8.16507621062735,9.10694795746629
0,-1.42071594396036,809.247468837885,545.20538853426,4.41190171214178,-8.18321821038314,9.10667897756865
0,-1.43629942759253,809.293886230596,543.503771727675,4.46659523702096,-8.2030589968764,9.10641000381195
0,-1.45188128099288,809.34029884462,541.801714112942,4.52124732998737,-8.22290961515363,9.10614103009079
0,-1.46775059546098,809.387578646223,540.054638730864,4.55520366610154,-8.24547478260103,9.10587206222344
0,-1.48363385736751,809.434900523248,538.305379113741,4.588155856518,-8.26817165834448,9.10560309464011
0,-1.50094586813489,809.486492316408,536.496621558255,4.56936355889296,-8.29713076002342,9.10533413275454
0,-1.51839367203577,809.538489936868,534.682209117079,4.54565328977209,-8.32668504487678,9.10506517141049
0,-1.5385374886288,809.598541696101,532.72060465492,4.42887081883005,-8.36787973507101,9.10479621464978
0,-1.55948043116266,809.660981824871,530.708464215856,4.27979569413085,-8.41290391665567,9.10452725972712
0,-1.58151594198547,809.7266910299,528.602737056859,4.06988401770896,-8.46450841143084,9.10425830901801
0,-1.60337653523176,809.791882628081,526.475590971278,3.84345663490524,-8.51715327046886,9.10398936047518
0,-1.6247156161358,809.855523918467,524.329253298204,3.60001741230498,-8.57032968403918,9.10372041490386
0,-1.64500851777296,809.916048640178,522.185924528803,3.35240074393585,-8.622183999859,9.10345147205299
0,-1.6623791465897,809.967861050246,520.094224312547,3.12435668245377,-8.66785384677534,9.10318253342075
0,-1.67706035882061,810.011652969976,518.065148658246,2.92527569420746,-8.70695876280002,9.10291359748618
0,-1.68797385864198,810.044207277524,516.132468940289,2.77306967422332,-8.73636422689438,9.10264466464929
0,-1.69577263405825,810.067471190461,514.281922451668,2.66139188443568,-8.75760953275003,9.10237573418091
0,-1.69603747280252,810.068267084487,512.553594902225,2.62138620306637,-8.76382991810773,9.10210680739008
0,-1.69300022906545,810.059215370965,510.878835233097,2.61279400762236,-8.76346496449596,9.10183788221111
0,-1.67653015274196,810.010118662229,509.201518929137,2.63911641209673,-8.75055197269865,9.10156896119699
0,-1.65254216717261,809.938611065872,507.525130652977,2.67909638804566,-8.73149843687993,9.10130004290781
0,-1.62191557059923,809.847313933013,505.870556368291,2.73014071566795,-8.70717188586009,9.10103112774347
0,-1.58627791625098,809.741078959891,504.288288341816,2.78953680624836,-8.67886507695127,9.10076221670147
0,-1.55012862730063,809.633318816574,502.746941896476,2.84978562116562,-8.65015187926132,9.10049330713771
0,-1.51355204881003,809.524284933623,501.32611514112,2.91074658531662,-8.62109928764699,9.10022440153051
0,-1.47960952846412,809.423103113365,500.019705574458,2.9673174525598,-8.59413891511724,9.09995549855731
0,-1.44798102348572,809.328819316136,498.813811303357,3.02003162752379,-8.56901655331008,9.09968659789807
0,-1.42574483797436,809.262533792766,497.857612178136,3.05709193670939,-8.55135446343232,9.09941770163627
0,-1.40804207215905,809.209761815875,497.010842709744,3.08605200313389,-8.53717651196706,9.09914880721843
0,-1.40593213583098,809.203469049603,496.51602946902,3.0859516266258,-8.53472523592511,9.09887991852942
0,-1.40382219950292,809.197176283331,496.021216228296,3.08585125011771,-8.53227395988315,9.09861102984041
0,-1.40479030266405,809.200054024263,495.620924189382,3.07441473869621,-8.53090546861893,9.09834214438911
0,-1.4096486250438,809.214522026948,495.340093969312,3.04865090949351,-8.53090546861893,9.09807326302986
0,-1.41521925076175,809.231111747347,495.076020319524,3.01929601899331,-8.53090546861893,9.09780438317193
0,-1.42323050988416,809.254971313121,494.869361317379,2.97763672994539,-8.53090546861893,9.09753550845809
0,-1.43126591316132,809.278902825303,494.662568723667,2.93586670007297,-8.53090546861893,9.09726663381445
0,-1.44166486092064,809.309877389382,494.442698446654,2.88325591526732,-8.53090546861893,9.09699776604255
0,-1.45206380867996,809.340851953462,494.222828169641,2.83064513046167,-8.53090546861893,9.09672889827065
0,-1.46359911427024,809.375215721932,493.923679561356,2.77396502353252,-8.53090546861893,9.09646003581183
0,-1.47542869101385,809.410457158561,493.604001041328,2.71623112519898,-8.53090546861893,9.09619117472888
0.0309800243850426,-1.48825791166649,809.448684534268,493.091728218136,2.65702106916537,-8.53597683093021,9.09592231751372
0.0845322675553038,-1.50181547845409,809.489087481864,492.439130110051,2.59673547638741,-8.5447432161442,9.09565346311665
0.26558551324036,-1.51795269421392,809.537191247567,491.380613806938,2.5313206898938,-8.57416760165659,9.09538461048623
0.792413691000128,-1.54079834241432,809.605320806833,489.270747036288,2.45218809137152,-8.65914098588415,9.09511576209794
1.62908735243208,-1.56883394169632,809.688943153011,486.337224764679,2.3616324947197,-8.79248648593348,9.09484691674128
2.7385362842472,-1.60050100382771,809.783407336479,482.778028841999,2.26251112836092,-8.96673634490075,9.09457807441921
4.08369027102178,-1.63424104054848,809.884062407533,478.791037015047,2.15768122078376,-9.17442280556309,9.09430923513472
5.6351955790795,-1.66844587878973,809.986109361834,474.572402749209,2.0500000004613,-9.40896205896446,9.09404039903608
7.3250628251345,-1.70185481513618,810.085784987961,470.315534062359,1.94216777391086,-9.65952136997889,9.09377156550559
9.14489072311114,-1.73318117951435,810.179250059646,466.163788648776,1.83631614672689,-9.92273516918967,9.09350273490802
11.0787210054054,-1.75890148105895,810.255991193129,462.503125910134,1.73821027841265,-10.1902757373632,9.09323390835726
13.0484184017161,-1.77902188348051,810.316024862559,459.40165017268,1.64864021482534,-10.4523017248534,9.09296508457594
15.0271941323763,-1.79246188014063,810.356126517749,456.996876581238,1.56959802066512,-10.703498533213,9.09269626354837
17.057909251159,-1.79777246175895,810.371971012099,455.332848028822,1.50137726462222,-10.9482644449502,9.09242744552478
19.2893900423813,-1.7924995714178,810.356232590179,454.353516740163,1.44228870127676,-11.2050849362059,9.09215863126535
21.747485198492,-1.78225723283153,810.325663571508,453.443783026874,1.38366537244662,-11.4835731920676,9.09188981926344
24.5229427756074,-1.76505542313273,810.274325021778,452.631517340495,1.32569358197852,-11.7924061007782,9.09162101042307
27.5454798285188,-1.74255785071813,810.207185883292,451.893925861598,1.26980799920754,-12.1141435497382,9.09135220492151
30.7225391410819,-1.71674833497522,810.130165136184,451.203035255936,1.21522712022233,-12.4439514331713,9.09108340150803
34.0872302915044,-1.68657050818228,810.04011853344,450.625479771847,1.16619258675988,-12.7615598290627,9.09081460253631
37.495441466132,-1.65536898504591,809.947019583877,450.075927082647,1.11856441403085,-13.0756727789359,9.09054580465252
40.9519249127758,-1.62221650780306,809.848119696758,449.69073726364,1.08181496921619,-13.3341666332046,9.09027701245897
44.3796155096459,-1.58940082758812,809.750230800919,449.342695329452,1.04802590669445,-13.5733695144385,9.09000822141762
47.6997533051747,-1.55784321887772,809.656118361561,449.133415591699,1.02529505519202,-13.7405129014992,9.08973943468021
50.9070098807027,-1.52820975092804,809.567762093928,449.012831704006,1.01059686703649,-13.8505142983708,9.0894706502993
53.9517081783787,-1.50134720455773,809.487695188888,449.019977164366,1.00746637738942,-13.878226510929,9.08920186931197
56.9941287761203,-1.47580053012246,809.411563498028,449.168406445676,1.01729556662274,-13.8217991246241,9.08893309090213
60.0334585094647,-1.45203950868476,809.340771937016,449.508559459111,1.04471118567804,-13.6511933574882,9.08866431598999
63.0955903918535,-1.42860462417812,809.270962014925,449.98771641513,1.08252351785857,-13.4135863200365,9.088395543742
66.1868955696991,-1.4055870024931,809.202408011397,450.644716392822,1.13363750784302,-13.0902571933596,9.08812677490254
69.263850480963,-1.38256734608754,809.133855313916,451.372325493433,1.18845390917652,-12.7411741422636,9.08785800770822
72.2680509954441,-1.3592985409087,809.064581642481,452.2721122777,1.24999999896081,-12.3413459604411,9.08758924495056
75.1838902062509,-1.33556583558941,808.993940927162,453.255519203932,1.31158692375833,-11.9337997793758,9.08732048494459
77.9346927752512,-1.31087941349272,808.920481059056,454.327210217858,1.36885034346166,-11.541005813382,9.08705172865161
80.5097950497912,-1.28511659764383,808.843833884192,455.44538517541,1.41843277741369,-11.1843231027958,9.08678297531352
82.9073377969079,-1.25824252087523,808.763894153392,456.592267295709,1.45906931761929,-10.8719804208992,9.08651422457786
85.1095303417517,-1.23010480376926,808.680208938351,457.759862911292,1.48870812538548,-10.6144184032175,9.08624547644281
86.9677676106147,-1.19940080934405,808.588914298612,458.966281377953,1.49339415192692,-10.4692106543003,9.08597673250088
88.7442169805254,-1.16633167712833,808.490612279171,460.378908925991,1.47170064508334,-10.3632468746318,9.08570799121524
90.4947235372524,-1.13042619251325,808.383912082366,462.094852172376,1.41837321108603,-10.2784100865497,9.08543925301191
92.2315953259015,-1.09198073078964,808.269696917976,464.086990369618,1.33801501348503,-10.2022386357568,9.08517051781555
93.9242491454187,-1.05140306796227,808.149179212697,466.280658194814,1.23715046837799,-10.1336641339524,9.08490178562897
95.5421017950699,-1.00910098005352,808.023571393271,468.601147913987,1.122303992035,-10.0716181927734,9.08463305645496
97.0414551289578,-0.965442893741739,807.893971807223,470.966003475305,1.00044148761331,-10.0152937557846,9.0843643305341
98.3705187654611,-0.92077241917512,807.761406823004,473.288025268629,0.878795358816876,-9.96404681838358,9.08409560825426
99.55070216459,-0.875960206044842,807.628449371938,475.487854632511,0.76551545490549,-9.91474225860986,9.08382688833676
100.544756074647,-0.830970791917972,807.49500126036,477.534919500168,0.662694972545109,-9.86786605173051,9.08355817137265
101.243647101481,-0.786625193889067,807.363512206799,479.23410296018,0.58663399264455,-9.8217345066453,9.0832894580707
101.808568241416,-0.742571814071631,807.232912339499,480.775388406975,0.522718738788047,-9.77594095207994,9.08302074643095
101.908142087198,-0.698955492121081,807.103706359645,481.69169926142,0.508609277193205,-9.72761595185825,9.0827520400392
101.937869084673,-0.654244120065697,806.971288001284,482.535805205148,0.5,-9.67839859121353,9.08248333488829
101.799918618597,-0.604204390453748,806.823199651961,483.256814984273,0.5,-9.62584721049487,9.08221463377014
101.576819451265,-0.550943397413703,806.665643546728,483.949336583613,0.5,-9.57226696559143,9.08194593591933
101.293482838707,-0.496339607842184,806.50415419668,484.614603057507,0.5,-9.51874187782848,9.08167724053016
100.942803153336,-0.441210279548664,806.341149218962,485.241997405158,0.5,-9.46609459956177,9.08140854804953
100.507597073466,-0.388668005066012,806.185830943206,485.797170007651,0.5,-9.41726500588582,9.08113985974048
100.029600631532,-0.339063495792761,806.039212542693,486.303384582842,0.5,-9.37172999129846,9.08087117380447
99.5114119812592,-0.292912542932078,805.902815990653,486.75832708736,0.5,-9.32987019343425,9.08060249020877
98.9168899277274,-0.259045788296367,805.802742094712,487.072264374138,0.5,-9.29977957190478,9.08033381197638
98.3184532544607,-0.226422769940241,805.706343683338,487.374293443089,0.5,-9.27080593128601,9.0800651341175
97.6599276410656,-0.212890953259386,805.666363516144,487.493532806655,0.5,-9.25897781273959,9.07979646199212
96.9723053095927,-0.200749892718326,805.630491911969,487.555168336692,0.500907393796469,-9.25630939418421,9.07952779043486
96.0015601006079,-0.202141453937681,805.634598293662,487.05629518458,0.510644097551736,-9.34276857454485,9.07925912440565
94.9646702986439,-0.203981056249448,805.640027343582,486.454702939852,0.522622000955468,-9.44696831622527,9.07899045913816
93.4657136653228,-0.20895054293368,805.654696167898,485.135545078531,0.55025627131772,-9.6750984441446,9.07872179919181
91.9056027828896,-0.214328795862219,805.670571893945,483.748177865182,0.579959395364937,-9.91503441656438,9.07845314013713
90.0177585278053,-0.221897678907512,805.69291555935,481.995268088379,0.620749768549212,-10.218239406122,9.07818448586104
88.0140161425676,-0.230322210957737,805.717786221239,480.183199241894,0.66544700006406,-10.5317158893896,9.07791583379075
85.8555411962679,-0.239937798111084,805.746174792863,478.334310965395,0.715351763450954,-10.8516257729608,9.07764718497567
83.5880314344596,-0.250495133034391,805.777345634758,476.548169145757,0.76890840153585,-11.1607545114477,9.07737853910726
81.238295771197,-0.261876940074627,805.810952983782,474.908260114225,0.825199270383412,-11.4446707620137,9.07710989618919
78.8279628109102,-0.274155541809885,805.847212122918,473.626390098373,0.883455206718842,-11.6667778527326,9.07684125728815
76.393507090527,-0.288119547191417,805.888460181637,472.913651181067,0.943808372838009,-11.7902401504994,9.07657262283014
73.9540705546928,-0.302431551080949,805.930738341705,472.318425224878,1.00459457043737,-11.8933344842802,9.07630398928953
71.4348568945431,-0.320476309868275,805.984064997954,471.906793184431,1.07279704853832,-11.9635625756172,9.07603535791402
68.6654626671352,-0.348905666779216,806.068128073394,471.68411823104,1.16263422241953,-11.997861446808,9.07576673087698
65.6611491878184,-0.385889037483088,806.177510369675,471.46151056547,1.27031192535959,-12.0293196056325,9.07549810727058
62.510569505206,-0.427616532369668,806.300936340104,471.242680757283,1.38737310916586,-12.0584704868975,9.07522948630747
59.1929193639689,-0.473523943644955,806.436739227722,471.036111517133,1.51148011038991,-12.0838389635204,9.07496086944393
55.8171610868935,-0.51960733831055,806.573067789245,470.841993562571,1.63425028223485,-12.106709004251,9.0746922551204
52.400797391339,-0.565134544714675,806.707755086636,470.660925909496,1.75407327131156,-12.1272044506615,9.074423643164
48.9713794451035,-0.606678529070277,806.830663332573,470.508417796656,1.86167261589594,-12.1434146930091,9.07415503528577
45.590350131896,-0.64217510293326,806.935682262283,470.383326483408,1.952895221476,-12.1562429620904,9.07388643043751
42.2690380400953,-0.671703848758056,807.023046222008,470.282494290068,2.02833928338326,-12.1662817764882,9.0736178280247
39.0743866077852,-0.690433816834087,807.078461866617,470.221210667795,2.07582703944647,-12.1721250645925,9.0733492291566
35.9672210932906,-0.696163758318541,807.095412651442,470.48237667907,2.08581565370861,-12.1297045531561,9.07308063426658
32.8859690810536,-0.698043066160014,807.100970068561,470.83905291091,2.08469694784452,-12.0729882086351,9.07281204055488
29.5404974740893,-0.69411892748217,807.089346679572,472.454577753138,2.04924771613175,-11.8181357147012,9.07254345176268
26.1209448431673,-0.688537561903793,807.072816097839,474.538311957739,2.00254646543813,-11.4890031675244,9.07227486516573
22.6219498063689,-0.681153157313368,807.05094566781,477.223302426871,1.94237947482922,-11.0641027718733,9.07200628162487
19.159007953607,-0.672306939021458,807.024746353223,480.298553754986,1.87348701560748,-10.5758344541719,9.07173770138575
15.8177691929093,-0.662346559261667,806.995248032635,483.580051255398,1.80000000082014,-10.0526580962042,9.07146912443596
12.6862915435565,-0.651710678746749,806.963750107372,486.854945141094,1.72669408014393,-9.52763985280462,9.07120055059573
9.85053699624164,-0.640740740924979,806.931264070479,489.940645749283,1.65766657487386,-9.02899304993734,9.07093197986799
7.33479788315947,-0.629732567506631,806.898666066755,492.727530992989,1.59537242390316,-8.57403001199567,9.07066341184368
5.33131195243809,-0.619066266706737,806.867082511297,494.918743115168,1.5464792856014,-8.2078777800149,9.07039484731791
3.88800332389771,-0.609096734977879,806.837564586696,496.364492632228,1.51434210334688,-7.95397469550735,9.07012628595395
3.01573959935447,-0.600000000181518,806.810633748147,496.993544991608,1.50081136196194,-7.82336715933186,9.06985772748482
2.55923514782994,-0.590910437594222,806.783728939262,496.977040580046,1.50852693985178,-7.78422620371761,9.06958917261964
2.14729740142438,-0.580883103431427,806.754051786998,496.859112144395,1.52931768549955,-7.75118528792049,9.06932062090481
1.76677070180211,-0.570218203449681,806.722490180431,496.677453394511,1.5612812075438,-7.72091753220571,9.06905207230568
1.4163336317328,-0.559259259485284,806.690060145217,496.45116278755,1.60214229138223,-7.69324896590019,9.06878352655105
1.1000017968698,-0.548284849721373,806.657585845781,496.190761952453,1.65127678672773,-7.6684689529157,9.06851498387991
0.819430359280326,-0.537626006636262,806.62604649551,495.91180073704,1.70719504734997,-7.64665764060817,9.06824644429511
0.576274481501236,-0.527613762705597,806.596421307786,495.629832792169,1.76840742714652,-7.62789517637377,9.0679779077995
0.373332465388852,-0.518625185644917,806.569825710563,495.361687357858,1.83343623258425,-7.61235010213025,9.06770937447868
0.237255157625171,-0.511996773884321,806.550214011397,495.150676797922,1.90105962581515,-7.60203558933729,9.06744084614552
0.10117784986149,-0.505368362123725,806.53060231223,494.939666237985,1.96868301904606,-7.59172107654434,9.06717231781235
0.0509154007493002,-0.502734400227,806.522809288337,494.866627417244,2.03446773263411,-7.58794483046451,9.06690379561054
0.00978629569128706,-0.500525570824661,806.516274135508,494.808273039075,2.10005675407691,-7.58486445734127,9.0666352740613
0,-0.5,806.514719155455,495.066998963914,2.16951413692507,-7.58413151063161,9.06636675761869
0,-0.5,806.514719155455,495.424728190173,2.24017935433938,-7.58413151063161,9.06609824277055
0,-0.5,806.514719155455,496.071804412813,2.31728068405651,-7.58413151063161,9.06582973207449
0,-0.5,806.514719155455,496.89598825811,2.39832152088226,-7.58413151063161,9.0655612239199
0,-0.5,806.514719155455,497.88278883636,2.48269224374602,-7.58413151063161,9.06529271946764
0,-0.5,806.514719155455,499.046774707229,2.57069117153873,-7.58413151063161,9.06502421904939
0,-0.5,806.514719155455,500.210760578098,2.65869009933145,-7.58413151063161,9.06475571863115
0,-0.5,806.514719155455,501.471118683695,2.74786497635422,-7.58413151063161,9.06448722420654
0,-0.5,806.514719155455,502.776062807422,2.83758389901251,-7.58413151063161,9.06421873255484
0,-0.5,806.514719155455,504.081006931149,2.9273028216708,-7.58413151063161,9.06395024090314
0,-0.501133886249018,806.518075719777,505.301178366231,3.0148723599672,-7.58413151063161,9.06368175715498
0,-0.502409601776524,806.521852131414,506.510746225094,3.10217304798563,-7.58413151063161,9.06341327439541
0,-0.504842323282918,806.529053547096,507.726272413326,3.19098100056255,-7.58413151063161,9.06314479237763
0,-0.518432635353428,806.569283999372,508.999257768379,3.29432426334726,-7.58413151063161,9.06287631751331
0,-0.532022947423938,806.609514451649,510.272243123431,3.39766752613197,-7.58413151063161,9.06260784264899
0,-0.553502008698847,806.673097417594,511.627685795702,3.50696669087803,-7.58413151063161,9.06233937403435
0,-0.575958468216388,806.739573707339,512.993344743691,3.61700377845057,-7.58413151063161,9.06207090619403
0,-0.59977596143899,806.810078970167,514.380075164404,3.72003959920943,-7.58413151063161,9.06180244308691
0,-0.624217687356687,806.882432105473,515.776469932267,3.81986431679285,-7.58413151063161,9.06153398215065
0,-0.64644528251299,806.948230904023,517.159409422041,3.90684860025801,-7.58413151063161,9.06126552454465
0,-0.666287401610813,807.006968144294,518.527852367931,3.97999876484289,-7.58413151063161,9.06099707052662
0,-0.68302940040759,807.056528314812,519.872372317589,4.04119226530857,-7.58413151063161,9.06072861843012
0,-0.691687039513536,807.082156919591,521.154506911954,4.07120569401724,-7.58413151063161,9.06046017134449
0,-0.699274647875843,807.104617734513,522.428839807112,4.09342148496179,-7.58367338370715,9.06019172477886
0,-0.693271756608566,807.086844334548,523.604083035167,4.01659919333258,-7.5773965699513,9.05992328481776
0,-0.687268865341289,807.069070934581,524.779326263223,3.93977690170338,-7.57111975619545,9.05965484485666
0,-0.672674224258514,807.025860509316,525.903684307516,3.7618073620543,-7.55580923168498,9.05938641095637
0,-0.656704650874595,806.978579412943,527.019899227964,3.56765129213366,-7.53905304814318,9.05911797802599
0,-0.637561413050305,806.921903669559,528.120684806323,3.34235874750313,-7.51853079405675,9.05884954885101
0,-0.616607342970177,806.859867738009,529.213160712268,3.10030339540024,-7.49580096648465,9.05858112204816
0,-0.594115576742031,806.793282973248,530.305051786332,2.85715356675862,-7.47042725522539,9.05831270026418
0,-0.571972981447775,806.727734361253,531.404380149743,2.62913016143846,-7.44478286142054,9.05804428074249
0,-0.550204612308835,806.663296252533,532.511679475019,2.41731859591895,-7.4188483618866,9.05777586364543
0,-0.531327224609413,806.607423787759,533.650567327086,2.2697543657406,-7.39424360827957,9.05750745133268
0,-0.514361136261778,806.557213045132,534.808045631685,2.16002266999052,-7.37078066301256,9.05723904110146
0,-0.500852829921651,806.517244611825,535.998300985872,2.11700308123727,-7.34948136745366,9.05697063423262
0,-0.490219429161256,806.485787878518,537.219441690021,2.1355511560318,-7.32944999083176,9.05670223110736
0,-0.480649107056129,806.457478590002,538.452003136658,2.17686563728982,-7.30988746354115,9.05643382936641
0,-0.472977390380217,806.434786868232,539.718546249575,2.27517889505223,-7.29033283011218,9.05616543341794
0,-0.465543224830485,806.412798465513,540.992833956932,2.38332806846941,-7.27078011670931,9.05589703888286
0,-0.458764669572086,806.392751246155,542.289368797722,2.51929904794967,-7.25123293537694,9.05562864842072
0,-0.45201424493196,806.372789028605,543.599967913184,2.66660395159067,-7.23168948741377,9.05536026071553
0,-0.445290949751886,806.35290878768,544.924130761025,2.82483940925537,-7.2121496399506,9.05509187566917
0,-0.437973570144052,806.331274767317,546.268263657538,2.98888888856919,-7.1926154759607,9.0548234948326
0,-0.430414545823764,806.308927227469,547.619239720262,3.15431243559321,-7.17308328213784,9.05455511545606
0,-0.420703162089488,806.280220052349,548.998789123629,3.30690503692529,-7.15355999352672,9.05428674270014
0,-0.410991778355212,806.25151287723,550.378338526997,3.45949763825737,-7.13403670491559,9.05401836994421
0,-0.396381157531066,806.208340784006,551.880033657159,3.59659452465286,-7.11333107546705,9.05375000214393
0,-0.379357943023358,806.158045547034,553.441878562384,3.72606065889399,-7.09204321086967,9.05348163678402
0,-0.358490678530209,806.096407122713,555.119604112967,3.85588620104194,-7.06953886166847,9.05321327373039
0,-0.329134295659536,806.009718644267,557.053238020578,3.98650545198099,-7.04434805369451,9.05294491576991
0,-0.299777912788863,805.923030165822,558.98687192819,4.11712470292004,-7.01915724572054,9.05267655780943
0,-0.265760153942921,805.822593832201,560.958090577192,4.24765324506529,-6.99406820783557,9.05240820725728
0,-0.231514174823743,805.72148440564,562.931149369532,4.3781773461215,-6.96898415259899,9.05213985706783
0,-0.199617214282112,805.627314431033,564.704290689326,4.50603234902951,-6.94660745440267,9.05187151126082
0,-0.169319386046102,805.537868600335,566.341334963373,4.63207032029866,-6.92607383320342,9.05160316843722
0,-0.140915891507244,805.454015844158,567.866809155469,4.75670217184087,-6.90696513479387,9.05133482691666
0,-0.119466279944326,805.390694350719,568.987060580755,4.87623769366123,-6.89302073445991,9.05106648998393
0,-0.105196639305902,805.348569573589,569.72142832393,4.99100115729598,-6.88391065954565,9.05079815632348
0,-0.10132944761374,805.337152865521,569.924569765609,5.09912828834273,-6.88163970344064,9.05052982644004
0,-0.106731880378781,805.353095209721,569.708737968215,5.20117216538564,-6.88662183873371,9.0502614996663
0,-0.120576014643046,805.393952924851,569.139285203312,5.2977593050647,-6.89921963513357,9.04999317598921
0,-0.141152772746754,805.454684237918,568.29339611436,5.39025574294304,-6.91835107151318,9.04972485505845
0,-0.168511857814955,805.535440136717,567.16960363157,5.47904839993695,-6.94451760885329,9.04945653727484
0,-0.20225334781694,805.635047310642,565.785310083121,5.56508257973862,-6.97809425174858,9.04918822311592
0,-0.240644606103017,805.748397333934,564.212464713748,5.64999999838095,-7.01803953109017,9.04891991241222
0,-0.281968474379091,805.870423740381,562.521847313385,5.73506879672594,-7.06293130484574,9.04865160466838
0,-0.325438620171649,805.998811214274,560.746455625624,5.82133383323855,-7.11262265633117,9.04838330008097
0,-0.369999999372706,806.130450302863,558.930147907194,5.90991101998923,-7.16660570288659,9.04811499865283
0,-0.414407640427636,806.26167796709,557.125376477053,6.00271980816704,-7.22493595463015,9.04784670093708
0,-0.45832128338596,806.391470509875,555.343669442383,6.09808207393582,-7.28523518745519,9.04757840507545
0,-0.50003528992266,806.514824747179,553.659842538799,6.20019792331765,-7.34944525899829,9.04731011308371
0,-0.544815276815415,806.647355614199,551.969006609485,6.31979873982016,-7.45177262390487,9.04704182472396
0,-0.596293814311362,806.799804493243,550.162870411815,6.45874139663855,-7.60797279436589,9.04677353933613
0,-0.65340349676157,806.969006274331,548.24913608336,6.61334876557766,-7.81219707562449,9.04650525723093
0,-0.714114560617765,807.148936342017,546.2511971944,6.77720443546221,-8.05142228176522,9.04623697843098
0,-0.776374894896524,807.333500026847,544.19673787586,6.94402587530133,-8.31134310764537,9.04596870263888
0,-0.83850359846742,807.517710454003,542.102518659147,7.10837484445703,-8.58186866964512,9.04570043006853
0,-0.897945397854707,807.693988846706,539.991520495632,7.26186482289199,-8.84832385277916,9.04543216123214
0,-0.953897177035723,807.859938698674,537.886901180401,7.40265721366629,-9.10165734418307,9.04516389504216
0,-1.00383182426722,808.008066734933,535.809069768619,7.52234939960474,-9.32796000311349,9.04489563217509
0,-1.04593692273596,808.13299223249,533.779864964184,7.61527917369387,-9.51522936904603,9.04462737254601
0,-1.07835494470427,808.229201379009,531.820693581971,7.67559745498786,-9.65142003397792,9.0443591161398
0,-1.09953012700934,808.292074926747,529.951382878044,7.69754668857596,-9.72663633321071,9.04409086295988
0,-1.11287672144033,808.331726827882,528.164267230196,7.68027410042546,-9.76431162173023,9.04382261287129
0,-1.12316630563058,808.362298108266,526.439280930814,7.62432827941344,-9.79736749253763,9.04355436636637
0,-1.13146070663698,808.386941995561,524.75575775861,7.54044989387652,-9.82786279489788,9.04328612322451
0,-1.13855809460745,808.408030204782,523.09514779805,7.43981332586589,-9.8562716753626,9.04301788268385
0,-1.14448292295298,808.425636387504,521.452765625899,7.3227609231351,-9.88144999160556,9.04274964594991
0,-1.14999999993879,808.442032807883,519.812181689973,7.20000000137817,-9.90422437086478,9.04248141189783
0,-1.15551861516969,808.458436826548,518.15901157742,7.07726061505262,-9.92345539222611,9.04221318160324
0,-1.16143809316042,808.47603443095,516.486417671871,6.96013330735468,-9.94006107908541,9.04194495396293
0,-1.168545166118,808.497164931727,514.769635632553,6.85963232916341,-9.95265582106551,9.04167673019116
0,-1.17693263404899,808.522103240426,513.010010672426,6.77705688056856,-9.96227595662622,9.04140850915871
0,-1.1871731702747,808.552551786123,511.19114943514,6.72042438805409,-9.96836674798643,9.04114029126811
0,-1.20148906395522,808.595128104831,509.255962103433,6.70268076626719,-9.96756314708607,9.04087207727195
0,-1.22713286028376,808.671469353952,507.046345342506,6.7,-9.94481371512654,9.04060386634346
0,-1.26704904881687,808.790362809247,504.512341929187,6.7,-9.89348932742216,9.04033565847743
0,-1.31948666889617,808.946591020548,501.716260425749,6.7,-9.81662334701992,9.04006745367472
0,-1.38147688697308,809.131304041643,498.750099677995,6.7,-9.71975189769534,9.03979925196528
0,-1.45008613948957,809.335757664709,495.712997010648,6.7,-9.6081988979067,9.03953105359174
0,-1.52126229197935,809.547873707227,492.744329363287,6.7,-9.4892692341099,9.03926285896062
0,-1.59071736481825,809.75486798258,489.949253998583,6.7,-9.37142998227301,9.03899466742978
0,-1.65512704033943,809.946831020968,487.432024679786,6.7,-9.260841851931,9.03872647908847
0,-1.71139093129226,810.114520419829,485.283496304479,6.7,-9.16335977231725,9.03845829386103
0,-1.75576422305128,810.246773337374,483.622066027763,6.7,-9.08590206101966,9.03819011187954
0,-1.78469154169019,810.332991286859,482.555289896588,6.7,-9.03512118832296,9.03792193314696
0,-1.79745040090463,810.371019467018,482.08987072442,6.70468213377243,-9.01263403161242,9.03765375766338
0,-1.8,810.378618676008,481.997544355391,6.72777428243603,-9.00812850072322,9.03738558542259
0,-1.8,810.378618676008,481.997544355391,6.7808380019321,-9.00812850072322,9.03711741647165
0,-1.8,810.378618676008,481.997544355391,6.86066679501057,-9.00812850072322,9.03684925062664
0,-1.8,810.378618676008,481.997544355391,6.96181812335485,-9.00812850072322,9.0365810880379
0,-1.8,810.378618676008,481.997544355391,7.07715917940072,-9.00812850072322,9.03631292865663
0,-1.8,810.378618676008,481.997544355391,7.19999999929215,-9.00812850072322,9.03604477248571
0,-1.8,810.378618676008,481.997544355391,7.32200097675584,-9.00812850072322,9.03577662030158
0,-1.8,810.378618676008,481.997544355391,7.4375557698688,-9.00812850072322,9.03550847069357
0,-1.8,810.378618676008,481.997544355391,7.54299849311283,-9.00812850072322,9.03524032383128
0,-1.8,810.378618676008,481.997544355391,7.62304380656671,-9.00812850072322,9.03497218108214
0,-1.8,810.378618676008,481.997544355391,7.67619151080849,-9.00812850072322,9.03470404142738
0,-1.80003615488152,810.378726661072,482.00765524055,7.69841043192862,-9.00812850072322,9.03443590470705
0,-1.80129182630067,810.382477036863,482.35666364485,7.66616113258111,-9.00812850072322,9.03416777169402
0,-1.80460383556202,810.392369406191,483.24931405699,7.58252481091254,-9.00812850072322,9.03389964199327
0,-1.80945802179977,810.406868277199,484.520913869991,7.46402386531778,-9.00812850072322,9.03363151498838
0,-1.81642471360194,810.427677795025,486.242171271679,7.30548114805909,-9.00812850072322,9.0333633922832
0,-1.82437105800628,810.451414182219,488.126344821887,7.13343825654474,-9.00812850072322,9.0330952719706
0,-1.8334659577729,810.478582388341,490.161647378259,6.9500000020594,-9.00812850072322,9.03282715481164
0,-1.84350222104299,810.508563878266,492.254354903525,6.7646105272348,-9.00812850072322,9.03255904081849
0,-1.85436752173709,810.541023948639,494.276931242061,6.59092267884523,-9.00812850072322,9.0322909306688
0,-1.86569518938007,810.57486783665,496.079771833444,6.44385059703356,-9.00812850072322,9.03202282424256
0,-1.87716049359692,810.609125121019,497.637970859962,6.32463920269795,-9.00812850072322,9.03175472049267
0,-1.88870350963653,810.643617297445,498.897668081741,6.23885857582817,-9.00823643301453,9.03148661949109
0,-1.90027894304102,810.678211094093,499.669685951281,6.20687735844243,-9.00880950411132,9.03121852216755
0,-1.91445484876463,810.720590147951,500.117444782125,6.21538441958396,-9.01550024414585,9.03095042866797
0,-1.93097832387512,810.769995726905,500.454666910207,6.2406940898168,-9.02762786417401,9.03068233775299
0,-1.95047047120915,810.828286721027,500.714193648905,6.28077140208921,-9.04683168668606,9.0304142502553
0,-1.97182490302313,810.89215267419,500.91978188576,6.33127936757316,-9.07103355925689,9.03014616600123
0,-1.99413580203978,810.958883399002,501.090196726801,6.38882117150986,-9.0986058321257,9.02987808499369
0,-2.01649735095229,811.025768707985,501.244201925048,6.44999999896291,-9.12792085544656,9.02961000723562
0,-2.03796424461802,811.089980314787,501.40113421633,6.51132531926867,-9.15730607366282,9.02934193278132
0,-2.05778998423743,811.149284532415,501.577348662394,6.56979671990093,-9.18532378084189,9.02907386144368
0,-2.074086244051,811.198032384993,501.807617011457,6.61930506137081,-9.2090466641528,9.0288057941452
0,-2.08682347495953,811.236134473397,502.097546170709,6.65861857302915,-9.22788449676693,9.02853772982923
0,-2.09538477562125,811.261745006292,502.460091289579,6.6853845225866,-9.2407099213157,9.02826966846066
0,-2.09903332608045,811.27265919879,502.929254165563,6.69622701254279,-9.24597153457482,9.02800161002009
0,-2.09418040826035,811.25813953102,503.708350087798,6.67472289453639,-9.23615916338013,9.02773355545611
0,-2.0813186812112,811.219661473247,504.884389269781,6.62068579539388,-9.21081550925943,9.0274655041466
0,-2.06113999157265,811.159299584541,506.431323650091,6.53937854457202,-9.17141807969033,9.02719745609294
0,-2.03455319424659,811.079778141114,508.298612292721,6.43761755389523,-9.12007218955099,9.02692941129807
0,-2.00182603382337,810.981907152519,510.46585280377,6.32163998114632,-9.05784162439913,9.02666137026523
0,-1.96548887967406,810.873252151076,512.806544281108,6.1995219864857,-8.98944442988616,9.02639333170758
0,-1.92492654898468,810.751990967106,515.338662997243,6.0790416530604,-8.91475530565677,9.0261252970952
0,-1.88266408673231,810.62565827795,517.947068144825,5.95977973811315,-8.83759310601453,9.02585726413678
0,-1.83710576509975,810.489532733789,520.674278211769,5.86485877058427,-8.75794190032965,9.02558923699564
0,-1.79142427470053,810.353064131326,523.388613389292,5.78385155752729,-8.67956162394665,9.02532121161668
0,-1.74548643464492,810.215881525787,526.076152216013,5.7318028724722,-8.60382651726613,9.02505318990534
0,-1.69840643169547,810.07536731872,528.742805288872,5.72085400610008,-8.53102217268522,9.02478517158913
0,-1.65064228983554,809.932857530941,531.396948099868,5.73452333151734,-8.45997331184535,9.02451715530653
0,-1.59265961175912,809.760029761721,534.312418495211,5.82571759473312,-8.38373123412374,9.02424914420927
0,-1.530802960073,809.575713145923,537.330766429776,5.94270528215501,-8.30533929786578,9.02398113529274
0,-1.46353641655438,809.375361830521,540.493883401971,6.09359972175896,-8.22395366856484,9.02371312980941
0,-1.3925223235115,809.163922420704,543.756433374991,6.26589384816588,-8.14069763223656,9.0234451275317
0,-1.31897902012022,808.945024554933,547.084928229819,6.44996620971207,-8.05643876246415,9.02317712847309
0,-1.24414548694121,808.722366691455,550.444863522176,6.63524744834337,-7.97213577783224,9.02290913295824
0,-1.1701956268432,808.502450820928,553.774824277339,6.80183055884391,-7.88960350181172,9.02264114209651
0,-1.09708930544104,808.285076086361,557.079965202757,6.9587422396995,-7.80796505467965,9.02237315243662
0,-1.02816760332428,808.080284320538,560.263127052985,7.07014844101941,-7.73051989643505,9.02210516775919
0,-0.962307449266384,807.884663168665,563.361204642952,7.15203037169634,-7.6557620825221,9.02183718525002
0,-0.90163088887836,807.704569042829,566.315223663722,7.18392392411807,-7.58555428735736,9.02156920641202
0,-0.843625333153722,807.53250050187,569.225197131903,7.18787230342162,-7.51781905583361,9.02130123096849
0,-0.787530519088224,807.366173178656,572.103661979609,7.17182970061245,-7.45185260832529,9.02103325795326
0,-0.732794513595628,807.203967772952,574.979387194188,7.14147964541808,-7.38755092936036,9.02076528956988
0,-0.67842677231872,807.042879093089,577.853775195172,7.10734030861799,-7.32370014936669,9.02049732242993
0,-0.626762957862696,806.889929946309,580.628435764113,7.05873137072615,-7.26311671755711,9.02022936262056
0,-0.575099143406671,806.73698079953,583.403096333053,7.01012243283431,-7.20253328574753,9.0199614028112
0,-0.525275927631038,806.589542772257,586.065350759837,6.95825888061002,-7.1441525884685,9.01969344710326
0,-0.477173175574171,806.44725615646,588.622535737529,6.90335314111416,-7.08783085433134,9.01942549522906
0,-0.42919668988424,806.305346069179,591.169686941498,6.84856721418122,-7.03165911647232,9.01915754359
0,-0.385690963805901,806.176767865284,593.361568635457,6.79802353465146,-6.98079835190322,9.01888960027646
0,-0.342185237727562,806.048189661389,595.553450329416,6.7474798551217,-6.92993758733412,9.01862165696293
0.0790268347076703,-0.30150697718603,805.928008833305,597.523887007553,6.69892904130996,-6.88261066575811,9.0183537179433
0.225898821743468,-0.263256117802053,805.815037217675,599.304211417036,6.65208911821919,-6.83831757588062,9.01808578261004
0.392269442210185,-0.225250168108251,805.70279177705,601.069563930452,6.60487802265558,-6.79434591262909,9.01781784769095
0.939810381280544,-0.192031851607526,805.604742016277,602.542237348463,6.5504110375843,-6.75665767892456,9.01754992086821
1.4873513203509,-0.158813535106801,805.506692255503,604.014910766474,6.49594405251301,-6.71896944522003,9.01728199404547
2.1502876869288,-0.126633579183776,805.411731455119,605.423805704523,6.44139267402491,-6.68251639761132,9.01701407025905
2.96282138396507,-0.0955972169129698,805.320180884529,606.761007205019,6.38808586172232,-6.64731902505154,9.01674615081253
3.86139096748964,-0.0648472264720511,805.22950201797,608.077137283174,6.33797731300079,-6.61221014689857,9.01647823460208
4.82810433927219,-0.0339850239483447,805.138518770649,609.395007598571,6.29266848108497,-6.57659281070561,9.01621032163045
5.85100759029672,-0.00233891424435772,805.045255844235,610.751930530961,6.25593957480913,-6.53937638260867,9.01594241270751
6.90206987849655,0.0308246922432591,804.947550455519,612.189651888831,6.23102920416422,-6.49943938835023,9.01567450805513
7.95676370021097,0.0643307588146341,804.848840315473,613.645607658968,6.20821240981418,-6.45886483002878,9.01540660399121
9.04915197445068,0.101391479450801,804.739701096044,615.290832283378,6.20712643852776,-6.41167250865815,9.01513870603535
10.1673470834888,0.138848869889992,804.629400843542,616.955185509425,6.20796443716116,-6.36349326544405,9.01487080860929
11.5847664529713,0.180905554639298,804.505638681989,618.841330432255,6.23111042051555,-6.30387089249184,9.01460291732621
13.0220873459558,0.223168102249669,804.381276274855,620.737460517311,6.255511294621,-6.24372024310947,9.01433502651668
14.7201229062751,0.26812750205497,804.249050508567,622.764398590407,6.2963515345203,-6.17664904748165,9.01406714191077
16.4281980337024,0.313088088488261,804.116826032103,624.792059166586,6.33792181543719,-6.10960112379002,9.01379925780846
18.2870119027491,0.358066491507485,803.984620921658,626.830567740918,6.39045327258196,-6.04290261579908,9.01353138126734
20.1458257717959,0.403044894526709,803.852415811214,628.869076315251,6.44298472972673,-5.97620410780814,9.01326350472622
21.9931476644966,0.446779056302512,803.723890668191,630.854355991899,6.49585480321043,-5.91298699788583,9.01299563081328
23.8116752892288,0.487395650246464,803.604586042587,632.706265472032,6.54957331296901,-5.85849287049284,9.01272776348553
25.630202913961,0.528012244190415,803.485281416982,634.558174952166,6.60329182272759,-5.80399874309986,9.01245989615777
27.3394775643764,0.56444119127269,803.378318709124,636.224655728057,6.65224936941567,-5.76075786395483,9.01219203351853
28.9429710103131,0.596815563806946,803.283305725591,637.711600232259,6.69659724381584,-5.7284126346666,9.01192417541881
30.5464644562497,0.629189936341202,803.188292742058,639.198544736461,6.74094511821602,-5.69606740537836,9.01165631731909
32.1409862792991,0.657467859090226,803.105337378157,640.502176465083,6.78333333241007,-5.67264136434218,9.01138846594517
33.732204747976,0.684237467738229,803.026821633602,641.738312372004,6.82499999909906,-5.65249937122933,9.01112061704769
35.3234232166529,0.711007076386232,802.948305889048,642.974448278926,6.86666666578805,-5.63235737811648,9.01085276815021
36.8463263280414,0.734868002683797,802.878364899978,644.08221338414,6.90833333250413,-5.61651209089862,9.01058492916286
38.365913006288,0.758587724266508,802.808840180462,645.183746608294,6.94999999922153,-5.60087539130142,9.0103170906566
39.8854996845346,0.782307445849219,802.739315460946,646.285279832448,6.99166666593892,-5.58523869170421,9.01004925215035
41.2511622425056,0.805707685661132,802.67075559946,647.375835284426,7.03333333265929,-5.56824718870254,9.00978142050542
42.5228147721848,0.828912800171969,802.602785030479,648.45968599987,7.07499999938148,-5.55042823184793,9.00951359305109
43.7944673018639,0.852117914682806,802.534814461499,649.543536715314,7.11666666610367,-5.53260927499332,9.00924576559676
44.9758642313462,0.875767306814673,802.465552978873,650.649607244392,7.15937934732784,-5.5121289986475,9.00897794134277
45.934076572901,0.900515311304761,802.393099317264,651.810623061504,7.20467861946804,-5.48506779554821,9.00871012500261
46.8922889144558,0.925263315794849,802.320645655656,652.971638878617,7.24997789160823,-5.45800659244891,9.00844230866245
47.8505012560106,0.950011320284937,802.248191994047,654.132654695729,7.29527716374843,-5.43094538934962,9.00817449232229
48.7428098535732,0.974999999810931,802.175075275677,655.310829212861,7.34943250778609,-5.39400175460367,9.00790668680573
49.6320185705636,0.999999999845032,802.101927369446,656.489810814956,7.40400441033103,-5.35659328499384,9.00763888179828
50.521227287554,1.02499999987913,802.028779463216,657.668792417051,7.45857631287597,-5.319184815384,9.00737107679083
51.2303805584455,1.04999999990659,801.95566453091,658.852417833017,7.50522488085048,-5.27898066405212,9.00710328008346
51.8302048230929,1.07499999993002,801.882569620251,660.038862955726,7.54706242914471,-5.23707898503601,9.00683548841587
52.4300290877404,1.09999999995344,801.809474709592,661.225308078435,7.58889997743894,-5.19517730601991,9.00656769674828
53.0298533523878,1.12499999997687,801.736379798932,662.411753201144,7.63073752573317,-5.15327562700381,9.00629990508069
53.6296776170352,1.1500000000003,801.663284888273,663.598198323853,7.67257507402739,-5.11137394798771,9.0060321134131
53.7462283951505,1.17571335915554,801.588161875893,664.826577187207,7.67007541919565,-5.06992908388667,9.00576433474164
53.8177735972977,1.20149315096123,801.512849993467,666.05886119372,7.66344679511751,-5.02852676136702,9.00549655728047
53.889318799445,1.22727294276691,801.43753811104,667.291145200234,7.65681817103937,-4.98712443884737,9.0052287798193
53.9190738711368,1.25377035094145,801.36014457632,668.559815048957,7.63320432543303,-4.94377573410813,9.00496100495697
53.8175192067794,1.28252259811628,801.276210233753,669.942813694561,7.55622082217552,-4.89431125675179,9.00469323826052
53.7159645424219,1.31127484529111,801.192275891187,671.325812340166,7.479237318918,-4.84484677939545,9.00442547156407
53.5780077617096,1.33967337952539,801.109390736729,672.694284266835,7.38652313353233,-4.79647776538276,9.00415770943885
53.4036811089351,1.36771851413122,801.027553841029,674.048242342058,7.27809219995329,-4.7492032443734,9.00388995188082
53.2293544561605,1.39576364873705,800.945716945329,675.402200417281,7.16966126637426,-4.70192872336404,9.00362219432279
53.0143112358814,1.42084825195742,800.872535264692,676.615709925586,7.06154877620203,-4.66366890651551,9.00335444307522
52.7863410510464,1.44499292613583,800.802101498853,677.784628895993,6.95353738754412,-4.62827113743547,9.00308669383114
52.535899764777,1.46543696747781,800.742473054113,678.775839075065,6.86013613788996,-4.60412505037904,9.00281894903463
52.2715339862607,1.48358786651923,800.689540258464,679.656929832785,6.77578823917528,-4.5869512054069,9.00255120699411
51.9363247631849,1.49922470660919,800.643946645443,680.417018619618,6.70541815988708,-4.57730740932538,9.00228346837937
51.5230670288956,1.51209179771979,800.606438639795,681.043799042632,6.65044750115261,-4.57595949875495,9.00201573353883
50.9995817570557,1.52460496304408,800.569964981207,681.65371685317,6.5987204390719,-4.57506205459595,9.00174800109822
50.2564950738187,1.53641301779503,800.535552006177,682.230040032261,6.553455450072,-4.57506205459595,9.00148027343889
49.4626893280339,1.5479523515182,800.501923064024,682.793378236672,6.5091958550796,-4.57506205459595,9.00121254716466
48.4562470513466,1.55836508896269,800.47158113119,683.302277738333,6.4691513122433,-4.57506205459595,9.00094482669738
47.4398322323998,1.56863850195023,800.441645330433,683.804390685744,6.42924330024746,-4.57506205459595,9.00067710666888
46.2377710624277,1.57631828571392,800.419269982786,684.180166837597,6.39187691221016,-4.57506205459595,9.00040939480839
45.0357098924556,1.58399806947761,800.39689463514,684.55594298945,6.35451052417285,-4.57506205459595,9.00014168294789
43.8201720064802,1.59086059853826,800.376900579242,684.89175809882,6.31688391231347,-4.57506205459595,8.99987397289065
42.5457304955037,1.59415109532145,800.367314601701,685.052912685515,6.27811992199869,-4.57506205459595,8.99960627071504
41.2712889845272,1.59744159210463,800.35772862416,685.214067272211,6.23935593168391,-4.57506205459595,8.99933856853942
39.9512348582059,1.59837899776782,800.354998872655,685.260124682116,6.1976755090413,-4.57506205459595,8.99907086947522
38.5348777517106,1.59434826718707,800.366744831323,685.063174734283,6.1498375547044,-4.57506205459595,8.9988031769802
37.1185206452154,1.59031753660632,800.378490789992,684.86622478645,6.1019996003675,-4.57506205459595,8.99853548448518
35.5730220438211,1.58321842180632,800.399178193774,684.519363601422,6.05100906058898,-4.57506205459595,8.99826779640345
33.8738445930461,1.57246791860756,800.430505949814,683.994107498018,5.99626693265036,-4.57506205459595,8.99800011357354
32.1746671422712,1.56171741540881,800.461833705854,683.468851394614,5.94152480471175,-4.57506205459595,8.99773243074363
30.4331028414002,1.55144050777988,800.491781369613,682.966818589023,5.89656053788243,-4.57506205459595,8.99746475630901
28.6623058805039,1.54149022169162,800.52077723421,682.480802042438,5.85833970419178,-4.57506205459595,8.99719708766431
26.8915089196077,1.53153993560336,800.549773098806,681.994785495854,5.82011887050114,-4.57506205459595,8.99692941901961
25.1207119587114,1.5215896495151,800.578768963403,681.508768949269,5.78189803681049,-4.57506205459595,8.99666175037492
23.3499149978152,1.51163936342684,800.607764828,681.022752402685,5.74367720311985,-4.57506205459595,8.99639408173022
21.5869576798805,1.50242605589777,800.634613010377,680.572722806517,5.70769312335239,-4.57506205459595,8.99612641408183
19.9431213956444,1.50441091749635,800.628827802786,680.669504175367,5.70569585150004,-4.57506205459595,8.99585876157213
18.2992851114083,1.50639577909492,800.623042595195,680.766285544216,5.70369857964768,-4.57506205459595,8.99559110906242
16.6554488271722,1.5083806406935,800.617257387604,680.863066913066,5.70170130779533,-4.57506205459595,8.99532345655271
15.0042724463134,1.51142020758829,800.608398485978,681.011339643765,5.7,-4.57506205459595,8.99505580601044
13.3109025513902,1.52052259967971,800.581870886083,681.455603232902,5.7,-4.57506205459595,8.99478816677765
11.617532656467,1.52962499177114,800.555343286187,681.899866822039,5.7,-4.57506205459595,8.99452052754486
9.9241627615438,1.53872738386256,800.528815686292,682.344130411175,5.7,-4.57506205459595,8.99425288831207
8.28239084428395,1.54827248751794,800.500998397874,682.810091141555,5.7,-4.57506205459595,8.99398525110026
6.80894267900924,1.55926181195222,800.468973866831,683.346832634799,5.7,-4.57506205459595,8.99371762048131
5.55975959134737,1.57023024373598,800.43701221991,683.882867105734,5.7,-4.57506205459595,8.99344999444237
4.49962302244413,1.58079850716703,800.406218427068,684.399608451058,5.7,-4.57506205459595,8.99318237143737
3.65115525483266,1.59074004540156,800.37725292105,684.886012002683,5.7,-4.57506205459595,8.99291475144322
3.02087219983205,1.59987668534264,800.350634992975,685.333378802206,5.69437638181147,-4.57441727926207,8.99264713463622
2.5993032966039,1.60794237424028,800.327139897229,685.728705746888,5.65314051209726,-4.5696893850894,8.99237952252321
2.19328656812323,1.61583661145668,800.304144747323,686.115707180408,5.58923175091447,-4.56228274486673,8.99211191222749
1.81944744949366,1.62341356675891,800.282074989917,686.487332074424,5.47936860425668,-4.5493694789758,8.99184430583582
1.47069712002381,1.63086419737239,800.260374388726,686.852937120454,5.33855176141493,-4.53250867874073,8.99157670277103
1.15073739050169,1.63830139053373,800.238714373896,687.218090674126,5.17453994191703,-4.51240037812269,8.99130910311247
0.879574226859947,1.64594287583273,800.216461870518,687.593628355316,4.99249487803724,-4.48900204447484,8.99104150851652
0.620726922000553,1.65369173616338,800.19389728499,687.974528468679,4.81112887707889,-4.46531755798582,8.9907739150237
0.420813855274852,1.66195441090169,800.169839314055,688.38108906259,4.63301234955372,-4.44026376384378,8.99050632680958
0.245270926767598,1.67052074282158,800.14489824521,688.802742289092,4.46478511356765,-4.41553289470949,8.99023874049295
0.12745566442541,1.67980637392022,800.117865305531,689.260146747205,4.31998350264211,-4.39156696612979,8.98997115867106
0.0459362285895659,1.68968960390573,800.089094017407,689.747202436424,4.19956571729261,-4.36889129233304,8.98970357954236
0.0143688337966286,1.70039527787441,800.057930331553,690.275065558774,4.11270611130417,-4.34799132847535,8.98943600412014
0,1.71228034113772,800.023337149047,690.861629676987,4.04665944997318,-4.32589400554636,8.98916843313079
0,1.72515074548624,799.985878734536,691.497236552523,3.99800132147731,-4.30279632837296,8.98890086584495
0,1.73802114983475,799.948420320025,692.132843428059,3.94934319298145,-4.27969865119956,8.98863329855911
0,1.75262788041126,799.905917460697,692.855526493596,3.90934582799801,-4.25563648422675,8.98836573768208
0,1.76817690879342,799.86067699987,693.625465484568,3.87404862725881,-4.23105089221611,8.98809818028308
0,1.78372593717558,799.815436539044,694.395404475541,3.8387514265196,-4.20646530020548,8.98783062288408
0,1.80128824895962,799.76435315277,695.267207333114,3.80414886175716,-4.1857005837652,8.98756307293498
0,1.81951590136487,799.71133882342,696.172673691921,3.76977585709136,-4.1661985726764,8.98729552544789
0,1.83774355377012,799.658324494069,697.078140050728,3.73540285242556,-4.1466965615876,8.9870279779608
0,1.8582549127014,799.598689333066,698.10018429102,3.69110771611554,-4.13745024420436,8.98676043896973
0,1.87915354701517,799.537931398587,699.141998034585,3.64512996547484,-4.12994310725319,8.98649290141943
0,1.90005218132895,799.477173464109,700.18381177815,3.59915221483414,-4.12243597030202,8.98622536386913
0,1.92253424547918,799.411822273874,701.306516897851,3.51745470596388,-4.1902354146593,8.98595783590214
0,1.94508503657627,799.346271718667,702.432733014492,3.43420682216113,-4.26130345437386,8.9856903083511
0,1.96787377929692,799.280032234371,703.571246931923,3.34925324480205,-4.33761332917323,8.98542278142698
0,1.99427510739002,799.203333417572,704.896466258573,3.23840380046171,-4.49350482846226,8.98515526402064
0,2.02067643548311,799.126634600774,706.221685585222,3.12755435612138,-4.64939632775128,8.9848877466143
0,2.04726641831656,799.049390021421,707.556700788127,3.01699556042624,-4.80530467474528,8.98462022942982
0,2.08257106493832,798.946934640816,709.344223931834,2.91986290615106,-4.96199127986386,8.98435272249404
0,2.11787571156007,798.844479260211,711.131747075541,2.82273025187588,-5.11867788498244,8.98408521555826
0,2.15318035818183,798.742023879606,712.919270219247,2.7255975976007,-5.27536449010103,8.98381770862248
0,2.2028805313725,798.597953341688,715.459197659273,2.68457686210395,-5.34557375063153,8.98355021198302
0,2.2528657794561,798.453058698,718.014024976229,2.64466731202731,-5.41407049862339,8.98328271554746
0,2.3028510275397,798.308164054313,720.568852293185,2.60475776195066,-5.48256724661526,8.9830152191119
0,2.40024904274063,798.027175737249,725.743143626536,2.6420956017915,-5.42826042094392,8.98274772914338
0,2.56621514102311,797.549663912923,734.753864581585,2.74936741579329,-5.2705432050068,8.98248024281681
0,2.78775474278407,796.912912706174,746.891899697508,2.9126526895454,-5.03047176574427,8.98221275992418
0,3.05069320739463,796.15757918051,761.381479163624,3.11893161577016,-4.72718857571522,8.98194528057247
0,3.33844858978884,795.331218838359,777.307478556169,3.35277610888202,-4.38337689732583,8.98167780473395
0,3.63439268104512,794.481567772426,793.763410041552,3.60018534728211,-4.01962154704403,8.98141033352133
0,3.92169098067647,793.65679140377,809.761758661739,3.84198582097471,-3.66411252654368,8.98114286418339
0,4.19130067452283,792.88290669816,824.823928934407,4.07231120572746,-3.32547484449384,8.98087539868092
0,4.42010174457926,792.226209838931,837.632728388409,4.26934602848425,-3.03578286923419,8.9806079367392
0,4.6241795357134,791.640509439354,849.076357687395,4.44621227476705,-2.77574389985025,8.98034047695473
0,4.72144347737478,791.361386064881,854.54181383806,4.53120606270689,-2.65078112439465,8.98007302281611
0,4.79112000199032,791.161422372693,858.402086598412,4.58981992342068,-2.57601202861282,8.97980557043282
0,4.79394803159468,791.153246311479,858.293032794162,4.58105528879968,-2.64282044277734,8.97953812269025
0,4.79179145102673,791.159325753593,857.673407572521,4.55895725513366,-2.77215881448884,8.97927067739717
0,4.78388095493981,791.181849697669,856.39447356144,4.51940477469905,-2.98660151892107,8.97900323580217
0,4.77388745400802,791.210304683759,854.727826690074,4.46943727004011,-3.25751162911018,8.97873579748536
0,4.76236351672213,791.243117356455,852.727257134397,4.41181758361066,-3.56990977078669,8.97846836259432
0,4.7500000000705,791.27832060472,850.425858729389,4.35000000035248,-3.90506775809077,8.97820093202113
0,4.73796356364113,791.312592541402,847.964847203972,4.28981781820566,-4.23135904896272,8.97793350550217
0,4.72601452428066,791.346615628116,845.465597360439,4.23007262140331,-4.55528112510944,8.9776660799751
0,4.7165896366978,791.373451573487,842.944815265105,4.182948183489,-4.81077690692012,8.9773986606521
0,4.70778632327969,791.398517680206,840.446187814998,4.13893161639844,-5.04942266523933,8.97713124228735
0,4.70363014841204,791.41035176106,838.174759203861,4.11815074206021,-5.16209086820888,8.97686382981012
0,4.70041156897366,791.419516180394,835.97507673095,4.11649484997392,-5.23223735484494,8.9765964188673
0,4.70015634756477,791.420242884848,834.002154636946,4.17528525268752,-5.16798998076876,8.97632901277413
0,4.7,791.420688060949,832.061637489598,4.27768766266999,-5.04997701459898,8.97606160914847
0,4.7,791.420688060949,830.172361745289,4.44905301418884,-4.84694541213119,8.97579420942465
0,4.7,791.420688060949,828.275826838607,4.65687622362961,-4.60071897914006,8.97552681310952
0,4.7,791.420688060949,826.372968808097,4.89645620310561,-4.31686750787657,8.97525941976355
0,4.7,791.420688060949,824.382409756475,5.14678876897126,-4.02027650189375,8.97499203153815
0,4.7,791.420688060949,822.350865760294,5.4021462952245,-3.71773198342554,8.97472464570571
0,4.7,791.420688060949,820.260810997671,5.64445456002098,-3.43064807260705,8.9744572615924
0,4.7,791.420688060949,817.93280692882,5.83369459653689,-3.20643875885519,8.97418988447036
0,4.7,791.420688060949,815.604802859968,6.0229346330528,-2.98222944510333,8.97392250734832
0,4.7,791.420688060949,813.102676983912,6.15644563908356,-2.82404721479097,8.97365513392432
0,4.69970358004098,791.421532330852,810.276320969425,6.18938861287533,-2.79687057095806,8.97338776576006
0,4.69748234484359,791.427859093137,807.036931295727,6.16519928354976,-2.91266847890014,8.97312040068876
0,4.69255000494075,791.441908450566,803.331023944319,6.09861793008311,-3.18033015432003,8.97285303848285
0,4.68342340450159,791.467907371713,799.011436688047,5.98243419287405,-3.64461963738304,8.97258568062539
0,4.67134415535566,791.502320746547,794.344868847717,5.83756100390675,-4.21982168115682,8.97231832617904
0,4.65663978738974,791.544217072869,789.440476035994,5.67235846317597,-4.87076889074855,8.97205097505625
0,4.6393631008096,791.593448212798,784.391539967455,5.49372167091171,-5.56729513693189,8.97178362755449
0,4.62010169120912,791.648340855281,779.312552994821,5.31069313544373,-6.27260926807483,8.97151628318215
0,4.59894557421517,791.708640568786,774.292248340995,5.12988041545129,-6.95801378585296,8.97124894215727
0,4.57613409910857,791.773667182612,769.430576321022,4.95888134328971,-7.59123620580971,8.97098160449946
0,4.55177691275529,791.843111803307,764.873789953636,4.80855311094271,-8.12491785140953,8.97071427063208
0,4.52619632978704,791.916059299463,760.786357371474,4.69133303583538,-8.50585875395588,8.97044694070544
0,4.49999638416674,791.99078355182,757.060761521695,4.60000663051565,-8.76916359330246,8.97017961328137
0,4.46084134263587,792.102613754526,753.588815435829,4.53686954623573,-8.90358369005746,8.96991229013353
0,4.4025809505528,792.269160656042,749.945110178823,4.47492275040527,-9.03121303915671,8.96964497036588
0,4.32933021287369,792.478643781205,746.214817265126,4.41490158371412,-9.15128309003821,8.9693776539638
0,4.24483165013926,792.720349983084,742.485277023171,4.35768849266689,-9.26259840566646,8.96911034106322
0,4.15347282922866,792.981719837277,738.860557884127,4.30436041679867,-9.36366163059599,8.96884303185386
0,4.06029206504142,793.248327880538,735.426334848629,4.25545729672545,-9.45432888415114,8.96857572605466
0,3.96922666047755,793.508901798478,732.257286493105,4.21156804233904,-9.53411016619176,8.96830842356554
0,3.88457491467026,793.751137644574,729.453916193822,4.17373674665607,-9.60156331515393,8.96804112456452
0,3.8107465457985,793.962411355846,727.107090200454,4.1427836697613,-9.65577615855575,8.96777382905459
0,3.754997445793,794.121954151929,725.399448668622,4.12075262525552,-9.6936780905034,8.96750653753771
0,3.71397274813835,794.239361235065,724.169268317395,4.105091605384,-9.7203229197088,8.967239248631
0,3.70139692285952,794.27535146032,723.82526714038,4.10029597209136,-9.72751280771293,8.9669719639156
0,3.71149469985454,794.246431765768,724.543681576351,4.1,-9.71228078816118,8.96670468265667
0,3.73912120539269,794.16731453889,726.422974028854,4.1,-9.67245876972492,8.96643740495428
0,3.77817765477912,794.055464056646,729.080229034633,4.1,-9.6161611447729,8.96617013004794
0,3.83065693980008,793.905173043775,732.652172326633,4.1,-9.5405152744423,8.96590285964511
0,3.88848545871209,793.73956280963,736.589473051042,4.1,-9.45715879118834,8.96563559213463
0,3.94999999931202,793.563396487827,740.779473941193,4.1,-9.36848911972062,8.96536832818975
0,4.01126747216277,793.387937722581,744.954568042653,4.1,-9.28017558220004,8.96510106809034
0,4.06892894869107,793.222805867077,748.885399179086,4.1,-9.1970598809326,8.96483381127297
0,4.1201864171189,793.07601391204,752.380873480939,4.1,-9.12317518893236,8.96456655774006
0,4.16224186566494,792.955574848204,755.249720205151,4.1,-9.06255467921813,8.96429930749403
0,4.18913579647517,792.878555580508,757.084818330364,4.1,-9.0237886251086,8.96403206117844
0,4.19845199813655,792.851877563237,757.725089782792,4.09870999840559,-9.01137320697407,8.96376481838032
0,4.18447919505481,792.89192336342,756.84449771632,4.07782742150687,-9.04794388763474,8.96349757909325
0,4.14662885738585,793.000398127268,754.450807168873,4.02375551055122,-9.14537785008198,8.96323034330892
0,4.08939625929711,793.164420245549,750.832543435908,3.94199465613873,-9.2933956980375,8.96296311102951
0,4.01764091055164,793.37006291585,746.298149847259,3.83948701507377,-9.48007208840403,8.96269588225804
0,3.93622232134997,793.603399334504,741.155809814782,3.72317474478567,-9.69348167688107,8.9624286569975
0,3.85000000145047,793.850502699112,735.713516527333,3.6000000020721,-9.9219976003794,8.96216143559855
0,3.76448246302717,794.095586240149,730.31864503165,3.47783209003881,-10.1516095703925,8.96189421749121
0,3.68407423612966,794.326027075326,725.248865454542,3.36296319447095,-10.3716581558771,8.96162700285219
0,3.61337927117741,794.52863080625,720.793708545972,3.2619703873963,-10.5708366612761,8.96135979167444
0,3.55700151845279,794.69020303492,717.242287745585,3.18143074064685,-10.7378468919863,8.9610925839608
0,3.51954492818597,794.797549363487,714.883506397899,3.12792132597996,-10.8613906535203,8.9608253797141
0,3.50519388638891,794.838677817439,713.915128286654,3.10927479703881,-10.9370932373395,8.96055817892107
0,3.51799819903147,794.801982113367,714.340987926926,3.13856756935316,-10.9782735812131,8.96029098177211
0,3.55491772741006,794.696174943104,715.772780454314,3.21768084445013,-11.0114808813947,8.96002378813406
0,3.61141783273149,794.534252065803,718.00662696672,3.33875249871033,-11.0424425457968,8.95975659800758
0,3.68275821441708,794.329798643911,720.900663415143,3.49162474517945,-11.0709209078118,8.95948941145558
0,3.76397245809431,794.097047856294,724.296779736507,3.66565526734494,-11.0968076008069,8.95922222837959
0,3.84999999950924,793.850502704675,728.074113770262,3.84999999894836,-11.1193843247141,8.95895504938967
0,3.93515780605612,793.606450114291,732.006589901697,4.03248101297739,-11.1391930874838,8.95868787359486
0,4.01603110563083,793.374676433704,735.986007707455,4.2057809406375,-11.1561402453377,8.95842070094984
0,4.08922313229873,793.16491640784,739.908386094963,4.36262099778299,-11.1700751796878,8.95815353147668
0,4.14667420153717,793.000268176087,743.573666333472,4.48573043186536,-11.179933450328,8.95788636605397
0,4.1854201355572,792.889226734933,746.854619464055,4.56875743333685,-11.1861195888379,8.95761920407464
0,4.19990116798106,792.847725742625,749.585927600662,4.59964702850455,-11.1882117481467,8.95735204570308
0,4.2,792.847442501297,751.86965287332,4.57843881372654,-11.176520230189,8.95708489113071
0,4.2,792.847442501297,753.969508601415,4.52019994703491,-11.1425779785484,8.95681774043248
0,4.2,792.847442501297,755.952784485439,4.43726158271706,-11.0904481331217,8.95655059312152
0,4.2,792.847442501297,757.85673948596,4.33658478606772,-11.0224827980474,8.95628344891899
0,4.2,792.847442501297,759.707200028707,4.2227443930954,-10.9393838675661,8.95601630784724
0,4.2,792.847442501297,761.531601519811,4.0998969958298,-10.8392881983861,8.95574917053589
0,4.2,792.847442501297,763.425551391478,3.98249980196429,-10.7156000794148,8.95548203920296
0,4.2,792.847442501297,765.327530800178,3.86573184791258,-10.5891881522434,8.95521490856025
0,4.2,792.847442501297,767.37597669401,3.77001833223181,-10.4486159093626,8.95494778225744
0,4.2,792.847442501297,769.554535550217,3.69300844929732,-10.2954644021989,8.95468065980996
0,4.20076702265534,792.845255369664,771.824132080823,3.6258991583536,-10.1328263812305,8.95441353858742
0,4.20548337078769,792.831806908759,774.562472793062,3.6097670581279,-9.92134321808154,8.95414642367196
0,4.21578950899395,792.802419405364,777.543217632983,3.6,-9.66072735127706,8.95387931009892
0,4.25345597075777,792.695015133192,781.561359816392,3.6,-9.16513960615375,8.95361220137741
0,4.31314463445693,792.524815513122,786.305480714994,3.6,-8.48610008758853,8.95334509682065
0,4.38341212172029,792.324450839259,791.355196955482,3.6,-7.72182674640862,8.95307799497115
0,4.4638170725463,792.095179630387,796.646402043894,3.6,-6.87930219249948,8.95281089655353
0,4.55001184323931,791.849399002799,801.975391758771,3.6,-5.99874295399412,8.95254380172312
0,4.63600744841202,791.604186287001,807.033199777186,3.6,-5.13736656017782,8.95227671113833
0,4.71430632378652,791.380920460382,811.486242293559,3.6,-4.3632030371182,8.95200962474345
0,4.78852504470553,791.169289016158,815.66656558259,3.6,-3.6320889133157,8.95174253979159
0,4.83978405101709,791.023126196309,818.459297226625,3.6,-3.13344056776234,8.95147546056915
0,4.87814273382406,790.913748086036,820.516404171471,3.60076630586388,-2.76104460582578,8.95120838355419
0,4.8940979825473,790.868252390497,821.295983506037,3.60286342199024,-2.60790569998271,8.95094131037285
0,4.9,790.851423045261,821.181496586792,3.61528313151754,-2.55644671981653,8.95067424054121
0,4.9,790.851423045261,820.302414208068,3.64069136520255,-2.56776904687303,8.95040717427955
0,4.9,790.851423045261,818.964802580505,3.67935253011209,-2.58499709817787,8.95014011124725
0,4.9,790.851423045261,817.191958317277,3.73059328116959,-2.60783082008416,8.94987305230577
0,4.9,790.851423045261,815.170849822498,3.78900964598473,-2.63386211356518,8.94960599736871
0,4.9,790.851423045261,813.060685619655,3.84999999965037,-2.6610404188364,8.94933894567025
0,4.9,790.851423045261,810.985917512255,3.90996729531104,-2.68776283262482,8.9490718977908
0,4.9,790.851423045261,809.032845258571,3.96641719969582,-2.71291783897733,8.94880485379162
0,4.9,790.851423045261,807.22240562467,4.01874457469968,-2.73623577839597,8.9485378113294
0,4.9,790.851423045261,805.980304504415,4.0546451868467,-2.75223368196125,8.9482707749914
0,4.90005274481436,790.851273078295,804.797318798314,4.08866076222423,-2.76750910190758,8.94800373899979
0,4.90124869725752,790.847872680338,804.895619096475,4.08181946017232,-2.76712518557882,8.94773671051593
0,4.90244464970068,790.844472282382,804.993919394636,4.07497815812042,-2.76674126925007,8.94746968203207
0,4.90908875370346,790.825581399386,806.503994999828,4.00911246296546,-2.75219404198719,8.94720266039678
0,4.91642285343272,790.804728682479,808.192868664868,3.93577146567284,-2.73585306432831,8.94693563962884
0,4.92681522498926,790.775180518415,810.586295851118,3.83184775010736,-2.71269800539848,8.94666862492176
0,4.93833257743134,790.742433746643,813.238892035074,3.71667422568661,-2.68703639649037,8.94640161244417
0,4.94989874304336,790.709548186573,815.90283025982,3.60101256956635,-2.66126602782318,8.946134601567
0,4.96169807370855,790.675999678762,818.620945821264,3.48301926291449,-2.63497614823233,8.94586759833451
0,4.97349740437374,790.642451170952,821.339061382707,3.36502595626263,-2.60868626864149,8.94560059510202
0,4.9827718294736,790.616081613921,823.475723018188,3.27228170526398,-2.58802208640366,8.94533359738626
0,4.99046658602155,790.594203457653,825.248606897444,3.19533413978448,-2.5708775356773,8.94506660312195
0,4.99717682995637,790.575127186427,826.886257558753,3.12263631006907,-2.55938521202988,8.94479960939715
0,4.98765349980528,790.602251042868,826.294055160646,3.12001213857947,-2.64109214841476,8.94453262456827
0,4.97813016965419,790.62937489931,825.70185276254,3.11738796708987,-2.72279908479965,8.94426563973939
0,4.94974679835226,790.710209863892,823.621471439711,3.13064031631434,-2.95203486495096,8.94399865898348
0,4.90244396708567,790.844925154185,820.048222664403,3.15981920544534,-3.32926428047922,8.94373168231335
0,4.84557291020293,791.006900413154,815.804840238862,3.19558280677974,-3.7796748488906,8.94346470871483
0,4.77504171679749,791.207793535128,810.604737359826,3.24074711324686,-4.33456294316456,8.94319773950148
0,4.70203624785321,791.415742503411,805.264881447061,3.28805208658136,-4.90637126783824,8.94293077187445
0,4.62288204484011,791.641232291908,799.610966896348,3.34111311774159,-5.51823062172102,8.94266380897871
0,4.54426398027483,791.865232224631,794.18363045741,3.39629629547556,-6.11458987383396,8.94239685041638
0,4.47128593460123,792.073213299569,789.39872962475,3.45088430076488,-6.65277432369973,8.94212989598705
0,4.40313766012655,792.267465187468,785.105229579118,3.50419388795403,-7.14465924777209,8.94186294370658
0,4.34749058156454,792.426171722856,782.036804446844,3.55358192691672,-7.51950727432843,8.94159599588028
0.0703451560103836,4.30299341147321,792.553173865979,780.031844434992,3.59878942888066,-7.79112124014964,8.94132905158226
0.216455280550936,4.26467286054136,792.662616641887,778.623282246281,3.64166666624491,-8.00482881143135,8.94106210961507
0.744501825129038,4.22920091394189,792.763995540785,777.55841697352,3.68333333296192,-8.18505296435166,8.94079517227121
1.6131246887385,4.19428417293431,792.863816351142,776.562639138926,3.72499999968401,-8.35697850437675,8.94052823893876
2.67458326979306,4.16005112878739,792.961698056906,775.614622983004,3.76666666640797,-8.52258505586931,8.94026130811109
4.01888423024717,4.12764097919924,793.054388804551,774.755845606724,3.8083333331324,-8.67532552569146,8.93999438147589
5.56833110773561,4.09758393880779,793.140364307512,773.985900620317,3.84999999985434,-8.81421138946789,8.93972745853333
7.28072634226606,4.0704802943837,793.217902959014,773.311863477324,3.89166666657133,-8.93733561279488,8.93946053920948
9.11929143749254,4.04698250209553,793.285134351072,772.742919454674,3.93333333328086,-9.04246900674702,8.93919362352158
11.0481919010839,4.02788854762942,793.339771708347,772.291811256574,3.97499999998004,-9.12672769460467,8.93892671158906
13.0225778922143,4.0127184024472,793.383184653836,771.939923669141,4.01666666666931,-9.19298963629104,8.93865980262639
15.0183063847608,4.00394706268288,793.40828847329,771.741138814552,4.05833333334142,-9.23081265603617,8.93839289793901
17.1142153136034,4.00651833851874,793.400981580719,772.139078515052,4.09967007130336,-9.2205771423373,8.93812599714712
19.4615233629418,4.02372146088123,793.351913410864,773.615465149844,4.14029321965066,-9.14953178501212,8.93785909872663
22.5687620822537,4.07917529299292,793.193724904524,778.16791236214,4.17891234922501,-8.92154717496599,8.93759220445697
26.2680570652628,4.16635206218407,792.945064979372,785.243314922002,4.21616489070496,-8.56668556943348,8.93732531392386
30.3456698870786,4.27744433974744,792.628222585659,794.137023599931,4.25277777755552,-8.11984691226089,8.93705842694898
34.6247190575791,4.40594067490339,792.261786404712,804.262669064838,4.2893493658102,-7.61006358902568,8.93679154336859
38.9234093918041,4.54782119366008,791.857256526781,815.166885066503,4.32666589757193,-7.05917959818361,8.93652466387269
43.0466745022547,4.69453181265435,791.439040398109,826.122285553256,4.36529924368642,-6.50332014332067,8.9362577878397
46.8738466881857,4.84114443172415,791.021202185254,836.697902342757,4.40562645331676,-5.9637449470512,8.93599091500181
50.1023889814916,4.98030795424143,790.624761964545,846.093647997073,4.44891357854985,-5.47878453836711,8.93572404629492
52.6914369711496,5.10787541943593,790.261534335255,854.020572882681,4.49512950302108,-5.06305186149164,8.93545718083248
54.2625952319456,5.21366563874773,789.960618288392,859.417690531445,4.54579448686129,-4.76744078868992,8.93519031946809
54.8544207108074,5.2967615221924,789.724600461991,862.329336297035,4.60156231251859,-4.58981368070212,8.93492346161952
54.7993189863337,5.36546321223295,789.529719364626,863.801905926528,4.66391385485682,-4.47891630167586,8.93465660676977
54.3129640280374,5.4265030586039,789.356691197636,864.779819953264,4.73753263128487,-4.3877002386976,8.9343897559536
53.5889389520267,5.48354873088579,789.195043130085,865.607934948373,4.81963596553139,-4.30193896476559,8.93412290852264
52.661795492329,5.53666929762733,789.044584026449,866.301562955847,4.90965888720343,-4.2230439714759,8.9338560649525
51.6138610362977,5.58683656268724,788.902549597488,866.907427906171,5.00520042959868,-4.15090002914537,8.93358922484943
50.5000000187977,5.6343371864488,788.768130118184,867.452168166617,5.10513221486869,-4.08698578312655,8.93332238863385
49.3920013309208,5.67997955645076,788.639026749675,867.97610373505,5.20741160198516,-4.03136888769021,8.93305555603624
48.3572786922471,5.72430995306753,788.513689525894,868.514461748338,5.31039855281537,-3.98503001905515,8.93278872720611
47.4328767437994,5.76800681587716,788.390184836519,869.091354793182,5.41269759180699,-3.94687815141919,8.93252190151011
46.676397279933,5.8114456090964,788.267449465973,869.735771161164,5.51302669309263,-3.91814467155619,8.93225507924869
46.2369993244887,5.85541390482827,788.143258479268,870.520494577016,5.60830739633299,-3.90281406994874,8.93198826154928
46.2339428275699,5.90015706426905,788.016900574747,871.457631160681,5.6996694313634,-3.90481426607364,8.93172144688581
47.305252001884,5.94566356798515,787.888417443487,872.672517931611,5.78900456378378,-3.95253643786233,8.93145463557467
50.4255643222365,5.99147765952487,787.759116724574,874.335152373938,5.88006405553788,-4.09048115589901,8.93118782832687
55.1825406167148,6.0371687972965,787.630209482442,876.332079660696,5.9723983676053,-4.3007805382297,8.93092102494769
60.9608086817893,6.0825139746733,787.502314055098,878.520934367455,6.06492645641263,-4.55622982571865,8.93065422480859
67.5280957286814,6.12723738652508,787.376209242251,880.836054264482,6.1568120008425,-4.84656055769074,8.9303874282603
74.4999999598897,6.17107080988823,787.252648217239,883.180396417999,6.24709158782741,-5.15477885913439,8.93012063530573
81.446148243663,6.21357647046887,787.132865496181,885.436669469241,6.33437934434664,-5.46185852554991,8.92985384636994
87.9904746030217,6.25471063674461,787.016975541717,887.523409630736,6.41822147033728,-5.75117419709132,8.92958706078486
93.8073105338288,6.29422341298599,786.905680927707,889.356822483825,6.49775112200144,-6.00832851690318,8.92932027862249
98.561553138077,6.33187533282304,786.799654293724,890.851749517293,6.57211583173972,-6.21850704654693,8.92905349990268
101.798343958798,6.36727061572958,786.700009984759,891.888163201443,6.64000039628253,-6.3616011189562,8.9287867248694
102.44737891739,6.399778017823,786.608539182684,892.068600940792,6.69695435179905,-6.38876224565356,8.92851995541808
102.965174005294,6.43222813112079,786.517234030391,892.17916602711,6.75309249809895,-6.40968156504703,8.92825318649679
102.847800779156,6.46589896445791,786.422549776775,891.50704833714,6.80089019310397,-6.39430780682211,8.92798642428883
102.716536722226,6.4995243902869,786.327997989192,890.773657262347,6.8479756854808,-6.37772969851438,8.92771966295901
102.489116118499,6.53283549156273,786.234363171689,889.616113220467,6.89013109510149,-6.35281471339591,8.9274529077079
102.24011853739,6.56547648627073,786.142616886603,888.417792318796,6.93155220853273,-6.32714012191673,8.92718615390805
101.909101605605,6.59557024256792,786.05804937359,887.064468633219,6.97018208315438,-6.29857808149736,8.9269194056248
101.543834720479,6.6233455567212,785.980001210746,885.760433144173,7.0084248544344,-6.27113562612794,8.92665265982774
101.094849885937,6.64545384936949,785.917888445597,884.576873928568,7.045721420105,-6.24642979826998,8.92638592010774
100.645865051395,6.66756214201779,785.855775680449,883.393314712963,7.0830179857756,-6.22172397041201,8.92611918038775
100.089580677561,6.68205018744383,785.815074419835,882.575504985595,7.12140682233735,-6.20580122216148,8.92585244578063
99.4283724751665,6.68908670494694,785.795310593304,882.115346715574,7.16086374590565,-6.19846708803792,8.9255857161732
98.7671642727715,6.69612322245005,785.775546766773,881.655188445554,7.20032066947395,-6.19113295391437,8.92531898656577
96.5892101998739,6.68595723999741,785.804131012296,881.60835244191,7.23962030456537,-6.22935437701135,8.92505226346159
93.8239283053815,6.66912995256186,785.85143702815,881.721566761164,7.2788590330143,-6.28521622801668,8.92478554287566
89.5949778461827,6.64084013206933,785.930969211277,881.929147242316,7.31693927353244,-6.37774375493109,8.92451882689012
84.3750800452238,6.60478983428258,786.032319472325,882.200616434029,7.35423518311451,-6.49509503973171,8.92425211401917
78.5875278928728,6.56435639840849,786.145995525856,882.534150648365,7.39183461991653,-6.62437719145555,8.9239854047939
72.1642664268535,6.51901433865371,786.273475086859,882.937190738658,7.42977397321914,-6.76702057824193,8.92371869965137
65.757629657953,6.47389427899337,786.40033475444,883.376688788402,7.46883453118855,-6.90587817360754,8.92345199719647
59.3822567625561,6.42919170560787,786.526028670287,883.884748510236,7.51000359078201,-7.03761633075162,8.92318529979582
53.2960524534516,6.38684201375483,786.645111695568,884.410329688083,7.55246719480519,-7.15887018858856,8.92291860412139
48.2198203735844,6.35271017515116,786.741105020937,884.997107637734,7.59945222330356,-7.24350578412046,8.92265191447606
43.3714451953878,6.32034531462293,786.832132827784,885.593278534357,7.64766054339389,-7.31829423992694,8.92238522567731
40.6199227328143,6.3042410665615,786.877465459632,886.275888008091,7.70712620209363,-7.30246441064747,8.92211854466918
37.8684002702408,6.28813681850007,786.92279809148,886.958497481824,7.76659186079337,-7.28663458136801,8.92185186366105
35.6115447347121,6.27447925421106,786.961255160675,887.770763200237,7.83930110490878,-7.19241407845466,8.92158518807029
33.6716521531062,6.26238942787544,786.99530664193,888.666107499531,7.92049631346689,-7.04796393996929,8.92131851595076
31.7748977667477,6.25055071232904,787.028651487554,889.58376572123,8.00318520780963,-6.89330665275856,8.92105184495552
30.1917201173367,6.24053735135397,787.056859713673,890.663626532455,8.09673188402485,-6.66445237208339,8.92078518213292
28.6085424679257,6.23052399037889,787.085067939792,891.74348734368,8.19027856024006,-6.43559809140821,8.92051851931032
27.1325423299065,6.2223038202835,787.108226416373,892.897235807065,8.28358336464746,-6.19000416110298,8.9202518621491
25.7188447222557,6.21512603611204,787.128449462097,894.093935330173,8.37674756842458,-5.93467943451512,8.91998520827887
24.304344801165,6.20849758870376,787.147124928009,895.298971168794,8.46801110861744,-5.68362872209016,8.91971855574659
22.885069703718,6.20513866140225,787.156589571608,896.553622749553,8.54796235693135,-5.45801591256691,8.91945191117749
21.4657946062711,6.20177973410074,787.166054215206,897.808274330313,8.62791360524525,-5.23240310304367,8.9191852666084
19.9243274756366,6.20502716939457,787.156912500762,899.204140226631,8.69357331206559,-5.03502609425574,8.91891862831717
18.3185869955214,6.21174956979709,787.13798379021,900.67428524589,8.75171562829119,-4.85250119522641,8.91865199332811
16.7128465154063,6.2184719701996,787.119055079658,902.144430265149,8.8098579445168,-4.66997629619708,8.91838535833906
14.9935715235889,6.24004250366245,787.058320330902,903.9786991714,8.85636358175679,-4.48132083067763,8.91811873212316
13.2546463013165,6.26418290977538,786.990349911928,905.87598960464,8.90085517568633,-4.29160430414207,8.9178521074257
11.5233777545654,6.28874107978257,786.921203894337,907.772101124273,8.94524491815422,-4.10288364185225,8.91758548324623
9.93878709377529,6.32130229558566,786.829537094805,909.645628357117,8.98768350609885,-3.93324061474009,8.91731886898994
8.35419643298523,6.35386351138875,786.737870295273,911.519155589961,9.03012209404348,-3.76359758762793,8.91705225473365
6.87811190261651,6.3860305298155,786.64731966611,913.267871260765,9.0748158010466,-3.60686885703208,8.91678564301199
5.7332393378415,6.41699427164077,786.560176116165,914.635603086403,9.12639319667736,-3.4895606597906,8.91651903902719
4.58836677306649,6.44795801346605,786.47303256622,916.003334912042,9.17797059230812,-3.37225246254911,8.9162524350424
3.71254583683111,6.47495734778446,786.397066438096,917.00330518995,9.23953972658212,-3.28715663548651,8.91598583562355
3.17376145575792,6.49699053394527,786.335102082669,917.542586618505,9.31362534771284,-3.24241271537065,8.91571924192439
2.63497707468474,6.51902372010608,786.273137727241,918.081868047061,9.38771096884356,-3.19766879525479,8.91545264822522
2.20950775345269,6.53913039066827,786.216611861235,918.43023116289,9.48651859304168,-3.17038983705738,8.91518606146397
1.84748345165083,6.55815840655069,786.163131001493,918.67169925455,9.59916804874184,-3.15288949831106,8.91491947858725
1.48545914984896,6.57718642243311,786.109650141752,918.91316734621,9.711817504442,-3.13538915956474,8.91465289571053
1.17689674705926,6.59517107457075,786.059112111146,919.118051788049,9.83841809652366,-3.1211823009912,8.91438631928797
0.908517331009288,6.61237151454429,786.010785967254,919.295439258347,9.97550462978174,-3.10945088516392,8.91411974771646
0.640137914959316,6.62957195451783,785.962459823363,919.472826728645,10.1125911630398,-3.09771946933664,8.91385317614495
0.409521135509155,6.6459612585336,785.9164174313,919.656479988841,10.2523809501494,-3.08490018019439,8.91358660825415
0.230780637636686,6.66122514295731,785.873543100809,919.853559153279,10.3948115941877,-3.07007426618324,8.91332004528797
0.107532748506936,6.67523058775348,785.834208587272,920.088637019808,10.5348054358023,-3.0505896734078,8.91305348694356
0.0274295469111681,6.68823572533877,785.797686764992,920.362742874844,10.6707939840552,-3.02647528706633,8.9127869319333
0.00139924218641938,6.69991934640063,785.764879668812,920.708192709007,10.7999999985507,-2.99403644562372,8.91252038095579
0,6.7101553947821,785.736138525044,921.329189309237,10.9293393434147,-2.92943727677515,8.91225383348257
0,6.7188257565344,785.711793531651,922.396228867997,11.0650515596223,-2.81067732065229,8.91198728975827
0,6.72630912762701,785.690781775368,923.817416723999,11.2052153541494,-2.64530010618809,8.911720749711
0,6.73288792120894,785.67231102217,925.526000336204,11.3476190466715,-2.43589120188519,8.91145421396624
0,6.73914568465654,785.65474278021,927.351947138748,11.4898056824165,-2.20338721163324,8.91118768106578
0,6.74524234579897,785.637628584331,929.261055918825,11.6302854137526,-1.94750034624505,8.91092115167284
0,6.75167705846368,785.61956820625,931.135614420571,11.7651304728478,-1.67266239720383,8.91065462691729
0,6.75882885018811,785.59949739504,932.864915939445,11.8927625701996,-1.39260176303822,8.91038810582911
0,6.76655041873127,785.577828795516,934.471601795479,12.0151373180431,-1.1118888685686,8.91012158703803
0,6.77629175559688,785.550494870871,935.613397293042,12.1208658835633,-0.843552131691679,8.90985507379891
0,6.78708487928331,785.520210370409,936.505020607008,12.2184573207209,-0.585581293490622,8.90958856275932
0,6.80006407145021,785.483793290521,936.88346554905,12.2999023380061,-0.35126887270705,8.90932205570936
0,6.82142689001181,785.423891147438,936.873760538624,12.3680254528842,-0.121701825595617,8.90905555288682
0,6.85428479931313,785.331800751365,936.767779675359,12.4304583554044,0.125423568516776,8.90878905378642
0,6.89607519699638,785.214702743848,936.593021609039,12.4883268552653,0.383443110143562,8.90852255809585
0,6.9456414421269,785.07584111005,936.363476122482,12.5419888715392,0.647526995063035,8.9082560660043
0,7.00200321113004,784.917970340532,936.095396743113,12.591547040616,0.910637592706142,8.9079895782152
0,7.06162445297477,784.750991175828,935.817020269705,12.6387631775666,1.16780127109247,8.90772309350067
0,7.12363361463805,784.577354768816,935.544853770695,12.6836371566426,1.4114210234884,8.90745661273333
0,7.18557955349088,784.403935857194,935.308812046405,12.7269228848221,1.63119422454612,8.90719013632653
0,7.24607455312252,784.234609935444,935.111214187377,12.769713250037,1.83105748033504,8.90692366271217
0,7.30311395618774,784.075005928267,934.98226198824,12.8123668113996,1.99880032224076,8.90665719292643
0,7.35499059463449,783.929907617718,934.939066327988,12.8555817162037,2.12978565034899,8.90639072678893
0,7.39994817624783,783.804237988328,935.002314455917,12.9000318680463,2.21831782989881,8.90612426430241
0,7.43846178205832,783.696647862322,935.360054903903,12.9483570889109,2.2743093331045,8.90585780610423
0,7.47479217262915,783.595174404659,936.03857953539,13.0003025128128,2.32352349406205,8.90559135125852
0,7.5091274013167,783.499294617495,937.02230310626,13.0548535010287,2.36639339707159,8.90532490011764
0,7.54188825710444,783.407834286137,938.256548862286,13.110435203405,2.40392697154144,8.90505845271459
0,7.57348570782208,783.319647507167,939.689470907594,13.1653412716753,2.43705445211316,8.90479200921528
0,7.60442951935947,783.233310220206,941.252041072645,13.2179528618882,2.46708994526234,8.90452556943013
0,7.63517667774959,783.147550659591,942.890837610013,13.2659171004937,2.49492121409681,8.90425913390538
0,7.66619774068655,783.061049438137,944.53360960137,13.3086424142691,2.52205193589732,8.90399270174901
0,7.69780079223484,782.972946713318,946.140011800773,13.3450002458867,2.54922795634701,8.90372627296575
0,7.73030648982142,782.882347696511,947.668298243008,13.3737889677403,2.57721686357878,8.90345984758198
0,7.76414649985811,782.788049274653,949.064785753625,13.393122559656,2.60696556716283,8.90319342584639
0,7.80109865040003,782.685110152333,950.22887133182,13.3986077004899,2.64095290199776,8.90292700899252
0,7.84119634406215,782.573443098636,951.344480140558,13.4,2.67780190127444,8.90266059453783
0,7.88925979009106,782.439688055413,952.518409840099,13.4,2.72017153501212,8.90239418497861
0,7.94167194858109,782.293886690132,953.725714162802,13.4,2.76517143615031,8.90212777946241
0,7.99551051822384,782.144138496618,954.938162752234,13.4,2.81093768185099,8.9018613758771
0,8.05072965272461,781.990597871591,956.119721643374,13.4,2.85685007121611,8.90159497789674
0,8.1043781065241,781.8414399544,957.247754371049,13.4,2.90112518994959,8.90132858276744
0,8.15657482157624,781.696332858472,958.326314277524,13.4,2.94388702261937,8.90106219027329
0,8.20064455609373,781.573837801937,959.212308597609,13.4,2.97958005873209,8.90079580373142
0,8.2377147006585,781.470803051562,959.951831289398,13.4,3.00950811517602,8.9005294202885
0,8.26318461952718,781.4000172994,960.451237339491,13.4,3.02992583752043,8.90026304170658
0,8.28865453839585,781.329231547238,960.950643389584,13.4,3.05034355986484,8.89999666312467
0,8.29319817283887,781.31659902623,960.442296712031,13.4023840900245,2.98167177648649,8.89973029197726
0,8.29131668487634,781.321821639982,959.624533680482,13.4055001814843,2.88564630873327,8.89946392311252
0,8.28710075219971,781.333528776267,958.391319124941,13.4102761500147,2.74093113264674,8.89919755593182
0,8.27165610423977,781.37642656651,955.159776295124,13.4230361530004,2.36201770427369,8.89893119685137
0,8.25621145627983,781.419324356753,951.928233465307,13.4357961559861,1.98310427590064,8.89866483777092
0,8.23735812092455,781.471691642896,948.13868651906,13.4521032124215,1.52442029065366,8.89839848374682
0,8.2160277319386,781.530940301976,943.943644447499,13.470987871496,1.00776796609946,8.89813213339711
0,8.1942678298469,781.591384403798,939.870102876321,13.4912245500097,0.485840324530634,8.89786578673836
0,8.17201921655928,781.653188711499,935.934807738258,13.512999591447,-0.04208971010271,8.8975994442793
0,8.15090256930292,781.711851653946,932.466799535656,13.5349292009395,-0.536497599882706,8.89733310463711
0,8.13183018725872,781.764841472349,929.842684524093,13.557137951404,-0.970366434011873,8.89706677008204
0,8.11382804054611,781.814860247909,927.575438134096,13.5790923282192,-1.37465478985696,8.89680043683883
0,8.10004145209238,781.853176269751,926.731206657039,13.6000414514241,-1.66238698326612,8.89653410860693
0,8.08865961979381,781.88481916515,928.385280087962,13.623428421445,-1.86456968287154,8.89626778512173
0,8.07716049408038,781.91679090335,931.876008457363,13.6502633230254,-2.04957239135499,8.89600146457791
0,8.0656471162276,781.948805310238,937.494015231544,13.6808240431866,-2.21506457189743,8.89573514813383
0,8.05440898037856,781.980056709902,944.608781016996,13.7134917191532,-2.36537546640396,8.89546883573081
0,8.04367071321263,782.009919749915,952.587642516244,13.7467605345193,-2.5051857878764,8.89520252704273
0,8.03357097056416,782.038008311448,960.966153332926,13.779572252722,-2.6380661662568,8.89493622172364
0,8.02436556771045,782.063610715971,969.374088290511,13.8108209914605,-2.76612397179047,8.89466992008646
0,8.0162720532321,782.086121549906,977.362014803222,13.839331988392,-2.89239142258318,8.89440362213401
0,8.009510372475,782.104928733299,984.478096295785,13.8639218528166,-3.01991131000776,8.894137327874
0,8.00435232848612,782.119275949318,990.217370654924,13.8832210456048,-3.151952339831,8.89387103742032
0,8.00176611895839,782.126469770239,993.248833409973,13.8931652911686,-3.29584884255809,8.89360475209345
0,8.00022892146061,782.130746863558,995.277600975828,13.8997482546912,-3.44457934395147,8.89333846832591
0,8.012619568271,782.096350831698,992.770151031436,13.8894836931075,-3.61873770889735,8.89307218950702
0,8.04524913335266,782.005771925412,986.050005007767,13.8622923888728,-3.81693806726277,8.89280591439663
0,8.09439015203341,781.869357611743,975.799562595718,13.8213415399722,-4.03210545207534,8.89253964301952
0,8.15634612931816,781.697369273978,962.656726304656,13.7697115589015,-4.2568784871615,8.89227337555551
0,8.22582248530108,781.504504541581,947.657686533488,13.7118145955824,-4.48356714787595,8.89200711144866
0,8.29999999957929,781.298589504173,931.082932828468,13.6500000003506,-4.70167234657214,8.89174085222854
0,8.37322234548909,781.095325991722,914.253784071879,13.5889813787591,-4.90795425025523,8.89147459588292
0,8.4423631885707,780.903392635258,897.606731932812,13.5313640095244,-5.09365315483761,8.89120834328616
0,8.50333206456106,780.734144467502,881.883648800254,13.4805566128658,-5.25131082034733,8.8909420944412
0,8.55482873981691,780.591190906509,867.415128293875,13.4376427168192,-5.38076999582005,8.89067584871804
0,8.58692603555746,780.502089567412,855.791403231275,13.4108949703688,-5.45889790256435,8.89040960755832
0,8.59750625942889,780.472715990245,847.431536797239,13.4024413910538,-5.48531806228731,8.8901433704454
0,8.59401218567583,780.48239374046,840.876175005101,13.4078975865478,-5.48481791564033,8.88987713660492
0,8.58021134224856,780.520649096117,835.156086150669,13.4260433253224,-5.47278508480011,8.88961090652844
0,8.55726324067751,780.584265333109,830.023974160863,13.4560555161769,-5.45351458414529,8.88934468077959
0,8.52898453272454,780.662663843136,825.22751570972,13.4928845604217,-5.43047814288698,8.88907845798194
0,8.49433611288786,780.758731292569,820.820460542244,13.5376967157525,-5.40368832758749,8.88881223942016
0,8.45554073296979,780.866307972131,816.653230816876,13.5875166753333,-5.37532551073373,8.88854602444322
0,8.41327461927876,780.983526830197,812.664417620715,13.6412201676753,-5.34705934424727,8.8882798138091
0,8.36943657768069,781.105124908006,808.728382001352,13.6962962953715,-5.32061103207434,8.88801360682734
0,8.32513246230075,781.228040014338,804.765206679478,13.7511899510773,-5.29740911186851,8.88774740350062
0,8.28164530767349,781.348721952819,800.67613114458,13.804013814122,-5.27949247065213,8.8874812041945
0,8.23947813340324,781.465770044255,796.441642181423,13.8542958615998,-5.26651634216795,8.88721500778887
0,8.20017357161715,781.574923509385,791.921287322154,13.8994801229879,-5.26256929939415,8.88694881562526
0,8.16128474774162,781.682979530625,787.180923268684,13.9416666657304,-5.27608090047646,8.8866826279019
0,8.12147087817639,781.793637280553,782.363774425294,13.983333332402,-5.30220066725598,8.88641644306778
0,8.07998286741713,781.908986245828,777.483950038901,14.0249999990892,-5.34485181768143,8.88615026223111
0,8.03733281064603,782.027598982608,772.565242580193,14.0666666657885,-5.39992700335127,8.88588408510354
0,7.99379251481749,782.148726341941,767.62543777708,14.1083333324994,-5.46631799945805,8.88561791258699
0,7.95000000081729,782.270580262984,762.688230597632,14.1499999992157,-5.5376965536239,8.88535174313038
0,7.9061386300055,782.392651480994,757.763211295594,14.1916666659365,-5.61282489400006,8.88508557685969
0,7.862707799192,782.513563272565,752.882699534101,14.2333333326608,-5.68962956198229,8.88481941539534
0,7.82071350816668,782.630521006743,748.09874237655,14.2749999993829,-5.76124595879219,8.8845532593561
0,7.77915561741278,782.746277554756,743.344117128713,14.3166666661044,-5.83128623291723,8.88428710496493
0,7.73892407634524,782.858368292177,738.620714657431,14.3588720046564,-5.89494789783789,8.8840209537688
0,7.70109980525538,782.963805734562,733.953980237865,14.4020550103641,-5.94703265012746,8.88375480837154
0,7.66327553416552,783.069243176948,729.287245818299,14.4452380160718,-5.99911740241704,8.88348866297428
0,7.6272754615727,783.169662516078,723.953425060452,14.4972198564195,-6.05053832663133,8.88322252648219
0,7.59138464300762,783.269781313358,718.579651485287,14.5497286723817,-6.10191949317063,8.88295639052344
0,7.55623368932136,783.36786600597,713.162728149435,14.6033668560212,-6.15256342395527,8.88269025929028
0,7.5217342727362,783.464159432777,707.70780642929,14.6579995792903,-6.2025581328885,8.88242413221854
0,7.48751386462613,783.559682120543,702.41846225924,14.7110385716783,-6.25087660511668,8.88215800661684
0,7.45533974430081,783.649552098719,698.343487359105,14.7523889154216,-6.28690131926875,8.88189189179669
0,7.4231656239755,783.739422076895,694.26851245897,14.7937392591649,-6.32292603342082,8.88162577697653
0,7.39099150365018,783.829292055071,690.193537558836,14.8350896029081,-6.35895074757289,8.88135966215638
0,7.35920720456792,783.918083549875,686.60718652641,14.8699080909737,-6.39029611549278,8.88109354940342
0,7.32951712081987,784.001081167473,685.645842762372,14.8696358481865,-6.39650288768996,8.88082744775592
0,7.29982703707181,784.08407878507,684.684498998335,14.8693636053992,-6.40270965988713,8.88056134610842
0,7.26950554670637,784.168858087822,684.180690875565,14.8374883820642,-6.40023804589947,8.880295246878
0,7.23689298318861,784.260102275341,685.337061146688,14.6909410310177,-6.36627671190223,8.88002915641803
0,7.20428041967084,784.35134646286,686.493431417811,14.5443936799712,-6.33231537790499,8.87976306595805
0,7.1719572763176,784.44179292079,687.864916474819,14.372388318729,-6.29245432630123,8.8794969785782
0,7.14039648897347,784.530138094771,689.803031192672,14.1333245094886,-6.23705294364717,8.87923089931165
0,7.10883570162934,784.618483268753,691.741145910525,13.8942607002481,-6.1816515609931,8.87896482004509
0,7.0802048005977,784.69863292916,693.608758517183,13.6643758449686,-6.12837733736981,8.87869874452913
0,7.05740841637246,784.762462208301,695.335974634427,13.4527697744057,-6.07933909555302,8.87843267648204
0,7.03461203214721,784.826291487443,697.063190751672,13.2411637038429,-6.03030085373624,8.87816660843495
0,7.01800370353797,784.87279556712,698.343902735785,13.085059004727,-5.99395769944007,8.87790054481112
0,7.01093639887861,784.892586870883,698.936174458162,13.014528829676,-5.97718840510834,8.87763448800724
0,7.00386909421924,784.912378174646,699.528446180538,12.9439986546249,-5.96041911077661,8.87736843120336
0,7,784.923213199124,699.852693571548,12.9210321674475,-5.95123852738777,8.87710237965959
0,7,784.923213199124,699.852693571548,12.955606731193,-5.95123852738777,8.87683633447932
0,7,784.923213199124,699.852693571548,12.9901812949384,-5.95123852738777,8.87657028929905
0,7,784.923213199124,699.852693571548,13.0320397075819,-5.95123852738777,8.87630424758855
0,7,784.923213199124,699.852693571548,13.0919162541029,-5.95123852738777,8.87603821446127
0,7,784.923213199124,699.852693571548,13.1517928006238,-5.95123852738777,8.87577218133399
0,7,784.923213199124,699.852693571548,13.2105133467065,-5.95123852738777,8.87550614970174
0,7,784.923213199124,699.852693571548,13.2610080762299,-5.95123852738777,8.87524012870768
0,7,784.923213199124,699.852693571548,13.3115028057532,-5.95123852738777,8.87497410771363
0,7,784.923213199124,699.852693571548,13.3619975352765,-5.95123852738777,8.87470808671958
0,6.99763967976521,784.92983208262,699.445357882264,13.3749670469939,-5.95123852738777,8.87444207747421
0,6.99517731322053,784.936737127555,699.020411402985,13.3863141898699,-5.95123852738777,8.87417606873678
0,6.99271494667585,784.943642172491,698.595464923706,13.3976613327458,-5.95123852738777,8.87391005999935
0,6.97455571253809,784.994566489155,695.539802283212,13.4,-5.95123852738777,8.87364406085283
0,6.95232145485863,785.056918536067,691.801186166496,13.4,-5.95123852738777,8.87337806419618
0,6.93008719717916,785.119270582979,688.06257004978,13.4,-5.95123852738777,8.87311206753953
0,6.90076736093063,785.201497461156,683.352357279302,13.4,-5.95123852738777,8.87284607850341
0,6.8672725448729,785.29543503006,678.069658243573,13.4,-5.95123852738777,8.87258009395747
0,6.83377772881516,785.389372598963,672.786959207845,13.4,-5.95123852738777,8.87231410941153
0,6.8022511850887,785.477797561068,668.172226090687,13.4,-5.95123852738777,8.87204813041344
0,6.77306819729774,785.559658846909,664.352817618555,13.4,-5.95123852738777,8.871782158021
0,6.74388520950677,785.64152013275,660.533409146422,13.4,-5.95123852738777,8.87151618562857
0,6.71902443008915,785.711265275343,657.789010419718,13.3841808273334,-5.95123852738777,8.87125021668886
0,6.70507520971067,785.750422810638,657.758509610854,13.3284256262314,-5.95123852738777,8.87098425646571
0,6.69112598933219,785.789580345934,657.72800880199,13.2726704251293,-5.95123852738777,8.87071829624255
0,6.67774735829087,785.827137331606,657.949293070064,13.1943871538876,-5.95123852738777,8.87045233737515
0,6.66894002147777,785.851871464168,660.18776131618,12.9356195477731,-5.95123852738777,8.87018638936938
0,6.66013268466467,785.876605596731,662.426229562296,12.6768519416586,-5.95123852738777,8.86992044136362
0,6.65132534785157,785.901339729293,664.664697808412,12.4180843355441,-5.95123852738777,8.86965449335785
0,6.6440428151757,785.921796690272,667.484982772589,12.1090960191794,-5.95123852738777,8.86938855689262
0,6.63686070118012,785.941971970532,670.343584308429,11.7968003288884,-5.95123852738777,8.86912262118741
0,6.62967858718454,785.962147250791,673.202185844269,11.4845046385973,-5.95123852738777,8.8688566854822
0,6.62238634990826,785.982635112654,675.422567188501,11.2711013773502,-5.95123852738777,8.86859075911285
0,6.61506036962761,786.003218753013,677.44739073088,11.0879998619551,-5.95123852738777,8.86832483560412
0,6.60773438934697,786.023802393373,679.472214273259,10.90489834656,-5.95123852738777,8.86805891209539
0,6.60019135888711,786.044996698881,680.683824404271,10.8246567309297,-5.95123852738777,8.86779299581735
0,6.59249917231954,786.066610651296,681.336597184348,10.8151000709319,-5.95123852738777,8.86752708450823
0,6.58480698575198,786.088224603711,681.989369964424,10.8055434109342,-5.95123852738777,8.86726117319911
0,6.5773873750395,786.109073913972,682.515172691432,10.8,-5.95123852738777,8.86699526711547
0,6.57034426724314,786.128867041174,682.865594531452,10.8,-5.95123852738777,8.86672936824968
0,6.56330115944677,786.148660168376,683.216016371471,10.8,-5.95123852738777,8.86646346938388
0,6.55617065636412,786.168699402109,683.564176182217,10.8,-5.95123852738777,8.86619757153123
0,6.5479999490009,786.191667867813,683.885412658382,10.8,-5.95123852738777,8.86593168573739
0,6.53982924163768,786.214636333517,684.206649134548,10.8,-5.95123852738777,8.86566579994355
0,6.53165853427446,786.237604799222,684.527885610713,10.8,-5.95123852738777,8.8653999141497
0,6.52224931379422,786.26405795723,684.918612051463,10.8,-5.95123852738777,8.86513403448194
0,6.51174859406949,786.293581864391,685.380912734936,10.8,-5.95123852738777,8.86486815937484
0.00664392168576398,6.49997327606513,786.326691161103,685.9415355724,10.7997514474915,-5.95095324631624,8.86460228843608
0.325738859302664,6.48687094836435,786.363530505981,686.629994080994,10.7878172862194,-5.9372735738875,8.8643364215349
1.24922264724154,6.47233541850765,786.404398770433,687.455254555923,10.7535057187822,-5.89916447892634,8.8640705586337
2.69083447259336,6.4561998451975,786.449769678645,688.398955071308,10.7003556130646,-5.84236617821004,8.86380469954021
4.63088581593689,6.43802715758592,786.500877860795,689.459361428627,10.6295309596262,-5.77051547532319,8.86353884464674
6.93730864538634,6.41787909054023,786.557552843439,690.608201772833,10.5461451345019,-5.6904106637204,8.86327299335603
9.51281838594256,6.3960036724735,786.619097148298,691.823525231257,10.4537824569865,-5.60586887173295,8.86300714500968
12.4440545009786,6.37097260433497,786.689541027509,693.131561565492,10.3503376139762,-5.52058814391317,8.86274130149637
15.5810730868622,6.34317898568776,786.767778926495,694.498407309238,10.2413253518125,-5.44038821215271,8.8624754617896
18.8593583660421,6.31258385016178,786.853922738477,695.91062029935,10.1293057949987,-5.36899640146344,8.86220962567218
22.2328684530683,6.27863170569439,786.949542217934,697.361516450784,10.0165809572419,-5.31217459932958,8.86194379355826
25.6325463927496,6.24103457007803,787.055452479942,698.838059302546,9.90611283937024,-5.2753601533152,8.86167796548097
29.0551016468826,6.1974046661223,787.178441181017,700.32901352206,9.79905540034189,-5.26487468465338,8.86141214129206
33.2508419874923,6.11794639681844,787.403206684334,701.852540683408,9.67830845163876,-5.31298387373556,8.86114632117329
38.4255059172548,5.99639654197768,787.7475825279,703.41657203194,9.53773784940472,-5.41919476514059,8.86088050428372
44.7157274652935,5.82534440045105,788.232650172817,705.038479887143,9.37500176308021,-5.59381590841712,8.86061469196203
51.5399841215351,5.62867712444176,788.79053853095,706.700701998443,9.202324582413,-5.80493213621729,8.86034888293292
58.7339425141925,5.41162288870592,789.406409172847,708.408532489856,9.02369254170627,-6.04649795533725,8.86008307771379
65.9422038721739,5.18583801396819,790.047174630671,710.17170616968,8.8476044557049,-6.3047562061377,8.85981727722205
72.9623350584732,4.96237045894002,790.681414479647,711.966298583595,8.67736115761358,-6.56325878632445,8.85955147943789
79.3188098832426,4.75555028885807,791.26846878629,713.815118709457,8.5247764366266,-6.8060719742658,8.85928568631901
84.8491453219348,4.5732753676873,791.785883915182,715.706344550284,8.39283848064932,-7.02188815295052,8.85901989680348
89.1198221105591,4.43082268559775,792.190280448691,717.647031963221,8.29154447721446,-7.19185845776534,8.85875411139994
91.9366803411096,4.33603529842493,792.4593751761,719.634379947348,8.22502219342064,-7.30558569745458,8.85848832975898
92.9633249770956,4.30203766069006,792.555890854337,721.678424738204,8.20118256950175,-7.34683827755165,8.85822255206693
92.9618613715506,4.32674450240794,792.485611075674,723.954005220883,8.21114354266998,-7.3257802908083,8.85795677840603
92.8641377572289,4.39145061249041,792.30156807073,726.531228463621,8.238104421871,-7.26927514389059,8.8576910084766
92.7076299009778,4.48828108013329,792.026154045495,729.329081343748,8.27845045005553,-7.18416131714239,8.8574252422458
92.4883600184586,4.61205055190436,791.674117653939,732.26651808405,8.33002106329348,-7.07432771508041,8.85715948017502
92.2148654883093,4.75188085178448,791.276399593939,735.230064972175,8.38828368824353,-6.9488466073482,8.8568937219053
91.8866367710565,4.89999999750025,790.855105644534,738.115664399227,8.44999999895843,-6.8138419696495,8.85662796769962
91.5086515130185,5.04724782122473,790.436289988405,740.819213222358,8.51135325884364,-6.67683356509886,8.85636221742952
91.090765664542,5.1876148992944,790.037045175045,743.2946962319,8.56983954137267,-6.5431114014159,8.85609647049276
90.6221837904868,5.30867999837372,789.69270080633,745.339788473191,8.62028333265572,-6.42192256063527,8.8558307280941
90.1209607086582,5.41007976878281,789.404290354474,747.011209432452,8.66253323699284,-6.31453197937356,8.85556498882495
89.5749948875275,5.47236701135567,789.227127312558,748.008115433147,8.68848625473153,-6.23567712084363,8.85529925419427
88.9523197270143,5.49579609821263,789.160488172255,748.392731346145,8.69649674864811,-6.1845270175793,8.85503352318635
87.7279710936311,5.46918989632537,789.236163952165,748.181415882546,8.66148737040671,-6.15433368224489,8.85476779643361
85.8510881790296,5.41083906495974,789.40213069521,747.68493635062,8.58854883119967,-6.12942739852053,8.85450207260606
83.0534825463874,5.31044769481133,789.687672963305,746.831151366403,8.46305961851416,-6.10979793936332,8.85423635360067
79.7431439393961,5.18649254808241,790.040237468468,745.777560212427,8.30811568510301,-6.09315960517961,8.85397063844464
76.0985557043886,5.04700061242085,790.436993122175,744.592671799554,8.13375076552606,-6.07853182544235,8.853704927141
72.2982258274766,4.90000000084298,790.855105635026,743.344859729636,7.95000000105372,-6.06493388830353,8.85343921969268
68.5206622955294,4.7535188264124,791.271740717487,742.102321682213,7.7668985330155,-6.05138508190642,8.85317351610257
64.944373094454,4.61558520214223,791.664064080167,740.933072079909,7.59448150267779,-6.03690469440204,8.85290781637359
61.6406777042628,4.48950310869854,792.022678240675,739.864853557517,7.43687888587318,-6.02106757490431,8.85264211976889
58.9722619976325,4.39138749852042,792.301747585225,739.034138017147,7.31423437315053,-6.00194893022287,8.85237642779539
57.0487681892058,4.32626599162391,792.486972099578,738.482993667789,7.23283248952988,-5.97891302002454,8.85211073971584
56.0180583144222,4.30175299702601,792.556698692131,738.283601279367,7.20224315816011,-5.95089300447442,8.85184505547387
55.5895740659728,4.33452407408431,792.463637446803,738.826486413083,7.2449651290906,-5.91164734234934,8.85157937530337
55.2555354967411,4.42384299005298,792.209988916331,740.288608999034,7.36225777459852,-5.85783924219714,8.85131369904088
54.9852983838601,4.55851114355897,791.827562649145,742.490441641371,7.54100243826201,-5.79177791596189,8.85104802664533
54.7654932387926,4.7284695564841,791.344929068072,745.265115553945,7.7697096727784,-5.71552634621994,8.85078235824625
54.5798652237012,4.92161609818374,790.796460429982,748.412127515335,8.03409167839657,-5.63170865583916,8.85051669378526
54.4126061609885,5.1264175326322,790.21491077184,751.741183291214,8.31966349928561,-5.54309133522618,8.85025103280615
54.2510899603882,5.33283728422663,789.628792406838,755.080814312385,8.61691434959033,-5.45113542259273,8.84998537633863
54.0777651886093,5.52815586393962,789.074227386758,758.219805230114,8.90954838149309,-5.35899014648043,8.84971972373156
53.8824937554164,5.70504086191,788.572038851588,761.035837570981,9.18811621603538,-5.26848785891024,8.84945407458408
53.6420426867429,5.84556808102901,788.173141298904,763.222463886792,9.4337601251728,-5.18281052646263,8.8491884298718
53.3531584150121,5.94788865954377,787.882779874718,764.751221749361,9.6421891765083,-5.10300382470891,8.84892278861382
52.9835504089703,5.99555901580186,787.747660217144,765.294260993687,9.79555901346894,-5.03175898594727,8.8486571516592
52.5059746975523,6.01505962253442,787.692551882937,765.040373000232,9.92077406905663,-4.96249763922962,8.84839151838395
51.8934247678405,6.02918573856787,787.652694590378,764.150715917947,10.0410875244871,-4.88981726314207,8.8481258889177
51.1377658612523,6.04202718532331,787.616465618421,762.680164840667,10.1588061399147,-4.8142240355641,8.84786026379672
50.2857359553043,6.05387053946345,787.583054958342,760.850211241707,10.2730563998527,-4.73802468784541,8.84759464195169
49.3215400143747,6.06435046546171,787.553493387032,758.650191196923,10.380658965684,-4.66317619463895,8.84732902445019
48.2627747310946,6.07338471672737,787.528012068715,756.209010854951,10.4788243038234,-4.59248503409916,8.84706341138975
47.1527636612666,6.08147161603577,787.505204092264,753.676389142279,10.5697538898202,-4.52571783306696,8.84679780116714
45.9692032481761,6.08778002525595,787.487413900662,751.112787764999,10.6448784416578,-4.46885123727353,8.84653219611909
44.7549831181519,6.09299768471519,787.472700513212,748.619915447121,10.7088932629556,-4.41967271841301,8.84626659414706
43.5125486008959,6.09680782432141,787.461957002122,746.288802505087,10.7574592378476,-4.38168443500089,8.84600099606774
42.2558886729637,6.099170532108,787.455295311692,744.216117181589,10.7886558173335,-4.35691092813877,8.84573540188958
40.9975715936167,6.09993334825521,787.453144712774,742.521285955991,10.798579466203,-4.34944982865423,8.84546981188364
39.6064270576691,6.09787729326151,787.458943168684,740.967506976127,10.7434687629438,-4.42299798662616,8.84520422758957
38.2020445738109,6.09558379293266,787.465411266249,739.416537151206,10.6826260638126,-4.5036837085417,8.84493864378862
36.5808487780382,6.08981697469186,787.481675462446,737.804085352669,10.5350660684211,-4.69232482627779,8.84467306733628
34.9446092823125,6.08375309759368,787.498777622796,736.20025938781,10.3812069254136,-4.88726596734133,8.8444074917143
33.1862500617934,6.07527779604372,787.522682095891,734.666455055796,10.1762134088345,-5.13334859070954,8.84414192283302
31.4183932197709,6.06646496272245,787.547539013167,733.172574600359,9.96648794041574,-5.38022348372131,8.84387635533344
29.6079142280465,6.05613739966789,787.576670181469,731.857859154143,9.73552705430623,-5.63065381799177,8.8436107940344
27.8078553356588,6.04554668003679,787.606544653056,730.644934247305,9.50656866778813,-5.86676246390347,8.84334523484089
26.0382753262493,6.03418622508527,787.638593293347,729.729747570955,9.28346761033557,-6.06098004434334,8.84307968180602
24.2686953168398,6.02282577013375,787.670641933638,728.814560894604,9.06036655288301,-6.25519762478321,8.84281412877115
22.6367355796451,6.01145817300348,787.702716590449,728.505056298949,8.88396179363145,-6.32742496770826,8.84254858445646
21.0164951538807,6.00008996766763,787.734793462745,728.24712969262,8.71153354490741,-6.38926400401327,8.84228304088436
19.3780002255014,5.98866150962823,787.767042186019,728.41066609404,8.55746993311515,-6.41472468056236,8.84201750261429
17.7267292404292,5.97719088161178,787.799411185252,728.869178228003,8.41625945939724,-6.41472468056236,8.84175196805502
16.0626887607974,5.96534824040897,787.832831872119,729.447490448534,8.27697090474253,-6.41472468056236,8.84148643582686
14.3613460919536,5.95241887598447,787.869324744099,730.375762135035,8.1432966512812,-6.41472468056236,8.84122091040827
12.6600034231098,5.93948951155998,787.905817616079,731.304033821535,8.00962239781988,-6.41472468056236,8.84095538498969
11.1161526913148,5.92339984705958,787.951249345753,732.329563242006,7.88542641089038,-6.41472468056236,8.84068986967683
9.58566754046348,5.90704198313727,787.997439673157,733.36334645718,7.76203479871753,-6.41472468056236,8.8404243552216
8.05518238961218,5.89068411921497,788.043630000562,734.397129672354,7.63864318654469,-6.41472468056236,8.84015884076636
6.90237706240344,5.86964167090144,788.103073112814,735.076145996025,7.52558763481659,-6.41472468056236,8.83989333603262
5.8534045143332,5.84731132372227,788.166159717241,735.65762882708,7.41537370134327,-6.41472468056236,8.83962783397154
4.80443196626295,5.82498097654309,788.229246321668,736.239111658134,7.30515976786995,-6.41472468056236,8.83936233191046
4.07937701129777,5.78450259339522,788.343801787935,736.292940464473,7.2077037848374,-6.43676019875009,8.83909683787034
3.53108939177741,5.73412051859853,788.486444686808,736.058819502196,7.11721003217812,-6.47082087370024,8.8388313482074
2.98280177225704,5.68373844380183,788.629087585681,735.824698539918,7.02671627951885,-6.50488154865038,8.83856585854446
2.489844215319,5.60980661520383,788.838582107141,735.372330151924,6.9456383037718,-6.57310656988194,8.83830037518855
2.05014556571601,5.51320656436045,789.112425812505,734.709883934992,6.87362364670995,-6.67421707267347,8.83803489790357
1.61044691611301,5.41660651351707,789.38626951787,734.047437718059,6.8016089896481,-6.77532757546501,8.83776942061858
1.19322973576717,5.31597113282798,789.67158772064,733.352639176742,6.73045162432958,-6.88186893978301,8.83750394570215
0.850188880222012,5.20793101466026,789.978002224067,732.602712986569,6.6593150010615,-6.99738991576214,8.83723847796247
0.558973047753197,5.10316660070726,790.275189203257,731.887979041351,6.58417838347432,-7.10640396500834,8.8369730143246
0.32439240330401,5.00609695595605,790.55061953188,731.247490337385,6.50271532710085,-7.20208251416845,8.83670755472491
0.1491431641961,4.92043785191569,790.793756418496,730.713857120348,6.41303321964166,-7.2787241345866,8.83644209899393
0.0501669374308031,4.85343099797833,790.984079095167,730.352126920716,6.310892477584,-7.32486728058724,8.83617664780621
0.0030289908840187,4.80115774306599,791.132670706228,730.19455698543,6.19817592542992,-7.34609290025993,8.83591119966949
0,4.76518266601646,791.235057007671,731.119115013092,6.0602868740494,-7.32658545598098,8.83564575612477
0,4.73474051796912,791.321712541571,733.440977686927,5.89663119265417,-7.27569930736837,8.83538031636487
0,4.70909986224123,791.394711246846,737.186499524588,5.7050810154005,-7.1901364688787,8.83511488134737
0,4.68552216730935,791.461845503427,741.527836892892,5.50037340278417,-7.08717953302031,8.83484944904878
0,4.66454887012329,791.521579427778,746.605175142568,5.27785656830917,-6.95971278932655,8.83458402087913
0,4.64491370358383,791.577523923799,751.997432533301,5.04149532658368,-6.80966381924837,8.83431859755849
0,4.62542279842455,791.633071636387,757.3657975632,4.79934575419369,-6.64803872345848,8.83405317725676
0,4.60555347189755,791.689715568229,762.524105135562,4.55212524870303,-6.47367712142252,8.83378776080526
0,4.58419324333985,791.750625305507,767.11616658204,4.30433303610082,-6.2904344292909,8.83352234824631
0,4.55994841665976,791.819774596835,770.68129987121,4.06052799924759,-6.1008473331576,8.83325694025907
0,4.53191190975226,791.899745487231,772.940763751138,3.82523319467316,-5.9098778811411,8.83299153638152
0,4.49898943581067,791.993663913219,773.756184785376,3.59894742335219,-5.71592358509393,8.83272613636771
0,4.45706717849873,792.113329344695,773.485865957444,3.36246562190706,-5.48072976280348,8.83246074045646
0,4.40549590197654,792.26062987914,772.757245309709,3.10385208946192,-5.18493163574241,8.83219534828406
0,4.34571852565026,792.431442024456,771.711349490257,2.82750394479314,-4.8373205056162,8.83192995983407
0,4.27864129358677,792.62318257454,770.374755351075,2.54074074235155,-4.44715054228447,8.83166457610852
0,4.20809034754708,792.8249008747,768.887794554723,2.25657287944126,-4.04170387755337,8.83139919662158
0,4.13650650814332,793.029597512367,767.348691511955,1.97780844364436,-3.6347664174036,8.83113381961581
0,4.06528516480209,793.233301193771,765.79402596745,1.71821451883671,-3.24223231867052,8.83086844729217
0,3.99700759221383,793.428620596028,764.320450478807,1.4851364698218,-2.88156375881909,8.83060307894545
0,3.93397651607764,793.608967957438,763.010210052884,1.28752509063096,-2.56991855106358,8.83033771457866
0,3.87849536174669,793.767753516817,761.945478598045,1.13433475018232,-2.32446028532891,8.83007235419501
0,3.83290478623846,793.898281111986,761.209622137903,1.03471020083572,-2.16266005319138,8.82980699780983
0,3.80050906016641,793.991099310235,760.921595224124,1.00251859409336,-2.1090245857762,8.82954164578033
0,3.77647694465267,794.05999472243,760.970555748711,1.01166576311529,-2.10862792007501,8.82927629771538
0,3.75621974568565,794.118073355959,761.229063988863,1.03908469823914,-2.11584048755454,8.82901095360733
0,3.73880059690963,794.168018896802,761.650341704049,1.08003249287281,-2.12708996390815,8.82874561345846
0,3.72354932686231,794.211753881445,762.193519263561,1.13110424360257,-2.14187431256128,8.82848027727171
0,3.70981942031128,794.251133218254,762.818894123241,1.18899058176556,-2.15976213618644,8.82821494515994
0,3.69687490252061,794.288267760143,763.482149297815,1.2499999989686,-2.18009968119214,8.82794961691352
0,3.68409595485474,794.324935636037,764.145451186055,1.31097914081444,-2.20243180883398,8.82768429255428
0,3.6708553947342,794.362936059212,764.770567405591,1.36874151516467,-2.22628868619251,8.82741897208499
0,3.65652603957752,794.404068242949,765.319266850306,1.42010062986837,-2.25120048035126,8.82715365550842
0,3.64042924912814,794.450279155734,765.750019122603,1.46159414622508,-2.27668973686556,8.82688834289186
0,3.62129795779475,794.505205367089,765.983537949076,1.48660531059594,-2.30219200496919,8.82662303504056
0,3.59805087370917,794.571959341773,765.906146329956,1.49683805719748,-2.32709420059406,8.82635773119955
0,3.56977727234324,794.653173964601,765.374595668918,1.5,-2.35147508171002,8.82609243080121
0,3.53574457511463,794.750964609758,764.285709851788,1.5,-2.37549463557456,8.8258271338553
0,3.49424334970158,794.870261656931,762.42669379058,1.5,-2.39991427530204,8.82556184175547
0,3.44827338781853,795.002434201146,760.072595916565,1.5,-2.42588277148979,8.82529655397418
0,3.39988549054474,795.141579224371,757.423188221894,1.5,-2.45373409773014,8.82503126966166
0,3.35003163810261,795.284958131371,754.563718063074,1.5,-2.483906630233,8.82476598873048
0,3.29990095815012,795.429157937137,751.56369895214,1.5,-2.51834954561759,8.82450071259016
0,3.25175168031917,795.567681378386,748.629329183055,1.5,-2.55793532793621,8.8242354408519
0,3.20626492167199,795.698564237307,745.844094475708,1.5,-2.60211303962478,8.82397017251631
0,3.16430197801352,795.819329183337,743.282970432908,1.5,-2.65134911968089,8.82370490757992
0,3.12950818695576,795.919499524108,741.223985567444,1.5,-2.70911070356987,8.82343964764594
0,3.1017075347866,795.999574687193,739.662597841669,1.49318893950305,-2.81090959335044,8.82317439201653
0,3.07729937972538,796.069900239276,738.308739246429,1.47054865909184,-3.00140271469538,8.82290913957233
0,3.05524379280635,796.133463779521,737.066613169825,1.42502887660582,-3.31738641747978,8.8226438903794
0,3.03519475999758,796.191257213205,735.863041713518,1.33756055982942,-3.85880597899686,8.82237864727248
0,3.01610010016407,796.246305609129,734.699350853931,1.2360338129807,-4.47424404801808,8.822113407276
0,2.99797924183918,796.298552811654,733.585951669211,1.12278896177162,-5.15040906021821,8.82184817054944
0,2.98132015388728,796.346594344355,732.576339329492,0.999696105173405,-5.87411092894144,8.82158293901479
0,2.96554282498527,796.392098139206,731.658164515601,0.878552861464877,-6.5820333131833,8.82131771090084
0,2.95057487760076,796.435272285862,730.831483501566,0.761268664921454,-7.26381162030468,8.82105248600257
0,2.93674075592073,796.475181881656,730.169866262655,0.659487542985975,-7.85207651907432,8.82078726597867
0,2.92371944399432,796.512750344297,729.656810518805,0.577094112461047,-8.32668687626677,8.820522049752
0,2.9115303478902,796.547920858405,729.328107029,0.523376020023698,-8.63520850424895,8.8202568377363
0,2.90000111153029,796.581189269479,729.175195920537,0.500345815399009,-8.76780299106617,8.81999162936375
0,2.88866991050158,796.613889494064,729.330259844745,0.531995887447099,-8.68102944633065,8.81972642583862
0,2.87716049408022,796.647107116032,729.727429857843,0.604910124502716,-8.48164080292307,8.81946122586801
0,2.86564878624919,796.680334290132,730.36026995091,0.717439056551845,-8.17716766767052,8.8191960299549
0,2.85439262678388,796.712826297838,731.187323953271,0.861816089415574,-7.79211246642416,8.81893083827335
0,2.84361409713567,796.743941404417,732.149080228527,1.02734897410111,-7.35819399262579,8.81866565056244
0,2.83353527874277,796.77303806587,733.201332265704,1.20591587444568,-6.90031484980575,8.81840046682506
0,2.82444106627101,796.799293442366,734.300023875847,1.38922266724042,-6.44478632368246,8.81813528728306
0,2.81628009013212,796.822855273311,735.40279409885,1.570306612174,-6.00929371779061,8.81787011102824
0,2.80950476676408,796.842417272332,736.471286483709,1.74130718363946,-5.62153697875413,8.81760493895798
0,2.80477126227555,796.856084523809,737.423288263047,1.88635096492564,-5.33355197490766,8.81733977191466
0,2.80176917352772,796.86475273543,738.242162418981,2.00360583454957,-5.14549354218432,8.817074608541
0,2.80001936214543,796.869805213093,738.958925760485,2.09972874186225,-5.0326158866684,8.81680944771033
0,2.80093533064621,796.867159817284,739.527249492104,2.15679976615389,-5.08197390911528,8.8165442923464
0,2.8033932658113,796.860061442893,740.108362036992,2.20380148494514,-5.2073250262337,8.81627914081937
0,2.80737391734384,796.848566186517,740.693204605166,2.24265504052279,-5.39626605311926,8.8160139932679
0,2.81285859704078,796.832728614421,741.269820464503,2.27542693957107,-5.63463906488223,8.81574884985571
0,2.8196639921973,796.81307854014,741.828021331473,2.30470579173738,-5.9038521769665,8.81548371027793
0,2.82791331068247,796.789261047292,742.351341548216,2.33259977201835,-6.19022446494588,8.81521857515531
0,2.83736779859072,796.761965957951,742.831017029683,2.36173570547119,-6.47460695410947,8.8149534440103
0,2.84795401893602,796.731405876038,743.255949843958,2.39430744413963,-6.74168201830983,8.81468831684578
0,2.85959853475773,796.697793405401,743.615038772033,2.4325088399978,-6.97613203200886,8.81442319366464
0,2.87216420803371,796.661524768442,743.903340252298,2.47783249805348,-7.16706833393706,8.81415807419083
0,2.88562015170914,796.622689749277,744.108980147101,2.5323885669553,-7.29997074048766,8.81389295855387
0,2.90090320523688,796.578594873094,744.196868200556,2.60560825756931,-7.34556637811719,8.81362784753962
0,2.92973678752948,796.495529299056,744.121936378909,2.76275828083128,-7.34118406501032,8.81336274048237
0,2.9826390559737,796.343247997636,743.818378535458,3.06163474334276,-7.32010910745169,8.81309763780809
0,3.05111643432244,796.146178418563,743.342825364661,3.45217937699968,-7.28888846207377,8.81283253855051
0,3.13493776706233,795.904988663676,742.651032839419,3.93330621402003,-7.24540789613541,8.81256744384305
0,3.22650802051413,795.641521509612,741.795659177789,4.46049745119963,-7.19310348238853,8.81230235280983
0,3.3220284773196,795.366705186788,740.75625444056,5.01176212683769,-7.1314251482976,8.81203726619891
0,3.41668012804503,795.094397646183,739.582621647491,5.55875840936971,-7.06334110882747,8.81177218304249
0,3.50361856591311,794.844289450993,738.232332762682,6.06189849927475,-6.98757308227496,8.81150710483859
0,3.58134768016489,794.620678960614,736.776043652571,6.51206024309165,-6.90770861413207,8.81124202989281
0,3.64345514671577,794.442012115277,735.195998055113,6.87202752203408,-6.82360178961607,8.81097695905872
0,3.68062433378437,794.335087847333,733.489533759356,7.0875940466003,-6.73614636915803,8.81071189299833
0,3.69572643191216,794.29164180274,731.646777308977,7.17162067971434,-6.63883328586943,8.81044683088494
0,3.69833403057504,794.284130585421,729.566683745984,7.17120503634759,-6.51273233443848,8.81018177243655
0,3.6952355604384,794.293021099194,727.140363346552,7.11927414744289,-6.34265475258894,8.8099167179843
0,3.69029731819617,794.307190828737,724.347455723422,7.03953694856269,-6.130943484505,8.80965166752772
0,3.68374101222148,794.326003925374,721.214962532186,6.93864469080177,-5.88931819310659,8.8093866210697
0,3.67577940071781,794.348850236353,717.767426969441,6.82324315334087,-5.62955960402998,8.80912157865163
0,3.66656268905134,794.375299198,714.01220385152,6.69993971547116,-5.36387489286349,8.80885654058388
0,3.65650262359416,794.404169448922,710.024174978848,6.57633179232799,-5.10437272974764,8.80859150617392
0,3.64561764359807,794.435408949142,705.763253669486,6.46110032825535,-4.86853392142161,8.80832647661495
0,3.6343237109918,794.467824132853,701.310547729305,6.36086602642015,-4.66644960946332,8.80806145105258
0,3.62283950632335,794.50078739514,696.714739111589,6.27794750661454,-4.50106504546094,8.80779642886708
0,3.61130470285576,794.533898595313,691.971879980022,6.22066114010454,-4.3881965552655,8.80753141063035
0,3.59979787945004,794.566934306917,687.03228893641,6.2071779484715,-4.36622945351323,8.80726639725942
0,3.58599928082922,794.606560885053,681.350446755472,6.26627843232827,-4.53560944411974,8.80700138800627
0,3.56903929664434,794.655276763192,674.729237646903,6.40302993224765,-4.92322805064418,8.80673638268892
0,3.54945265209279,794.711544948143,667.299959263961,6.60601916281561,-5.49859579972633,8.80647138134873
0,3.5281428814771,794.772768406752,659.291420605932,6.85760491168943,-6.2117091290673,8.80620638382442
0,3.50586419767596,794.836779412879,650.888094813364,7.14373389015244,-7.0227343535327,8.80594139013916
0,3.48339635709643,794.901336826931,642.280436681404,7.44989283184471,-7.89053399319825,8.80567640032065
0,3.46194052938255,794.962988958519,633.723767171941,7.75767130490034,-8.76292415282632,8.80541141533747
0,3.44260787898601,795.018541744671,625.512362663914,8.0439447223825,-9.57435878597361,8.8051464346559
0,3.42665280604659,795.064389958083,617.945376200074,8.28603509103301,-10.2605577044836,8.8048814584776
0,3.41206522951385,795.106308967477,610.643084022187,8.50984015711028,-10.8949274035153,8.80461648402949
0,3.40550030437192,795.125174424363,605.019977365562,8.61309323802155,-11.1875956036138,8.80435151661646
0,3.4021960548186,795.134672425867,599.737617154704,8.69149711670221,-11.4098293796106,8.80408655101185
0,3.410401152726,795.111107113526,595.448869987234,8.69696741441323,-11.4253347976665,8.80382159114733
0,3.4227182822588,795.075731387664,591.201983374011,8.7,-11.4339305834532,8.80355663296728
0,3.44736834751935,795.004933926719,587.084422207129,8.7,-11.4339305834532,8.80329168049326
0,3.47891532884904,794.914327830751,583.155166607428,8.7,-11.4339305834532,8.80302673281092
0,3.51300454573184,794.816420179174,579.36148936714,8.7,-11.4339305834532,8.80276178766914
0,3.55002914349797,794.710081819148,575.926118247648,8.7,-11.4339305834532,8.80249684782008
0,3.58649406458347,794.60535090671,572.859320271705,8.7,-11.4339305834532,8.80223191206784
0,3.6209738411588,794.506321528505,570.160814902636,8.7,-11.4339305834532,8.80196697987101
0,3.65159198395876,794.418383149999,567.915262273934,8.7,-11.4339305834532,8.8017020515102
0,3.67272821986617,794.357677759553,566.495561733381,8.7,-11.4339305834532,8.80143712921986
0,3.69386445577358,794.296972369107,565.075861192829,8.7,-11.4339305834532,8.80117220692951
0,3.6882857761575,794.313013914995,565.332528078664,8.68645619783786,-11.4075746375987,8.80090729364344
0,3.68229256019126,794.330246345983,565.615207220981,8.67270223598756,-11.3808097255399,8.80064238049708
0,3.64109086796425,794.448695415225,567.704443441782,8.60899505818032,-11.2568369364569,8.80037747451894
0,3.59176275960831,794.590506146458,570.210648419529,8.53375825276755,-11.1104277416101,8.80011257019528
0,3.52232640679807,794.790171702737,573.651180635631,8.43338054658093,-10.9150948980275,8.79984767152552
0,3.44159035910296,795.02234839504,577.616751859488,8.31887507759928,-10.6922697338384,8.79958277603293
0,3.35316136464378,795.276714640973,581.836416313696,8.20133713267004,-10.4635434370928,8.79931788489293
0,3.25598676697978,795.556306725236,586.344942583515,8.08035176607274,-10.2281085323999,8.7990529987011
0,3.15881216931577,795.835898809498,590.853468853335,7.95936639947543,-9.99267362770697,8.79878811250927
0,3.06356524775929,796.1102251725,594.757326654497,7.87399443592978,-9.82654163450719,8.79852323681422
0,2.96832988415468,796.384519963313,598.657558987131,7.78883600306853,-9.66082516739741,8.7982583611821
0,2.88179601464854,796.634002670205,601.772857420632,7.73788389327542,-9.57423853011209,8.79799349064499
0,2.80329114685498,796.860590887708,604.163885338167,7.71849448103594,-9.56066619726526,8.79772862480913
0,2.72463581029377,797.087634975322,606.533384987466,7.7,-9.55537605967505,8.79746375930602
0,2.64190967177008,797.326913588513,608.451424354624,7.7,-9.73916007092044,8.7971989014854
0,2.55582308987401,797.576032535625,610.342888108716,7.7,-9.98755322370745,8.79693404664482
0,2.4674076925671,797.832063624968,612.135173251122,7.7,-10.3246760392866,8.79666919749436
0,2.37973501203706,798.08601558517,613.849994354309,7.7,-10.6929194161322,8.79640435142935
0,2.29638346124609,798.327529553442,615.411682613581,7.7,-11.0802585225064,8.79613950995863
0,2.21639896752425,798.559328331009,616.874477327058,7.7,-11.4713765487931,8.79587467115236
0,2.14646310981664,798.762061373409,618.104758395323,7.7,-11.8397559542428,8.79560983749258
0,2.08670011369078,798.935333622285,619.130929772306,7.7,-12.1681728180838,8.79534500764564
0,2.04128547196665,799.067026613347,619.892143772251,7.7,-12.4278210728395,8.79508018215368
0,2.01085038697349,799.155292876004,620.392813864023,7.7,-12.606977160235,8.79481536049093
0,2.00014400781351,799.186346438998,620.560359193642,7.70004211408233,-12.6717878000864,8.79455054317933
0,2.0098927385239,799.158056492316,619.5708216868,7.70649902920939,-12.6274831051553,8.79428573044729
0,2.03354092696786,799.089439735135,617.254020099799,7.72213086644421,-12.5214663498911,8.79402092147274
0,2.06970234909218,798.984528409418,613.824987733012,7.74619680699791,-12.3623101739081,8.79375611626924
0,2.11857702677861,798.842759460948,609.410974528802,7.77903944007279,-12.1529442352353,8.79349131552634
0,2.17791646752189,798.670676005177,604.393154911041,7.81940283559548,-11.9076386462548,8.7932265193526
0,2.24533051103734,798.475226903519,599.121806535233,7.86587290304567,-11.6401251735969,8.79296172762409
0,2.316882765944,798.267831759456,593.96550771113,7.91582221502609,-11.3675888313223,8.79269693923254
0,2.39199760696568,798.050152267695,588.908255044096,7.96876680856233,-11.0907283006816,8.79243215371376
0,2.47041787398475,797.823037633119,584.853869674377,8.02578804825476,-10.8334568428187,8.79216737479025
0,2.5485033146274,797.596966995322,581.451052719752,8.08346815430276,-10.5936959400556,8.79190259844479
0,2.62542843247571,797.374387961191,579.228288494552,8.14189753526961,-10.3867157051939,8.79163782638752
0,2.70312727039897,797.149840764214,578.608417535732,8.20469090677272,-10.2224522735108,8.79137305907529
0,2.78325886270415,796.918426813806,578.738261008183,8.27189173101148,-10.075451292056,8.79110829418815
0,2.88181802877979,796.634287898319,580.042650988287,8.36272848129948,-9.93626610482261,8.79084353467649
0,2.9933874449727,796.312912081768,582.000562810393,8.47018882405056,-9.79746223552524,8.79057877945287
0,3.11303165986918,795.968479123946,584.517360430321,8.58888907589028,-9.66262949588362,8.79031402888528
0,3.23476800995705,795.618122586721,587.32208613839,8.71136399919825,-9.53231714719459,8.7900492813889
0,3.35673770361904,795.267193218666,590.408338500792,8.83576331963654,-9.40859506085662,8.78978453748577
0,3.47057087999487,794.939780368696,593.73443714935,8.95368241473931,-9.30048757753009,8.78951979936835
0,3.57331862166456,794.644295952493,597.071046949052,9.06087006194047,-9.20595175300685,8.78925506501969
0,3.65800161639609,794.400794783464,600.290158652926,9.14976367349152,-9.13026875521928,8.78899033506952
0,3.7244702818912,794.209693338821,603.350896296,9.21997283007891,-9.07262741409605,8.78872560903762
0.0483218912879124,3.77299883558106,794.070170222626,606.168468739217,9.26913175483854,-9.03028830606855,8.78846088595074
0.190445759695661,3.78670222179028,794.030770447134,608.514011303108,9.27742817791112,-9.01765374147823,8.78819616858072
0.518513321973406,3.79489827061707,794.00719205721,610.770959930186,9.27194048839389,-9.00812850072322,8.78793145272193
1.64797348664976,3.78415785354296,794.03800618981,612.720221680219,9.2128681944863,-9.00812850072322,8.78766674287395
3.35726360721497,3.76845151196584,794.083067502484,614.583687962455,9.12648331581213,-9.00812850072322,8.78740203661991
5.74309403704448,3.74782101760982,794.142256152637,616.368705962591,9.01301559685399,-9.00812850072322,8.78713733516028
8.64865863754632,3.7244517627017,794.209302275199,618.119499931253,8.88448469485937,-9.00812850072322,8.78687263810509
11.9224825432815,3.70000000014046,794.279454099721,619.867476486058,8.75000000077254,-9.00812850072322,8.78660794476342
15.5366690314753,3.67556390153515,794.349560984534,621.63825291864,8.61560145844331,-9.00812850072322,8.78634325555595
19.4128607903543,3.65252197507353,794.415668005561,623.461157236804,8.48887086290441,-9.00812850072322,8.78607857048566
23.4727005142356,3.63225272890742,794.473820238828,625.365547231107,8.3773900089908,-9.00812850072322,8.78581388955558
27.6406222922176,3.61672396589574,794.518372080647,627.395762104524,8.29198181242655,-9.00812850072322,8.78554921320962
31.8452142407127,3.60452828532961,794.553361265767,629.515500678839,8.22483163348525,-9.00787708106134,8.78528453949044
36.1046130257217,3.60297206379128,794.557824764029,631.958729983132,8.21511015956675,-9.00392481754116,8.78501987201914
40.7714949488385,3.60927658939206,794.53973269403,634.823788038655,8.24346546686401,-8.98528786830904,8.78475520785986
45.8333262099601,3.62272414604086,794.501145764858,638.068512567864,8.30551955355237,-8.95284091853697,8.78449054674304
51.7902587169321,3.64938586006918,794.424653303872,641.991278564142,8.4239047295003,-8.89173918214432,8.78422589147358
58.1582361589422,3.68275426809793,794.328933578522,646.12608867342,8.56640095929844,-8.81920709670049,8.78396123982527
64.8403108108325,3.72147993202626,794.217858966893,650.386731243894,8.7266820373727,-8.73856959322876,8.78369659128468
71.9202968549838,3.7680513205204,794.084313210631,654.641826617801,8.90657980584824,-8.65053010874255,8.78343194823324
79.1319573541981,3.81906906924719,793.93805693059,658.606422576584,9.08787802934344,-8.56504903272099,8.78316730971011
86.409273179727,3.87230385568148,793.785462947569,662.426170137209,9.26987454569479,-8.48084362662729,8.78290267344486
93.6199992977389,3.92846692087049,793.624537969544,665.584498524297,9.4369174677221,-8.40935707874177,8.78263804247782
100.674320387029,3.98580246798408,793.460311019527,668.079871386976,9.58453738272088,-8.35230105618324,8.78237341559213
107.499023858173,4.04325752039761,793.295803109142,669.85190478637,9.70805021320788,-8.31209467038733,8.78210879235035
113.996691606464,4.10025374757898,793.132691550037,670.714708990935,9.79930404329973,-8.29423151330938,8.78184417306182
120.309108809684,4.16762852900477,792.940171711768,670.338470933105,9.85717112486148,-8.31980138254376,8.78157955880649
126.76377089139,4.25225998606308,792.698621044989,669.136607423944,9.90522937819762,-8.38541999532384,8.78131494854756
133.308555614202,4.3503471136166,792.418853468743,667.235472398707,9.94573879223126,-8.48467391233875,8.78105034227088
139.880065694462,4.45813240405761,792.111564743689,664.728073122138,9.98029313252783,-8.61230615276354,8.78078574024408
146.403057009485,4.57067901017724,791.790802643665,661.758431594409,10.0110946871918,-8.76053880592762,8.78052114252827
152.806013148825,4.68298266634653,791.470803838889,658.485668832982,10.0404397841753,-8.92097332877733,8.78025654901378
159.023290137463,4.79048224592507,791.164544595324,655.0540631218,10.0704152119864,-9.08600470467874,8.77999195961725
164.996530933537,4.88906772925213,790.883717301698,651.596172744373,10.1029120586699,-9.24869411632153,8.77972737423491
170.607333260338,4.97192923366022,790.647708485331,648.274195502846,10.1407716250178,-9.39989327090389,8.77946279347832
175.917996930209,5.04066060236889,790.451959355645,645.143080118467,10.1837941657949,-9.53800164881874,8.77919821595611
180.638790106034,5.07974288552131,790.340661925982,642.520122670002,10.2381869124189,-9.6443247789568,8.77893364378034
184.992740700758,5.09875213198921,790.286531984288,640.268025846642,10.3015555630951,-9.72821875707285,8.77866907460047
189.060263992394,5.07553672183775,790.352712022549,638.316565575816,10.4150236072024,-9.78898581771031,8.77840451034473
193.196410625399,5.01686801785692,790.519966168841,636.258962343469,10.5914109883924,-9.84839443067552,8.77813994991375
197.342178296227,4.92458238415004,790.783082956047,634.120319602803,10.824831518247,-9.90617089267216,8.77787539375666
201.389066471018,4.803539635431,791.128240193478,631.963131752838,11.1016400991512,-9.96103873445717,8.77761084233252
205.30789866879,4.66750753312479,791.516186001229,629.832374671643,11.3972065646496,-10.0133100583057,8.77734629414472
208.934049033463,4.5159259980921,791.948573118314,627.80410676208,11.7041731295787,-10.0606308422964,8.7770817509213
212.247279939625,4.358950617797,792.396447537433,625.91041061518,12.0044364466766,-10.1032494342522,8.77681721154541
215.163750207542,4.20177716234305,792.845020697699,624.201897571987,12.285029543443,-10.1402552310984,8.77655267618449
217.563568501082,4.05112999093844,793.275157103604,622.749189118764,12.5285966257828,-10.1703089833932,8.77628814516976
219.408573467836,3.91262110960056,793.670865793541,621.582110872268,12.7237735892992,-10.1931669917068,8.77602361815527
220.539869255275,3.79482844538432,794.007738587728,620.793223779275,12.8481202119893,-10.2070367352794,8.7757590956234
220.956148951943,3.70030229249514,794.278494122544,620.37831924064,12.8987176537718,-10.2114960618811,8.77549457694597
218.941015285968,3.62060387719822,794.507266404537,620.559213811138,12.8835194024318,-10.1518142306298,8.77523006327135
214.558282834058,3.54012345697469,794.738439219043,621.191246462097,12.8473103677955,-10.0223471663101,8.77496555330228
208.139579381569,3.45957104895583,794.969946523353,622.24073141824,12.7924808475054,-9.83273698548104,8.77470104706699
199.932708145013,3.38047762053789,795.197380416197,623.712095539747,12.7189823134579,-9.59030386004962,8.77443654509504
190.398905893189,3.30542956076388,795.413291590209,625.604202766195,12.6271247051328,-9.30867284494859,8.77417204820195
180.500000110054,3.23545055160248,795.614682664627,627.756057751726,12.5241996243283,-9.01625657592432,8.77390755526358
170.62817226787,3.17108478460784,795.799967712361,630.106742016134,12.4129873807497,-8.7246401963665,8.77364306590353
161.119646617702,3.11332880246393,795.966266533145,632.623361376522,12.2950655971619,-8.44375585869749,8.7733785801417
152.998722828372,3.067960849496,796.096937037201,635.30576745954,12.1710701491572,-8.20386164336389,8.77311409981146
146.7252442358,3.03442527535434,796.193544478307,638.039483529069,12.0460763738868,-8.01854144292628,8.77284962369982
141.718655453446,3.00847944801419,796.2682974042,640.789357060923,11.9211953681375,-7.87064549923831,8.77258515014213
140.063073800976,3.00102851450905,796.289777170038,643.515997391825,11.7997909344222,-7.82160204328742,8.77232068190763
140.346414886705,3.02445281553214,796.222526979823,646.708637458205,11.6722454743335,-7.82577655216677,8.77205621786549
141.268256605107,3.08952399565459,796.035702722207,650.792163275784,11.5284670521066,-7.84193164861745,8.7717917580573
142.666682575754,3.18823641711207,795.752291927727,655.558033423349,11.3709168904066,-7.8673748827876,8.77152730248657
144.416693717003,3.31176661531786,795.397627427567,660.773453391139,11.20257675627,-7.90067179391512,8.77126285110577
146.410557076443,3.45250991127835,794.993542827707,666.216448583854,11.0257769464176,-7.94096682163654,8.77099840427833
148.499999964765,3.59999999751283,794.570087684975,671.631410110992,10.8443147023293,-7.98614476915696,8.7707339615085
150.588858519396,3.74744883666325,794.146750965728,676.853449783337,10.6606715567811,-8.03480394157068,8.77046952244307
152.585000816913,3.88835299884091,793.742204506845,681.691672692791,10.4768548500807,-8.08618963348141,8.77020508736835
154.291045729945,4.00877969858437,793.396450384446,685.707476027655,10.2968418890658,-8.13919854665222,8.76994065744325
155.740472261128,4.11109215960907,793.102703605307,689.070652381051,10.1210589556158,-8.19226832787079,8.76967623061303
156.655068426601,4.17565188893655,792.917347761432,691.152283579395,9.95500472634403,-8.24401454028925,8.76941180869247
156.968962700908,4.19932986062583,792.849365086607,691.886317963092,9.80023174524337,-8.29326314316435,8.76914739093754
155.879926798816,4.1937121232909,792.865426896285,690.74399347844,9.65566361316508,-8.34281778710499,8.76888297748537
152.992129369416,4.17730741113951,792.912351618117,687.748457413716,9.51715354494241,-8.39569258569177,8.76861856813891
148.445349375076,4.15105505657966,792.987454607836,683.159096429134,9.38376498559003,-8.45170231259943,8.7683541632179
142.689634069703,4.11726616464474,793.084130685065,677.516533766681,9.25375509999959,-8.51001991272283,8.76808976219773
135.805699743121,4.07590877142696,793.202482471431,671.051772877009,9.1263733679862,-8.57052602650836,8.76782536582177
128.275363813533,4.02970799530398,793.3347151973,664.268035983841,9.00000000041725,-8.63231893455676,8.76756097305783
120.241611524202,3.97915311059506,793.479436691017,657.410303223233,8.87384096335323,-8.69515177062011,8.76729658419878
111.939818793281,3.92452147106685,793.635877776926,651.039463109387,8.74607116401352,-8.75865242369735,8.76703220071725
103.742214849361,3.86836900307885,793.796717305993,645.408297838473,8.61588125954487,-8.82209502446005,8.76676782097054
95.882291778391,3.81155196591512,793.95951672495,640.898428132778,8.48203079885806,-8.88507272772059,8.76650344532947
88.612433484143,3.75520809018234,794.121028374864,637.858570535549,8.34338710792073,-8.94713200023611,8.76623907379682
82.0773992540118,3.69805656670979,794.284979637994,636.534541958717,8.19526208746276,-9.00905226379334,8.76597470674159
75.8516332596912,3.63592936576736,794.463359270779,636.12903020554,8.03390021676394,-9.07322438223119,8.76571034304937
69.4051370816676,3.55851013756002,794.685915438541,635.956308146468,7.84542294830998,-9.14477468247271,8.76544598403339
62.7205837731315,3.46832618496343,794.945350683287,635.758175233044,7.63657902900142,-9.22189719226284,8.76518162964773
55.9612623824277,3.37135720729972,795.22440838429,635.547594998305,7.4180453239365,-9.30132125831158,8.76491727899427
49.2509453343027,3.27032603456782,795.515249494441,635.331481941243,7.19576792396886,-9.38092725996725,8.76465293287733
42.7300832708852,3.16982197314187,795.804635601709,635.120095646017,6.97827311027179,-9.4580120580534,8.76438859097904
36.5840507008134,3.07480893312667,796.078260351297,634.925219710921,6.77551733773791,-9.52922509397423,8.76412425377706
30.8316980404164,2.9872491274053,796.330447928285,634.750399307659,6.59024203486921,-9.59393612418117,8.76385992012397
25.6780995236802,2.91231226405606,796.546303394186,634.608156086991,6.43308007349556,-9.64850243781541,8.76359559081219
21.3584319893373,2.85648867740955,796.707118405147,634.513758419786,6.31689154520316,-9.68863501504749,8.76333126628944
17.8094743641375,2.81918489194544,796.814587882001,634.464962871937,6.23958512567471,-9.71525813570809,8.76306694549061
15.1205110958599,2.80742063947319,796.848503370179,634.610469578786,6.21180033438567,-9.7218662788379,8.76280262886822
12.9935410117225,2.82424297327871,796.800131854262,635.263873895042,6.23150091912788,-9.7024481632062,8.7625383159437
11.0551171144846,2.88255016470193,796.632424785026,637.137028816191,6.30850715409705,-9.63894928524677,8.76227400770262
9.22591803387886,2.97525910647208,796.3657690855,640.09128112498,6.43440804403676,-9.53798551670439,8.76200970430046
7.49531658777225,3.08699401174228,796.04438962892,643.644167081697,6.59012005219735,-9.41630170823448,8.76174540452466
5.90689697849017,3.21501907285261,795.676155329452,647.710359044666,6.77554579073332,-9.27687726447786,8.7614811092909
4.46945767752222,3.34999999772016,795.287914106373,651.996268119025,6.98020610147351,-9.12987760515963,8.76121681824248
3.20141813394706,3.48455263403191,794.900904755672,656.268901352449,7.19664224473226,-8.98334436931461,8.76095253138235
2.12420859601391,3.61107203749491,794.53700113009,660.287480683039,7.41735087634328,-8.84555964732923,8.76068824877474
1.25037718782785,3.72251785187624,794.216453176186,663.828375372691,7.63485689755242,-8.7241906704714,8.76042397029769
0.603920290219799,3.81105192944138,793.961805502141,666.642133430904,7.84156532747674,-8.62777349706043,8.7601596960649
0.203892307225264,3.86903557062624,793.795029049881,668.485322754638,8.02976030783874,-8.56462697833145,8.75989542607941
0.0338998545535321,3.89184821176772,793.729398828567,668.983330820583,8.198081930328,-8.54580829133831,8.7596311603412
0,3.88233605900492,793.756681399386,667.513220779087,8.35943871247853,-8.58731725603466,8.7593668990039
0,3.853361116603,793.839870347406,664.304299932848,8.52520728391977,-8.68025612569347,8.75910264112573
0,3.80435189483398,793.980579017183,658.878087897912,8.700438741276,-8.83867773344408,8.75883838814532
0,3.74206069610374,794.159421108441,651.984519967252,8.87748300314281,-9.04251495295626,8.75857413994629
0,3.67298654075575,794.357737510214,644.343454165566,9.05156454789063,-9.27129147164007,8.75830989552657
0,3.60000000042167,794.567286624265,636.272986434384,9.21947264145336,-9.51645761780532,8.75804565482242
0,3.52572177089516,794.78054426217,628.063364306835,9.37808860917727,-9.77029210699228,8.7577814178401
0,3.45745815924105,794.976533540172,620.523939806063,9.51179248723785,-10.0143782542179,8.75751718697918
0,3.3977798024165,795.147873992033,613.935041968275,9.62457721948106,-10.2379756730874,8.75725295982012
0,3.34909803268452,795.28764252567,608.561896979265,9.71367127863017,-10.4339359156735,8.75698873633497
0,3.3140783556654,795.388186092223,604.698167568723,9.77553297290463,-10.5945346426265,8.75672451658849
0,3.3026554881819,795.420979942882,603.441606655227,9.79257262108256,-10.6928194645715,8.75646030208361
0,3.30376501952905,795.41777616866,603.597862384895,9.76668950229127,-10.763894885819,8.75619609208661
0,3.31046304145487,795.398510049289,604.404412844596,9.70906022979724,-10.8267979616573,8.75593188581779
0,3.32067483938378,795.36913784775,605.634694948308,9.62359581777328,-10.8870258442918,8.7556676833429
0,3.33463323147574,795.328991140773,607.31760953422,9.51160704302547,-10.9433797542129,8.75540348550077
0,3.35168780866902,795.279942616705,609.376141418187,9.38360788047492,-10.9946189468688,8.75513929258744
0,3.37047927970668,795.225901637655,611.646268238361,9.2500000014979,-11.0418968913487,8.75487510306706
0,3.39074174703087,795.167633297442,614.096156846571,9.11378267440429,-11.0851269322389,8.75461091681878
0,3.41275222988082,795.104347204686,616.763520904043,8.989570014591,-11.118656051867,8.75434673727137
0,3.43499999958688,795.040384788675,619.463610236274,8.87973733074048,-11.1467401172122,8.75408256100764
0,3.45725861845794,794.976398249983,622.169689203488,8.78855501514689,-11.168749671687,8.75381838824422
0,3.47890235904899,794.914192360162,624.80953678507,8.7344668663337,-11.1807944389062,8.7535542208167
0,3.50073735316373,794.851454337854,627.483967474844,8.70811089038287,-11.1548373854731,8.75329005724517
0,3.5227796913256,794.788132593011,630.191520003462,8.7,-11.1012008684293,8.75302589628547
0,3.55034569439251,794.708984635705,633.604712012754,8.7,-10.856829220263,8.75276174148075
0,3.58101943473028,794.620932477656,637.415354556552,8.7,-10.4982395209174,8.75249759092927
0,3.61354004321303,794.527592000768,641.464714584438,8.7,-10.056660613856,8.75223344452135
0,3.64675922629269,794.432256441552,645.608268342572,8.7,-9.55963155951769,8.7519693022535
0,3.67947010702194,794.338387402423,649.694250456052,8.7,-9.03447123221979,8.75170516429585
0,3.71099948798521,794.247913671167,653.636378314157,8.7,-8.50609854080598,8.75144102970812
0,3.73914449465927,794.167156837362,657.159710096084,8.7,-8.00944988495249,8.75117690039712
0,3.76255840804872,794.099977695492,660.093003269973,8.7,-7.58380916343192,8.75091277561171
0,3.78142699357863,794.04584148298,662.458071186574,8.7,-7.23394189324163,8.75064865436645
0,3.79521329377537,794.00628805486,664.186701995451,8.69984565837791,-6.97242593477739,8.75038453660704
0,3.79776245752191,793.998974634902,664.499577065908,8.69619335955841,-6.90443096605747,8.75012042501716
0,3.79177211600648,794.016161040845,663.714894781471,8.6710652516815,-6.89134890447814,8.7498563178466
0,3.78170474208571,794.045044445741,662.406203580199,8.63568390702189,-6.90448401766664,8.74959221278596
0,3.76261752131278,794.09980806722,659.992710505568,8.56899152587585,-6.92993819984692,8.74932811352215
0,3.73873165561905,794.168341636244,657.035761701163,8.48589564222348,-6.9623063658117,8.74906401804827
0,3.71113918793026,794.247512762256,653.698839479462,8.39035779612393,-7.00033876338286,8.74879992613634
0,3.67960480779025,794.338000261787,650.0665590581,8.2822129473789,-7.04527992454162,8.74853583974726
0,3.64673552847471,794.432324897431,646.487196495276,8.17067901270632,-7.09380728809785,8.74827175767218
0,3.61417504223908,794.525773715003,643.261218573998,8.06203547436773,-7.14448840729806,8.74800768044741
0,3.58275646036915,794.615958119724,640.546584086897,7.95949775375053,-7.19664347425098,8.74774360843542
0,3.55133787849922,794.706142524445,637.831949599797,7.85696003313333,-7.2487985412039,8.74747953642344
0,3.5255346902476,794.780240112118,636.720381993175,7.7783047783574,-7.30037415378101,8.74721547221895
0,3.50242516114034,794.846620983067,636.377792672875,7.71110575031746,-7.35167180675561,8.74695141175966
0,3.47931563203308,794.913001854016,636.035203352575,7.64390672227753,-7.40296945973021,8.74668735130036
0,3.45706305844624,794.976966932715,638.811360536264,7.58611351405799,-7.47285575741124,8.74642330220331
0,3.43485069859293,795.040818647273,641.733868887396,7.52876168596015,-7.54361435101322,8.74615925363945
0,3.41292384787766,795.103854072699,645.023792252234,7.47273988745553,-7.61599917610946,8.74589520779764
0,3.39192881452526,795.164225371887,649.512849527517,7.4210589120736,-7.69369153970643,8.74563117083983
0,3.37093378117287,795.224596671075,654.001906802799,7.36937793669166,-7.7713839033034,8.74536713388201
0,3.35296194456386,795.276279173418,658.247366174197,7.32572908400074,-7.84041362575678,8.74510310335621
0,3.3378497774562,795.31974286321,662.262404056204,7.28967788976219,-7.901249276576,8.74483907891452
0,3.32273761034854,795.363206553001,666.277441938212,7.25362669552364,-7.96208492739522,8.74457505447283
0,3.3101360754622,795.39945043853,669.712623441986,7.22369259589133,-8.0133603636393,8.74431103332556
0,3.30344683052275,795.418691402927,671.691333463425,7.20803028372811,-8.04155202060885,8.74404701944283
0,3.30380473656436,795.417682789084,672.570734732341,7.21797134742091,-8.03561487714698,8.74378300983347
0,3.31934602271424,795.373082526344,672.778231324755,7.2994938311018,-7.94749135419434,8.74351900449099
0,3.35672758391804,795.26579635234,672.85529671719,7.49174186014994,-7.73734036525435,8.74325500355662
0,3.41309996405548,795.104005972547,672.971506595174,7.78165695799959,-7.42042713174345,8.74299100684124
0,3.48398908304481,794.900552127659,673.117630599225,8.14622956994477,-7.02190395665523,8.74272701441056
0,3.56456555614209,794.669295293142,673.283707333256,8.56062286015934,-6.56892058834778,8.7424630262676
0,3.64999999855506,794.424095944601,673.459778155628,8.9999999925689,-6.08862677545064,8.74219904246831
0,3.73549016568989,794.178736664478,673.635945384688,9.43966370926229,-5.60801969031367,8.74193506283285
0,3.8164966177068,793.946245777886,673.802855721872,9.85626831963496,-5.15261907424361,8.74167108743059
0,3.88840473516473,793.739867377588,673.951004891182,10.2260814951329,-4.74836731187847,8.74140711626442
0,3.94627471799485,793.573778834265,674.070221753753,10.5236985496878,-4.42303488246533,8.74114314939581
0,3.98212470963569,793.470888309703,674.144070441872,10.7080699352693,-4.22149404376844,8.74087918743434
0,3.99996783454732,793.419677979498,674.181195487744,10.7998435047412,-4.12121965984822,8.74061522872073
0,3.99282881970923,793.440140489283,674.414583283308,10.7691253365292,-4.18536514414923,8.74035127515448
0,3.9734739131838,793.495618198763,675.044990089811,10.6863882185653,-4.36063190252793,8.74008732592776
0,3.94456300125195,793.578487831917,675.986015086628,10.5638692015733,-4.62522997707248,8.73982338084114
0,3.90772847183179,793.684071507821,677.183876730552,10.4095373251333,-4.96697464652388,8.73955944015972
0,3.86549902531045,793.80512200683,678.555737874704,10.2350085285416,-5.36508090963175,8.73929550369029
0,3.81999558140383,793.935560774718,680.03218395657,10.0500000010669,-5.80204860707862,8.7390315712496
0,3.77325982444307,794.069537911756,681.54570990644,9.86528307560273,-6.26474546468793,8.73876764383563
0,3.72797085960039,794.199374307003,683.009250945827,9.6924104649684,-6.72917378812792,8.73850372061875
0,3.68565536212479,794.320694161934,684.373221673666,9.53806141196469,-7.18191016193683,8.73823980120573
0,3.64913520254528,794.425411361758,685.545055522531,9.41639890257266,-7.60290563980174,8.73797588637562
0,3.61973753451665,794.509721695087,686.481899427607,9.33296941207281,-7.97981008969314,8.73771197557124
0,3.60029407484416,794.565510365164,687.091201534896,9.30294074843118,-8.29176689594535,8.73744806928632
0,3.58686091593176,794.604078388629,687.502612293261,9.33354041543026,-8.57339668803899,8.73718416751155
0,3.57413568575397,794.640618997417,687.890394092846,9.41573198441555,-8.86539713489151,8.73692027007446
0,3.56199493551644,794.675484423525,688.259175274799,9.53977209528357,-9.16297268009017,8.73665637707296
0,3.55037593262554,794.708853625342,688.611310654827,9.68902794244562,-9.46047222897261,8.7363924874043
0,3.53986434379799,794.739045291005,688.928787320198,9.86600685565658,-9.74707445530151,8.73612860347799
0,3.53016072072228,794.766917722351,689.221322257436,10.0499999979408,-10.0202274965673,8.7358647230593
0,3.52152486255002,794.791724592135,689.481116458514,10.2348236746498,-10.2720947576839,8.73560084684048
0,3.5143582454877,794.81231229439,689.696224759398,10.4068485387921,-10.4888708554672,8.73533697568107
0,3.5083733994739,794.829505790794,689.875600738691,10.5605441009892,-10.674077941302,8.73507310817639
0,3.50377048809409,794.842729798019,690.013338197893,10.6872192788037,-10.8200440693398,8.73480924465714
0,3.50116934988142,794.850203147889,690.09103732945,10.7641320012176,-10.9047477576922,8.73454538636256
0,3.50040673413729,794.852398640151,690.124283822899,10.7993679542261,-10.9418300666452,8.73428153159678
0,3.52550349501551,794.780570058532,690.046913405631,10.7884078180977,-10.8751052799083,8.73401768197412
0,3.58799473125633,794.601724531191,689.856436520484,10.7604087543889,-10.705649393466,8.7337538366849
0,3.68051250004356,794.336960889307,689.579675228784,10.7193442103409,-10.4505283262193,8.73348999560986
0,3.79668277103719,794.004533135649,689.240104738421,10.6684620481277,-10.1238987182903,8.73322615874528
0,3.9302802228388,793.622270204892,688.860943203397,10.6109153290846,-9.73932633562014,8.73296232613855
0,4.07456848144001,793.209460622294,688.466037663798,10.5500000010335,-9.31256142078487,8.73269849760546
0,4.22386471081054,792.78237962613,688.076746528707,10.4885928689071,-8.85600138395001,8.73243467318625
0,4.37232861068648,792.357752759564,687.71490196297,10.4296314287625,-8.38256281083012,8.73217085288362
0,4.50841245855309,791.968676330986,687.432887335515,10.3796646009348,-7.91094424733603,8.73190703820714
0,4.62718675013492,791.629241791866,687.24058946567,10.3404315998083,-7.45888329687918,8.73164322765606
0,4.71663123185,791.37389021273,687.330077044693,10.3187849214894,-7.04654661065531,8.73137942230194
0,4.79241880584144,791.1576882936,687.559310666418,10.305287437487,-6.65314008559374,8.73111561924972
0,4.85035335710263,790.99268388989,689.589781265268,10.3068153982504,-6.25844399342997,8.73085182134089
0,4.90002055967734,790.85139388285,693.154995419661,10.3175821618523,-5.85248715276233,8.73058802722113
0,4.94807772579454,790.71473895792,699.001117869868,10.3366004662525,-5.41417095544727,8.7303242378203
0,4.99328127663852,790.586244197675,706.492476758726,10.3641163667946,-4.96407059324992,8.73006045355866
0,5.03614418376015,790.464428576607,714.716771060289,10.3970277112677,-4.5160147838227,8.72979667268373
0,5.07599264195664,790.351206800477,723.534823114596,10.4359933986461,-4.07724299201644,8.72953289569981
0,5.10982165261284,790.25511692767,732.279370175498,10.4838362467572,-3.68090185992107,8.72926912479506
0,5.13954301511048,790.170706574123,740.483207700569,10.5364864960433,-3.32281403840576,8.7290053573807
0,5.16508291262251,790.098183433625,748.040752417101,10.5937861889654,-3.00548419038657,8.72874159339087
0,5.18178860427114,790.050755564622,753.405815057755,10.6588022742315,-2.78993012806089,8.72847783552747
0,5.19371373888469,790.016904766443,757.497377272063,10.7323961412048,-2.62727761856862,8.72821408046636
0,5.19573005352093,790.011192501118,758.859726225314,10.828299487973,-2.57203920056128,8.72795033068575
0,5.18348500187018,790.046015767623,758.675951354089,11.040669892788,-2.56162205225626,8.72768658516048
0,5.16234477175632,790.106122882631,757.576711169606,11.3271208601845,-2.57717342396345,8.7274228423003
0,5.1178767764343,790.232556837919,755.26530338431,11.842787912072,-2.61250378545446,8.72715910669531
0,5.06745038357428,790.375932050902,752.64503039216,12.4147264458637,-2.65531061255258,8.72689537449927
0,5.00918337531039,790.541600151392,749.618323743459,13.0607122457204,-2.70795567065689,8.72663164678902
0,4.95037138210785,790.708817784324,746.563990666984,13.708838805562,-2.76448810061593,8.7263679214463
0,4.8899310816197,790.880665113941,743.427115284422,14.3633615331382,-2.83263522937509,8.72610420317728
0,4.83037020183407,791.050012024167,740.336012102972,15.0079405991179,-2.90142483566309,8.72584048552551
0,4.78254160092855,791.186001046038,737.855552072013,15.5198620979019,-2.97878568154216,8.72557677610844
0,4.74218774296418,791.300737449976,735.762930851296,15.9512334061773,-3.05737963422915,8.72531306922484
0,4.71603888288975,791.375085389017,734.407358319008,16.2295271711556,-3.13831698250076,8.72504936715582
0,4.70938169455207,791.394019079321,734.063003505235,16.3211531395658,-3.22512844307189,8.72478566964051
0,4.71467965604785,791.378964630715,734.338875601824,16.2982870568482,-3.31554277022256,8.72452197491821
0,4.75162159190036,791.273967300379,736.259520815615,16.0472524553475,-3.43539745718428,8.72425828713702
0,4.79612049406938,791.14749090687,738.573355591878,15.7431766238592,-3.56320877023126,8.7239946014623
0,4.85937598812826,790.96770384768,741.864052980991,15.3109307477902,-3.71299341181756,8.7237309220944
0,4.92711349781287,790.775177841136,745.389313010339,14.8480577649454,-3.87029257204317,8.72346724618573
0,5.0004414293545,790.566762534852,749.207143217998,14.3469835660776,-4.03696459768339,8.72320357459176
0,5.07184239111009,790.363824131976,752.926457856495,13.8590769940811,-4.20738895997498,8.72293990753225
0,5.14165694150477,790.165394685002,756.564667840796,13.3820108997174,-4.38090249861841,8.72267624420581
0,5.19950088363167,790.000988534963,759.580411014063,12.9867439618502,-4.55131894094472,8.72241258627649
0,5.25095429777746,789.854745775306,762.263849304885,12.635145631854,-4.72008199354913,8.72214893122844
0,5.27784065325923,789.778327497205,763.665615988892,12.4538914910329,-4.87744470744448,8.72188528244169
0,5.29677392172115,789.724513478959,764.652467482632,12.3277828268586,-5.03111679288289,8.72162163568192
0,5.29270691273084,789.736045180279,764.405907064311,12.4312755708448,-5.18986114792637,8.72135799602902
0,5.28486232105918,789.7583093112,763.956770155874,12.5724782209347,-5.34943857630364,8.72109435754335
0,5.26721346351454,789.808399423141,762.873582898408,12.8901576567383,-5.52562556454133,8.72083072669641
0,5.24726238139566,789.865023594658,761.598530829103,13.2492771348781,-5.70280506330313,8.72056709871735
0,5.22445797996038,789.929745915509,760.07506102277,13.6597563607131,-5.88049578704046,8.72030347455824
0,5.20000000013928,789.999161340501,758.257623518226,14.099999997493,-6.04833759375364,8.72003985636068
0,5.17569173700987,790.068151847007,756.3243462518,14.5375487338224,-6.20743939891404,8.71977624118148
0,5.15255745836664,790.133810408984,754.236410397018,14.9539657494005,-6.34896571000265,8.71951263084557
0,5.13286605193946,790.189697581836,752.068282263865,15.3084110650897,-6.46420280416834,8.71924902538424
0,5.11596079600546,790.237677240575,749.87050223243,15.6127056719017,-6.5605518957857,8.71898542298603
0,5.10663863950788,790.264134922684,747.679607021356,15.7805044888582,-6.61142449462283,8.71872182673366
0,5.10394699267807,790.271776843742,745.3745504652,15.8591726611663,-6.60491952322455,8.71845823397014
0,5.10793511715644,790.260463211289,742.954484397621,15.8480479890879,-6.54061069260662,8.71819464472139
0,5.12568665458658,790.210099963413,739.823855071904,15.7367448868709,-6.29651921735326,8.71793106168629
0,5.14805170908224,790.146647363041,736.455781081482,15.5920785146626,-5.99103192726391,8.71766748115627
0,5.17953675730437,790.057320141284,732.620412774517,15.3820728022123,-5.56097341515176,8.71740390677294
0,5.213583281619,789.960725675045,728.69550875982,15.1480473383408,-5.09592735627185,8.71714033595393
0,5.25009805631176,789.857128457935,724.68432771716,14.8908763293279,-4.5971671332069,8.71687676856952
0,5.28628692736533,789.754455872302,720.839365001216,14.6158102220418,-4.10285847182212,8.71661320752499
0,5.32126934540429,789.655206152507,717.131287846537,14.3392627043925,-3.62502891457371,8.71634964895032
0,5.35114164534203,789.570454509692,713.898468069159,14.0705920278646,-3.21699914838259,8.7160860962485
0,5.37466012937756,789.503729478052,711.182441128298,13.8217931427067,-2.89575700893605,8.71582254758113
0,5.39318726718502,789.451166355253,708.850063059394,13.588524871173,-2.64085706392638,8.71555900180704
0,5.39345203259167,789.450429353622,707.631483673791,13.4110412983468,-2.60486012846032,8.7152954630343
0,5.37934677492115,789.490504632485,706.598430677456,13.2486422161844,-2.66879531464634,8.71503192738663
0,5.35048378320914,789.572493329156,705.755909672323,13.1017346123703,-2.83535884496408,8.71476839494833
0,5.2935626829363,789.734187973737,704.978020525409,12.9698299334515,-3.16434241094864,8.71450486935685
0,5.2285004630108,789.919011555658,704.226160335232,12.842132049821,-3.54074196343989,8.71424134667716
0,5.15302399432353,790.133422974529,703.510856249827,12.7197500098797,-3.97792647066122,8.71397782813674
0,5.07154835637637,790.364884721184,702.837897986502,12.6000000022874,-4.4509773419125,8.71371431470048
0,4.98903894518554,790.599292348915,702.19919044429,12.4801582855142,-4.93128727385147,8.71345080559106
0,4.9093294014604,790.825757045869,701.59134856425,12.358063802352,-5.39688437937864,8.71318730057584
0,4.83582617608109,791.034603871476,701.013124716115,12.2317605296731,-5.82831591084094,8.71292379967433
0,4.77254919905316,791.214415882258,700.464390035547,12.0989128770891,-6.20267981402941,8.71266030308213
0,4.72979780192526,791.335944083043,699.951665616308,11.9533978827397,-6.46157448533363,8.71239681217932
0.13812249354809,4.70418729285356,791.40879676906,699.453749666744,11.7944672913236,-6.62367588758029,8.71213332572705
0.58996067214811,4.6859986865319,791.460572035947,698.950895312535,11.6244005268549,-6.74373260226088,8.71186984261888
1.56889030498714,4.67242472372531,791.499240659903,698.43029710569,11.4404421292031,-6.83747811523549,8.71160636346299
3.29884245965449,4.65984281903195,791.535086923534,697.889901220919,11.2411507897092,-6.92499369917604,8.71134288940011
5.57595889717887,4.64817953907805,791.568318739719,697.346629497399,11.0316347323114,-7.00657449883155,8.71107941961384
8.34558807808828,4.63758341754191,791.598512407917,696.814933829536,10.8140761372807,-7.08110066715156,8.71081595437148
11.5318203993528,4.62821029011623,791.625223272714,696.311908629349,10.5912621390234,-7.14737651178859,8.71055249389845
14.988113220951,4.61991691519086,791.64885859255,695.844379557627,10.3664277427819,-7.2062589000231,8.71028903734644
18.6945761849744,4.61311990933314,791.6682308469,695.438969081271,10.1421188087223,-7.25475617171809,8.7100255858606
22.5195515651274,4.60763549734786,791.683862918302,695.098561770572,9.92097562147075,-7.29403075844479,8.70976213851957
26.3965318416849,4.60346247539672,791.695757788431,694.830014579063,9.70477463856911,-7.32401677725512,8.70949869512279
30.2523241509525,4.60090477296139,791.703048742649,694.658862647657,9.49694568976297,-7.342466054713,8.70923525633171
34.033851655718,4.60031755003269,791.7047228142,694.656492390221,9.30074510121652,-7.34708738173564,8.70897182249741
38.1145758031341,4.60234524481806,791.698943108267,695.159872634394,9.11006872267602,-7.3360389101697,8.7087083926877
42.8461465309606,4.6081568906329,791.682378655899,696.522733910209,8.92098289684485,-7.30434767986098,8.70844496756692
48.0568919864077,4.61702840933986,791.657094570751,698.551586893098,8.73314353943719,-7.25667880011874,8.70818154643028
53.6797567214855,4.62910140568731,791.622689074871,701.223256765981,8.54729011991297,-7.19303469968249,8.70791812985268
59.5649835933825,4.64414003246365,791.579836466891,704.418152424324,8.36418861537301,-7.11558488272619,8.70765471802077
65.5496929308417,4.66113443592291,791.531414591171,707.913610513204,8.18346384647661,-7.02964185570871,8.7073913096404
71.4940218813763,4.68097233604057,791.474899203855,711.734074002718,8.00760826983377,-6.93288877224108,8.70712790708792
77.3175383474683,4.70209309585174,791.414734393773,715.639047399585,7.83473335243415,-6.83211161710792,8.7068645076137
82.7787254255249,4.72509634691373,791.349217982714,719.55593226898,7.66764619724841,-6.72696790271716,8.70660111346643
87.7593201320837,4.74931882334476,791.280240342787,723.331486754127,7.50618661098539,-6.62104066878448,8.70633772384548
92.1448362006597,4.77440394800029,791.208818751315,726.852403620356,7.35065743875934,-6.5166794160474,8.70607433854325
95.9180738880037,4.80217984957904,791.129772197438,730.117964510558,7.19939622380514,-6.41177108033491,8.70581095755971
99.3476814682565,4.8391649395514,791.024612932358,733.403148047975,7.04588872468722,-6.29431975236144,8.7055475808909
102.718586484211,4.89022405669781,790.879542297113,736.966727187179,6.8853927845487,-6.15475509519787,8.70528420852941
106.078187108968,4.9542540218605,790.697690998984,740.804124906552,6.719424518171,-5.99493816566064,8.70502084047755
109.367379148994,5.02777292756961,790.488937667281,744.797389721477,6.55198101341742,-5.82139426028428,8.70475747673814
112.497726888663,5.10752492997546,790.262522330108,748.812129996213,6.38814930911285,-5.64080618343662,8.70449411793282
115.418079486157,5.18871976950166,790.032033063907,752.706972467838,6.23220129132118,-5.46162267657494,8.70423076350256
118.062437268365,5.26765382375745,789.807977794022,756.353183487727,6.0885159895344,-5.29083941881231,8.70396741350877
120.366724712768,5.34055231726027,789.601066054822,759.621552973595,5.96142669192233,-5.13553055822271,8.7037040679545
122.26686630014,5.40364047462157,789.422007380409,762.382620075115,5.85526668647769,-5.00277024267411,8.7034407268428
123.698786496395,5.45314352005917,789.281511306002,764.506765108914,5.77436926197796,-4.89963262091555,8.7031773901767
124.598409784929,5.48528667822779,789.190287365582,765.864333559162,5.72306770628944,-4.83319184070088,8.70291405795925
124.898722552098,5.49141791013337,789.173006883219,766.156785267114,5.70720413835624,-4.81145224333725,8.7026507301975
124.561560127473,5.44397712739934,789.308510671006,764.439053781869,5.73653665604391,-4.84322887786982,8.70238740675848
123.607586593701,5.32208050919514,789.656600185014,760.004280351615,5.81603445052491,-4.93283476707155,8.70212408775132
122.149847332411,5.13581382580807,790.188505665668,753.234260152255,5.93751272229909,-5.0739493749104,8.70186077317716
120.31749256109,4.90167960502818,790.857102287335,744.735732154562,6.09020895324249,-5.25799038003569,8.70159746295809
118.219660204547,4.6336232483588,791.622567386321,735.022746274083,6.26502831628774,-5.47934586974543,8.70133415740393
116.000000012772,4.35000000163198,792.432485492081,724.763682728475,6.44999999893567,-5.72710955866675,8.70107085611651
113.778500694218,4.06614175537234,793.243074665459,714.516235352142,6.63512494214847,-5.9952206778176,8.70080755946144
111.674895747269,3.79734778992875,794.010646089325,704.829755247383,6.81042535439429,-6.27444713778138,8.7005442670744
109.83329118167,3.56203165099122,794.682617811328,696.364692366912,6.96389240152746,-6.55740540807601,8.70028097937055
108.336512234914,3.3707765633501,795.228768241827,689.493840838444,7.08862398042385,-6.83643671605615,8.7000176958065
107.449227180656,3.25740125086163,795.552524208202,685.425606501924,7.16256440161198,-7.09985663665989,8.69975441757437
107.23044397619,3.20494884357818,795.702292739459,683.570409057196,7.19634215909605,-7.35003825267421,8.69949114289176
109.532326710839,3.20957015942501,795.68891552238,684.045299463002,7.18827626522759,-7.61042501618667,8.69922787299862
115.230421994344,3.23151564718398,795.625802594624,685.573584694123,7.16189619447063,-7.90517664676707,8.69896460734162
124.294246716314,3.2675659570162,795.52213592875,688.007999665175,7.11993404298003,-8.23095313249437,8.69870134676286
135.245241375956,3.31247356325933,795.393010872931,690.953381268899,7.06923499362983,-8.5697004054863,8.69843809004727
147.631220790724,3.36498239587568,795.242044112122,694.289922294863,7.01189249633924,-8.91427029368163,8.69817483719669
160.999999852602,3.42603362087132,795.066553038765,697.904176136725,6.9500000006824,-9.24726634078663,8.69791159056559
174.127076780771,3.48992478528585,794.882928454155,701.464343513662,6.88922649638532,-9.5600640789177,8.69764834769516
186.616274535965,3.55555555445027,794.694338626128,704.865030182166,6.83140613640757,-9.84639998317199,8.69738510858716
198.054969127541,3.62180255430421,794.504018443283,707.996510113538,6.77844921700213,-10.0996449066194,8.69712187326769
206.294852882457,3.68513743998242,794.3221576662,710.293639047466,6.74030160702566,-10.2744615253357,8.69685864435717
211.169174765102,3.74346507054722,794.154770165598,711.684740183104,6.71763702491383,-10.3767349823863,8.6965954200196
214.613621803659,3.79966534514701,793.993531704811,712.690911132942,6.70155048025731,-10.4481881348599,8.69633219762488
213.966096208666,3.8547350532441,793.835742179519,711.676735813626,6.7,-10.4469650222535,8.69606898263282
212.736237399955,3.91021034265117,793.676826414223,710.273141397805,6.7,-10.4368807975005,8.69580576910811
210.268409112836,3.970151290278,793.505229972783,707.393476227218,6.7,-10.4173832028886,8.69554256133541
206.911627446641,4.03174603046963,793.328970774655,703.552616292597,6.7,-10.3922210606013,8.6952793585771
202.902237585501,4.09315538068687,793.153292548838,699.095422175617,6.7,-10.3638871888782,8.69501616029668
198.420104645101,4.15325233163168,792.981405818978,694.267165133825,6.7,-10.3340864367047,8.69475296593065
193.485653757709,4.21019708805497,792.818572794468,689.205550529927,6.7,-10.3042194155961,8.6944897763895
188.277108457197,4.26297154541654,792.667692541475,684.147803168138,6.7,-10.2759058779959,8.69422659105874
182.892447257672,4.30921682347381,792.535506402279,679.34032510863,6.7,-10.2513048958976,8.69396341062476
177.478005361318,4.34852123718652,792.423180901926,674.95107720853,6.7,-10.2314472638651,8.69370023434148
172.130185994394,4.37980656162544,792.333793454151,671.142798966417,6.7,-10.2175810833303,8.69343706217684
166.985630598917,4.3993540325004,792.277970775355,668.311553691022,6.70105590801513,-10.2131501353103,8.69317389534897
161.665830929102,4.41387089472414,792.236531450577,665.873529805183,6.71235461233159,-10.2126371782611,8.69291073277346
155.935476356663,4.42718936732765,792.198518696167,663.469521746468,6.73807495822979,-10.2126371782611,8.6926475741859
149.724808345921,4.43963138954407,792.163010988041,661.083528499695,6.77930045375197,-10.2126371782611,8.69238442055445
143.159548565967,4.45113076979859,792.130196232404,658.767663930283,6.83097349931051,-10.2126371782611,8.69212127158859
136.362885708805,4.46175836638543,792.099871237115,656.546908974288,6.88859711646243,-10.2126371782611,8.69185812654143
129.365598846422,4.47122190808418,792.07286985407,654.487115180632,6.94999999964766,-10.2126371782611,8.69159498628207
122.267924801359,4.47950705856784,792.049232204382,652.622464917354,7.01127968741358,-10.2126371782611,8.69133185044796
115.148960156404,4.48650145287711,792.029278334309,650.99936811523,7.06901520080665,-10.2126371782611,8.69106871909719
108.090089089872,4.49210613019952,792.013290018736,649.662374629027,7.11974291136851,-10.2126371782611,8.6908055922328
101.17269578399,4.49622212969938,792.001549032614,648.656031684412,7.15999919041203,-10.2126371782611,8.69054246985784
94.478164415573,4.49875049058351,791.994337150771,648.024880439646,7.18632040960182,-10.2126371782611,8.69027935197534
87.9890149079165,4.49480498895308,792.005642023978,647.8123155005,7.19028809636583,-10.2175097813921,8.69001623858545
81.4444440209751,4.46757910186222,792.083584577902,648.051538561475,7.15163845069709,-10.2442671158037,8.68975312982397
74.6736450578998,4.40977739258635,792.249069644477,648.654770192843,7.06569477513266,-10.3006671645688,8.689490025107
67.6721701991277,4.32090254938794,792.503541254723,649.566472821093,6.93398109477971,-10.3874000563858,8.6892269243746
60.5511640273793,4.1975871798012,792.856700289051,650.783321023002,6.75253603025918,-10.5077835306214,8.68896382925254
53.4866802392252,4.05582485675103,793.262768887868,652.131144987013,6.54533825157036,-10.6462179199954,8.68870073819267
46.5875772701277,3.89982430907447,793.709726921335,653.547448160164,6.31915647857358,-10.7986121940558,8.68843765133599
40.0334136304709,3.73432695661349,794.184056900597,654.946919773844,6.08203370199128,-10.9603703105888,8.68817456934053
33.9868208369333,3.56704671763409,794.663712317136,656.225776321723,5.84610528485013,-11.1239857897813,8.68791149214119
28.4888652261609,3.40372962592374,795.13223713768,657.328315229571,5.61982333636493,-11.2838491351035,8.6876484189872
23.8489418639247,3.2527585060733,795.565729057146,658.107591910953,5.41734869771058,-11.4318327385536,8.68738535097126
19.9448817600002,3.11585920326418,795.959188711404,658.582909342885,5.24023331032454,-11.566221560493,8.68712228668827
17.007746331405,3.00016876385008,796.292254197321,658.626938097007,5.10028589763256,-11.680094759977,8.68685922680893
14.7507990723158,2.89917416522003,796.583634999765,657.437565247219,4.98530982470403,-11.7802680510652,8.686596172129
12.5813586554834,2.79778794050448,796.876408847706,654.797301065883,4.86918628190615,-11.881577604397,8.68633312198318
10.4995255478197,2.69681019227575,797.168199703401,651.125763897753,4.75352032133949,-11.9829555476121,8.68607007577351
8.53851628486403,2.59734074018984,797.455830628528,646.53582921192,4.6403605343928,-12.0831799856997,8.68580703408922
6.72250709798811,2.50059914142519,797.735745697219,641.33262309654,4.53202953729446,-12.1808081879822,8.68554399695864
5.08714448572173,2.40812630458078,798.003465345604,635.828314406572,4.43144140427211,-12.2740526478991,8.68528096466944
3.63712848443618,2.32067521224004,798.256767306462,630.355967446775,4.34007137695025,-12.3619516389895,8.68501793673403
2.37557329103788,2.23875126707088,798.494159885907,625.139377724258,4.25890980205797,-12.4438593686999,8.68475491282315
1.37290132556953,2.16498799979321,798.708012021145,620.574966676737,4.19289877991914,-12.516786758569,8.68449189389758
0.659245924967106,2.10093560432069,798.893802168798,617.056048837859,4.14499302300343,-12.578895791805,8.68422887996384
0.193953145736143,2.04558713063501,799.054412206941,614.625198613006,4.11335819137151,-12.6312341279537,8.68396586997662
0.0236820156651881,2.00130476157208,799.182981640401,613.648079681237,4.10163710445443,-12.6715173304611,8.6837028647284
0,1.96490211137749,799.288709990117,613.471613891977,4.1,-12.7053451039159,8.68343986355273
0,1.9347623368136,799.376260301127,613.487189903558,4.1,-12.737053440358,8.68317686749663
0,1.90806242545684,799.45382566895,613.54415917589,4.1,-12.7676605264465,8.68291387509061
0,1.88548129431304,799.519441759943,613.649674795935,4.1,-12.7959994299854,8.68265088854742
0,1.86450243413508,799.580414687389,613.773234095189,4.1,-12.8226665195904,8.68238790552566
0,1.84485814439966,799.637527130676,613.910724104767,4.1,-12.8469094457844,8.68212492705835
0,1.82561355362521,799.693495081134,614.050528476696,4.1,-12.8686807597495,8.68186195269842
0,1.80561411892573,799.751680179524,614.177118335317,4.1,-12.8868097162866,8.68159898364159
0,1.78421571627336,799.813949025282,614.283238442388,4.1,-12.9019660817777,8.68133601847586
0,1.75957320562033,799.88567260986,614.344302584883,4.1,-12.912492932131,8.68107305877568
0,1.73232514282834,799.964985218614,614.369925604834,4.1,-12.9200001243908,8.68081010236733
0,1.69831592576999,800.063998270405,614.170975198533,4.09846713177554,-12.9220535084935,8.68054715182046
0,1.65337357894604,800.194951188066,612.863326324575,4.08592121104964,-12.9224235597106,8.68028420553858
0,1.59694598247159,800.359479819577,610.195452721478,4.05959795696662,-12.9224235597106,8.68002126336444
0,1.5298119462737,800.55531839894,606.16278984039,4.01937420879226,-12.9224235597106,8.67975832570614
0,1.45520134404084,800.773032508302,601.076386172007,3.96838286911055,-12.9224235597106,8.67949539281432
0,1.37707132484446,801.001050697242,595.432839434644,3.91167998923987,-12.9224235597106,8.67923246314405
0,1.29842459736761,801.230624758407,589.312732947853,3.85000000067972,-12.9224235597106,8.678969540241
0,1.22287421868172,801.451176189656,583.289623238095,3.78923186648367,-12.9224235597106,8.67870662075916
0,1.15154060841998,801.659431984175,577.473152800831,3.73048889695757,-12.9224235597106,8.67844370474515
0,1.09325047872986,801.829623974063,572.573723892945,3.68093544035523,-12.9224235597106,8.67818079500909
0,1.05134181304864,801.951991247563,569.00685873249,3.64483821369124,-12.9224235597106,8.67791789024509
0,1.01757438082551,802.050590670951,566.102248945532,3.61542844239355,-12.9224235597106,8.67765498795209
0,1.01459321252006,802.059321756934,565.498807451564,3.60445809051102,-12.9134885581074,8.6773920919908
0,1.02392203061942,802.032118699863,565.815495482816,3.60086079964428,-12.9009808674454,8.67712919856126
0,1.07083373334361,801.895267618599,568.134145890607,3.6,-12.8562444767785,8.67686631185743
0,1.12956763138515,801.723925295614,571.082540142429,3.6,-12.8013701206499,8.67660342726925
0,1.21194583019585,801.483606290436,575.221022586556,3.6,-12.7244051860975,8.67634054925179
0,1.30174855345036,801.221627982749,579.733797855699,3.6,-12.6405036099803,8.67607767388295
0,1.40002268906738,800.934936323461,584.675806219889,3.6,-12.5486872978352,8.67581480366689
0,1.49804191631133,800.648988299353,589.609256567737,3.6,-12.4571091434373,8.67555193923707
0,1.58952160263965,800.382117846614,594.216287456015,3.6,-12.371640801415,8.67528907906325
0,1.67000835847217,800.147316681125,598.271828081416,3.6,-12.2964430186955,8.67502622312935
0,1.72999279221557,799.972326214576,601.295639186208,3.6,-12.240400302493,8.67476337231764
0,1.76649504915406,799.865839471714,603.136536297158,3.6,-12.2062966942952,8.67450052638025
0,1.79756352290048,799.775201915555,604.709643874576,3.59283421491881,-12.1817308537118,8.67423768184479
0,1.79642745832691,799.778498129382,604.69563654706,3.54319879273895,-12.2136927382455,8.67397484561817
0,1.7946058206156,799.783790282067,604.655754561274,3.48291919594263,-12.2528920255187,8.67371201049026
0,1.78878214406741,799.800733744264,604.464829044777,3.36050414217372,-12.3343397108802,8.67344918177605
0,1.78106550623505,799.823185070674,604.200647075008,3.20487148287379,-12.4378884124195,8.67318635820184
0,1.77218267345834,799.849029883176,603.885031683902,3.03247488341407,-12.5525908412293,8.67292353860375
0,1.76236422943935,799.877597458953,603.522171567639,2.85014040377536,-12.6739053435797,8.6726607229638
0,1.75175949465265,799.908453644665,603.110177615789,2.6649899123523,-12.797093452441,8.67239791186135
0,1.74080934104762,799.940317227504,602.628153539231,2.50703880808616,-12.9021847091671,8.67213510897324
0,1.72983041483251,799.972264724256,602.140296110912,2.35135335154847,-13.0057685388436,8.67187230676936
0,1.71944466302717,800.002488466034,601.62280884232,2.23693405714049,-13.0818963221783,8.6716095097054
0,1.70971105022799,800.030817102701,601.072746374478,2.16788299426172,-13.1278387865246,8.67134671829229
0,1.69997867604825,800.059142415741,600.504750357547,2.10151561693913,-13.1724309520843,8.67108392722059
0,1.69028698845026,800.087358553172,599.347667175702,2.12330283232656,-13.1726680555195,8.67082114736367
0,1.68059530085227,800.115574690603,598.190583993857,2.145090047714,-13.1729051589546,8.67055836750676
0,1.67016915445002,800.145932203013,596.622724873607,2.18326736185712,-13.1730040875868,8.67029559342914
0,1.65921715960534,800.177822869756,594.760763638788,2.23317944975728,-13.1730040875868,8.67003282348931
0,1.64843368586443,800.209224350438,592.767590754496,2.28951421321241,-13.1730040875868,8.6697700588711
0,1.63777016396297,800.240277632786,590.681022572173,2.35042058063739,-13.1730040875868,8.66950729804078
0,1.62808775653952,800.268474638641,588.699338901812,2.40964342155298,-13.1730040875868,8.66924454255218
0,1.61909962049771,800.294650442006,586.791875229897,2.46767493943554,-13.1730040875868,8.66898179084357
0,1.61190913581098,800.315591390975,585.226439214687,2.51587729359365,-13.1730040875868,8.6687190444968
0,1.60598329852446,800.332849620831,583.901619593545,2.55716483286553,-13.1730040875868,8.66845630192209
0,1.60458916148499,800.336921239687,583.223884249584,2.57934537553487,-13.1755029783612,8.66819356502361
0,1.60636442386993,800.33177035153,582.998709406946,2.58816278720855,-13.1797495537904,8.66793083209498
0,1.62051753934219,800.290637823628,583.407892167623,2.58290205054817,-13.19886033928,8.66766810283773
0,1.65616021349516,800.187036501399,584.918402019908,2.55319982208737,-13.2437773216992,8.66740537995445
0,1.69517968089728,800.07361997159,586.572183229516,2.52068359925227,-13.2929497469718,8.66714265809943
0,1.75701807556376,799.893876458954,589.194368774113,2.46915160369687,-13.3708786384501,8.66687994361236
0,1.82578699147905,799.693988241069,592.111426919128,2.41184417376746,-13.4575413892273,8.66661723271355
0,1.89999999875424,799.478275872033,595.261406620757,2.35000000103813,-13.5510647968354,8.66635452773907
0,1.97306687980342,799.265894908266,598.364273404821,2.28911093349715,-13.6431438534579,8.66609182729159
0,2.04245337286788,799.064211600344,601.311968981232,2.23128885594343,-13.7305848764217,8.66582913054887
0,2.10492821782147,798.882618139779,603.967174330408,2.17922648514877,-13.8093158240598,8.66556643804303
0,2.15250233994054,798.744336092414,605.99001483367,2.13958138338288,-13.8692688454762,8.66530375108567
0,2.18373553789316,798.653551641408,607.31834871759,2.11355371842237,-13.9086289955398,8.66504106850117
0,2.1998151601124,798.606814403709,608.004809700556,2.10012902352191,-13.9290495483591,8.66477838940511
0,2.17368483313793,798.682943521002,607.41807377821,2.11666568822073,-13.9291255092238,8.66451571602721
0,2.1058648108523,798.880534156969,605.895632864782,2.16006313798241,-13.9291255092238,8.66425304711764
0,2.0046380559689,799.175457863487,603.630098631534,2.22566002342291,-13.9291255092238,8.66399038258573
0,1.87554597849941,799.55157424588,600.753249269979,2.31077931123878,-13.9291255092238,8.66372772288222
0,1.72819208303804,799.980908370667,597.488037368629,2.41018428046004,-13.9291255092238,8.66346506808905
0,1.57319487810658,800.432521997342,594.069600894525,2.51673633756783,-13.9291255092238,8.66320241671829
0,1.41642780521897,800.889316071487,590.649610510224,2.6293209872888,-13.9291255092238,8.66293977126464
0,1.26875444815835,801.319638703415,587.467594144852,2.74071764677397,-13.9291255092238,8.66267713030273
0,1.13073238247108,801.721859793674,584.526803436736,2.84942125141569,-13.9291255092238,8.66241449243137
0,1.02077092214098,802.042363390698,582.264606490995,2.94748177562225,-13.9291255092238,8.6621518602524
0,0.939025369656157,802.280690364511,580.673088128714,3.03344032654882,-13.9291255092238,8.66188923215843
0,0.902319560158962,802.387836348545,580.174831373245,3.09903351659769,-13.9271795877897,8.66162660944085
0,0.885125124401427,802.438147668339,580.455830556467,3.15662785713433,-13.906062179228,8.66136399088901
0,0.871241631538002,802.478803188751,581.410304149339,3.21419753073334,-13.8508714344746,8.66110137712003
0,0.858410717654697,802.516379677905,582.894278105134,3.27172101090775,-13.769037954008,8.66083876776472
0,0.846724269054119,802.550607493648,584.853424478198,3.32806745652209,-13.6662795709714,8.66057616300847
0,0.836155233434718,802.58156507748,587.192603588832,3.38232417443268,-13.549804702351,8.66031356257572
0,0.826873913544729,802.608753143638,589.8666348424,3.43301672045473,-13.4257745358552,8.66005096692034
0,0.819031264680189,802.631728850416,592.802792871068,3.47847144421144,-13.3022680602328,8.65978837637959
0,0.812460450483786,802.650979930004,595.881679044769,3.51829739475459,-13.1863512573583,8.65952579018322
0,0.807202801148741,802.666384752771,599.038279432391,3.55153020036796,-13.0838491371531,8.6592632083338
0,0.803299646898994,802.677821688991,602.207587531192,3.57720548922543,-13.0005867095363,8.65900063083386
0,0.800975868843676,802.684631244918,605.306785125117,3.59311548026953,-12.9465614594548,8.65873805823645
0,0.80154281599009,802.682980384659,608.321579509053,3.59935804940904,-12.9246965871937,8.65847549022858
0,0.815026679945695,802.643564615688,611.642384599454,3.6,-12.9224235597106,8.65821292682163
0,0.849542349861645,802.542668385377,615.619320404408,3.6,-12.9224235597106,8.65795036800717
0,0.902365784184723,802.388257050013,620.129994195056,3.6,-12.9224235597106,8.6576878137868
0,0.969247676347245,802.192754083556,624.984446370472,3.6,-12.9224235597106,8.65742526416357
0,1.04593871932156,801.968582961308,629.992384513028,3.6,-12.9224235597106,8.65716271914055
0,1.12829803662743,801.727851068944,634.942292567191,3.6,-12.9224235597106,8.65690017913189
0,1.21126359095139,801.485356909176,639.637096767741,3.6,-12.9224235597106,8.65663764364706
0,1.29081227596336,801.252862631316,643.895013423274,3.6,-12.9224235597106,8.6563751126912
0,1.36291829856338,801.042138234763,647.533900786354,3.6,-12.9224235597106,8.6561125862672
0,1.42355586582682,800.864953718401,650.371343786095,3.6,-12.9224235597106,8.65585006437796
0,1.4686846104044,800.733121699113,652.223931211578,3.6,-12.9224235597106,8.65558754702974
0,1.49700012689672,800.650451579228,653.070562229325,3.59441393079969,-12.9224235597106,8.65532503420593
0,1.51263577047492,800.604847508819,653.203796002484,3.5681229290405,-12.9224235597106,8.65506252590659
0,1.52338043102478,800.573524993177,653.106467899328,3.50477564517897,-12.9224235597106,8.65480002212403
0,1.53199712694315,800.548406056006,652.935950978628,3.40518296688598,-12.9224235597106,8.65453752286548
0,1.53880692787022,800.528555493757,652.703282154472,3.27296866843288,-12.9224235597106,8.65427502888008
0,1.54459003334467,800.511699600782,652.435292900378,3.11961673195782,-12.9224235597106,8.65401253990989
0,1.54999999998605,800.49593345879,652.154460918351,2.95540094939545,-12.9224235597106,8.65375005523142
0,1.55544792666783,800.480059092569,651.874923449403,2.7862004260003,-12.9224235597106,8.65348757484223
0,1.56134299134962,800.462884127301,651.610751239354,2.61786056121786,-12.9224235597106,8.65322509874471
0,1.56811246755854,800.443163478744,651.376636876019,2.45643356093574,-12.9224235597106,8.65296262698149
0,1.5766294902075,800.418353347033,651.202602496938,2.31305426438426,-12.9224235597106,8.65270016059641
0,1.58790218957343,800.385516170858,651.123318455207,2.20165167175201,-12.9224235597106,8.65243769996233
0,1.60299195685343,800.341583381705,651.168854132806,2.10410095768761,-12.9190178049273,8.65217524198438
0,1.62692680074258,800.271947358577,651.501639492942,2.02817460324862,-12.9065528692526,8.65191278849329
0,1.67490285731977,800.132491786286,652.609600633694,1.9565599224467,-12.8633834717865,8.65165034109164
0,1.734806090939,799.958400937634,654.107450776984,1.88588374841885,-12.8045293160665,8.65138789720926
0,1.80966374877405,799.740887998971,656.108227028022,1.81856546487452,-12.7254330783438,8.65112545953863
0,1.88911922606756,799.51002847724,658.276786019562,1.75434061168425,-12.6395686895556,8.65086302547797
0,1.97157586957262,799.270460242212,660.565538725022,1.69382345396819,-12.5488403050049,8.65060059516649
0,2.05330187278017,799.033026903897,662.875792637623,1.64045050196226,-12.4571697464427,8.65033817058007
0,2.12814539607053,798.815594933495,665.013020169649,1.59492299352732,-12.3723337431364,8.65007575088127
0,2.19071996277388,798.633809593127,666.811943882654,1.55872563004499,-12.3009114276269,8.64981333605509
0,2.2364686403007,798.50090825156,668.138182404381,1.53396297492949,-12.2482444997605,8.64955092678876
0,2.28221731782752,798.368006909994,669.464420926108,1.50920031981399,-12.195577571894,8.64928851752244
0,2.2776583406887,798.381276044653,669.325218317704,1.51173139768445,-12.202253645999,8.64902611832496
0,2.26388269898931,798.421324488685,668.917538090547,1.51926285140645,-12.2198017145713,8.64876372097216
0,2.2330982916698,798.510809490193,668.008623298789,1.53634726009251,-12.2584542044132,8.64850132688396
0,2.16531105760111,798.707844469885,666.009265133957,1.57421426672675,-12.3430196817886,8.64823893989799
0,2.08928880012459,798.928815928064,663.767871605404,1.61774297010072,-12.4378584605496,8.64797655571709
0,1.99708626037393,799.196818093914,661.050923811685,1.67239584967466,-12.5528823569568,8.64771417704763
0,1.90000000163911,799.47901560914,658.192143531878,1.73333399598096,-12.6739987578441,8.6474518036292
0,1.80168100382036,799.764796287534,655.298100960446,1.79706933543245,-12.7966530171578,8.64718943301978
0,1.71158040187674,800.026688818158,652.648600587162,1.86340498560855,-12.9090547181544,8.64692706972113
0,1.63153735218306,800.259347384149,650.295582926727,1.92829681751715,-13.0089094887603,8.64666470970059
0,1.56341694474307,800.457350788197,648.294028249713,1.99147708698441,-13.093890604354,8.64640235356605
0,1.52703102052776,800.563112587411,647.225325282067,2.0469208322335,-13.1392825294457,8.6461400038771
0,1.50330573633121,800.632069727956,646.555384487886,2.09871482410642,-13.16829101107,8.6458776570958
0,1.50373554665645,800.630798975398,646.6989981991,2.14242817801229,-13.1648730083772,8.64561531652882
0,1.50721882122527,800.620634818212,647.047886666143,2.18413817246969,-13.1550506852159,8.64535297923844
0,1.51484267342058,800.598408935136,647.69392024942,2.22324343504794,-13.1360728511897,8.64509064698713
0,1.52526148685786,800.568038398085,648.571138613851,2.26094981798888,-13.1101177757228,8.64482831919045
0,1.53838041822796,800.529801870948,649.668038421924,2.29790777715346,-13.07740935153,8.64456599587164
0,1.55459986580498,800.4825364091,651.011613762132,2.33492870308986,-13.0369264420249,8.6443036779615
0,1.57470200307687,800.423971345271,652.652814605158,2.37389621673587,-12.9866678953116,8.64404136736471
0,1.59525556131674,800.364092533071,654.328618881149,2.4130900504273,-12.9352727840108,8.64377905761821
0,1.61870372972971,800.295797140228,656.21443398572,2.45570346569348,-12.8765477567449,8.64351675389326
0,1.64437235265459,800.221045391141,658.261348327836,2.50094004086113,-12.8121999533526,8.64325445478742
0,1.67225104873917,800.139899551732,660.43505390943,2.54833814003771,-12.7420624276623,8.64299215778422
0,1.70728623566894,800.038048855264,663.01932524112,2.60273552189125,-12.6531770634939,8.6427298675896
0,1.76711807419097,799.864624239977,666.876606019953,2.6664230762441,-12.4983099824054,8.64246758102334
0,1.90261853165523,799.472834265366,674.583884092924,2.75254678482613,-12.1418045036414,8.64220530058381
0,2.08464720069883,798.946788809963,684.651123096686,2.85127802636524,-11.6612151500071,8.641943024576
0,2.29899976536409,798.327484663782,696.353431856284,2.95811097285306,-11.0943581917504,8.64168075246443
0,2.54334083473396,797.621688877184,709.557162031959,3.0706790114557,-10.447291428065,8.64141848618412
0,2.79516667764818,796.894342310816,723.111730995394,3.18244711383425,-9.77998602560213,8.64115622413577
0,3.04146481879321,796.183021398028,736.329034035029,3.28809197232358,-9.12696774604301,8.64089396731655
0,3.27557431633008,795.506929406476,748.876420653129,3.38682588349854,-8.50610027508369,8.64063171382627
0,3.48132835031383,794.912758397331,759.888035268503,3.47162238563601,-7.96023818841315,8.6403694654174
0,3.63355281270769,794.473185437867,768.027346268002,3.53333219547692,-7.55628839749051,8.64010722258895
0,3.74095287225757,794.163055526735,773.76706533835,3.57648378520626,-7.2712811713564,8.6398449834496
0,3.79862188367279,793.996532412664,776.846799881179,3.59935982087329,-7.1182804556947,8.63958274800393
0,3.79093117213795,794.018583021745,776.429887266997,3.58965118230653,-7.14644591980285,8.6393205197558
0,3.77720775866056,794.057969568405,775.687520222901,3.57382451310648,-7.19514206463151,8.63905829378203
0,3.75253359891329,794.128785036132,774.352972493608,3.54449110950423,-7.28470090001734,8.63879607369136
0,3.7207342419709,794.220050001518,772.633473620575,3.50492744007272,-7.40414168206117,8.63853385937024
0,3.6867742550127,794.317516030151,770.797391997853,3.46149466405622,-7.53439581931974,8.6382716478313
0,3.64992986143447,794.423260379343,768.805895757296,3.41165960016996,-7.6819117959732,8.63800944167229
0,3.61359364552503,794.527546245666,766.842411566129,3.35834788932052,-7.83690596110247,8.63774724076556
0,3.57899870870564,794.626834596594,764.973353045618,3.30374723041014,-7.99325371065522,8.63748504355084
0,3.54760832305123,794.716925803954,763.277800650877,3.2486121842453,-8.14789418246323,8.63722285065616
0,3.52807900701732,794.772975439017,762.223189669408,3.19746453158839,-8.28258745389667,8.63696066571903
0,3.50999832150718,794.824867467533,761.246858921083,3.14680387210584,-8.41484450968928,8.63669848175377
0.0861126073550615,3.5042832773067,794.841265157961,761.063663628285,3.09912509482963,-8.52761273435106,8.63643630464207
0.215860707482325,3.50483422444667,794.839676946201,761.282370652699,3.05295731464732,-8.63050546254295,8.63617413100325
0.516551342965331,3.50928239163882,794.826895725733,761.934208502677,3.003605540876,-8.73499923947555,8.63591196185934
1.03817030120837,3.51876737595648,794.799648517408,763.145830180759,2.95013873299782,-8.84156223231282,8.63564979852471
1.62100039900309,3.52945436895526,794.768949910351,764.477608198291,2.89639524044719,-8.94748469373632,8.63538763713206
2.43584284205748,3.5446974093528,794.725169254504,766.264822175975,2.84160301297308,-9.05097930956487,8.63512548310024
3.34370079702731,3.56197434307836,794.675551954668,768.183290192112,2.78897282487442,-9.14889692687,8.63486333314692
4.32887928078292,3.58094198090668,794.62108285764,770.210865081389,2.73813986418787,-9.24217858114069,8.63460118658394
5.42064420224365,3.60269656557585,794.558622795072,772.275788939396,2.69546787877512,-9.31893789521115,8.6343390471759
6.53766634334175,3.6252906311642,794.493757904789,774.305162731523,2.6569601742034,-9.38780595269388,8.63407691043712
7.69418981201635,3.64954983760046,794.424126358378,776.191604825566,2.62935233072962,-9.43651176703323,8.63381477978834
8.84851214806891,3.67467010698898,794.352036259277,777.881521631364,2.61159088895593,-9.46236692265296,8.63355265332048
10.001091111674,3.7004723677357,794.277998902218,779.415783675916,2.60162813466636,-9.4701235737033,8.63329053016405
11.1699885157551,3.73108215437805,794.190204899473,780.786800114642,2.60657184094178,-9.29842370458764,8.63302841279672
12.409086491195,3.76954358368444,794.079936402521,782.217049383507,2.62255934415188,-8.85216205979056,8.6327663003412
13.7294159290998,3.81502638486405,793.949579736744,783.70059658071,2.64752124704352,-8.18300954422135,8.63250419241884
15.1404942610332,3.86673916375094,793.801411479024,785.204660752161,2.6804646185392,-7.34190167715462,8.6322420890672
16.6586028085127,3.92411948556612,793.637055884254,786.692256157466,2.72069327045571,-6.37819416394233,8.63197999059257
18.2965181225349,3.98619262164696,793.459317621338,788.121390121133,2.76698529893424,-5.35607968464247,8.63171789707221
20.0608087748244,4.05179031811654,793.271552400774,789.454238917864,2.81786749291773,-4.34040766614198,8.63145580834185
21.9481469756501,4.11977327284076,793.077026310371,790.667875542098,2.87189345872782,-3.38096517103303,8.63119372395534
23.9675723328732,4.18943826654402,792.877762664007,791.732131582283,2.92818147493055,-2.52381796215865,8.6309316439632
26.1544122024985,4.2600240307832,792.675968750321,792.577477710998,2.98580246797766,-1.85414191632468,8.63066956917039
28.5018163993499,4.33043984853412,792.474768943634,793.187101068965,3.04336807651178,-1.41453557125509,8.63040749904217
31.0944526701904,4.40053486233109,792.274620041464,793.507279290088,3.10106405579163,-1.24294475912583,8.63014543359013
34.5399898626799,4.4755110989014,792.06074512835,793.36747539839,3.16842927137553,-1.23711312004282,8.62988337280462
39.2407531728041,4.55945979971884,791.821503104311,792.686356414101,3.25264593957361,-1.2675933932742,8.62962131664891
44.9474542268488,4.65057680261638,791.562007861135,791.564697072904,3.35028639973022,-1.31566042874204,8.62935926490582
51.5113902028672,4.74747796492117,791.286216695007,790.032475313986,3.45878474886532,-1.38403223350346,8.62909721882125
58.376535587587,4.84617758347676,791.005394122891,788.330758114414,3.57067901017289,-1.46337248759565,8.62883517609347
65.4041645387957,4.94523353708653,790.723679772884,786.47162788819,3.68330509879135,-1.55868892155237,8.62857313876721
72.2062812746636,5.0416906192947,790.449450556129,784.605041998603,3.79114424391711,-1.66631775741056,8.62831110625405
78.4661226937455,5.13307179437088,790.189736590109,782.846795285055,3.88957549560774,-1.78432292250443,8.62804907845018
83.8691542724563,5.21689931325833,789.95157238874,781.310139748877,3.97397790414914,-1.91107925448698,8.62778705535867
88.102223484103,5.29070706621749,789.741959323362,780.108084449489,4.03975217209321,-2.04495639750651,8.62752503697816
90.7379447197299,5.3510772669943,789.570607369734,779.389325845425,4.08052791837769,-2.18458274435511,8.62726302361143
91.9505087901176,5.39971483709271,789.432648288213,779.111241927168,4.09924031728012,-2.3291422568696,8.62700101406414
91.0833044310492,5.43670338917297,789.327834216818,779.3783502211,4.086027719979,-2.55319919473795,8.62673901075562
89.4191832563247,5.47178983818329,789.228428786426,779.798590280255,4.06069788555019,-2.84384642180982,8.62647701082078
86.8257685017692,5.50461719970216,789.135444814837,780.39155275142,4.02129397187211,-3.21339943111555,8.62621501544816
83.4246756620282,5.53485531533058,789.04981723719,781.131457878063,3.9697762558481,-3.64727197266429,8.6259530254092
79.547891531891,5.56269337922343,788.971004773344,781.953424945429,3.91128956787957,-4.11306937793428,8.62569104042515
75.4821217341961,5.5876461158811,788.900380130868,782.798046741329,3.8503997576628,-4.5783998571119,8.62542906167378
71.3739172079489,5.6118170096398,788.831974038058,783.64706555871,3.78899570337752,-5.04271351315211,8.62516708461487
67.6518734461055,5.63296070104871,788.772150333984,784.403783586637,3.73419049458158,-5.44724156050594,8.62490511433275
64.1035846039342,5.65274228799335,788.716188317585,785.118970424098,3.68235446850335,-5.82486878159151,8.62464314709989
61.4790580967766,5.66996675976993,788.667467732308,785.637460302097,3.64541756992122,-6.09136665538736,8.62438118583445
59.4538975404082,5.68553209509345,788.623445614466,786.028327028927,3.61814769215076,-6.28576032621429,8.62411922844086
58.2635923373084,5.69958485093071,788.583704216914,785.619447759811,3.63030125552926,-6.38754515507257,8.62385727619454
57.8337870969842,5.71225974335907,788.547862282435,784.482050912453,3.67836705856565,-6.40496923737268,8.62359532863705
57.5135834718053,5.72460895325976,788.512943847402,782.111439419656,3.77863264826109,-6.41472468056236,8.6233333850877
57.3328064534406,5.73654385530859,788.479200216171,778.172028659996,3.94530272588897,-6.41472468056236,8.6230714466372
57.1894855977069,5.74781829384053,788.447326548615,773.151285587517,4.15724036788015,-6.41472468056236,8.62280951362504
57.0659793169352,5.75874334250053,788.41644210507,767.558510073215,4.39312487160029,-6.41472468056236,8.62254758348979
56.9620750620054,5.76828523846529,788.389470204544,761.460870281384,4.64999999716622,-6.41472468056236,8.62228566076786
56.8598716259824,5.77743553832794,788.363605784206,755.335436799402,4.90798982915772,-6.41472468056236,8.62202373988472
56.7432801719336,5.78455351358875,788.343487612841,749.760256825735,5.14264333386015,-6.41472468056236,8.62176182697595
56.6158187746257,5.79105568316415,788.325110192699,744.546620518236,5.36205912771303,-6.41472468056236,8.62149991604358
56.4586114039598,5.79593286240155,788.311326209039,740.318819280337,5.53993298460883,-6.41472468056236,8.62123801025472
56.250325071976,5.79871291124045,788.30346951383,737.743070488934,5.64827587607951,-6.41472468056236,8.62097611024636
55.9368869036307,5.79938490036613,788.30157059131,736.849507486173,5.68089394209593,-6.42565221340313,8.62071421521291
55.2982105651601,5.79729834242746,788.307468434371,737.119483304115,5.63765439814645,-6.4971837836013,8.62045232588115
54.4714631601061,5.79375403964879,788.317486502997,737.914734423592,5.55633406839445,-6.60473910828856,8.62019043949262
53.3815430727479,5.78819721224123,788.333193356823,739.160931496815,5.43403648293443,-6.76649148377368,8.61992855809196
52.0270438438923,5.78061710478084,788.354619398106,740.860484489272,5.27054264928779,-6.98273055235414,8.61966668170581
50.6048010294889,5.77209604151359,788.378705661949,742.770068855309,5.09469639880616,-7.21530708792976,8.61940480910628
49.0711128107312,5.76202700585121,788.407168274878,745.025177172676,4.89852910866007,-7.47476049458744,8.61914294273615
47.5810291695696,5.7517154429684,788.436317024683,747.333556901076,4.70669375295155,-7.72848442847516,8.61888107894812
46.2167147936993,5.74070435558591,788.467444808239,749.795588071502,4.52735305357363,-7.96568276756279,8.61861922260766
44.9482420813065,5.72983452045705,788.498173918692,752.224923697021,4.36041092752,-8.18648259248279,8.61835736795209
44.284346026871,5.71985571551625,788.526388168247,754.448013285553,4.27167996508633,-8.30383931623773,8.61809552392491
43.6204499724354,5.70987691057544,788.554602417801,756.671102874085,4.18294900265266,-8.42119603999267,8.61783367989773
43.0228193896847,5.70016268592159,788.582068999651,758.869469345366,4.10307372432792,-8.51593522803668,8.61757183732636
43.0150440544252,5.69280359534703,788.6028802947,760.84776554363,4.10202640284058,-8.40934675953186,8.61731000771374
43.0072687191657,5.68544450477246,788.623691589748,762.826061741895,4.10097908135323,-8.30275829102703,8.61704817810112
43,5.67813493641069,788.644363020666,764.809782746703,4.1,-8.18628580502932,8.6167863494269
43,5.67153589237231,788.663027738609,766.871336642687,4.1,-7.92800150479919,8.61652453421645
43,5.66493684833393,788.681692456552,768.93289053867,4.1,-7.66971720456906,8.61626271900599
43,5.65829736176575,788.700471752785,770.989017086264,4.1,-7.41054938846334,8.61600090421889
43,5.650318863711,788.723044620946,772.86544958726,4.1,-7.12212925031423,8.61573910344864
43,5.64234036565625,788.745617489107,774.741882088255,4.1,-6.83370911216513,8.6154773026784
43,5.63436186760151,788.768190357267,776.618314589251,4.1,-6.54528897401602,8.61521550190815
42.9904151155163,5.62280899183466,788.800883443622,778.035824266147,4.1,-6.348168679575,8.61495371554748
42.980767315257,5.61123265363109,788.833642959716,779.450321545197,4.1,-6.15164768296386,8.61469192928139
42.9711195149978,5.59965631542752,788.86640247581,780.864818824247,4.1,-5.95512668635272,8.61443014301531
41.4347024212892,5.5729421449051,788.942075850093,781.800202433258,4.1,-5.85691549443379,8.61416836927348
39.8307501229491,5.54555836659863,789.019647478557,782.714392899412,4.1,-5.76305294432057,8.61390659608564
37.0425546875306,5.50808444601064,789.125836931235,783.486221349413,4.1,-5.68316472971647,8.61364482922486
33.3717662884015,5.46309054215091,789.253354681709,784.151950207344,4.1,-5.61369131069506,8.6133830670795
29.5467669840721,5.41669147398938,789.384862306517,784.79727954447,4.1,-5.54592187238222,8.61312130709052
25.0570498461614,5.36423552049079,789.533568070591,785.354677841578,4.1,-5.48549735149655,8.61285955639648
20.5673327082507,5.31177956699219,789.682273834665,785.912076138686,4.1,-5.42507283061089,8.61259780570245
16.384985017278,5.26126728667205,789.825500407485,786.492734978089,4.1,-5.36016470183331,8.61233606322751
12.2777383580254,5.21122991321881,789.967388223572,787.079077175881,4.1,-5.29416107191901,8.61207432276077
9.28373758801061,5.1697203625911,790.085136771338,787.779918171459,4.1,-5.21380633256158,8.61181259032877
6.45244105416535,5.12945717892726,790.199357292411,788.49749351083,4.1,-5.1313541353804,8.61155085907106
5.31328021274015,5.10233610657476,790.276364242332,789.440595383167,4.1,-5.01580310780145,8.61128913651032
4.28344692456882,5.07606012570646,790.350978418776,790.400854391075,4.1,-4.89744066694189,8.61102741458657
3.62878919473532,5.05230757728865,790.418467743018,791.662886616224,4.1,-4.70622562957078,8.61076570190155
2.97950926984277,5.02862769063105,790.48575177242,792.936625959391,4.1,-4.51201414120085,8.61050398975335
2.40434907725263,5.00604039036655,790.549946540473,794.359325043824,4.1,-4.27969595503001,8.61024228489746
1.87543718101293,4.98451355714731,790.611134012915,795.823463660263,4.1,-4.03686686495304,8.60998058414917
1.39821821897238,4.96437848386267,790.668371600486,797.305859717342,4.1,-3.78952110130899,8.60971888775082
0.986579890994063,4.94632413890566,790.719699944847,798.7686141407,4.1,-3.54748146770495,8.60945719650286
0.642597530094298,4.93072420392918,790.764054452209,800.169305483284,4.1,-3.32169901818341,8.60919551020858
0.372037238244443,4.91807451303966,790.800023562433,801.463739700611,4.1,-3.12360041112244,8.6089338289552
0.168339461798265,4.90831780880784,790.827768247882,802.633416531379,4.1,-2.95793945940767,8.60867215205126
0.0543369159032772,4.90271062536045,790.843714189401,803.599290664628,4.1,-2.84520250168147,8.60841048066815
0.0064521935677098,4.90052804325941,790.849921345988,804.388199823745,4.1,-2.77769701162363,8.60814881353075
0,4.90146667300175,790.847252209543,805.03850310411,4.1,-2.74255965852824,8.60788715069435
0,4.90568311901458,790.835261926385,805.601755245193,4.1,-2.71968579103344,8.60762549420394
0,4.91116297455555,790.819679015357,806.135553744566,4.1,-2.69987304520371,8.60736384060368
0,4.91899557237876,790.79740621419,806.614572271706,4.1,-2.68513238790704,8.60710219360569
0,4.92781043159488,790.772340650989,807.070763941043,4.1,-2.67208691738894,8.60684055018428
0,4.93750933962994,790.744761651787,807.506426983775,4.1,-2.66041342023285,8.60657891028035
0,4.94822182613007,790.714301644689,807.918673432616,4.1,-2.64910718080786,8.60631727675047
0,4.95925925923866,790.682918796407,808.323547880694,4.1,-2.63654309348419,8.60605564793511
0,4.97027682963715,790.651593894287,808.729134843208,4.1,-2.6213840063822,8.60579402401968
0,4.98097607804112,790.621175692554,809.142398753291,4.1,-2.60280901705968,8.60553240451126
0,4.99101240816162,790.592644430435,809.571428116328,4.1,-2.57938124218408,8.60527078979039
0,4.99999999999975,790.567097670001,810.027057095515,4.1,-2.54833420732164,8.60500918017068
0,5.00915471914591,790.541080323765,810.541219947591,4.1,-2.4721347795051,8.60474757593867
0,5.01908398640819,790.512864379245,811.101232876133,4.1,-2.3496481169795,8.60448597566724
0,5.02970397886593,790.482687962835,811.700596152574,4.1,-2.18215669993818,8.60422437984535
0,5.04073131780239,790.451356477083,812.323369968205,4.1,-1.97119449924339,8.60396279034414
0,5.05175360876186,790.42004026082,812.946028909308,4.1,-1.74598824280731,8.60370120399245
0,5.06245206189897,790.389645293841,813.550617058604,4.1,-1.50928794841583,8.60343962267157
0,5.07247364810204,790.361174235524,814.117129933707,4.1,-1.27382676391049,8.60317804634954
0,5.08115762099066,790.336503997344,814.608171031848,4.1,-1.05901745602803,8.60291647593148
0,5.0886696362456,790.315163471314,815.033006064368,4.1,-0.868465881524123,8.60265490934042
0,5.09446991940214,790.298685995075,815.361091153598,4.1,-0.717131277299834,8.60239334751215
0,5.09822104538392,790.288029919964,815.573297029223,4.1,-0.617030421351455,8.60213179044964
0,5.0973212913395,790.290593997338,815.621466331067,4.09713597189488,-0.581801034273932,8.60187023883587
0,5.08796871200278,790.317196722227,815.513506679739,4.08496089000347,-0.581824794163186,8.60160869155289
0,5.06786020726906,790.374390924032,815.245380481837,4.05982525908633,-0.603767228187432,8.60134714867434
0,5.03686511048856,790.46254963318,814.83213625552,4.02108138811071,-0.637589129675747,8.60108561024265
0,4.99549087437978,790.580229512459,814.28063995312,3.96936359297472,-0.682736765372319,8.60082407760947
0,4.94881575198116,790.712986592366,813.658652220768,3.91101968997645,-0.733668737061289,8.6005625500598
0,4.9000000008204,790.851832218141,813.008311653585,3.8500000010255,-0.786936566438621,8.60030102733326
0,4.85053204341334,790.992532900577,812.349372122048,3.78816505426667,-0.840916084363618,8.60003950709544
0,4.80450367680625,791.123450426437,811.736493423017,3.73062959600782,-0.891142315050287,8.59977799399602
0,4.76456001178796,791.237061362115,811.204751538315,3.68070001473495,-0.934728909178335,8.59951648561033
0,4.73289334333454,791.327130208606,810.783267991488,3.64111667916818,-0.969283630800256,8.59925498177789
0,4.71279914072721,791.38428373117,810.51584747829,3.61624154942385,-0.991210458320254,8.59899348292884
0,4.70168065808407,791.415907800114,810.367893843048,3.6028672487296,-1.00334296519122,8.59873198758542
0,4.7,791.420688060949,810.345529327933,3.6097869856863,-1.00517690210575,8.5984704990567
0,4.7,791.420688060949,810.345529327933,3.62390776879478,-1.00517690210575,8.59820901356343
0,4.7,791.420688060949,810.345529327933,3.64973934562929,-1.00517690210575,8.59794753401809
0,4.7,791.420688060949,810.345529327933,3.68456890020656,-1.00517690210575,8.59768606034336
0,4.7,791.420688060949,810.345529327933,3.72491029613964,-1.00517690210575,8.59742459026476
0,4.7,791.420688060949,810.345529327933,3.76812227496871,-1.00517690210575,8.59716312299145
0,4.7,791.420688060949,810.345529327933,3.82015313782049,-1.00517690210575,8.59690166433645
0,4.7,791.420688060949,810.345529327933,3.87218400067227,-1.00517690210575,8.59664020568145
0,4.7,791.420688060949,810.345529327933,3.92876332825533,-1.00517690210575,8.59637875719815
0,4.7,791.420688060949,810.345529327933,3.98601625007885,-1.00517690210575,8.59611731022121
0,4.70137572932839,791.416770879256,810.541572175991,4.05006507911456,-1.00217089715777,8.59585587071452
0,4.70414686510057,791.408880488252,810.936461881346,4.12100701751391,-0.996115892244517,8.59559443878496
0,4.70691800087275,791.400990097248,811.331351586701,4.19194895591325,-0.990060887331264,8.59533300685539
0,4.70968913664494,791.393099706244,811.726241292056,4.2628908943126,-0.984005882418011,8.59507157492582
0,4.71727455426122,791.371501374065,812.807342284436,4.3559558707751,-0.967431544416701,8.59481015396517
0,4.72833100936693,791.340019786343,814.383193102454,4.46497128324942,-0.943272897749052,8.59454874091297
0,4.73938746447265,791.308538198622,815.959043920471,4.57398669572373,-0.919114251081403,8.59428732786077
0,4.75044391957836,791.2770566109,817.534894738489,4.68300210819805,-0.894955604413754,8.59402591480858
0,4.76090877394558,791.24725951702,819.026704800823,4.77601261777805,-0.872089620997833,8.59376451434841
0,4.77107650436054,791.218308438765,820.476306461688,4.86098486828547,-0.849872861271651,8.59350312021243
0,4.7812442347755,791.18935736051,821.925908122554,4.9459571187929,-0.82765610154547,8.59324172607645
0,4.79141196519046,791.160406282255,823.375509783419,5.03092936930032,-0.805439341819288,8.59298033194047
0,4.79709129282248,791.144235253716,824.185275224208,5.07703898456858,-0.793029860818373,8.59271894715604
0,4.79953390922237,791.137280272058,824.533572917106,5.09501922606706,-0.787692679417523,8.5924575684127
0,4.8,791.135953148893,824.600034805976,5.09198361575564,-0.786674258747951,8.59219619465207
0,4.8,791.135953148893,824.600034805976,5.07629121939544,-0.786674258747951,8.5919348257181
0,4.8,791.135953148893,824.600034805976,5.0513351296236,-0.786674258747951,8.59167346161082
0,4.8,791.135953148893,824.600034805976,5.01771512875052,-0.786674258747951,8.59141210271939
0,4.8,791.135953148893,824.600034805976,4.97778741922047,-0.786674258747951,8.59115074827383
0,4.8,791.135953148893,824.600034805976,4.93233259560942,-0.786674258747951,8.59088939837641
0,4.8,791.135953148893,824.600034805976,4.88228095674426,-0.786674258747951,8.59062805306625
0,4.8,791.135953148893,824.600034805976,4.82816640692538,-0.786674258747951,8.59036671319464
0,4.8,791.135953148893,824.600034805976,4.77162444488673,-0.786674258747951,8.59010537875996
0,4.8,791.135953148893,824.600034805976,4.71419753161295,-0.786674258747951,8.58984404916634
0,4.8,791.135953148893,824.600034805976,4.65682998471522,-0.786674258747951,8.58958272352334
0,4.8,791.135953148893,824.601786896919,4.59986345224408,-0.786674258747951,8.58932140183299
0,4.8,791.135953148893,824.737307978197,4.53274633315015,-0.786674258747951,8.58906008639252
0,4.8,791.135953148893,825.090737150417,4.44804326834959,-0.786674258747951,8.58879877564258
0,4.8,791.135953148893,825.637547976558,4.34938326487604,-0.786674258747951,8.58853746978851
0,4.8,791.135953148893,826.339351797136,4.24158237025001,-0.786674258747951,8.58827616879794
0,4.8,791.135953148893,827.161238785468,4.12932098838061,-0.786674258747951,8.58801487277965
0,4.8,791.135953148893,828.06082845891,4.01725541666328,-0.786674258747951,8.5877535813945
0,4.8,791.135953148893,829.007182876673,3.90980640814227,-0.786674258747951,8.58749229486422
0,4.8,791.135953148893,829.963984478101,3.81160348096935,-0.786674258747951,8.58723101319187
0,4.8,791.135953148893,830.894915704207,3.72727615325236,-0.786674258747951,8.58696973638053
0,4.8,791.135953148893,831.763527756843,3.66148475046273,-0.786674258747951,8.58670846443974
0,4.8,791.135953148893,832.541696760121,3.61716059597192,-0.786674258747951,8.58644719707161
0,4.80023203045031,791.135292838855,833.170950202637,3.6044052158131,-0.78592659077121,8.58618593541268
0,4.8015879107046,791.131434300847,833.717056431947,3.6116729071564,-0.78158538422434,8.58592467773537
0,4.80539285486451,791.120606382175,834.202051006328,3.6390387855332,-0.769655063917499,8.58566342543032
0,4.81111299012637,791.104328513909,834.6542075774,3.6791779407611,-0.752156156258796,8.5854021775836
0,4.81854862028116,791.083169160343,835.081728828182,3.72978013839046,-0.730095821938952,8.58514093441678
0,4.82749418605846,791.057713551435,835.494860289361,3.78809790392465,-0.704671839093504,8.58487969641711
0,4.83750784712702,791.029219249303,835.906959265877,3.84999999930841,-0.677685245956443,8.58461846338701
0,4.84821560351002,790.998750763012,836.330132695048,3.91182544395122,-0.650732069173818,8.58435723527436
0,4.85925925907298,790.967327619132,836.775968353897,3.97006951639363,-0.625340213277754,8.58409601202813
0,4.87029220366503,790.935936382571,837.256044177362,4.02126611524402,-0.603020746148065,8.58383479365139
0,4.88096782714944,790.905563618199,837.781937898684,4.06194913912714,-0.585284735657423,8.5835735801472
0,4.89093892074466,790.87719759564,838.365265926226,4.08864250925651,-0.573647599391315,8.58331237152144
0,4.89999999981824,790.85142323663,839.01635063113,4.09860070622247,-0.568899576073065,8.58305116750972
0,4.90897327288767,790.825902588549,839.806184565661,4.08021127871505,-0.568696232561933,8.58278996835095
0,4.91901055292759,790.797359446327,840.800508355602,4.02476396986722,-0.568696232561933,8.58252877445659
0,4.92971609075546,790.766918383148,841.949749952487,3.94203454255279,-0.568696232561933,8.58226758543733
0,4.94074074051337,790.735571744163,843.218310693924,3.83908986591665,-0.568696232561933,8.58200640126682
0,4.9517281631302,790.70433238214,844.573734377317,3.72252623192996,-0.568696232561933,8.58174522213426
0,4.96233409060632,790.674178707967,845.976555938515,3.60000000206766,-0.568696232561933,8.58148404777229
0,4.97223252856815,790.646037274842,847.394083178899,3.47801771158686,-0.568696232561933,8.58122287818848
0,4.98109748264918,790.62083463458,848.793529247098,3.36309924787336,-0.568696232561933,8.58096171338572
0,4.98860295846668,790.599497339038,850.142097798986,3.26176449848926,-0.568696232561933,8.58070055336687
0,4.99442296164231,790.582951940064,851.406984520412,3.18053335094863,-0.568696232561933,8.58043939813485
0,4.99820554425538,790.572198770106,852.553899002343,3.1263020077055,-0.568696232561933,8.58017824776325
0,4.99991907429891,790.567327583032,853.570842620333,3.10118615820977,-0.568696232561933,8.57991710178167
0,5,790.567097529156,854.513216275522,3.1,-0.568696232561933,8.57965596227751
0,5,790.567097529156,855.477260081801,3.1,-0.568696232561933,8.57939482711646
0,5,790.567097529156,856.455132778051,3.1,-0.568696232561933,8.57913369625886
0,5,790.567097529156,857.431219520442,3.1,-0.568696232561933,8.57887256977837
0,5,790.567097529156,858.377796260576,3.1,-0.568696232561933,8.57861144891392
0,5,790.567097529156,859.253140469561,3.1,-0.568696232561933,8.57835033408853
0,5,790.567097529156,860.073952654957,3.1,-0.568696232561933,8.57808922253202
0,5,790.567097529156,860.798417481937,3.1,-0.568696232561933,8.57782811609604
0,5,790.567097529156,861.375240808376,3.1,-0.568696232561933,8.57756701541422
0,5,790.567097529156,861.851706151315,3.1,-0.568696232561933,8.57730591817289
0,5,790.567097529156,862.123825120386,3.1,-0.568696232561933,8.57704482707543
0,5,790.567097529156,862.246171119893,3.09627817489961,-0.567077563642889,8.57678374074864
0,5,790.567097529156,862.284958453151,3.0875916511354,-0.563299684335716,8.57652265794994
0,5,790.567097529156,862.284958453151,3.05288359306985,-0.548204709876738,8.5762615839045
0,5,790.567097529156,862.284958453151,3.01817553500429,-0.533109735417761,8.57600050985906
0,5,790.567097529156,862.284958453151,2.96613887461397,-0.510478332126956,8.57573944467343
0,5,790.567097529156,862.284958453151,2.90920750231667,-0.485718156575816,8.57547838199039
0,5,790.567097529156,862.284958453151,2.85059128615796,-0.460225221069996,8.57521732439833
0,5,790.567097529156,862.284958453151,2.78996625616189,-0.433858626959862,8.57495627287616
0,5,790.567097529156,862.284958453151,2.73181411447186,-0.408567523323705,8.57469522306919
0,5,790.567097529156,862.284958453151,2.68984656101562,-0.390315302288141,8.57443418448781
0,5,790.567097529156,862.284958453151,2.64787900755938,-0.372063081252577,8.57417314590643
0,5.0000916389158,790.56683707539,862.301884042668,2.61648488560787,-0.357635055340105,8.57391211044209
0,5.00043631335898,790.565857450565,862.365544967625,2.61428637115215,-0.353766486851747,8.57365108358456
0,5.00173498621969,790.562166527956,862.600354152722,2.632416104445,-0.351239893885975,8.57339005998356
0,5.00482979146177,790.553370932577,863.157391264405,2.68881867275135,-0.351239893885975,8.57312904251375
0,5.00914034489862,790.541120530483,863.917476173667,2.76334261561487,-0.351239893885975,8.5728680286317
0,5.01507626016229,790.524251317538,864.949020370817,2.86209344245099,-0.351239893885975,8.5726070195462
0,5.02290398877412,790.502007151256,866.256872677773,2.97889580760301,-0.351239893885975,8.572346017244
0,5.03152236002089,790.477517007812,867.666086288849,3.09963067359198,-0.351239893885975,8.57208501820403
0,5.04139620388021,790.449460910981,869.218436366385,3.22205133275874,-0.351239893885975,8.57182402488348
0,5.0522692845117,790.418568207469,870.825240759064,3.33060460969622,-0.351239893885975,8.57156303791436
0,5.0636220674956,790.386313737723,872.458186966976,3.43250058972233,-0.351239893885975,8.57130205399436
0,5.07537921658562,790.352913195199,874.04302170199,3.51085380869916,-0.351239893885975,8.57104107476593
0,5.08767338261115,790.317990614894,875.563962170523,3.55794114954956,-0.351239893885975,8.57078010176812
0,5.10079434665061,790.280723607821,877.072965754959,3.59668534086945,-0.349015807001753,8.57051913079741
0,5.11759557155091,790.233021038571,878.528835627645,3.59829232799169,-0.336891817392483,8.57025816884978
0,5.13439679645121,790.185318469323,879.984705500332,3.59989931511392,-0.324767827783214,8.56999720690215
0,5.15852329299136,790.116842984418,881.576559768499,3.6,-0.291877881884075,8.56973625554467
0,5.18313942841197,790.046978987569,883.177503562684,3.6,-0.257599889221698,8.56947530489505
0,5.21077141744818,789.968572593581,884.807624567259,3.6,-0.214462765615753,8.569214363934
0,5.2397504767977,789.886350626606,886.450777953027,3.6,-0.167368595741373,8.56895342730046
0,5.26872953614721,789.804128659631,888.093931338794,3.6,-0.120274425866993,8.56869249066693
0,5.29733202062981,789.722980240591,889.713187409846,3.6,-0.0740741789094013,8.56843155655974
0,5.32368338054844,789.648249377099,891.189587871307,3.6,-0.0332177082181322,8.56817063755477
0,5.35003474046707,789.573518513607,892.665988332768,3.6,0.00763876247313693,8.56790971854979
0,5.37638610038571,789.498787650116,894.142388794229,3.6,0.048495233164406,8.56764879954481
0,5.39995109432174,789.43199197652,895.537510077799,3.6089443832694,0.0801593427182665,8.56738789082303
0,5.42162242369222,789.370589201066,896.877392566447,3.62396753069389,0.105576157886385,8.56712698908989
0,5.4432937530627,789.309186425612,898.217275055094,3.63899067811839,0.130992973054504,8.56686608735675
0,5.46494798180943,789.247833610683,899.556742442237,3.65545367238722,0.156285173468479,8.56660518646561
0,5.48625882145843,789.18748402815,900.887874383053,3.70082951312538,0.17907504714643,8.56634430248224
0,5.50756966110742,789.127134445618,902.219006323868,3.74620535386355,0.201864920824381,8.56608341849887
0,5.52888050075641,789.066784863085,903.550138264684,3.79158119460171,0.224654794502332,8.5658225345155
0,5.54627387618899,789.017533839867,904.637560054501,3.84119282392323,0.242968822893902,8.56556165990088
0,5.55974195944879,788.97940355333,905.480784706756,3.89504870586668,0.256798062274343,8.56530079467371
0,5.57321004270858,788.941273266793,906.324009359012,3.94890458781013,0.270627301654783,8.56503992944655
0,5.58667812596838,788.903142980255,907.167234011267,4.00276046975358,0.284456541035224,8.56477906421938
0,5.59416604353672,788.88194349659,907.636038573695,4.05441013022483,0.290713007444681,8.56451820683191
0,5.59213996159676,788.887679662957,907.509168578877,4.10254985617507,0.284921754436366,8.56425736191683
0,5.5901138796568,788.893415829324,907.382298584059,4.15068958212531,0.279130501428052,8.56399651700175
0,5.58808779771684,788.899151995691,907.255428589241,4.19882930807555,0.273339248419737,8.56373567208666
0,5.58349903539989,788.912143102098,906.968053068928,4.24847403488234,0.262400909562505,8.56347483269876
0,5.57206599550405,788.944510336678,906.25200748141,4.30213824211719,0.237715993258971,8.56321400807256
0,5.56063295560821,788.976877571259,905.535961893892,4.35580244935204,0.213031076955438,8.56295318344637
0,5.54919991571236,789.009244805839,904.819916306373,4.40946665658688,0.188346160651904,8.56269235882017
0,5.53814003585682,789.040555614598,904.12726729544,4.4599303132289,0.164466928964756,8.56243153742477
0,5.52905560706823,789.066273869787,903.558476112752,4.49345075409036,0.144852866007335,8.56217073313266
0,5.51997117827965,789.091992124976,902.989684930065,4.52697119495183,0.125238803049914,8.56190992884054
0,5.51088674949106,789.117710380165,902.420893747377,4.56049163581329,0.105624740092494,8.56164912454843
0.000757459800428125,5.50213992844103,789.142472852303,901.873240249255,4.59269969542587,0.0867412047861815,8.56138832086971
0.0174611331513201,5.50050050119905,789.147113965349,901.770582025941,4.5972792107348,0.0832369013843337,8.56112753010417
0.13583257292093,5.50126177381132,789.144957761008,901.818069866353,4.58789801587745,0.085124170514302,8.5608667435325
0.425052003751191,5.50395993090063,789.137316843007,901.986590544853,4.56276499730628,0.0915135973146461,8.56060596150873
0.921209206694774,5.50862527876923,789.124105511135,902.278064929582,4.52166480833579,0.102447314196183,8.56034518503142
1.57971556253319,5.51487122970162,789.106418928005,902.668421309127,4.47008829614009,0.11691832321708,8.56008441357239
2.37890375270484,5.52252676594333,789.084741805768,903.147057778137,4.41162987535729,0.13442470731212,8.55982364717622
3.28416137492123,5.53128176045796,789.059952560873,903.694638397515,4.35000000035512,0.154192268026857,8.5595628852534
4.29192733226845,5.54115230413204,789.03200626971,904.312292935387,4.2882203280368,0.176105500986938,8.55930212860195
5.37483008756507,5.55191131475381,789.001546376287,904.985909129313,4.23022425906154,0.199538599855096,8.55904137708064
6.50512267982838,5.56330210308982,788.969299827789,905.699458348456,4.17854206217757,0.223876962572368,8.55878063007243
7.66858447542143,5.5752618975517,788.935445300322,906.449189563465,4.13825368020031,0.248754221905375,8.55851988849156
8.83846509125701,5.58755503334708,788.900650355103,907.220410034652,4.11244777939916,0.273569032815965,8.55825915195432
10.0046039122476,5.6000972070179,788.865153774094,908.007851859675,4.10099894231639,0.298124672136027,8.55799841952905
11.2978088378959,5.61532825097542,788.822059733061,908.966324345245,4.11773559222607,0.325330266393295,8.55773769293307
12.7945761511088,5.63435114076597,788.768249563952,910.165627712844,4.15877360958043,0.356919290037496,8.55747697089829
14.482285840695,5.65690678386178,788.704456773779,911.589622141942,4.2223124882619,0.392479861558928,8.55721625376618
16.3240344736999,5.68229488567023,788.632662009734,913.19419542513,4.30418812716451,0.431052886059146,8.55695554155413
18.2910394479431,5.70995904582806,788.554439965451,914.944517281605,4.40126036666476,0.471778712669112,8.55669483483803
20.32655860221,5.73883693367102,788.472793790366,916.773278947504,4.50697444871833,0.513340412725063,8.55643413284974
22.3976275252876,5.76830159076346,788.38949685615,918.640944650377,4.61762562745795,0.554865824886221,8.55617343568257
24.4655155911527,5.7976098571553,788.306651867371,920.500752265386,4.72892996049501,0.59525881770516,8.55591274380595
26.4952905544716,5.82611181465775,788.226095691372,922.311349963468,4.83680907389389,0.633753312089586,8.55565205652195
28.4573363365643,5.85324566666426,788.149417239638,924.037201296433,4.93791894023082,0.66958190406765,8.55539137383295
30.3027216544167,5.87807193906697,788.079274728041,925.619093240918,5.02685349973943,0.701353376181854,8.55513069636422
31.9857291397005,5.89949256777064,788.018772956577,926.98738852126,5.09869049720787,0.727552096905518,8.55487002462135
33.6028933052439,5.91824209005966,787.965823507502,928.186550359221,5.16486386823054,0.749754069419942,8.55460935751503
35.2050202230042,5.93488214905317,787.918833745454,929.251349184139,5.23143939588241,0.768956116906464,8.55434869503977
36.7999379891587,5.94990147721038,787.876422710577,930.212882646376,5.29917256614699,0.785849655647987,8.55408803719588
38.3751522165348,5.96366946059765,787.837549376288,931.095128314895,5.36653825473639,0.800856121616338,8.55382738464889
39.9170780998651,5.97685185157899,787.800335881874,931.941044345924,5.43158475908077,0.814801244908825,8.55356673751066
41.4175471201529,5.99009430042519,787.762960173285,932.79214723383,5.49286592996727,0.828522898904424,8.55330609528024
42.8663953244932,6.00392977407105,787.723918805184,933.682832479935,5.54888279788239,0.842687388721657,8.55304545796058
44.2534587603036,6.01889123944469,787.681708332253,934.647508507539,5.59813639334883,0.857961019472145,8.55278482555464
45.5648469719857,6.03561114316815,787.634545013985,935.727081861565,5.63868475137226,0.875120915300977,8.55252419828863
46.8009454354696,6.05434266441546,787.581713726165,936.937757943489,5.67028095226182,0.894522209584678,8.55226357552923
47.9478539152676,6.07568401413485,787.521527422037,938.318286469507,5.69102019814081,0.916894317846133,8.55200295758314
48.9951153842523,6.10029528650147,787.452125612348,939.912720128157,5.69851280627382,0.943260549784212,8.55174234446899
49.891883760636,6.13355830368178,787.358369359072,942.105184611419,5.66299520628014,0.985583413223369,8.55148173721484
50.6596312646976,6.17754908263426,787.234439122369,945.049952104769,5.57281818460731,1.04873529551453,8.55122113509067
51.335323412986,6.23039820263528,787.08560716941,948.61015334468,5.44142285008611,1.12713532934793,8.55096053778406
51.9454456789242,6.29112568743467,786.914644656613,952.710735652257,5.27800353846098,1.21678293821429,8.55069994547503
52.5224795957958,6.35742836944868,786.728034648244,957.187934579566,5.09573562691709,1.31248560226644,8.55043935729226
53.087481929657,6.42969349088394,786.524713805282,962.057670669492,4.90000000112564,1.41132295606406,8.55017877455684
53.67473077922,6.50594081906405,786.310262571392,967.176145137904,4.70394390004018,1.50792204205322,8.54991819680091
54.314869485337,6.58482014587142,786.088493251753,972.441905171774,4.51861448052516,1.59757922090158,8.54965762402753
55.0385413885036,6.66498126327445,785.8632181513,977.753306475613,4.35505889919847,1.67559085334814,8.54939705623977
55.8781451354699,6.74504875565473,785.638321939273,983.006059175844,4.22486948937743,1.73699622719827,8.54913649349315
56.8505214473809,6.82389092473002,785.416991059196,988.11864854115,4.13477237514764,1.77911797341714,8.54887593539853
58.1705795010635,6.90062918440435,785.201776754621,993.022700548818,4.11803976870559,1.78962519507056,8.54861538344289
60.3475624682556,6.98137841370611,784.975534370157,998.249767816815,4.18398458811524,1.77629199201419,8.54835483615247
63.5243565751112,7.06806959018248,784.732849320482,1003.9545458539,4.33350262870184,1.7426778242701,8.5480942934878
67.6352177113678,7.16050042371156,784.47427129658,1010.10686331944,4.55836084641935,1.6923651663697,8.54783375544862
72.46744545805,7.25690051920241,784.204735827864,1016.54062552253,4.84428400320638,1.62878238499847,8.54757322208271
77.8414390368875,7.35539096306439,783.929501374989,1023.0619083383,5.18160567961076,1.55451429990966,8.54731269434289
83.3632240407127,7.45270682925548,783.657669180187,1029.36358885787,5.54379573273749,1.4759226401434,8.54705217228373
88.7358102842286,7.5468432069651,783.394803744842,1035.27724632297,5.90801826120923,1.39817146069511,8.54679165486215
93.7483507678184,7.63608295500172,783.14569012683,1040.64197051071,6.25988725633075,1.32468979384628,8.54653114203563
98.1940033846124,7.71872301710274,782.915075140562,1045.29712979235,6.58540516408121,1.25882657888413,8.5462706338065
101.865414835082,7.79305539866692,782.707719403922,1049.08143036362,6.87054437104798,1.20393844285257,8.54601013017882
103.903436705196,7.85107536927592,782.545983957362,1051.19707316978,7.0629508310036,1.17318417570957,8.54574963337405
104.688886808145,7.89770226436381,782.416096564688,1052.00183870607,7.18551443743848,1.16133512299401,8.5454891411902
104.686768924028,7.93815209855683,782.3034808052,1051.85165925484,7.26982812430049,1.16142509081945,8.54522865251969
103.912264285281,7.97550299727791,782.199548800371,1050.31241871388,7.336266544748,1.17303247947238,8.54496816993981
102.662964098979,8.0113771107224,782.099754292766,1047.77061662764,7.39818566837724,1.19094256910414,8.54470769285322
101.0845894882,8.04562642366981,782.004498703255,1044.55623334739,7.45602262003312,1.21260682636392,8.54444722020378
99.1884062394552,8.07763333209085,781.91549796158,1040.71734605434,7.508853544088,1.23720906725407,8.54418675254483
97.0341006510676,8.10692135243206,781.834072412034,1036.40475077187,7.55620048639221,1.26328065879442,8.54392628987943
94.6813590156516,8.13301400110987,781.761542398996,1031.76936281215,7.5975854927222,1.28935296806794,8.54366583221062
92.1763803651196,8.15442821147098,781.702027109184,1026.96991671383,7.63087824573909,1.31315108757475,8.54340538070801
89.6131936914366,8.17340357540292,781.649294877038,1022.13215270388,7.66004994311173,1.33541569312476,8.543144932244
87.0418306031459,8.18603964871325,781.614184012062,1017.51440375739,7.67916879371511,1.35133962549173,8.54288449048863
84.4676371835103,8.19648132584728,781.58517292434,1012.9728147857,7.69480777096546,1.3650686830977,8.54262405105551
81.97131124302,8.19756068064097,781.582174943861,1008.9559738002,7.69802192153665,1.3654874742121,8.54236362026699
79.4440484213846,8.19697218101384,781.583811260342,1004.93851758002,7.7,1.36285220681431,8.54210319117444
76.6128892107792,8.18887159938224,781.606321302069,1000.57272908952,7.7,1.34395346722304,8.54184277029349
73.6887953605316,8.17894865881769,781.633896283635,996.127046796448,7.7,1.32096971764219,8.54158235204531
70.5394044859669,8.16460786021429,781.673749957824,991.48768175976,7.7,1.28808287274074,8.5413219401796
67.2877378536502,8.14790194476628,781.72017961313,986.913724648035,7.7,1.25034581284989,8.54106153328012
63.9230723979159,8.12858294263419,781.773874705966,982.412033132043,7.7,1.20725001889368,8.54080113186754
60.5582689781256,8.10925451903417,781.827596031572,977.913084118907,7.7,1.16414153748121,8.54054073049751
57.1517019630452,8.0870740890157,781.889258372953,974.244328002856,7.7,1.11719239058256,8.54028034200753
53.7451349479648,8.06489365899724,781.950920714335,970.575571886806,7.7,1.07024324368392,8.54001995351755
50.4368908777654,8.0430490276579,782.011660993598,967.668934811795,7.7,1.02604577709814,8.53975957140276
47.2153185272647,8.02150040300377,782.071588474691,965.434106010857,7.7,0.984273917933577,8.5394991949077
43.9908367953671,7.99981519592694,782.131898631139,963.269446530007,7.69739347892977,0.94251807942172,8.53923881917757
40.7205219734311,7.97597833060296,782.198237283531,962.210203055774,7.65372499361425,0.901014623089424,8.53897845549764
37.4502071514951,7.95214146527898,782.264575935923,961.150959581541,7.61005650829872,0.859511166757128,8.53871809181771
34.0614831444127,7.92553095783503,782.338654957336,960.231738580721,7.53149546995675,0.814724737479851,8.53845773524214
30.5897534385245,7.89697610711973,782.41816003365,959.41067435076,7.42847449851502,0.76763692032357,8.53819738364678
27.1412855317734,7.86836686406827,782.497819248361,958.607941906112,7.3231903193259,0.720934174173356,8.53793703352629
23.869941575385,7.83934345763272,782.578652129885,957.944794461428,7.20067323848784,0.677163501220174,8.53767669463598
20.5985976189967,7.81032005119718,782.659485011408,957.281647016743,7.07815615764978,0.633392828266992,8.53741635574567
17.7903861019816,7.78447715072029,782.731472310773,956.665870023843,6.97532203462546,0.599156851965725,8.53715602583472
15.2378757576911,7.76039024709086,782.79857585435,956.076246845801,6.88335511710819,0.570185100124238,8.5368957008814
12.6853654134006,7.73630334346141,782.865679397927,955.486623667758,6.79138819959093,0.54121334828275,8.53663537592807
10.7561061451425,7.71745288272732,782.918207007436,954.874851323372,6.74925774015103,0.541099470469997,8.53637505940913
9.35961586338337,7.70307865072591,782.958274781866,954.244145375244,6.7497286018827,0.565653950065744,8.53611475010009
7.96312558162425,7.6887044187245,782.998342556296,953.613439427116,6.75019946361436,0.590208429661493,8.53585444079104
6.71536151160164,7.67554790221168,783.035021850206,952.946927847318,6.79061321778781,0.676979003769533,8.53559413825909
5.6615685254326,7.66397954954965,783.067281834088,952.233717994892,6.88312112570001,0.844892794966074,8.53533384456593
4.60777553926357,7.65241119688763,783.09954181797,951.520508142464,6.97562903361221,1.01280658616262,8.53507355087278
3.62707896921914,7.641552340531,783.129824812601,950.827402921623,7.07798518428211,1.20013924857861,8.53481326180389
2.79557227497168,7.632141567012,783.15607276972,950.175331278735,7.20044161061167,1.42710585119231,8.53455298217313
1.96406558072422,7.622730793493,783.18232072684,949.523259635847,7.32289803694124,1.65407245380601,8.53429270254238
1.37262517508578,7.61593180344831,783.201285748904,949.02621005303,7.42841388437022,1.85732435566591,8.53403243351732
0.830332811811525,7.60966751590426,783.218759757788,948.560897665884,7.53046153851681,2.05572121884438,8.53377216666353
0.363064421008086,7.60425615859365,783.233854763955,948.155628193291,7.62079035134674,2.23530169745441,8.53351190252694
0.0948473169014313,7.60111689455841,783.242612275573,947.912545275287,7.67843019994693,2.36212428391918,8.53325164545104
0.000756511290917531,7.60002063211086,783.245670595086,947.827127934797,7.69982679202787,2.42921116538093,8.53299139386298
0,7.60143250952896,783.241732433398,948.06669267435,7.7,2.46012315543986,8.53273114772304
0,7.6051912419529,783.231248273921,948.702440278803,7.7,2.48889147487725,8.53247090648616
0,7.6110353798504,783.214947565231,949.691141668628,7.7,2.51559552221484,8.53221067031042
0,7.61861852516538,783.19379670444,950.974411459358,7.7,2.54008175624112,8.53195043921496
0,7.62756551890788,783.16884229461,952.488982553233,7.7,2.56225301489042,8.53169021310072
0,7.63766041001257,783.140687035687,954.198683547334,7.7,2.5815265585127,8.53142999282313
0,7.64828763847473,783.111047812693,955.99929850419,7.7,2.59854589083597,8.53116977682907
0,7.65925925923833,783.080449161379,957.859320260104,7.7,2.61280797378905,8.53090956585585
0,7.67023595126374,783.049837730798,959.721502682606,7.7,2.62417147118021,8.53064935990649
0,7.68075890081603,783.020493771981,961.508641227687,7.7,2.63194233855122,8.53038915985613
0,7.69091964009002,782.992161239694,963.232399588163,7.6996925691557,2.63664124557301,8.53012896289721
0,7.69996744849859,782.966936187156,964.746631626503,7.69701004700457,2.6278920644633,8.52986877320965
0,7.70925559819529,782.941043848878,966.217324186733,7.68540052379172,2.58413534256245,8.5296085872716
0,7.71910658257047,782.913585760617,967.663413115337,7.66046094085793,2.48878454047177,8.52934840622181
0,7.72969378015314,782.884077968165,969.122190564545,7.62168659440996,2.34053967831145,8.52908822988274
0,7.7407407406785,782.853290958614,970.589667852582,7.57015561079966,2.14352272607102,8.52882805948588
0,7.75178813008782,782.822504095345,972.058416113978,7.51186278374139,1.9206534090141,8.52856789401394
0,7.76245896407944,782.792767719475,973.522651965056,7.45000000068973,1.68413518017295,8.52830773389147
0,7.77236722354665,782.765157200865,974.976308728119,7.38855987255304,1.44923287591472,8.5280475790254
0,7.7813035339057,782.740255653025,976.415936312628,7.33051936776443,1.22732825545522,8.52778742877389
0,7.78898835751136,782.71884184701,977.837165375585,7.27858506398135,1.02876930060485,8.52752728320415
0,7.79410832611145,782.704575348498,979.220058007057,7.24235157164877,0.890238814123589,8.52726714490712
0,7.79863994151839,782.69194830929,980.594090885117,7.21004539128474,0.766723508419647,8.52700700804101
0,7.79975653768564,782.688837015494,981.925715263777,7.20293304994256,0.732055196940298,8.52674687859787
0,7.79865457406956,782.691907182388,983.315080072352,7.22345257206519,0.728317248023984,8.52648675383074
0,7.79556671783438,782.700510463006,984.809659964694,7.27575849160694,0.728317248023984,8.52622663383658
0,7.79061730366869,782.714300675755,986.383314133354,7.35634895248965,0.728317248023984,8.52596651886889
0,7.78387795334237,782.733078669864,987.988304088959,7.45998589797914,0.728317248023984,8.5257064094948
0,7.77573886161063,782.755757611573,989.56668533948,7.57689863405269,0.728317248023984,8.52544630536488
0,7.76639547188783,782.781793319227,991.06784473001,7.70018709361079,0.728317248023984,8.52518620667172
0,7.7564444598976,782.809523023426,992.491230335842,7.82308657071292,0.728317248023984,8.52492611138248
0,7.74564819026656,782.839609788887,993.745847741934,7.93981607178929,0.728317248023984,8.52466602186001
0,7.73435220513001,782.871091158017,994.780175934254,8.04169844597103,0.728317248023984,8.52440593779934
0,7.72283950632315,782.903178969374,995.541280768487,8.12062731173391,0.728317248023984,8.52414585913393
0,7.71137339102924,782.935139854067,995.989144784792,8.16991729179915,0.728317248023984,8.52388578564489
0,7.69976345282419,782.9675049534,996.190749392229,8.19302593260898,0.735394144353604,8.52362571624225
0,7.68749433894577,783.001712758326,996.146699337889,8.18581272265451,0.763903153497277,8.52336565148758
0,7.67250919166546,783.043502784553,995.953166289215,8.14536736558039,0.862760189048893,8.52310559340672
0,7.65585442217511,783.089954338038,995.693231331111,8.08568027601222,1.00422237732696,8.5228455402395
0,7.63778065026754,783.140369228504,995.376886689298,8.00675002920759,1.18189444252769,8.52258549336625
0,7.61891909271438,783.192984812603,995.029231233253,7.91643236469736,1.37966909594655,8.52232545050333
0,7.60004281334352,783.245642513433,994.681001037992,7.82403188598725,1.57781941836812,8.52206540908588
0,7.58105185278688,783.29862829852,994.328293693505,7.71540653566963,1.77889615704724,8.52180537892853
0,7.56206089223024,783.351614083608,993.975586349017,7.60678118535201,1.97997289572635,8.52154534877118
0,7.54481869035115,783.399727079094,993.692462645897,7.50003724207205,2.13642509005429,8.5212853268591
0,7.52843148672442,783.445457683776,993.443359584118,7.39421315111353,2.27105957567109,8.52102530897828
0,7.51302701719469,783.48844875556,993.239483803047,7.29165680870147,2.37993784368922,8.5207652939644
0,7.50092205085335,783.522241919635,993.187457395427,7.20007184377694,2.40234030675834,8.52050528857621
0,7.48881708451202,783.556035083709,993.135430987807,7.10848687885242,2.42474276982746,8.52024528318801
0,7.47721585369259,783.588429549388,993.218267580025,7.00556406533263,2.42950659509449,8.51998528784771
0,7.46575067124799,783.620446256034,993.337527833379,6.89957913725399,2.42950659509449,8.51972529522114
0,7.45452201333134,783.651803491158,993.488678349834,6.79320049791247,2.42950659509449,8.51946530548584
0,7.4441306859295,783.680826103173,993.752724939484,6.68542806462789,2.42950659509449,8.51920532598601
0,7.43373935852767,783.709848715189,994.016771529135,6.57765563134331,2.42950659509449,8.51894534648618
0,7.42499925082879,783.734261049999,994.360969750617,6.48318659710532,2.42950659509449,8.51868537540903
0,7.41713596269995,783.756225266446,994.747729552026,6.39578184426563,2.42950659509449,8.51842540880443
0,7.4096353362873,783.77717653881,995.143694824623,6.31224557666565,2.42950659509449,8.5181654433561
0,7.40598576208106,783.787371504746,995.637411661707,6.2697881931955,2.42950659509449,8.51790549018609
0,7.40233618787481,783.797566470682,996.13112849879,6.22733080972534,2.42950659509449,8.51764553701608
0,7.40106088127123,783.801130392899,996.732484023242,6.20485899825658,2.42299030887708,8.51738558828711
0,7.4050906237926,783.789880479043,997.70042857496,6.2127265594815,2.38929640857267,8.51712564649153
0,7.41528664487331,783.761415000677,999.247270338723,6.23821661218328,2.30853716048964,8.51686570960144
0,7.43138767774136,783.716463779103,1001.35902330734,6.27846919435341,2.18045391965429,8.51660577796349
0,7.45197123414071,783.658998148663,1003.88696547599,6.32992808535178,2.01570907238286,8.51634585173563
0,7.47537802520277,783.593650548916,1006.65943123352,6.38844506300691,1.82684927122861,8.51608593089123
0,7.49999999958461,783.524910373356,1009.51260549044,6.44999999896154,1.62618741946843,8.51582601510803
0,7.52448738362679,783.4565459501,1012.30649997531,6.51121845906697,1.42392048907686,8.51556610438229
0,7.5474958915421,783.392310286098,1014.90154165477,6.56873972885525,1.23020051755691,8.515306198717
0,7.56741321945069,783.336704647173,1017.12728827505,6.61853304862672,1.05703316213732,8.51504629844456
0,7.58372204534706,783.291173304401,1018.93895492655,6.65930511336765,0.908847515982754,8.51478640255859
0,7.59559993989362,783.258012334296,1020.25084522906,6.68899984973404,0.791842592989504,8.514526511084
0,7.59993951575007,783.245896989872,1020.72819271175,6.69979838587129,0.728616907292077,8.51426662545224
0,7.59799407774664,783.251326331572,1020.59503380569,6.68997038873318,0.697389559740512,8.51400674523268
0,7.59242963543075,783.266855730017,1020.20951227275,6.66214817715377,0.668351076986894,8.51374687036019
0,7.58424690181504,783.289692327733,1019.64261318113,6.62123450907521,0.64121272580077,8.51348700036955
0,7.5739500977084,783.318428931439,1018.92929706238,6.56975048854202,0.616280870335239,8.51322713562037
0,7.56231694166571,783.350895062832,1018.12346277274,6.51158470832856,0.593623553826857,8.5129672758853
0,7.55000000007067,783.385269521724,1017.27033196301,6.45000000035333,0.573500085716242,8.5127074213645
0,7.53771747586081,783.419547927633,1016.41965458454,6.38858737930404,0.556027895177071,8.51244757195357
0,7.52615839865533,783.451807317772,1015.61914549682,6.33079199327666,0.541373040419744,8.51218772765556
0,7.51624024891843,783.479487162463,1014.93232674464,6.28120124459214,0.529992674694234,8.5119278889309
0,7.5083909921828,783.501393083743,1014.3888093173,6.24195496091401,0.521727480736903,8.51166805527406
0,7.50289036028943,783.516744398308,1014.00793007684,6.21445180144716,0.516152030965276,8.51140822573348
0,7.50088392636472,783.5223442507,1013.83856915061,6.20172062002907,0.521781381251498,8.51114840139463
0,7.50332649816777,783.515528712815,1013.85066564133,6.2,0.562904829300924,8.51088858197722
0,7.51233077084963,783.49040372325,1013.96914961442,6.2,0.694944499633208,8.51062876879951
0,7.52550818316333,783.453634761576,1014.14644574916,6.2,0.885182204027327,8.51036896033517
0,7.54215218200561,783.407193693061,1014.37586977752,6.2,1.12124996512841,8.51010915658229
0,7.56187793148343,783.35215500066,1014.65740766551,6.2,1.39362553017428,8.50984935842188
0,7.58346760839432,783.291917298579,1014.97864961863,6.2,1.68167262287373,8.50958956563493
0,7.6058207013456,783.229551720442,1015.32764882522,6.2,1.9673023182207,8.50932977784643
0,7.62805968478489,783.167507882164,1015.70065810855,6.2,2.23164531761255,8.50906999616486
0,7.64992387094648,783.106511157207,1016.0786838125,6.2,2.48284089612465,8.50881021656771
0,7.66945971225315,783.052016393131,1016.46493372621,6.2,2.66999077200144,8.50855044433785
0,7.68626553946393,783.005143261145,1016.84551675755,6.2,2.79380763689295,8.50829067702241
0,7.69999037851138,782.966871014631,1017.21544294154,6.19989416610192,2.84969416417865,8.50803091413816
0,7.71131448808448,782.935303189739,1017.65854522075,6.17662794334981,2.84991896380188,8.50777115721908
0,7.72283950591964,782.903178671136,1018.23458175015,6.11600860491804,2.84991896380188,8.5075114054123
0,7.73434824819421,782.871102224683,1018.91115242419,6.02547659729136,2.84991896380188,8.5072516587209
0,7.74561163779969,782.839711800385,1019.6553566529,5.91259146459016,2.84991896380188,8.50699191714796
0,7.75626657949305,782.810019103296,1020.43495603902,5.78343855181775,2.84991896380188,8.50673218168889
0,7.7663852077363,782.781821931074,1021.21097060996,5.65023947624601,2.84991896380188,8.50647244988978
0,7.77571699285983,782.755818567715,1021.96955367458,5.51470589865877,2.84991896380188,8.50621272285526
0,7.78345169187957,782.734266598649,1022.63785701419,5.39067336508935,2.84991896380188,8.5059530027636
0,7.7901174273329,782.715693607151,1023.22942977068,5.27916025137012,2.84991896380188,8.50569328650899
0,7.7954768183599,782.700760963604,1023.72122154093,5.18472429924368,2.84991896380188,8.50543357464489
0,7.79814947648484,782.693314481858,1023.97516904963,5.13505795166916,2.84991896380188,8.50517387019005
0,7.79964404803827,782.689150386324,1024.0400503735,5.11621620024875,2.84991896380188,8.50491416981749
0,7.79992839220346,782.688358174482,1023.88382609781,5.13258945139306,2.84991896380188,8.50465447390286
0,7.8,782.688158667858,1023.38605035962,5.19076422453521,2.84991896380188,8.50439478379959
0,7.8,782.688158667858,1022.63500008216,5.27872843994254,2.84991896380188,8.50413509868425
0,7.8,782.688158667858,1021.69292830743,5.38808900001164,2.84991896380188,8.50387541819355
0,7.8,782.688158667858,1020.59515533099,5.51408835242006,2.84991896380188,8.50361574258953
0,7.8,782.688158667858,1019.37754795754,5.64999999923412,2.84991896380188,8.50335607478054
0,7.8,782.688158667858,1018.16382684342,5.78324543811181,2.84991896380188,8.50309640998758
0,7.8,782.688158667858,1016.96473652632,5.91082361898064,2.84991896380188,8.50283675045652
0,7.8,782.688158667858,1015.88317250778,6.01893751902191,2.84991896380188,8.50257709686321
0,7.79990177960878,782.688432491321,1014.8920107558,6.11278057142576,2.84981584915891,8.50231744670666
0,7.79887666164119,782.691290363785,1014.32323253586,6.14328761794132,2.84873965029722,8.50205780722073
0,7.7978515436736,782.69414823625,1013.75445431592,6.17379466445687,2.84766345143552,8.5017981677348
0,7.79383251829442,782.70535266572,1013.23843834972,6.19186281131001,2.84344416090025,8.50153853159013
0,7.7813678689351,782.740102206078,1012.87126137354,6.174841606746,2.83035840699091,8.50127890487096
0,7.76853043965637,782.775890999966,1012.50433414261,6.15713222620774,2.81688129780577,8.50101927860636
0,7.74640555423085,782.837571804363,1012.14362907632,6.12227759763097,2.793653945186,8.50075966366707
0,7.72428066880533,782.89925260876,1011.78292401003,6.0874229690542,2.77042659256623,8.50050004872778
0,7.70020768762254,782.966364406857,1011.46211860755,6.04183855253881,2.74515407197289,8.50024044313108
0,7.67569385578113,783.034705229318,1011.15034242912,5.99382600380153,2.71941873344837,8.4999808396486
0,7.65430276298255,783.094340331844,1010.89862864799,5.94008071896677,2.69696173781656,8.49972124358746
0,7.63506084041941,783.14798387571,1010.68825175565,5.88238997931833,2.67676100403374,8.49946165263394
0,7.61581891785627,783.201627419575,1010.47787486332,5.82469923966989,2.65656027025093,8.49920206168041
0,7.61018896202156,783.217322877333,1010.46581613169,5.7566557507327,2.65064977774932,8.49894248322964
0,7.60641650290766,783.22783991768,1010.48082000904,5.68719951974003,2.64668933969971,8.49868290648501
0,7.60569691063397,783.229846031132,1010.62682820165,5.60594386543086,2.64593389065843,8.49842333210102
0,7.62014895769006,783.189555929265,1011.42388025747,5.46604936304,2.66110607286833,8.49816376944861
0,7.63460100474615,783.149265827397,1012.2209323133,5.32615486064913,2.67627825507823,8.49790420679619
0,7.65319691520873,783.09742326669,1013.28638066068,5.16746046717133,2.69580078644022,8.49764465045541
0,7.67675427682008,783.031748937277,1014.67318011411,4.98625694825183,2.72053199450818,8.49738510167156
0,7.70031163843143,782.966074607864,1016.05997956755,4.80505342933233,2.74526320257614,8.49712555288771
0,7.72249737702707,782.904224154115,1017.53695898582,4.64405874017585,2.7685544406359,8.49686601570387
0,7.74420791559513,782.843698485529,1019.04518133401,4.49006541826876,2.79134679979107,8.49660648253885
0,7.76591845416318,782.783172816943,1020.55340368221,4.33607209636166,2.81413915894624,8.49634694937384
0,7.78150994169379,782.739706128906,1021.87944724583,4.22601670562347,2.83050755913341,8.49608742316641
0,7.79001152128933,782.716005022301,1022.99440729301,4.16687049752463,2.83943276635111,8.49582790502046
0,7.79851310088486,782.692303915696,1024.10936734019,4.10772428942579,2.8483579735688,8.49556838687451
0,7.79070472374791,782.714072479627,1024.81682945055,4.11356276860106,2.84016051059171,8.49530888073468
0,7.78068159238594,782.742015440374,1025.46895678645,4.12822561886835,2.82963793377283,8.49504937622517
0,7.767195729548,782.779611968077,1026.06896274791,4.14923393431551,2.81548008004866,8.49478987566497
0,7.74553850035179,782.839989018269,1026.54597249998,4.18521630162269,2.79274368663315,8.49453038442436
0,7.72388127115557,782.900366068461,1027.02298225204,4.22119866892987,2.77000729321765,8.49427089318375
0,7.70033364653287,782.966013252635,1027.48561960071,4.26741701653092,2.74528630732551,8.49401141146036
0,7.67603187751559,783.033762876302,1027.94252329847,4.31771885219668,2.71977359856375,8.49375193353372
0,7.65269273795588,783.098828835935,1028.41958950462,4.36897727737428,2.69527148639597,8.49349245746657
0,7.6356823556895,783.146251185977,1029.02921307329,4.42652475053614,2.67741348896459,8.49323299362455
0,7.61867197342311,783.193673536019,1029.63883664196,4.48407222369799,2.65955549153322,8.49297352978254
0,7.60854779603487,783.221899832707,1030.41105244158,4.54514288783909,2.64950102615938,8.49271407122589
0,7.6101060842952,783.21755997171,1031.45910641133,4.61219065523471,2.6526852745347,8.49245462163587
0,7.61166437255553,783.213220110713,1032.50716038108,4.67923842263033,2.65586952291001,8.49219517204585
0,7.62790951541881,783.167948363112,1034.0767876463,4.77174829021866,2.67897559722737,8.49193573112787
0,7.65355730602277,783.096471677729,1035.98033051843,4.88055920832612,2.71483579192982,8.4916762957618
0,7.67920509662673,783.024994992346,1037.88387339056,4.98937012643357,2.75069598663226,8.49141686039573
0,7.71407172394381,782.927826741497,1040.093204324,5.11019015806815,2.79944576252971,8.49115743724954
0,7.75058429456952,782.826071484545,1042.35713106266,5.23315431272689,2.85049686131412,8.4908980162851
0,7.78662278421876,782.725637422753,1044.59340356516,5.35375782308474,2.90088511017187,8.49063859659108
0,7.8177070144126,782.639010165994,1046.54068269374,5.44969203657369,2.94434641895042,8.49037919017332
0,7.84879124460643,782.552382909235,1048.48796182232,5.54562625006265,2.98780772772897,8.49011978375555
0,7.87226979957409,782.486951020499,1050.09285113642,5.61860146612823,3.02102224101573,8.48986038261032
0,7.88003534854074,782.465307873071,1050.99037745514,5.64414435652088,3.03306730461321,8.48960099235796
0,7.8878008975074,782.443664725643,1051.88790377387,5.66968724691354,3.04511236821069,8.48934160210559
0,7.89556644647405,782.422021578214,1052.7854300926,5.6952301373062,3.05715743180817,8.48908221185322
0,7.88981181505875,782.438044296198,1053.20254043025,5.7,3.05940671912902,8.48882283654148
0,7.88095270581034,782.462715777803,1053.50933857371,5.7,3.05940671912902,8.48856346466038
0,7.87209359656194,782.487387259408,1053.81613671716,5.7,3.05940671912902,8.48830409277928
0,7.86229074707685,782.514686936381,1054.09093966969,5.7,3.05940671912902,8.48804472637087
0,7.85028959682511,782.548108598692,1054.29121464302,5.7,3.05940671912902,8.48778537271027
0,7.83828844657338,782.581530261002,1054.49148961635,5.7,3.05940671912902,8.48752601904967
0,7.82628729632164,782.614951923313,1054.69176458968,5.7,3.05940671912902,8.48726666538907
0,7.81568635622656,782.644474180147,1054.90565819646,5.7,3.05940671912902,8.48700732030196
0,7.80749216611607,782.667293947339,1055.15795029772,5.7,3.05940671912902,8.48674798256063
0,7.80213141645567,782.682222946737,1055.4622299095,5.7,3.05940671912902,8.48648865012533
0.0101380552732603,7.80028646163368,782.687360830936,1055.83307596434,5.7,3.05940671912902,8.48622932306795
0.113552401050399,7.80116296752102,782.684919082471,1056.25130880945,5.7,3.05940671912902,8.48597000061664
0.435679394108538,7.80445534387407,782.675747982466,1056.70628526017,5.7,3.05940671912902,8.48571068401469
0.922445976931538,7.8094201756226,782.661918482654,1057.18949575882,5.7,3.05940671912902,8.48545137212312
1.59026057406395,7.81621124771516,782.643002638275,1057.70859111708,5.7,3.05940671912902,8.48519206614078
2.37479018015759,7.82416916684454,782.620837284349,1058.2547439429,5.7,3.05940671912902,8.48493276455968
3.29331230323374,7.83345030112077,782.594987476007,1058.83809473136,5.7,3.05940671912902,8.48467346895671
4.29819592933607,7.84356726161346,782.566810880118,1059.45180102161,5.7,3.05940671912902,8.48441417816936
5.37610940389195,7.85437200128351,782.536720255753,1060.09830667674,5.7,3.05940671912902,8.48415489252995
6.50421070348048,7.86562731964314,782.505376454216,1060.77562852821,5.7,3.05940671912902,8.48389561167708
7.6681358364167,7.87716049382173,782.473261408689,1061.49134890468,5.7,3.05940671912902,8.48363633671608
8.83964154772916,7.88868210488262,782.44118133527,1062.24156150906,5.7,3.05940671912902,8.48337706698117
10.0176275290657,7.90017917922995,782.409173717713,1063.04188948801,5.69866542365867,3.05985249404522,8.48311780288197
11.2753741315041,7.9124821727443,782.374927272072,1063.92556248753,5.69127830361704,3.06232049504231,8.4828585427847
12.7875566537631,7.92740613560683,782.33339418257,1065.00541387298,5.66647349112722,3.07063415673921,8.48259928916875
14.4730461658994,7.94402689220273,782.287144300211,1066.20920456836,5.62970373195748,3.08300211394659,8.48234004056482
16.2970489946952,7.96191405096798,782.237374838521,1067.5057091286,5.58317758104323,3.09871228550334,8.48208079684351
18.2310713864241,7.98069958164825,782.18510965132,1068.86824694129,5.52867012147838,3.11719919595566,8.48182155805095
20.2458052999631,7.99999999978381,782.131415619096,1070.269015153,5.4679965155939,3.13788681412019,8.48156232428286
22.3101619581935,8.01933408533713,782.077632025736,1071.67322771119,5.4029216548553,3.1602486102559,8.48130309636804
24.3762407135577,8.0381127945029,782.025397380714,1073.03806913513,5.33649357304157,3.18330030907721,8.48104387409436
26.418405770383,8.05616304559236,781.975192127053,1074.35070089963,5.27065019498995,3.20635374841151,8.48078465595918
28.3880400262886,8.07267788954415,781.929262391966,1075.55279236388,5.20803412141717,3.22864730035047,8.48052544379027
30.2416176021266,8.0871357722286,781.889058855633,1076.60635448601,5.15144454361355,3.24927103973059,8.48026623726106
31.9825478263049,8.0994917576601,781.854705385207,1077.50784575976,5.10050824314476,3.2680739846626,8.48000703579711
33.6696104064234,8.11012349775727,781.825149220195,1078.28425091495,5.05079139293655,3.28581426639293,8.47974783936612
35.3484325745402,8.11948411074569,781.799128461427,1078.96820457834,4.99909808151914,3.30320726951385,8.47948864804058
37.0323928513846,8.12800206060524,781.775451028554,1079.59079493348,4.94501246335526,3.32059736324453,8.47922946134713
38.7099114330251,8.13577641936433,781.753841787099,1080.15930794891,4.88958333487168,3.3379842257389,8.47897027980405
40.3538419020007,8.14296431266091,781.733864677572,1080.68536618722,4.83508812627601,3.35536681539961,8.47871110508365
41.9582859624992,8.14999999986459,781.714312196427,1081.20062260587,4.78298699448891,3.3727464349441,8.4784519351136
43.5131865357386,8.15704968971126,781.694722446329,1081.71724962665,4.73438422483512,3.39012311119238,8.47819276985602
45.0075519650095,8.16428034579217,781.674631462209,1082.24748277327,4.69045127889374,3.40749681731795,8.47793360935893
46.4221953122798,8.17191593617507,781.653417022733,1082.80776851963,4.65307024312221,3.42486724861398,8.47767445411698
47.7011572086179,8.18053459976169,781.629473177042,1083.4406153237,4.62754917073558,3.44223322951045,8.4774153060298
48.8945020109268,8.18988259629277,781.603503901963,1084.12719596882,4.6097748871987,3.45959681866732,8.47715616179386
49.9872389488457,8.20049192201311,781.574032461404,1084.90683879181,4.60159151287896,3.47695721736598,8.47689702269395
51.0205934078694,8.21278198462677,781.539895840344,1085.81078959342,4.6,3.49431452189658,8.47663788856817
52.0555335026307,8.22717550456232,781.499922829517,1086.87074817371,4.6,3.51166872574401,8.47637875941383
53.0907322736367,8.24395314044245,781.453336270473,1088.10792628983,4.6,3.52901873108238,8.47611963699458
54.1009390926062,8.26195443963186,781.403356365345,1089.43636164478,4.6,3.54636559886005,8.47586051961698
55.0652378459821,8.28079247671492,781.351057361994,1090.82752448182,4.6,3.56370919406161,8.47560140750469
55.9795701174745,8.29998965176435,781.297764300371,1092.24594343285,4.6,3.58105020105548,8.4753422995612
56.817039992095,8.3193185796814,781.244109125681,1093.67500116497,4.6,3.59838796931844,8.47508319683916
57.5156547560842,8.33797604344302,781.192322679208,1095.05559543505,4.6,3.6157214921662,8.47482410097438
58.1096343013394,8.35580604096225,781.142836210628,1096.37572540209,4.6,3.63305238335336,8.47456500936656
58.5891312896161,8.37259007082079,781.096256274474,1097.6192215935,4.6,3.6503806434582,8.47430592201809
58.8550055336275,8.38703488230594,781.056174693731,1098.69083348098,4.6,3.66770467797406,8.47404684152029
58.9592981946313,8.3993943975967,781.021884782049,1099.60888540007,4.60339403542191,3.68548088332106,8.47378776627251
58.9790338776069,8.41057794102852,780.990860690015,1100.44027805581,4.61175576077181,3.7039027904783,8.47352869449494
58.9284295193618,8.42044375207722,780.963494973337,1101.17434923609,4.63865582208101,3.72462676179652,8.47326962923704
58.8464064562859,8.42961731355051,780.938050924534,1101.85725949205,4.67938835517887,3.74677779315668,8.47301056922728
58.7323523730386,8.43817295100303,780.914322485242,1102.49455445317,4.73110943747632,3.76963850712414,8.47275151493404
58.5923324839764,8.4463065912681,780.891765957154,1103.10075411555,4.78894025892022,3.79240482640953,8.47249246560391
58.4268832545256,8.45410464657089,780.870141689314,1103.68229406309,4.84999999931837,3.81441941438246,8.47223342145825
58.2377718847232,8.46167756692576,780.849143293067,1104.24738641338,4.91097515820963,3.83499516143841,8.47197438250004
58.0267655748318,8.46913580234877,780.828464379757,1104.80424498609,4.96855223515142,3.85344495799085,8.47171534873221
57.7932573358728,8.47661649071232,780.807724716578,1105.3631122513,5.01766214120752,3.86851917199131,8.47145632088366
57.5416111081418,8.48419971144017,780.786701956044,1105.92990003132,5.05695340374157,3.88015596815087,8.47119729815845
57.2659341106211,8.4920843732256,780.764844486781,1106.51944154704,5.08108243562645,3.88776563801015,8.47093828028947
56.9665150268792,8.50026685483297,780.74216233621,1107.131463456,5.09023138195717,3.89139655976096,8.47067926721838
56.5040977323349,8.50945645363683,780.716691360394,1107.81945782781,5.06380540869114,3.89262706263969,8.47042026051828
55.9581242843406,8.51916232092363,780.689790776799,1108.54639720847,5.01914301782167,3.89262706263969,8.47016125708407
55.1476202173836,8.52984543592152,780.660185200578,1109.34732241377,4.93413343331791,3.89262706263969,8.46990226153813
54.2787285564993,8.54074425049606,780.629982574339,1110.16457788096,4.84021835588001,3.89262706263969,8.4696432677333
53.1224305919684,8.55138578961865,780.600495763725,1110.96324834213,4.71947270385991,3.89262706263969,8.4693842860696
51.9594481794403,8.56202134507158,780.571025601432,1111.76148655632,4.59810303079972,3.89262706263969,8.46912530468827
50.7543815992938,8.57203604437151,780.543276119251,1112.51321981549,4.48032336100482,3.89262706263969,8.46886632666346
49.4107045824253,8.58000586201217,780.521193951769,1113.1117821201,4.37436789847345,3.89262706263969,8.46860735969381
48.0670275655569,8.58797567965283,780.499111784288,1113.7103444247,4.26841243594208,3.89262706263969,8.46834839272417
46.7156135011389,8.59346682663765,780.483897479664,1114.11418460395,4.19478323813068,3.89262706263969,8.46808943278427
45.356099194686,8.59636294856817,780.475873430891,1114.3141619615,4.15499777291135,3.89262706263969,8.46783048020411
43.996584888233,8.59925907049868,780.467849382117,1114.51413931905,4.11521230769202,3.89262706263969,8.46757152762395
42.5433714297135,8.6,780.465796549191,1114.16671088038,4.14604337472261,3.89262706263969,8.46731258573972
41.0579453181269,8.6,780.465796549191,1113.6310908454,4.20115156490744,3.89262706263969,8.46705364753261
39.5725192065403,8.6,780.465796549191,1113.09547081042,4.25625975509227,3.89262706263969,8.46679470932549
37.8598812581871,8.6,780.465796549191,1111.92151582636,4.37215648647318,3.89262706263969,8.46653578797777
36.1471970248016,8.6,780.465796549191,1110.7474308079,4.48806560100996,3.89262706263969,8.46627686663348
34.4345127914161,8.6,780.465796549191,1109.57334578944,4.60397471554674,3.89262706263969,8.46601794528919
32.6897726543005,8.6,780.465796549191,1108.37966631995,4.71614609166584,3.89262706263969,8.46575903230874
30.9128474241487,8.6,780.465796549191,1107.16631343135,4.8245646658134,3.89262706263969,8.46550012772585
29.1359221939969,8.6,780.465796549191,1105.95296054274,4.93298323996095,3.89262706263969,8.46524122314296
27.4042546616439,8.59974510218308,780.466503134266,1105.02575461325,5.00230333714914,3.89236247811209,8.46498232764406
25.704073449318,8.59931286891544,780.467701299002,1104.29762453532,5.04442215769293,3.89191381897363,8.46472343846499
24.0038922369921,8.59888063564779,780.468899463739,1103.56949445739,5.08654097823672,3.89146515983518,8.46446454928591
22.237176103574,8.59062496049228,780.491784464933,1103.04817448569,5.1,3.88289574979689,8.46420567057675
20.439214288431,8.57869529322542,780.524853892267,1102.62397528383,5.1,3.87051272739055,8.4639467967844
18.6412524732881,8.56676562595856,780.557923319602,1102.19977608196,5.1,3.85812970498421,8.46368792299205
16.7934212426771,8.54615481870199,780.615057150548,1101.78776318528,5.1,3.8367356390508,8.46342906106177
14.9307930049435,8.52296818638198,780.679331252708,1101.379366149,5.1,3.81266786070263,8.46317020265113
13.0681647672098,8.49978155406198,780.743605354867,1100.97096911272,5.1,3.78860008235447,8.4629113442405
11.4174022528486,8.47699431847651,780.806772316232,1100.64845774843,5.1,3.76494687874692,8.46265249911004
9.80058422229662,8.45427107302486,780.869761894856,1100.33970672609,5.1,3.74136009704731,8.46239365610728
8.18376619174463,8.43154782757322,780.93275147348,1100.03095570375,5.1,3.71777331534769,8.46213481310453
7.05682681531762,8.41940904990651,780.966400561673,1099.88420309961,5.1,3.70517323585932,8.46187598394607
5.95424362294169,8.40779651938955,780.998590875578,1099.74550486414,5.1,3.69311940213796,8.46161715547594
5.06367491641538,8.40156005754075,781.015878551531,1099.67125213593,5.1,3.68664594021464,8.46135833326299
4.38763880600934,8.40076351628831,781.018086589901,1099.66221033857,5.1,3.68581912853952,8.46109951738152
3.71548799172113,8.4,781.020203081991,1099.65354341826,5.1,3.68502659685407,8.4608407020582
3.13316276693017,8.4,781.020203081991,1099.65354341826,5.1,3.68502659685407,8.46058189963856
2.55083754213921,8.4,781.020203081991,1099.65354341826,5.1,3.68502659685407,8.46032309721892
2.02947452184176,8.4,781.020203081991,1099.65354341826,5.1,3.68502659685407,8.46006430222414
1.55120297555178,8.4,781.020203081991,1099.65354341826,5.1,3.68502659685407,8.45980551247766
1.09787361157511,8.4,781.020203081991,1099.65354341826,5.1,3.68502659685407,8.45954672481267
0.811045530357173,8.4,781.020203081991,1099.65354341826,5.1,3.68502659685407,8.45928795104263
0.524217449139233,8.4,781.020203081991,1099.65354341826,5.1,3.68502659685407,8.4590291772726
0.237389367921293,8.4,781.020203081991,1099.65354341826,5.1,3.68502659685407,8.45877040350256
0.0700179984726974,8.4,781.020203081991,1099.65354341826,5.1,3.68502659685407,8.45851163761645
0.0046513381661163,8.39980927178986,781.020732350371,1099.64622283458,5.1020980103115,3.68486111788801,8.45825287840144
0,8.39801591282851,781.025708898888,1099.57734673261,5.12182495888645,3.68330371462732,8.45799412478618
0,8.3924881125776,781.041048474922,1099.3553414724,5.18263076164639,3.67817402298437,8.45773537714332
0,8.38429777740159,781.063776551818,1099.00888952621,5.27272444858255,3.66997918109548,8.45747663463384
0,8.37398734009372,781.092387885412,1098.54368593108,5.38613925896905,3.65867639958648,8.45721789757603
0,8.36233242873044,781.124730117566,1097.97738348818,5.51434328396519,3.64452727874174,8.4569591657651
0,8.35000000007064,781.15895245168,1097.31827131213,5.64999999922297,3.62752302842631,8.4567004395028
0,8.33763287255416,781.193271074684,1096.59407018768,5.78603840190423,3.60832497349613,8.45644171771066
0,8.32612729588254,781.225198904951,1095.79210083566,5.91259974529205,3.58611363036918,8.45618300244533
0,8.31630530397622,781.252454808712,1094.94045096153,6.0206416562616,3.56148573441137,8.45592429283664
0,8.30821422302809,781.274907456376,1094.0613985085,6.10964354669102,3.53517722105089,8.45566558740022
0,8.3023405019372,781.291206958381,1093.15569992865,6.17445450731487,3.50665345273195,8.45540688650228
0,8.30082764913491,781.295405105842,1092.2029278334,6.19320231108279,3.47131030571296,8.45514819250196
0,8.30310058302882,781.289097742931,1091.0193736354,6.18449708485592,3.4017441573688,8.45488950386388
0,8.30803573701922,781.275402752802,1089.61252624086,6.15982131490393,3.30032617846099,8.45463081940881
0,8.3160868695437,781.253060961509,1087.87631483494,6.1195656522815,3.15413059231843,8.45437214078398
0,8.326201330562,781.224993459649,1085.89454115579,6.06899334718998,2.97771454947637,8.4541134673833
0,8.33766165104269,781.193191214741,1083.72560125065,6.01169174478655,2.78102632169163,8.4538547987306
0,8.34999999986294,781.158952452257,1081.36388777666,5.95000000068529,2.56964556618163,8.45359613668634
0,8.36234934049749,781.124683187626,1078.91885083285,5.88825329751255,2.35640068544575,8.45333747874564
0,8.37385158755529,781.092764596995,1076.39910310315,5.83074206222354,2.15191615047234,8.45307882738671
0,8.38398597533275,781.06464179863,1073.87410226833,5.78007012333623,1.96397295272706,8.45282018092342
0,8.39231099979056,781.041539960674,1071.37700718819,5.73844500104719,1.79863322561713,8.45256153920552
0,8.39788371611765,781.026075743095,1068.95720768023,5.71058141941176,1.66839918209116,8.45230290297712
0,8.39890259377506,781.023248956852,1066.67507248343,5.70308079180317,1.58701049522394,8.45204427301834
0,8.3929757264844,781.039701050895,1064.44297010006,5.713556315304,1.52619653099869,8.45178564809777
0,8.37892826782839,781.078695976247,1062.20546999644,5.74003155919383,1.47131216917502,8.45152702820982
0,8.35709412110626,781.139309949234,1059.94600907708,5.78002606408165,1.41897634324482,8.4512684134705
0,8.32857995807129,781.218474160115,1057.66231024513,5.83042731549809,1.36967653927233,8.45100980388259
0,8.2934258389679,781.316084296471,1055.34452411437,5.88897989738383,1.32495895961934,8.45075120076757
0,8.2546029257341,781.42389285196,1052.99858117246,5.94999999897023,1.284225872214,8.45049260248479
0,8.21298051269422,781.539489434067,1050.62236882593,6.010989693645,1.24789803302775,8.45023400906915
0,8.16946788230388,781.660352863946,1048.21352485457,6.0693066183683,1.21643661877196,8.44997542057536
0,8.12503803133176,781.783788652918,1045.76462048321,6.12106321881398,1.19109131326429,8.44971683771564
0,8.08189252142946,781.903702203997,1043.2556692157,6.15679374733327,1.1751673455612,8.44945826251443
0,8.03942505972687,782.021745935496,1040.72894272113,6.18720917344352,1.16254057058695,8.44919968923265
0,8.00034453651223,782.1304401593,1038.12628360974,6.19397919333418,1.16483571060828,8.44894112357789
0,7.96130875667182,782.239050011212,1035.43655903506,6.18511214002126,1.19449007949228,8.4486825623949
0,7.92137770090556,782.350194100611,1032.63678685828,6.15906597186294,1.260799382414,8.44842400660475
0,7.87995421369959,782.465526397549,1029.73946788236,6.11958792078826,1.36130407206964,8.44816545588723
0,7.83734324517633,782.584198676569,1026.76620222332,6.06942253788039,1.48901696830847,8.44790691052749
0,7.79370662734962,782.705772002969,1023.73088136549,6.01002631123865,1.64023008959581,8.44764837263684
0,7.75003196240956,782.827465584307,1020.69597638647,5.95028766055939,1.79231496672431,8.44738983723409
0,7.70624287034639,782.949520833727,1017.66232216768,5.88951916572025,1.94702165938993,8.44713130931375
0,7.66289988054489,783.070354477969,1014.66423115073,5.83276559118255,2.09150701873478,8.44687278517578
0,7.62028797519444,783.189186122609,1011.72442207076,5.7825917766166,2.21924138060211,8.44661426723646
0,7.57902298688075,783.304294341515,1008.88436282662,5.74454021526761,2.31611445969759,8.44635575458928
0,7.53906050556077,783.415801902083,1006.14076450415,5.71821121675203,2.38314380265441,8.44609724705974
0,7.50000068270422,783.524825620548,1003.4661619622,5.70738101891025,2.41826960771132,8.44583874420959
0,7.46187192556745,783.631287328762,1000.86272654343,5.7125373792075,2.42048784951782,8.44558024618607
0,7.4223369825672,783.741734923526,998.175102219824,5.74260133157889,2.40083951332753,8.44532175608271
0,7.38252177329158,783.852986012269,995.472577505835,5.78081485734726,2.37468739229503,8.44506326933559
0,7.34247087282674,783.964930613249,992.761212987872,5.83213742721598,2.33885213337856,8.44480478890218
0,7.30374027491254,784.073212550269,990.145080417777,5.88972114758872,2.29697037539926,8.44454631537785
0,7.26572655571671,784.179505787166,987.580655508703,5.95070445659865,2.25180557710726,8.4442878456049
0,7.22919051070836,784.281675975824,985.117803966903,6.01015533037403,2.20633398330556,8.44402937903428
0,7.19711196042761,784.371408736841,982.961354711158,6.06498351936801,2.15993692205068,8.44377092212364
0,7.16503341014687,784.461141497857,980.804905455414,6.11981170836199,2.11353986079579,8.44351246521301
0,7.14147965111231,784.52704955495,979.225965100163,6.15196266775879,2.07584019158373,8.44325401943668
0,7.11943220547796,784.588747834965,977.749069401541,6.18010660647491,2.03967733398413,8.44299557562776
0,7.10068655986488,784.641213087655,976.497962510189,6.19417435771928,2.00837734167761,8.44273713554266
0,7.08756813004288,784.677941056191,975.63899515074,6.17566273942205,1.98590672319409,8.44247870254692
0,7.07654465065473,784.708806718199,974.951116716314,6.11471101583319,1.96797037011336,8.44222027582066
0,7.06680251383189,784.736086340622,974.367862763841,6.02284470208791,1.9526825288882,8.44196185473856
0,7.05797485107386,784.760806870741,973.853506592285,5.91120180985444,1.93893156176489,8.44170343849057
0,7.04997481932899,784.783211582963,973.394564018578,5.7844127062427,1.92614624910033,8.44144502758767
0,7.04259725647439,784.803874889724,972.967799962646,5.65000000227513,1.9135049991615,8.44118662203292
0,7.03563700040169,784.823371203419,972.549983452108,5.51548630866899,1.90018622023837,8.44092822182939
0,7.02887521152958,784.842313606258,972.10592583854,5.39302900868446,1.88467489454485,8.44066982843713
0,7.02215237318756,784.861147646089,971.647134195732,5.2767419763845,1.86814547160631,8.44041143772241
0,7.01508615050515,784.880945132296,971.092939345885,5.19548800362476,1.84677325057605,8.44015305492275
0,7.00794044527051,784.900965625693,970.516661688251,5.12234306979672,1.82428007583008,8.43989467395518
0,6.99999960142463,784.923214316323,969.79547461905,5.10007855521236,1.79517367675816,8.43963630064679
0,6.99189802354545,784.945913594397,968.891687240569,5.11295548175795,1.72736581044277,8.43937793309912
0,6.98411393198464,784.967723994578,967.807690000134,5.14509198651969,1.60635553798112,8.43911957055384
0,6.97656698895955,784.988870890179,966.557554335474,5.19423480113484,1.43876100782385,8.43886121347322
0,6.96913580251374,785.009694605327,965.177339581621,5.2558071127964,1.23777870371397,8.43860286172699
0,6.96168760396618,785.030567636646,963.686723051379,5.32646848021667,1.01354624578452,8.43834451624847
0,6.95412201604462,785.051770987368,962.144403979885,5.39999999957763,0.783255113391089,8.43808617535728
0,6.94632345274562,785.073628943035,960.567742773062,5.47347402500322,0.555781281753674,8.43782783985335
0,6.9381763280704,785.096465583507,958.988734171067,5.5427294603957,0.343182387454299,8.43756950973979
0,6.92956505602009,785.120604988644,957.439371730673,5.60360520977508,0.157516066772454,8.43731118501969
0,6.92036729782309,785.146390185232,955.952554947717,5.65177811059955,0.0113353642484751,8.43705286574869
0,6.91053149013292,785.173965630914,954.550777933333,5.6846986351432,-0.088192545372959,8.43679455148033
0,6.89984142616816,785.203937737356,953.280880047107,5.69523276981742,-0.120305839837758,8.43653624311682
0,6.88851631089258,785.235691485039,952.117499313705,5.68731051879555,-0.0979857942571727,8.43627793910531
0,6.87630350240598,785.269936473906,951.084658276181,5.65422540193928,-0.00329814730939836,8.43601964154134
0,6.86327351316286,785.306476033698,950.128120071865,5.60451492162994,0.138970306194442,8.4357613494824
0,6.84941860811218,785.345332746658,949.216119635684,5.54318017106512,0.314506733414603,8.43550306256657
0,6.8346128535454,785.386861204225,948.323496252736,5.47352213312737,0.513863916645318,8.43524478117162
0,6.81882165220613,785.4311594161,947.420975403818,5.40000000082049,0.724279909339706,8.43498650511619
0,6.80198100766784,785.478407970794,946.480959358082,5.32664554859412,0.934216011564511,8.43472823440331
0,6.7840269235004,785.528787456831,945.475858138885,5.25749055092448,1.13213352331046,8.43446996903597
0,6.76494545508906,785.582337668057,944.382960218819,5.19606889862029,1.30791865816716,8.4342117088017
0,6.74467349935233,785.639236612999,943.177299026205,5.14600280309456,1.45120486138016,8.43395345373181
0,6.72300836438296,785.700055089772,941.815482562057,5.11307560006486,1.54544056829935,8.43369520439658
0,6.69906223985337,785.76729295063,940.193308457286,5.1022443390258,1.57065333401263,8.43343696135112
0,6.6713512930318,785.845129116072,938.21527658208,5.1,1.5476896907846,8.43317872244377
0,6.63609011530712,785.944222789082,935.563593781781,5.1,1.46221060842346,8.43292048941808
0,6.59428941634048,786.06173347499,932.319848938877,5.1,1.32169372451455,8.43266226247262
0,6.54845218584331,786.190617464102,928.694924669978,5.1,1.14119370305616,8.4324040407356
0,6.49983386593097,786.327344481198,924.786602773805,5.1,0.925252057418515,8.43214582449842
0,6.45004063774332,786.467391922154,920.737748241279,5.1,0.686463253376956,8.43188761249131
0,6.3998709596608,786.608519840891,916.594730877718,5.1,0.421779755715453,8.43162940633681
0,6.35179251184805,786.743789573375,912.547848634265,5.1,0.139683158053468,8.43137120671549
0,6.30625255142615,786.871935015924,908.65662440017,5.1,-0.148772796129333,8.43111301144656
0,6.26389355465791,786.991148865715,904.972791113242,5.1,-0.440509363183632,8.43085482049641
0,6.23185706691289,787.081361124197,902.013998214701,5.1,-0.722981252045859,8.4305966387403
0,6.20032883145872,787.170143990883,899.089987859272,5.10068785181006,-1.00659042110514,8.43033845746844
0,6.17965357109621,787.228404312276,896.908707208813,5.11606376050791,-1.31448452477893,8.43008028653699
0,6.15921470372617,787.285998797854,894.742160453149,5.13264102883772,-1.62520226245178,8.42982211611014
0,6.14360373451106,787.329994794472,892.876526777683,5.17375388889672,-1.99358760368888,8.42956395598898
0,6.12811183181702,787.373655823018,891.020149060603,5.21569245545531,-2.36341357816804,8.42930579639939
0,6.11494972738665,787.410762464786,889.344884519407,5.27378778507084,-2.76142870939422,8.42904764721132
0,6.10178762295628,787.447869106555,887.66961997821,5.33188311468637,-3.15944384062041,8.42878949802324
0,6.08840394270207,787.485617497576,886.059840353391,5.39772365770557,-3.55420432151053,8.42853136001001
0,6.07501820450382,787.523371849012,884.450668937047,5.46363613644212,-3.94893457397512,8.42827322210057
0,6.05885585688349,787.568972088163,882.780928861454,5.52769987825546,-4.30899360768957,8.42801509460666
0,6.04249403518293,787.615135982838,881.106837479733,5.59163080517073,-4.66656183033944,8.427756967861
0,6.02043744728756,787.677379833494,879.245313431436,5.64566034583217,-4.96055684462858,8.42749885144076
0,5.9975684435409,787.741917652099,877.357050222274,5.69827735385097,-5.24548249936495,8.42724073649353
0,5.9659619198952,787.831163602659,875.241319749153,5.75032248378273,-5.49880317369487,8.42698262907582
0,5.92909617390153,787.935281686415,872.988673889073,5.80202339315186,-5.73310041561129,8.42672452619021
0,5.88734318790129,788.053235785596,870.647053180675,5.85503256556394,-5.95903158346487,8.42646642780567
0,5.83738744173538,788.194412299885,868.156096785764,5.91023753109455,-6.17092110430017,8.42620833697575
0,5.78656284285916,788.338054232735,865.664903584879,5.96488865283259,-6.38026830173085,8.42595024766203
0,5.72951208663861,788.499363238138,863.172013443601,6.01557095620139,-6.57139733013253,8.42569216921325
0,5.67246133041806,788.660672243541,860.679123302323,6.06625325957019,-6.7625263585342,8.42543409076447
0,5.61554999547856,788.821688760953,858.469368749818,6.1026803183704,-6.93482047410002,8.42517602513177
0,5.55865920628535,788.98266217602,856.301338329579,6.13700666029347,-7.10433899230001,8.42491796138772
0,5.50176841709213,789.143635591088,854.13330790934,6.17133300221654,-7.2738575105,8.42465989764366
0,5.45064386388002,789.288409749782,852.415709669053,6.18710126506188,-7.43097565574057,8.42440184449668
0,5.40156024307983,789.427450257011,850.857539804305,6.19630098211461,-7.58370474663516,8.42414379510048
0,5.35510858278737,789.559107621382,849.555064870966,6.2,-7.73903032074429,8.4238857526331
0,5.31042681913813,789.685800093718,848.424535375055,6.2,-7.89610193432178,8.42362771482508
0,5.26631034664772,789.810927763117,847.393056404155,6.2,-8.05390228323939,8.42336968231329
0,5.22286484413963,789.934198096201,846.479145040638,6.2,-8.21256760152837,8.42311165608782
0,5.17993465022391,790.056034184989,845.593781151817,6.2,-8.3649423178032,8.42285363409499
0,5.13811679649171,790.174774327802,844.770039567988,6.2,-8.50373820092344,8.42259562123867
0,5.09629894275951,790.293514470615,843.946297984159,6.2,-8.64253408404367,8.42233760838236
0,5.05544257289904,790.409567705442,843.090149633931,6.2,-8.75993040423699,8.42207960259644
0,5.01531490540792,790.523584550192,842.209440406342,6.2,-8.86110813494979,8.42182160216912
0,4.97626511369458,790.634579885057,841.218653475452,6.2,-8.92996789767284,8.42156360895528
0,4.93763436021242,790.744400568646,840.185072405353,6.2,-8.98626362990075,8.42130561854577
0,4.90040575477465,790.850276272365,838.959006084912,6.2090408372387,-8.99582723390226,8.42104763608409
0,4.86433194446429,790.952888018384,837.594882955506,6.24620311305241,-8.97152785662556,8.42078965840458
0,4.82943431184314,791.052172176845,836.094461950141,6.31840801353638,-8.91432941933147,8.4205316853317
0,4.79599069819387,791.147343098733,834.424767304149,6.4396860544875,-8.81825679304161,8.42027371836533
0,4.76372515923615,791.239195890696,832.577957514557,6.60072411633617,-8.69068753637241,8.42001575947095
0,4.731683679967,791.330417602845,830.697461945786,6.7693241926849,-8.55712789111048,8.4197578021118
0,4.69995598552222,791.420783423934,828.692828411488,6.94851450672303,-8.41517899467105,8.41949985291772
0,4.66836050363814,791.510788617165,826.63588961248,7.1321669946283,-8.26969530529618,8.41924190716396
0,4.63622845024073,791.602352718569,824.528289398358,7.29771019367925,-8.13855722149698,8.41898396799744
0,4.60368649072369,791.695107725535,822.381987122032,7.44941906097904,-8.01837825753412,8.41872603386312
0,4.57013814851697,791.790752493209,820.234701261862,7.56716251215904,-7.92510562141153,8.41846810473434
0,4.53525723633464,791.890223646606,818.086113020089,7.63993172620827,-7.86746015276831,8.4182101822335
0,4.49879538067182,791.994229604668,815.895895396704,7.68584153087471,-7.83195765128733,8.41795226382554
0,4.45853028255434,792.109144846867,813.605530846209,7.66713621973756,-7.8497240198337,8.41769435526376
0,4.41826518443687,792.224060089066,811.315166295714,7.6484309086004,-7.86749038838007,8.41743644670198
0,4.37636443189029,792.343683411614,808.941151502311,7.61709405257414,-7.89885269470589,8.41717854377091
0,4.33143595813538,792.472021750286,806.412293723719,7.56237524271063,-7.95538211972733,8.41692065126274
0,4.28650748438047,792.600360088958,803.883435945128,7.50765643284712,-8.01191154474876,8.41666275875456
0,4.24185358050526,792.727949571238,801.376231184735,7.45125362077482,-8.07625996887678,8.41640487280449
0,4.19759829942241,792.854451857693,798.900462452892,7.3924059605512,-8.15196007972532,8.41614699637552
0,4.15334301833956,792.980954144148,796.424693721049,7.33355830032757,-8.22766019057387,8.41588911994656
0,4.11192250129578,793.099391564823,794.114026059771,7.28675738524641,-8.30380826210889,8.41563125100662
0,4.07376375212636,793.208549299515,791.99332883715,7.25381783067173,-8.38047177117449,8.41537339068378
0,4.03560500295695,793.317707034208,789.87263161453,7.22087827609705,-8.45713528024011,8.41511553036094
0.00780003185740231,4.00010789609054,793.419304025096,787.908407045128,7.20422512895189,-8.53222944547582,8.41485767844689
0.0227398369262779,3.9670471283008,793.513980275521,786.087410000716,7.20247977418532,-8.60588710900987,8.41459983422984
0.0376796419951534,3.93398636051106,793.608656525947,784.266412956304,7.20073441941875,-8.67954477254391,8.41434199001278
0.0693174363460217,3.90047558852378,793.70465397684,782.425878434538,7.2,-8.75746559265411,8.41408415249193
0.117673472042664,3.86690539272599,793.800850351292,780.586755048914,7.2,-8.83922036359462,8.41382632163651
0.179578480525674,3.83412521400636,793.894799487464,778.793718551213,7.2,-8.92315142511454,8.41356849609963
0.257128912868126,3.80335098103784,793.983013983775,777.112921307842,7.2,-9.00831956753931,8.4133106767983
0.348428946457681,3.77522358673903,794.063651115267,775.578422835914,7.2,-9.09354361541067,8.41305286305294
0.45310296892098,3.75050521388005,794.134522287733,774.231191087684,7.2,-9.17784848560768,8.41279505478354
0.570986124247681,3.72997480812593,794.193391107016,773.113135825245,7.2,-9.26028772789169,8.41253725199321
0.701913555930235,3.71441131495768,794.23802117949,772.266161199576,7.2,-9.33991489212499,8.41227945468506
0.847582072130497,3.70554566740823,794.263446055074,771.783964670664,7.2,-9.4150985613431,8.41202166366549
1.13289560690365,3.7013415267338,794.275502628906,771.558854333618,7.2,-9.48699836967804,8.41176387724309
1.71979863703642,3.70109355948046,794.276212687969,771.556234302381,7.2,-9.55609616342879,8.41150609556131
3.06999591952434,3.70346831164334,794.269398999655,771.714040915941,7.2,-9.62346183976845,8.41124831998801
5.14132809204501,3.70740208267636,794.258112818747,771.96900411309,7.2,-9.6897022513383,8.41099055001193
7.8514182452287,3.71282551730641,794.242553693049,772.311260512514,7.2,-9.75467242436317,8.41073278563354
11.0994564054678,3.71963221044569,794.22302747338,772.728496606289,7.2,-9.81824910356294,8.41047502672671
14.8029483467004,3.72775315572213,794.199732709849,773.210842474715,7.2,-9.8802859826089,8.41021727329451
18.8793998311521,3.73711934672617,794.172867952673,773.748428451909,7.2,-9.9406367552211,8.40995952534006
23.2645182013653,3.74775796424535,794.142356115903,774.33448330339,7.2,-9.99898374309238,8.40970178334216
27.8265417107342,3.75935513457847,794.109097480832,774.950924690062,7.2,-10.0556055422278,8.40944404610738
32.5158612046093,3.77189907562316,794.073126359067,775.592153779937,7.2,-10.1103394207814,8.40918631381243
37.2710226648011,3.78554312659335,794.034004385808,776.253142979019,7.2,-10.1625613651943,8.40892858766443
42.1351254152277,3.80281882401768,793.984492034574,776.958699841367,7.20267973730917,-10.2127906688796,8.40867086792597
47.5295069709,3.83064452264334,793.904804566267,777.808689507666,7.21534322726762,-10.2638426082376,8.40841315312244
53.6495765174229,3.87243441886099,793.78518446994,778.84938347406,7.24109783870301,-10.3164130676044,8.40815544348466
60.5480717829979,3.92903466131366,793.623218787933,780.090943810258,7.28048078632316,-10.3705772581284,8.4078977389123
68.0609158120979,3.99795619985153,793.426042839066,781.490323586471,7.33011664205961,-10.424911399197,8.40764003955082
76.1120838428455,4.07841838090957,793.19590828893,783.027120872704,7.38814523924944,-10.4781150499448,8.40738234618216
84.47467354389,4.16685162597731,792.943043275865,784.641812696567,7.44999999930994,-10.5284384311504,8.40712465876305
92.9392767426726,4.25975064698405,792.677484202088,786.279614198447,7.5116340639853,-10.5746293406609,8.40686697684913
101.336698795275,4.3544343390701,792.406912715678,787.89596038167,7.56965766072629,-10.6154163251645,8.406609300371
109.521052562085,4.44848408984741,792.138254613996,789.452482376321,7.6212328946388,-10.6498867931789,8.40635162906395
117.317240699634,4.53933771168824,791.878858355179,790.902597518271,7.66268288139418,-10.6763596357271,8.40609396326353
124.473356905808,4.62336880344682,791.639126894468,792.179098297269,7.68867034921607,-10.6923136051557,8.40583630356701
130.984836199027,4.6998257430605,791.421189955359,793.280794998472,7.69971014275175,-10.6985296868948,8.40557864871183
136.932884595604,4.76985909625558,791.221756967483,794.203361825661,7.7,-10.683031017015,8.40532100000572
142.727230087522,4.83876961465681,791.025603432266,795.051030032081,7.7,-10.6461603992495,8.40506335602788
148.318932772061,4.90647959676996,790.832982093275,795.816373800068,7.7,-10.5833457239108,8.40480571885637
153.784265640618,4.97356381833041,790.642214673792,796.543652303783,7.7,-10.5072894654623,8.40454808601314
159.099676560943,5.04000345713252,790.453369141404,797.236344418144,7.7,-10.4178611920644,8.40429045837158
164.230817595492,5.10585613098605,790.266303205894,797.908741938669,7.7,-10.3169037641828,8.4040328372634
169.20676387592,5.17140335972374,790.080199980517,798.584513523724,7.7,-10.2107510644716,8.40377522178654
174.06893061108,5.23681917105467,789.894540004598,799.272792043815,7.7,-10.1030006089619,8.40351761050132
178.745910653395,5.30223147249877,789.709004411485,800.004263644211,7.7,-9.99767774103785,8.40326000618184
183.282417000871,5.36784054807183,789.522997190403,800.790170236071,7.7,-9.8989627663343,8.40300240728224
187.693214137046,5.43375800347438,789.336192494196,801.639180913515,7.7,-9.80932277636447,8.40274481332305
192.026537374882,5.50036703957651,789.147517582968,802.601243554437,7.70489691216892,-9.73098144957166,8.40248722487187
196.44220804535,5.56830289636463,788.955187669305,803.76085442745,7.7279998385291,-9.6606635028339,8.40222964192215
201.05611435162,5.63789884801938,788.758270776259,805.170348452477,7.78040097937814,-9.59330152475578,8.4019720644669
205.81664748472,5.70880176486281,788.557765391127,806.797536515215,7.86108288868254,-9.52715735995167,8.40171449261397
210.620295129523,5.78034305742945,788.35553207974,808.551144206428,7.9594082977804,-9.4620153739301,8.40145692501856
215.272329430539,5.85187654341797,788.153451570548,810.409501250813,8.07781892306981,-9.39902028658943,8.4011993654338
219.691063356197,5.92265886684608,787.953563382512,812.247422668475,8.19999999930123,-9.33745502291682,8.40094181058206
223.806501852171,5.99232562783556,787.756893409028,814.024552372835,8.32197834753344,-9.27739609717187,8.400684260455
227.539518713777,6.06047283064538,787.564580346991,815.697209172902,8.43955403198338,-9.21895013778744,8.40042671512475
230.498223799075,6.12530668563173,787.381715495797,817.099934191232,8.53952879358421,-9.16317023016618,8.40016917707609
232.690922442927,6.18670586888154,787.208612870325,818.196783980558,8.61633250972582,-9.10963011983942,8.3999116446194
234.208859690858,6.24503802705314,787.044217776709,819.010234778905,8.67064432931099,-9.05791570256396,8.3996541165576
234.979949725647,6.29995046069143,786.889525752441,819.501583459407,8.69880512529818,-9.00813309082798,8.39939659303964
234.950257846823,6.35363347208421,786.738434580535,819.474536758237,8.67015025845989,-8.9577639158623,8.39913907786073
234.854666885789,6.4086241275194,786.583723998832,819.268513381709,8.61651342218688,-8.90587922741812,8.39888156700908
234.71081257832,6.46457568686389,786.426365210884,818.89015855217,8.53998811544068,-8.85285379395465,8.39862406060224
234.499450536639,6.5205081733108,786.269124869183,818.282161714818,8.43771724560168,-8.79957157562154,8.39836656061922
234.226136216357,6.57432514251751,786.11787665535,817.481036672643,8.32146885741967,-8.74811430617461,8.39810906684954
233.909198282156,6.62563173151962,785.973710240623,816.552531184671,8.20007289270028,-8.69894461168544,8.39785157760975
233.550933419514,6.67399209368853,785.837845653149,815.508143046095,8.07641280728252,-8.65249994014335,8.39759409274752
233.117775126467,6.71374620511301,785.726187513053,814.281463442162,7.96367568153422,-8.61420239140614,8.39733661631379
232.650074346257,6.74796200046599,785.630093628769,812.984084117756,7.86319238626257,-8.58120342172466,8.39707914400539
232.147920622339,6.77618043212831,785.550851214491,811.620239264199,7.77710847480533,-8.55395425840266,8.39682167588341
231.584884800104,6.79097885128131,785.509300924925,810.163129077511,7.72944908875547,-8.53963732444435,8.39656421558725
230.823125529019,6.79756890434717,785.490797456483,808.539935982392,7.71821657276372,-8.53461697513349,8.39630676021765
229.719620484265,6.79872381553645,785.48755335252,806.651663681915,7.74306091421022,-8.53731854363193,8.39604930921697
227.750544676886,6.79608702529679,785.494951577558,804.115595388703,7.82875503171317,-8.55008099454127,8.39579186456708
224.849913479703,6.7914863417507,785.507860844175,800.990042382556,7.9653515826222,-8.57042436029566,8.39553442677065
221.681050109398,6.78632017452526,785.52235696078,797.694753075913,8.11660498644535,-8.59295057559973,8.39527699094761
217.486870013158,6.7786827194263,785.54378952716,793.991920002955,8.30691714011491,-8.62129382236431,8.39501956500297
213.152407916604,6.77065053164818,785.566330285954,790.277420356679,8.49947182275557,-8.64997104964868,8.3947621408367
208.205618251734,6.76074070128889,785.594143019255,786.63243495081,8.69334363602199,-8.67884443759661,8.39450472559893
203.159512038725,6.75036454799116,785.623265639285,783.12468374737,8.87856679281821,-8.70642977851344,8.39424731302901
197.878378962073,6.73888486844611,785.655488030456,779.941689342134,9.04332340458195,-8.7309670306714,8.39398990677239
192.539755088821,6.72643869669924,785.690426850478,777.380366586755,9.16491608295592,-8.74907586513872,8.39373250731159
187.219920318201,6.71335551335939,785.727156586826,775.281249056426,9.25264920320908,-8.76177321940981,8.39347511200982
181.976991816496,6.69935925189715,785.766453847686,773.890902091522,9.28707860233551,-8.76567832117419,8.39321772238728
176.455311783782,6.68036475867441,785.81979830904,773.029830975491,9.24782981191529,-8.7459474568213,8.39296033960592
170.667651999583,6.65749113611374,785.884047472006,772.347808306348,9.16934845775324,-8.71097697587983,8.39270296097107
164.431465246019,6.62859132852905,785.965238866199,771.779013151338,9.04269452722718,-8.65454129238641,8.39244558795009
157.740607225611,6.59272258065952,786.066040113865,771.301358005054,8.87432400852992,-8.57951712800909,8.39218822259116
150.942099068609,6.55520383326664,786.171484283921,770.845281601709,8.69607647155079,-8.50009186628485,8.39193085904634
143.802689936588,6.51082361251485,786.296264464884,770.412587808315,8.50008724729362,-8.41276109192707,8.39167350499621
136.623668955347,6.46564610554789,786.423291442437,769.982611016303,8.30203648290351,-8.32451171657547,8.39141615204935
129.333641969763,6.41494339405872,786.565932488822,769.469933790718,8.12543230741428,-8.24581871976022,8.39115880973582
122.053090608231,6.36390853424133,786.709516496592,768.942267710202,7.95364662414805,-8.16927279331921,8.3909014683566
114.922253351391,6.30974002778939,786.862012988932,768.235774382662,7.84050276900326,-8.11885705989779,8.39064413689427
107.831561770599,6.25504871510077,787.016005916719,767.427967677513,7.74210478841332,-8.07723513483844,8.39038680711012
100.954953422706,6.19756945460933,787.177978825663,766.079891196156,7.72234154031221,-8.08250759814083,8.39012948627512
93.9434157978074,6.13662503924779,787.349784846473,764.08404598026,7.71480261440967,-8.1169303419199,8.38987216806532
86.5166351170333,6.06501665584857,787.551852138306,760.094701096989,7.7448838775304,-8.24106268626423,8.38961485793454
78.9888732136653,5.98969885512982,787.764456607285,755.484302069241,7.78136027743913,-8.39308371333618,8.38935755092583
71.2103458288057,5.90516950204232,788.003227924248,749.331646594489,7.833717645261,-8.61436037796834,8.38910025167012
63.5067759788668,5.81833378972412,788.24858540974,742.906266232022,7.88902894886989,-8.85151457491614,8.38884295599538
55.9561377675269,5.7267925425091,788.507380284101,735.924460634796,7.95036700136671,-9.12106280718684,8.38858566762668
48.7048950773266,5.63484241760496,788.767414632305,729.128434871116,8.01010533583556,-9.3903881462732,8.38832838329885
41.9617819204685,5.54219835169406,789.029552596699,722.647711820597,8.06712865315273,-9.65933519443082,8.38807110582911
35.7910014950479,5.45153731314634,789.286187654016,716.9207768981,8.11688614575907,-9.90786964844642,8.38781383286113
30.4350492647592,5.36369950402178,789.534988240935,712.267007611835,8.15629930803085,-10.1273427604679,8.3875565663023
25.9012775859448,5.28038828482627,789.771111747758,708.919148645701,8.18180338839318,-10.3057063231316,8.38729930470557
22.3545867769798,5.20251152928549,789.992015600911,707.139119388541,8.19060871731291,-10.4347152158672,8.38704204906617
19.2109481652566,5.12839026587197,790.202400842021,705.98990656378,8.18010901798883,-10.5369766217977,8.38678479961672
16.4764290408879,5.05808102736339,790.402109130627,705.48100607872,8.15001368486714,-10.6120879013561,8.38652755645037
13.7419099165191,4.98777178885481,790.601817419234,704.97210559366,8.11991835174545,-10.6871991809145,8.38627031328403
11.2165803471869,4.920300116192,790.793625351681,704.558802150703,8.06960815168437,-10.7489434349148,8.38601307950272
8.85691432145774,4.85411751947989,790.981865307994,704.186693890932,8.01171980181312,-10.8049626074236,8.38575585127564
6.70898143953877,4.78891720162845,791.167411964852,703.843289618343,7.95000000104507,-10.8570397934824,8.38549862884327
4.80040214842067,4.72434299759149,791.351273031074,703.51491649741,7.88821056293696,-10.9071178025155,8.38524141201219
3.17315234423275,4.66008230556951,791.534338251203,703.189032584157,7.83005622624328,-10.9569890430112,8.3849842009367
1.85305693600884,4.59580710098236,791.71753583074,702.85305767233,7.77901037466679,-11.0084447260456,8.3847269954457
0.874687958782633,4.53120651100111,791.901748453583,702.49476649354,7.73859426330633,-11.0632320706981,8.3844697955616
0.258279733503526,4.46599920331571,792.08777162974,702.103450558036,7.71174334817765,-11.1228779029293,8.38421260110268
0.00761714815014253,4.39991935800261,792.27635798328,701.671371175985,7.70070104208303,-11.1886454565889,8.38395541183484
0,4.33137535646542,792.472101950099,701.200684444919,7.71146575472754,-11.2649863052403,8.38369822888853
0,4.26016489545011,792.675594672365,700.713518738391,7.73950402941365,-11.3508053084733,8.38344105165945
0,4.18725848631705,792.884048069808,700.210912060162,7.78084203497693,-11.4433242656517,8.3831838800033
0,4.11358024739687,793.094794763847,699.695226076273,7.8309354544863,-11.5396800061898,8.38292671305596
0,4.03973653025335,793.306104687145,699.164598991281,7.88832562180023,-11.6384377362734,8.3826695514747
0,3.96681586084341,793.514867063845,698.616525760589,7.95001910798187,-11.7369124738803,8.38241239613824
0,3.89605967889497,793.717516307361,698.051167291406,8.01125256184227,-11.8316488082874,8.38215524696398
0,3.82721643176273,793.914738925587,697.474592350627,8.07026548674835,-11.922552581673,8.38189810177761
0,3.76300920554519,794.098768230101,696.877918178406,8.12072928750406,-12.0032449752393,8.38164096370963
0,3.70292232606823,794.271048439061,696.267322180199,8.16182998723925,-12.0743474872657,8.38138383054953
0,3.64834100927855,794.427613952765,695.640770443811,8.18923208487709,-12.132289973451,8.38112670299253
0,3.6003662360534,794.565305937379,694.992809807311,8.19854726366354,-12.174160289984,8.38086958130919
0,3.55720700816976,794.689231370452,694.265875121176,8.1885836388265,-12.2051566282296,8.3806124652017
0,3.51690980193708,794.804970829395,693.417145903371,8.16103027126114,-12.2311461349629,8.38035535485329
0,3.4788361653532,794.914350954344,692.474754170028,8.12057199965896,-12.2537199657548,8.38009824974396
0,3.44276561681374,795.018003359526,691.45827487922,8.07005221858677,-12.2735384684703,8.37984114985998
0,3.40875207765672,795.115775516232,690.382015827221,8.01168044858639,-12.2910376675778,8.37958405614427
0,3.37622447681237,795.209301489127,689.278095856779,7.95000000069103,-12.3073475941761,8.37932696764878
0,3.34520358543128,795.298524313451,688.169625240301,7.88854417153988,-12.3231879135653,8.37906988560422
0,3.31512792273722,795.385049975182,687.081902219066,7.8308261107302,-12.3394734761779,8.37881280876998
0,3.28575781465423,795.469564431686,686.029898076821,7.77898196631878,-12.3567257242598,8.37855573682234
0,3.2570047764861,795.552324433615,685.053554498723,7.739047032104,-12.3762163705097,8.37829867133875
0,3.22848324576297,795.634433085397,684.173093879048,7.71387116053427,-12.3986636052387,8.37804161160876
0,3.20010740567724,795.716133135739,683.377689128801,7.70920246418913,-12.4246108098024,8.37778455694548
0,3.17221156589149,795.796462551137,682.632127856916,7.74281787158291,-12.4555264180659,8.37752750783674
0,3.14519712239889,795.874266557428,681.88461414203,7.82635549314755,-12.4918730851672,8.37727046427505
0,3.11907704364973,795.949508261376,681.130785364474,7.95465152742025,-12.5328858428205,8.3770134262605
0,3.0937280282978,796.022543167872,680.386103903944,8.11769821857511,-12.577524797187,8.3767563939982
0,3.06897622392759,796.093871488222,679.665611505768,8.30316131067048,-12.6245073341901,8.37649936732833
0,3.04465692313402,796.163966742906,678.981104641182,8.49999999665604,-12.6726849375117,8.37624234593654
0,3.02068474824166,796.233078034294,678.362303606998,8.69627956716946,-12.7208202368395,8.37598533122993
0,2.9968130206957,796.301914678653,677.827738281796,8.87523400829878,-12.7671693064618,8.37572832279593
0,2.97294957363485,796.370736848889,677.352952708614,9.0388561860006,-12.8119340156496,8.37547131839336
0,2.94886570405635,796.440208560834,676.996440250687,9.16072660385276,-12.8523734647793,8.37521432038852
0,2.92466484821085,796.510025008246,676.702699647418,9.26043784042912,-12.8905173406914,8.37495732577919
0,2.90026364194488,796.580434296354,676.595025159923,9.28605628411255,-12.920132586169,8.37470034011344
0,2.87607785615435,796.650225228088,676.524892534617,9.3,-12.9477959016515,8.37444335693852
0,2.85385573981049,796.714360206181,676.556412682654,9.3,-12.9689268576724,8.37418638421099
0,2.83163362346663,796.778495184274,676.587932830691,9.3,-12.9900578136934,8.37392941148346
0,2.81000795821496,796.840928109954,676.661517756996,9.3,-13.0082609618799,8.37367244855793
0,2.78859126863384,796.902764695803,676.749840715236,9.3,-13.025438308264,8.37341548906668
0,2.76652686025706,796.966485665349,676.839533182755,9.3,-13.042617988235,8.3731585343987
0,2.74336536960148,797.033398334709,676.931545274731,9.3,-13.0598016207496,8.37290158790019
0,2.72019493504671,797.100336931009,677.023454622359,9.3,-13.07699350395,8.37264464142827
0,2.69236374942585,797.180786302789,677.061822911421,9.3,-13.0984848980835,8.37238770881255
0,2.664532563805,797.261235674568,677.100191200483,9.3,-13.119976292217,8.37213077619682
0,2.62862348075044,797.365113312375,676.824543837261,9.29074872786025,-13.1496206161891,8.37187385298402
0,2.58802298993882,797.482597405313,676.366525321268,9.2761245860802,-13.1839999245556,8.37161693523216
0,2.54742249912719,797.60008149825,675.908506805274,9.26150044430015,-13.2183792329221,8.37136001748031
0,2.48561070559228,797.779188104496,674.050721536825,9.19555654187639,-13.2717014212842,8.37110311032647
0,2.41119078610847,797.994923503384,671.360906489524,9.09910786497913,-13.3362833714786,8.37084620947215
0,2.33677086662467,798.210658902271,668.671091442223,9.00265918808188,-13.400865321673,8.37058930861782
0,2.25487323652431,798.448147164161,665.404432825518,8.88464842906444,-13.4728857508057,8.37033241460713
0,2.16799731045543,798.700140136411,661.695702889576,8.75000000150722,-13.5506559499723,8.37007552836017
0,2.0826715809323,798.947673068035,657.979654222066,8.61484430993046,-13.6286231967225,8.36981864768844
0,2.00221494544183,799.181112725482,654.456495936557,8.4865876645961,-13.7042420515573,8.36956177259496
0,1.9299463015448,799.390825874988,651.326072280843,8.37263637583217,-13.7749670749558,8.36930490308277
0,1.87868152983355,799.53963791077,649.298232272689,8.29917736752871,-13.831812018768,8.36904804255348
0,1.82813732818067,799.68636059482,647.308332785312,8.2271120915234,-13.8881791839856,8.36879118232592
0,1.80167950950994,799.763224803396,646.633752836694,8.20330598123173,-13.9279809695244,8.36853433007482
0,1.7856042021764,799.809972992639,646.542473910191,8.2,-13.9606926105537,8.36827748273996
0,1.77214797065381,799.849120249018,646.619209630703,8.2,-13.9917301785528,8.36802064242414
0,1.75940460111137,799.886196207104,646.740336858593,8.2,-14.0220969129046,8.36776380644109
0,1.74787409756509,799.919746888377,646.919418782116,8.2,-14.0508838198728,8.36750697727694
0,1.73740829930374,799.950201886698,647.133575603601,8.2,-14.0778895716969,8.3672501536015
0,1.72800251513134,799.97757417111,647.372514527872,8.2,-14.1028689420005,8.36699333507149
0,1.71995030930605,800.001009154807,647.630277734831,8.2,-14.1249406369689,8.36673652270827
0,1.71314433608682,800.020818361263,647.894422936722,8.2,-14.1440618306926,8.36647971567801
0,1.70769353371117,800.036684234029,648.156254789162,8.2,-14.1597435120036,8.36622291415551
0,1.70366821553006,800.048401569768,648.406552197777,8.2,-14.1715799044708,8.3659661181399
0,1.70113956421818,800.055762635985,648.636099673299,8.2,-14.1791631911129,8.36570932763406
0,1.70005108461959,800.058931500311,648.840068246705,8.19987186974899,-14.1825441090067,8.36545254211816
0,1.70331111069753,800.049446948308,649.034986867004,8.18945987784455,-14.1772983587735,8.36519576339283
0,1.71178823034939,800.024784259337,649.253471284759,8.16278345712948,-14.1637725037559,8.36493898999686
0,1.72525502882227,799.985605613955,649.491059749177,8.12115773149977,-14.1426668413478,8.36468222271395
0,1.74207780680253,799.936664303314,649.737781804286,8.07011412507869,-14.1167859922114,8.36442546058018
0,1.76179667820463,799.879298871773,649.987422217565,8.01179326558351,-14.0872153275987,8.36416870427504
0,1.78337694584846,799.816520053124,650.23189835213,7.9500000003548,-14.0558840348637,8.36391195367938
0,1.8058641974575,799.751105141827,650.462564754951,7.88844666113321,-14.0246743927962,8.36365520901361
0,1.82827104071115,799.685927052386,650.672893203146,7.83055978709701,-13.995323773611,8.36339846983103
0,1.84993971737782,799.622899463098,650.859455581984,7.77846408973605,-13.9689094784898,8.36314173557679
0,1.86957496081609,799.565792156032,651.006235725881,7.73792766507531,-13.9483561288202,8.36288500773943
0,1.88651708772102,799.516524196259,651.11126994861,7.71082846614623,-13.9346159108306,8.36262828535026
0,1.89996948986692,799.477413557828,651.167825813278,7.70011526050259,-13.9291839502292,8.36237156841404
0,1.91063688197973,799.446407739885,651.166497147959,7.7,-13.9291255092238,8.36211485754191
0,1.92047117136222,799.417825045932,651.114752969085,7.7,-13.9291255092238,8.36185815239559
0,1.92960691319663,799.391274294411,651.016497479878,7.7,-13.9291255092238,8.36160145303176
0,1.93819692878245,799.36631119296,650.878515314279,7.7,-13.9291255092238,8.36134475909742
0,1.94638028497859,799.342531363692,650.708035555886,7.7,-13.9291255092238,8.3610880699876
0,1.9541195980183,799.320044114414,650.494440550908,7.7,-13.9291255092238,8.36083138819872
0,1.96168824814971,799.298054111844,650.257686575611,7.7,-13.9291255092238,8.36057471099615
0,1.96913580234891,799.276417399891,649.997842515163,7.7,-13.9291255092238,8.36031803883911
0,1.97657954594726,799.254793572558,649.711869698094,7.7,-13.9291255092238,8.36006137367569
0,1.98414621653716,799.232813803343,649.410662991671,7.7,-13.9291255092238,8.35980471379599
0,1.99193907221036,799.21017800428,649.097213725156,7.7,-13.9291255092238,8.35954805939037
0,1.99998550873462,799.18680636735,648.756508110146,7.70268743666224,-13.9286656499521,8.35929141048268
0,2.00796762345812,799.163621968462,648.289652819246,7.72283743598109,-13.9251989175673,8.3590347671976
0,2.01549647546877,799.141754467972,647.599734416292,7.77509676264458,-13.9160501723455,8.35877812952576
0,2.0226519472595,799.120972208651,646.711680869171,7.85676630814188,-13.9013521194628,8.35852149775686
0,2.02962962947997,799.100707453654,645.688890474184,7.95957980983898,-13.8822068995275,8.3582648717137
0,2.03660671924008,799.080445883839,644.587347028815,8.07630581024781,-13.8595479328606,8.35800825134087
0,2.0437568243201,799.059683613031,643.461107414191,8.19999999790681,-13.8342541757366,8.35775163664149
0,2.05125353844022,799.037916795824,642.364228889839,8.32371824915871,-13.8072046079349,8.35749502761854
0,2.05931656798657,799.014507844922,641.359912079163,8.43959456186019,-13.7792784546471,8.35723842465249
0,2.06808641107311,798.9890488587,640.498040888352,8.54092612972118,-13.7514607675269,8.35698182730378
0,2.07778572430564,798.960893660475,639.8441720128,8.61947733472821,-13.7247093084719,8.35672523585022
0,2.08836846282506,798.930175627842,639.398176217547,8.67458011622189,-13.6994253872895,8.35646864926629
0,2.10089588445547,798.893817028619,639.306104733012,8.69337824397767,-13.6768941437282,8.35621206962255
0,2.11559329324727,798.851166781616,639.421144467915,8.7,-13.6553203228695,8.35595549451566
0,2.13279981699886,798.801242411909,639.725308473254,8.7,-13.6342928651635,8.35569892388974
0,2.15526702824655,798.736071752986,640.312060821458,8.7,-13.6132741619394,8.35544236297326
0,2.17786491672226,798.670522630284,640.90424398182,8.7,-13.592255776421,8.35518580241013
0,2.20454710381167,798.59314467473,641.666166421937,8.7,-13.5712473207488,8.35492925289133
0,2.23128182748383,798.51561488956,642.428274270494,8.7,-13.5502391186812,8.35467270365545
0,2.26008276572146,798.432113787864,643.19767405919,8.7,-13.5292408906457,8.35441616554692
0,2.28888412270146,798.348611961283,643.964092467237,8.7,-13.5082428523609,8.35415962765072
0,2.31770758735413,798.26507186405,644.573107681701,8.7,-13.4872548320464,8.35390310096505
0,2.34653355651348,798.181525654559,645.173142744181,8.69975743321156,-13.4662318141196,8.35364657455053
0,2.37555929302494,798.0974919121,645.056892559853,8.68016697428938,-13.4424172762431,8.35339006976407
0,2.40458502953641,798.013458169641,644.940642375525,8.6605765153672,-13.4186027383666,8.35313356497761
0,2.43361076604788,797.929424427182,644.824392191196,8.64098605644502,-13.3947882004902,8.35287706019115
0,2.46263650255934,797.845390684723,644.708142006868,8.62139559752284,-13.3709736626137,8.35262055540469
0,2.49166223907081,797.761356942264,644.59189182254,8.60180513860066,-13.3471591247372,8.35236405061823
0,2.52138452552974,797.675337100098,644.205733891305,8.56741021294074,-13.3225776721903,8.3521075561911
0,2.5522870970684,797.5859518656,643.362224570214,8.5079295181015,-13.2966967034404,8.35185107931757
0,2.58318966860706,797.496566631103,642.518715249122,8.44844882326227,-13.2708157346904,8.35159460244404
0,2.61409224014571,797.407181396605,641.675205928031,8.38896812842304,-13.2449347659405,8.35133812557051
0,2.64377360017641,797.321330463526,640.819333254307,8.33079817620054,-13.220077324039,8.351081650963
0,2.66581643180795,797.257586152907,639.886129324229,8.28082675849607,-13.2016219172051,8.3508251905291
0,2.68299351538044,797.207914704068,638.990731943549,8.240878607858,-13.1872411040907,8.3505687351886
0,2.69391003120523,797.176348359522,638.162211559632,8.21483061354477,-13.17810217819,8.3503122855789
0,2.6989738039959,797.161706300738,637.400251826846,8.20809058851419,-13.1738631248321,8.35005584144248
0,2.7,797.158739089123,636.662506010879,8.23226913371916,-13.1730040875868,8.34979940341028
0,2.7,797.158739089123,635.879214080282,8.29989389196798,-13.1730040875868,8.34954297246288
0,2.7,797.158739089123,635.089034717175,8.37706421043426,-13.1730040875868,8.34928654373899
0,2.7,797.158739089123,634.269745134138,8.49457951331728,-13.1730040875868,8.34903012441294
0,2.7,797.158739089123,633.459599154386,8.61484496382677,-13.1730040875868,8.34877370685037
0,2.7,797.158739089123,632.700633844011,8.75050417016977,-13.1730040875868,8.34851729915869
0,2.7,797.158739089123,631.959184453046,8.88464234079545,-13.1730040875868,8.3482608927694
0,2.7,797.158739089123,631.356865339622,9.00669880925405,-13.1730040875868,8.3480044967251
0,2.7,797.158739089123,630.778350959308,9.12428603592131,-13.1730040875868,8.34774810171636
0,2.7,797.158739089123,630.50636637614,9.18432354030048,-13.1730040875868,8.34749172004245
0,2.7,797.158739089123,630.234381792971,9.24436104467965,-13.1730040875868,8.34723533836854
0,2.70070938403897,797.15668973805,630.070176033404,9.29150860409421,-13.172030929257,8.34697895863079
0,2.7069014439125,797.138801395701,630.738969494533,9.23903256629816,-13.1635364406387,8.34672259385725
0,2.71309350378604,797.120913053352,631.407762955662,9.18655652850211,-13.1550419520204,8.34646622908371
0,2.72085580822047,797.098489357904,632.226675107344,9.12293123912795,-13.1444890405359,8.34620986696245
0,2.73704531902522,797.051725277857,633.851245955023,8.99947001956635,-13.1228889617994,8.34595351907549
0,2.75323482982997,797.00496119781,635.475816802703,8.87600880000475,-13.101288883063,8.34569717118853
0,2.77047038011175,796.955178296209,637.145670440722,8.75168749868237,-13.0785653348731,8.34544082667691
0,2.79190147596459,796.893287244126,638.997148209215,8.62391650707453,-13.0513356782688,8.34518449570339
0,2.81333257181743,796.831396192043,640.848625977707,8.49614551546668,-13.0241060216646,8.34492816472986
0,2.83485693367748,796.769241759537,642.576498405434,8.38349503059212,-12.9973573442548,8.34467183785713
0,2.85667332040647,796.706262657509,643.917350583067,8.31818831145818,-12.9721146591188,8.34441552382441
0,2.87848970713545,796.643283555481,645.2582027607,8.25288159232424,-12.9468719739827,8.34415920979168
0,2.90153657091922,796.576772878028,646.430484311848,8.22651202951346,-12.9218580112901,8.34390290069868
0,2.92767698323632,796.501383449093,647.178961605696,8.29803456665498,-12.8974190808397,8.34364660402469
0,2.95381739555342,796.425994020158,647.927438899544,8.3695571037965,-12.8729801503893,8.3433903073507
0,2.98097928982719,796.347666450736,648.663448875233,8.4573391110252,-12.8481152820478,8.34313401334117
0,3.01398567987005,796.252528060981,649.328126031231,8.63815105726758,-12.8208133738879,8.34287773457664
0,3.04699206991291,796.157389671226,649.99280318723,8.81896300350996,-12.793511465728,8.3426214558121
0,3.07994838802254,796.062395828472,650.655376823073,8.99987263745057,-12.7662656028188,8.34236517725753
0,3.10909756983987,795.978392376858,651.158012796999,9.1882097933034,-12.7432810474743,8.34210891466702
0,3.13824675165721,795.894388925243,651.660648770925,9.37654694915624,-12.7202964921299,8.34185265207652
0,3.16053399483885,795.83016354016,652.029847006349,9.52568371110537,-12.7029246175507,8.34159639792902
0,3.17883880060418,795.777416676872,652.321602485321,9.65206988845963,-12.6888101533146,8.34134014868156
0.00110501189743683,3.19331433244938,795.735704307413,652.530066985473,9.74769073016303,-12.6776559656233,8.34108390287612
0.00548046385403565,3.1964565828567,795.726650093709,652.492019973555,9.75225718016306,-12.6752631378965,8.34082766725785
0.00985591581063446,3.19959883326402,795.717595880004,652.453972961636,9.75682363016309,-12.6728703101698,8.34057143163958
0.0406700308461359,3.2,795.716439941142,651.937113933858,9.65071567814527,-12.6725648211843,8.34031520814842
0.075353532388134,3.2,795.716439941142,651.350179170867,9.52841015832668,-12.6725648211843,8.3400589864321
0.126077090233961,3.2,795.716439941142,650.61143285983,9.37447013418327,-12.6725648211843,8.33980277126174
0.193354731898893,3.2,795.716439941142,649.716009973384,9.18788183086621,-12.6725648211843,8.33954656284711
0.264577779298967,3.2,795.716439941142,648.821154001217,9.00141166119868,-12.6725648211843,8.33929035614689
0.367114350375293,3.2,795.716439941142,647.930797460766,8.81587908352554,-12.6725648211843,8.33903416305348
0.46965092145162,3.2,795.716439941142,647.040440920315,8.6303465058524,-12.6725648211843,8.33877796996007
0.580984525041946,3.2,795.716439941142,646.255828962811,8.46684899408565,-12.6725648211843,8.33852178097672
0.718664219339722,3.2,795.716439941142,645.78790975024,8.36934394559449,-12.6725648211843,8.33826560430252
0.856343913637497,3.2,795.716439941142,645.319990537669,8.27183889710333,-12.6725648211843,8.33800942762832
1.16189848638288,3.20323157010847,795.707136402035,645.119710454548,8.21468920866043,-12.6684060162304,8.33775325733535
1.73141924326925,3.21154445576698,795.683203993259,645.340265700579,8.22099422231519,-12.6577079131729,8.33749709707623
2.30094000015561,3.21985734142548,795.659271584484,645.56082094661,8.22729923596996,-12.6470098101154,8.33724093681711
3.27408083649622,3.23658994385669,795.611111133875,646.027854139315,8.24650328909805,-12.6256134309274,8.33698478407903
4.60924526849041,3.26087453959943,795.541219547313,646.715963628881,8.27727702591711,-12.5946213240015,8.33672863808688
6.1437578337211,3.28967993575576,795.458334193577,647.519927931537,8.31367403364709,-12.5580576624824,8.33647249709444
7.96224932641887,3.32492538245032,795.35693872888,648.488931780984,8.35808160268112,-12.5135571115025,8.33621636322424
9.87422899723383,3.36261935358154,795.248518337497,649.511664684719,8.40545705061387,-12.4661847433603,8.33596023296732
12.0067182823504,3.40608863438306,795.123528323034,650.661127762006,8.45983280430112,-12.4120386493036,8.33570411123297
14.1656848761613,3.45056211534129,794.99566759117,651.825213491254,8.51536205161345,-12.3568342130744,8.33544799172227
16.4428426841702,3.49951821336568,794.854992355422,653.05457281043,8.57604034234602,-12.2969054769612,8.33519188213766
18.7275756501065,3.54908727195533,794.71257090738,654.289721911459,8.63767462619378,-12.2364134986518,8.33493577339206
21.115633948542,3.6070171270884,794.546331082539,655.603843773299,8.71234867864332,-12.1682388835226,8.33467967609065
23.5036922469775,3.66494698222146,794.380091257699,656.917965635139,8.78702273109285,-12.1000642683935,8.33442357878924
26.4895089122258,3.75538008103944,794.12108999675,658.699592382725,8.91738747096985,-12.0001395998962,8.33416749195283
29.6439350748155,3.854758003419,793.836579531797,660.606109894778,9.06163157358576,-11.8915381755451,8.33391140825548
33.0975639028504,3.96990483352942,793.507117736075,662.727921901245,9.22896170102776,-11.7677163771908,8.33365533052406
36.7809657784038,4.09706351215311,793.143470008735,664.997812558972,9.41003980029245,-11.6325440901618,8.33339925887347
40.6201286582202,4.23222730731132,792.757118094817,667.343606795382,9.59484224805413,-11.490152495969,8.33314319345228
44.5326471501805,4.37099459144984,792.36064257942,669.695325591651,9.77462763254352,-11.344935886067,8.33288713351489
48.4604457400849,4.51021056799151,791.963089845205,671.994007361758,9.94109117425553,-11.2001732168047,8.33263107934341
52.3311079807887,4.64594032319877,791.575743857122,674.165698443536,10.0838332493928,-11.0599568808352,8.33237503130619
56.0788588468627,4.77465514780402,791.208698843951,676.151163035638,10.1952511234784,-10.9278474554172,8.33211898904366
59.6544625519706,4.8937198733469,790.869489500802,677.907034525724,10.2699075563296,-10.806488657321,8.33186295219107
62.9894243725533,4.99899139846911,790.569997261347,679.353745893243,10.2944591845656,-10.7001923770637,8.33160692139919
66.2188061343893,5.09449460080614,790.298592608023,680.58415874164,10.2660000516192,-10.6043958916602,8.33135089595827
69.4854482801589,5.18412993341714,790.044044338531,681.678613124945,10.1730135595109,-10.5148530751903,8.33109487740315
72.7629360000113,5.27064438046264,789.798481187642,682.700013375873,10.0438868934772,-10.4287270447532,8.33083886373355
76.0307420757125,5.35424902032853,789.561316764753,683.653276665433,9.88280119718048,-10.3458818938302,8.33058285543207
79.2533229457297,5.43530538351282,789.331547127189,684.546852861852,9.69695162443042,-10.2660866960107,8.33032685334107
82.4069040739747,5.5148401231718,789.106238266022,685.404797977834,9.50000000334356,-10.1883146292998,8.33007085668339
85.4516902643559,5.59345766063271,788.883690617554,686.241308976362,9.30225319028219,-10.112085233646,8.3298148660611
88.3614054359412,5.6719674570606,788.661598980587,687.075407168267,9.11514363997,-10.0366251308224,8.32955888117081
91.063215367835,5.75139574848001,788.437083366861,687.931282943305,8.95663331175176,-9.96114388306557,8.32930290325111
93.6110239685247,5.83197425181492,788.209417756277,688.814356176311,8.82460495284887,-9.88512471562253,8.32904692969214
95.944868617931,5.91447154272101,787.976451078439,689.742784528308,8.73298591583808,-9.80800168896636,8.32879096164397
97.9889267294418,6.00093622671972,787.73243310727,690.757494484093,8.70462978223084,-9.72812776085005,8.32853500044211
99.9434104616102,6.09741880226911,787.460459677053,691.925465966928,8.72015543488164,-9.64052629258752,8.32827904512169
101.907030242644,6.20448589788267,787.158976768901,693.243930116589,8.76190360772138,-9.54476702245306,8.32802309511535
103.865327077225,6.3201909577647,786.833454641663,694.68686210535,8.82682247965944,-9.44252887085103,8.32776715087607
105.779845374485,6.44054712121388,786.495059537457,696.201671523417,8.91092519003559,-9.33711368952133,8.32751121240697
107.61212954392,6.56156752750237,786.154957698472,697.735636705234,9.01022487806167,-9.23182333022112,8.32725527971117
109.318701633615,6.67903540068897,785.82496416601,699.233171255706,9.12096459820112,-9.13017141235213,8.32699935297468
110.899553856985,6.79098846245004,785.510542016688,700.665965081713,9.23808021092641,-9.03363900392524,8.32674343096667
112.255492457273,6.89032901902781,785.231623462512,701.943172048601,9.35951260193346,-8.94833830124143,8.3264875156945
113.374304477601,6.9742731891965,784.995980112603,703.025826599837,9.48007779027535,-8.87646340174865,8.32623160620682
114.212574066163,7.03846097753691,784.815825629504,703.855835373917,9.59563894299398,-8.82163554538185,8.3259757025957
114.800342500204,7.08418941202046,784.687496960801,704.44830888184,9.70461892771234,-8.7826470718779,8.32571980371823
114.987674501856,7.09906832483366,784.645747183976,704.628324521834,9.79965842618023,-8.76989452218169,8.32546391166619
114.959134131092,7.09774893248741,784.649438333202,704.350392514901,9.88897866574519,-8.76919395387284,8.32520802542295
114.854666341801,7.0922969989921,784.664708089338,703.612762310999,9.98003493855673,-8.76919395387284,8.32495214495153
114.674337911021,7.08367300465739,784.688862142305,702.436820161828,10.0724328560299,-8.76919395387284,8.3246962714562
114.450578061584,7.07364442412898,784.716950155336,701.060829804071,10.1648747692614,-8.76919395387284,8.32444040225536
114.183744378056,7.06236517472512,784.748541037351,699.504043582428,10.2571097984662,-8.76919395387284,8.32418453741762
113.837878403529,7.04999456978212,784.783188584117,697.764320189191,10.3468474784865,-8.76919395387284,8.32392868146437
113.433391947325,7.03863604708936,784.815001494479,696.113977959591,10.4315271400574,-8.76919395387284,8.3236728334316
112.990197770661,7.02794581294871,784.844942664619,694.522655052205,10.5128669388599,-8.76919395387284,8.32341699062879
112.547003593997,7.01725557880805,784.874883834758,692.931332144818,10.5942067376625,-8.76919395387284,8.32316114782597
112.052028862667,7.00968740012334,784.896081564021,691.638992287517,10.6688621398831,-8.76899798105172,8.32290531143278
111.456785767667,7.00816479962673,784.900348410345,690.925606081653,10.7305738123249,-8.76842252457648,8.32264948745123
110.861542672667,7.00664219913011,784.904615256669,690.212219875788,10.7922854847667,-8.76784706810123,8.32239366346969
110.20491091641,7.00717042261458,784.903141341466,689.536089299945,10.8527496000006,-8.76654193953908,8.32213784099493
108.830692232982,7.03167122423645,784.834562274597,689.295448805153,10.8986307169249,-8.75670749725754,8.32188203613347
107.456473549554,7.05617202585833,784.765983207728,689.054808310362,10.9445118338492,-8.746873054976,8.32162623127201
106.082254866126,7.08067282748021,784.697404140859,688.81416781557,10.9903929507735,-8.73703861269446,8.32137042641055
104.127939873619,7.11912090739795,784.589805969161,688.673253947222,11.0304172397624,-8.718490309953,8.3211146370288
102.043742763952,7.16069174814925,784.473471517184,688.554668621871,11.0691301995802,-8.69799099558217,8.32085885111291
99.9595456542841,7.20226258890056,784.357137065208,688.43608329652,11.107843159398,-8.67749168121133,8.32060306519703
97.6892179580125,7.24339803756857,784.242054540299,688.380646014493,11.1461493484141,-8.6520096667372,8.32034729064317
95.2698417767264,7.28418483569189,784.127974525704,688.37577602697,11.184129806056,-8.62253763689145,8.32009152518772
92.8504655954404,7.32497163381522,784.01389451111,688.370906039448,11.2221102636979,-8.5930656070457,8.31983575973226
90.4310894141543,7.36575843193854,783.899814496515,688.366036051925,11.2600907213397,-8.56359357719995,8.31957999427681
87.7851749488055,7.39992155927119,783.804358799654,688.846354660116,11.305361336593,-8.50469288381599,8.31932424511146
85.0574651904248,7.43169310367333,783.715627712422,689.501858418695,11.3532641805689,-8.43516649788029,8.31906850182792
82.329755432044,7.46346464807547,783.626896625191,690.157362177274,11.4011670245448,-8.3656401119446,8.31881275854438
79.6020456736633,7.49523619247762,783.53816553796,690.812865935853,11.4490698685206,-8.29611372600891,8.31855701526084
76.2948987456196,7.5269623148698,783.449627291565,692.381250181516,11.5021587109392,-8.15739815678013,8.31830129235695
72.9333143502681,7.55868416991548,783.36110716235,694.035398517358,11.555734772051,-8.0121823419669,8.3180455713677
69.5717299549167,7.59040602496116,783.272587033134,695.6895468532,11.6093108331629,-7.86696652715367,8.31778985037845
66.1984969102852,7.62097835388113,783.1872764055,697.309967966224,11.6610667739553,-7.71940790681579,8.31753413147719
62.7123557829917,7.64040855055007,783.133074849925,698.60347769491,11.6951806439329,-7.54914093004274,8.31727843281442
59.2262146556982,7.65983874721901,783.078873294351,699.896987423596,11.7292945139106,-7.37887395326968,8.31702273415164
55.7400735284046,7.67926894388795,783.024671738776,701.190497152282,11.7634083838883,-7.20860697649663,8.31676703548887
52.2700405738491,7.69386794711761,782.983947249726,702.165376127838,11.7720411028473,-7.03555195153892,8.31651134288983
48.8429205709298,7.69559641724725,782.979126318041,702.291407358759,11.7127908024792,-6.85506943130574,8.31625566644487
45.4158005680106,7.69732488737689,782.974305386356,702.417438589679,11.653540502111,-6.67458691107257,8.31599998999992
41.9886805650914,7.69905335750653,782.969484454671,702.543469820599,11.5942902017429,-6.49410439083939,8.31574431355496
38.4329380920462,7.7,782.966844143617,702.612494165682,11.4636210716773,-6.29258954449185,8.31548864613822
34.7214586122708,7.7,782.966844143617,702.612494165682,11.2464775118298,-6.06560860726284,8.3152329896529
31.0099791324954,7.7,782.966844143617,702.612494165682,11.0293339519824,-5.83862767003383,8.31497733316758
27.4450036561541,7.7,782.966844143617,702.612494165682,10.8053782911503,-5.62326513210864,8.31472168378373
24.1005731833717,7.7,782.966844143617,702.612494165682,10.5711677922204,-5.42539276411564,8.31446604509029
20.7561427105893,7.7,782.966844143617,702.612494165682,10.3369572932904,-5.22752039612265,8.31421040639686
17.7188015250444,7.7,782.966844143617,702.612494165682,10.1351051867507,-5.0605439641573,8.31395477326141
15.2620230316695,7.7,782.966844143617,702.612494165682,9.99442771632222,-4.95197734504699,8.31369915063349
12.8052445382947,7.7,782.966844143617,702.612494165682,9.85375024589376,-4.84341072593667,8.31344352800556
11.167989366062,7.69627916472102,782.977224655485,702.82083737634,9.82211927630799,-4.84502298986339,8.31318791806088
9.66647784602592,7.69194202023282,782.989324567591,703.063689999478,9.808550477623,-4.86488498945051,8.31293231021702
8.23883592505924,7.68269453374493,783.01512351757,703.581419127829,9.8,-4.92234150123803,8.31267670763342
6.93705688653097,7.66508055000208,783.064263604027,704.567497207531,9.8,-5.0438535071533,8.31242111401255
5.63527784800271,7.64746656625922,783.113403690483,705.553575287233,9.8,-5.16536551306856,8.31216552039168
4.48831085405759,7.6241514095749,783.178449101671,706.858440155399,9.8,-5.32620768814385,8.3119099378609
3.38435166871474,7.60005490423733,783.245674345708,708.206949702677,9.8,-5.49244008291964,8.31165435792433
2.47128670463695,7.57581226744935,783.313307272198,709.563242492737,9.8,-5.65968058159324,8.31139878748783
1.64290702073104,7.55293836750976,783.377121650424,710.842855599503,9.8,-5.81747869843843,8.31114322039636
0.988801740544873,7.53288120027296,783.433077812668,711.96466907384,9.8,-5.95584527464872,8.3108876601887
0.422856974501769,7.51490324978311,783.483233305842,712.970117047656,9.8,-6.07986814523601,8.31063210306653
0.117082375026524,7.50424987745604,783.512954443595,713.565822994248,9.8,-6.15336160702885,8.31037655432911
0.00496441893643597,7.50045294198123,783.523547532222,713.787532025914,9.79900352775062,-6.17439530705957,8.31012101128025
0,7.50635070414954,783.507099792616,713.668156836444,9.77671408478502,-6.01829098815394,8.3098654740562
0,7.52271828740814,783.461453209318,713.319430453862,9.71669961283682,-5.59461380313908,8.30960994278357
0,7.54748921814958,783.392371028059,712.791572856655,9.62587286678488,-4.953414791598,8.30935441748059
0,7.57816653954372,783.306816863815,712.137714530136,9.51338935500637,-4.15932803079071,8.30909889776511
0,7.61326760693471,783.208925576434,711.389349502761,9.38468544123939,-3.25073198528592,8.3088433845592
0,7.64999999978826,783.106484782114,710.606019430449,9.25000000077639,-2.29990885170735,8.30858787623435
0,7.68715185546063,783.002874172788,709.81353388415,9.11377652997767,-1.33822786431529,8.3083323732506
0,7.72147840796895,782.907142884079,709.08104414117,8.98791250411384,-0.449680245023477,8.30807687797603
0,7.75262217184764,782.820287886024,708.416345295185,8.87371870322531,0.356480444824074,8.30782138703291
0,7.77568792807976,782.755961164935,707.923928196564,8.78914426370754,0.953540775372837,8.30756590344585
0,7.79080192529985,782.713810633475,707.60123458989,8.73372627390056,1.34476871020944,8.30731042513254
0,7.79840962235695,782.692593977849,707.494763846172,8.71961465752282,1.54169501403057,8.30705495202359
0,7.8,782.688158667858,707.657001997541,8.76209762030629,1.58286216206159,8.30679948419721
0,7.8,782.688158667858,708.229750758336,8.90313826596354,1.58286216206159,8.30654402318046
0,7.8,782.688158667858,709.118233069307,9.12192899476458,1.58286216206159,8.3062885687661
0,7.8,782.688158667858,710.156237449716,9.37753986296574,1.58286216206159,8.30603311821264
0,7.8,782.688158667858,711.377217840963,9.67820897742565,1.58286216206159,8.30577767415113
0,7.8,782.688158667858,712.683971695537,9.9999999964202,1.58286216206159,8.30552223692644
0,7.8,782.688158667858,713.984772586644,10.3203250850307,1.58286216206159,8.30526680508245
0,7.8,782.688158667858,715.212337164427,10.6226155699478,1.58286216206159,8.30501137910479
0,7.8,782.688158667858,716.285816828117,10.8869623049047,1.58286216206159,8.3047559591976
0,7.8,782.688158667858,717.163390416377,11.1030667366769,1.58286216206159,8.30450054458244
0,7.8,782.688158667858,717.688873389917,11.2324680779685,1.58286216206159,8.30424513693901
0,7.8,782.688158667858,717.92674208185,11.2910437680239,1.58286216206159,8.30398973442247
0,7.8,782.688158667858,717.963112241259,11.3,1.58286216206159,8.30373433765803
0,7.8,782.688158667858,717.963112241259,11.3,1.58286216206159,8.3034789465904
0,7.8,782.688158667858,717.963112241259,11.3,1.58286216206159,8.30322356198866
0,7.8,782.688158667858,717.963112241259,11.3,1.58286216206159,8.30296818288057
0,7.8,782.688158667858,717.963112241259,11.3,1.58286216206159,8.30271281007113
0,7.8,782.688158667858,717.963112241259,11.3,1.58286216206159,8.3024574429599
0,7.8,782.688158667858,717.963112241259,11.3,1.58286216206159,8.30220208154975
0,7.8,782.688158667858,717.963112241259,11.3,1.58286216206159,8.30194672671421
0,7.8,782.688158667858,717.963112241259,11.3,1.58286216206159,8.30169137641863
0,7.8,782.688158667858,717.963112241259,11.3,1.58286216206159,8.30143603198041
0,7.8,782.688158667858,717.963112241259,11.3,1.58286216206159,8.30118069522121
0,7.79714470473055,782.69612559307,717.940792491569,11.3,1.58013363165596,8.30092536334977
0,7.78845679242054,782.720367015104,717.873038235067,11.3,1.57185963827182,8.3006700363884
0,7.76450544501193,782.787197641703,717.6866828357,11.3,1.5491263766041,8.30041471611609
0,7.72585427708719,782.895046751361,717.387973275746,11.3,1.51279658275655,8.30015940299745
0,7.68100116876233,783.020202845116,717.042877666644,11.3,1.47090952001104,8.29990409378778
0,7.62746246334626,783.169598249464,716.634273199982,11.3,1.42149577762674,8.29964879132547
0,7.57038620091157,783.328870218606,716.203790007797,11.3,1.36972508744794,8.29939349513387
0,7.5120937399594,783.491539890132,715.767871603485,11.3,1.31751716313559,8.29913820295274
0,7.45582514880826,783.648573073428,715.357875194436,11.3,1.26905441304025,8.29888291909878
0,7.40311162082497,783.795692848885,714.981366228366,11.3,1.2250220101429,8.29862763919239
0,7.35802927030506,783.921530500993,714.67447847354,11.3,1.19009871630255,8.29837236576666
0,7.32277882437735,784.019945501531,714.454330242245,11.3,1.16638799008186,8.29811709808818
0,7.30356972729724,784.073612831025,714.389765348592,11.2977534268449,1.15995631978854,8.29786183851349
0,7.28799016765469,784.117150608843,714.387301426013,11.2915253265077,1.15658801224055,8.29760658232588
0,7.27763652795701,784.14609753468,714.507956781126,11.2752267956618,1.15658801224055,8.29735133302502
0,7.2689686739259,784.170332004123,714.719944991246,11.2499739686311,1.15658801224055,8.29709608962188
0,7.26126141446063,784.191881264528,714.985214934595,11.2195323264715,1.15658801224055,8.29684084969248
0,7.25514944674835,784.208972754525,715.386002936179,11.1771893580781,1.15658801224055,8.29658561982778
0,7.2489026428645,784.226443762125,715.853618038074,11.1303858879648,1.15658801224055,8.29633039626271
0,7.24245556422125,784.244478474521,716.420492717571,11.076957148843,1.15658801224055,8.2960751820546
0,7.236008485578,784.262513186918,716.987367397067,11.0235284097212,1.15658801224055,8.29581996784649
0,7.22956140693476,784.280547899314,717.554242076564,10.9700996705995,1.15658801224055,8.29556475363838
0,7.22157723450132,784.302884747855,718.190158782412,10.9141975320165,1.15658801224055,8.29530954796758
0,7.21152876233897,784.330998384831,718.892166510195,10.8568327389628,1.15658801224055,8.29505435133053
0,7.19997853032006,784.363313874887,719.619687830789,10.7999696696646,1.15657503734017,8.29479915912178
0,7.18039140068154,784.418149081466,720.62624301508,10.7326521144496,1.15198267010059,8.29454397469016
0,7.15053074525578,784.501784786743,722.091619898857,10.6464063139175,1.13973556234765,8.29428879653941
0,7.1148800119914,784.601652987823,723.844808607982,10.5498000208035,1.12307232956474,8.29403362272294
0,7.07194697075432,784.721939351004,726.045297968937,10.4410786126637,1.10056112135757,8.29377845669339
0,7.02661612498567,784.848950972902,728.481923518593,10.3293209898013,1.07581868001447,8.29352329565868
0,6.98019816517449,784.97901481677,731.147425530761,10.2174923534901,1.04964579180398,8.29326814021915
0,6.93568122499089,785.103757606604,734.047721194887,10.1125918798476,1.02379140504805,8.29301299235337
0,6.89187766042292,785.226502777808,737.003339008529,10.0099399180956,0.998169260384692,8.29275784643336
0,6.85831809715759,785.32054633759,740.130948633896,9.93290105021212,0.978023705420653,8.29250271142488
0,6.82902037725123,785.402647278627,743.260351460119,9.86576799722294,0.960397238346343,8.29224757904239
0,6.8118361581553,785.450803536656,746.394851127826,9.82679038934122,0.949930812273903,8.2919924541238
0,6.80009255883226,785.483713564505,749.510155778621,9.80012421937211,0.942799905217575,8.29173733190655
0,6.81460182947501,785.443095149518,752.870316424638,9.81292919786416,0.961029059066019,8.29148221827793
0,6.85210215308025,785.33811898384,756.69763987226,9.84659591953309,1.00794446169973,8.29122711019534
0,6.9110701943824,785.173059810311,760.927015576534,9.90058434034309,1.08138152897641,8.29097200828023
0,6.9859923765546,784.963360723237,765.415240135615,9.970679360311,1.17420703149777,8.29071691208182
0,7.07491745575695,784.714500988651,770.064342897525,10.0565682853245,1.28351887572647,8.29046182277119
0,7.16999232199851,784.448457627331,774.733494872663,10.1506523348114,1.39966798492192,8.29020673790612
0,7.27026954790726,784.167914827819,779.294007775786,10.2547800134693,1.52060450995854,8.28995166031269
0,7.3707307451531,783.886912001808,783.670976221209,10.3637070689907,1.64028678892327,8.28969658799195
0,7.46623858778179,783.619856116142,787.668430815057,10.4749999998889,1.7515898333619,8.28944152220989
0,7.55634727407014,783.36797330357,791.351196021847,10.5864192906223,1.85454506645085,8.28918646078729
0,7.63452744672743,783.149579601856,794.451593469021,10.6953187535402,1.93995379668373,8.28893140583731
0,7.69809659543286,782.972192517406,796.912696828476,10.8020966227101,2.00408764462398,8.2886763573141
0,7.75379188707236,782.816924483512,799.036614456381,10.915424833657,2.05578600770463,8.28842131371955
0,7.8074824927086,782.667353478407,801.051882862495,11.0525522914095,2.10150557654891,8.28816627723469
0,7.86064659182019,782.51929808384,803.024579908546,11.2036580871345,2.14489014668185,8.28791124564295
0,7.91224600719656,782.375659541114,804.901102979928,11.3672463462675,2.18508900443927,8.28765622109474
0,7.9620377144567,782.237090461967,806.67809607806,11.5341324769276,2.22304414507249,8.28740120181394
0,8.00916906733298,782.105961652697,808.315629244532,11.699106049276,2.25857122132448,8.2871461885392
0,8.05249765778829,781.985445638017,809.761540920367,11.8538633645102,2.29159407262259,8.286891181919
0,8.09228579996576,781.874799678874,811.032703135935,11.9955565530792,2.32274432520233,8.28663618057764
0,8.12753592559887,781.776792990902,812.083907811747,12.116574520294,2.35200199832057,8.28638118498842
0,8.1572862529047,781.694095415359,812.871577835142,12.2095684498843,2.37934921786049,8.2861261956049
0,8.18107935585254,781.62797096308,813.376965395419,12.269121057691,2.40502576785061,8.2858712121468
0,8.19894367840281,781.578334341325,813.585988671284,12.2934273342042,2.42943010997696,8.28561623461404
0,8.21259909774199,781.540399223848,813.528448531702,12.2918187167252,2.45343708753066,8.2853612629993
0,8.22398297134176,781.508777536878,813.255794212288,12.275730098989,2.47760687531679,8.28510629749182
0,8.23406129325707,781.480783897341,812.831252417584,12.2509290547866,2.5017593108738,8.28485133757839
0,8.24301148422564,781.455925461955,812.286855608261,12.2182651460342,2.52547447214939,8.28459638335784
0,8.25103623025351,781.433639182627,811.657915066061,12.1787467329298,2.54832039088179,8.28434143484596
0,8.25832316236128,781.413403876285,810.979615066868,12.1332341606594,2.56980486140475,8.28408649224516
0,8.26505120525008,781.394722811361,810.300939268035,12.0820952418468,2.58888701402649,8.2838315569111
0,8.27160493816398,781.376527440739,809.67670625109,12.0276010910042,2.60519906054431,8.28357662795455
0,8.27819287801874,781.358238076504,809.117804135154,11.9715356102097,2.6192392375754,8.28332170347411
0,8.2848771233888,781.339682218861,808.635392757293,11.9141978265011,2.63086268309194,8.28306678350006
0,8.29229430002881,781.319092486895,808.405071829324,11.8568586170634,2.63631815513355,8.2828118729531
0,8.30036422075684,781.296691368226,808.312565043329,11.7966226801169,2.60409169838436,8.28255696692221
0,8.30914816958792,781.272309285996,808.344746935917,11.7304273744884,2.50629790554185,8.28230206557228
0,8.31915132586425,781.244546204447,808.509329893601,11.6454367850113,2.22134459369797,8.28204717141488
0,8.32981433554358,781.214954176555,808.76376200026,11.5466177172805,1.78958627354152,8.28179228371055
0,8.34072897883329,781.184665169456,809.078054439036,11.4408842646959,1.27629700050515,8.28153740057403
0,8.35174238184329,781.154103584038,809.466894472747,11.3291641640248,0.680053438875257,8.28128252343271
0,8.36225078925781,781.124944587273,809.938261423011,11.2183280718471,0.0451584046896997,8.28102765380641
0,8.37219116843398,781.097362348464,810.455027675971,11.1115266463567,-0.585878505561616,8.28077278872939
0,8.38133449027537,781.071992340957,811.020954137174,11.0113189896837,-1.19698656339806,8.2805179288388
0,8.38846354322397,781.052211864357,811.654720445683,10.9313888722867,-1.70146288223177,8.2802630774144
0,8.39413051796123,781.036488272813,812.320070682855,10.8673086407164,-2.11092771416472,8.28000823068277
0,8.39822094825115,781.025139119981,813.016298252602,10.8205228553033,-2.41477168953552,8.2797533887498
0,8.39427487399399,781.036117086893,813.836699282189,10.8061809727788,-2.50698693140275,8.2794985550726
0,8.38138257387629,781.071964538265,814.811267144231,10.8,-2.54339571105346,8.27924372522136
0,8.34409568401832,781.175634762269,816.215380039496,10.8,-2.53098935648791,8.27898890271872
0,8.29074114294272,781.323985107438,817.93877412631,10.8,-2.51346785681973,8.27873408547321
0,8.22197055525838,781.515208093293,819.992811776836,10.8,-2.4911952793519,8.2784792740786
0,8.14236022661499,781.736584247939,822.319709375044,10.8,-2.46584193445343,8.27822446813723
0,8.05416831939818,781.98184450922,824.930874525995,10.8,-2.43848850132999,8.27796966877425
0,7.96330177906034,782.234583556662,827.820730289278,10.8,-2.41173106277634,8.27771487774379
0,7.87211821635309,782.488209059331,830.743619053446,10.8,-2.3850442670369,8.27746008770098
0,7.79068889125897,782.714791652645,833.917901680302,10.8,-2.36430813632182,8.27720530912636
0,7.71141352289227,782.935394495067,837.103741928727,10.8,-2.34460343734221,8.27695053162815
0,7.65479421238749,783.093095450144,840.384927587548,10.8,-2.33557910267777,8.27669576458345
0,7.60159078924381,783.241315053459,843.749317373658,10.7981107056758,-2.32930186287427,8.27644099954474
0,7.56429221479177,783.345388158589,847.501117198555,10.7874245930773,-2.33581548046332,8.27618624384623
0,7.52773647138175,783.447407016978,851.50306418667,10.7704179067823,-2.34616048193246,8.27593149188717
0,7.49317841472792,783.54390141384,856.177728989194,10.7364133762254,-2.36680917886162,8.27567674998458
0,7.4586203580741,783.640395810702,860.852393791718,10.7024088456685,-2.38745787579079,8.27542200808199
0,7.42719973201224,783.728151333387,865.760657618334,10.6594207660334,-2.41159067679425,8.27516727488389
0,7.39846153019614,783.808435338446,870.868642735236,10.6087519778839,-2.43870229915161,8.27491254912792
0,7.36972332838005,783.888719343505,875.976627852138,10.5580831897345,-2.46581392150897,8.27465782337195
0,7.3491177204889,783.946298925183,880.819059728664,10.5041780662353,-2.48899292209501,8.27440311079965
0,7.3304554999786,783.998452994375,885.598034260455,10.4494995789931,-2.51123217238802,8.27414840137775
0,7.31283292891036,784.047701858232,890.296994564204,10.395486259252,-2.53159359856125,8.27389369320451
0,7.3080027115181,784.061203659035,894.011420790579,10.3496574847853,-2.52884936112348,8.27363900039532
0,7.30317249412585,784.074705459837,897.725847016953,10.3038287103187,-2.52610512368572,8.27338430758612
0,7.3,784.083573463129,901.221666977306,10.2613504793986,-2.47001720255959,8.2731296212212
0,7.3,784.083573463129,904.299125737759,10.2252844041954,-2.31184196289079,8.27287494718909
0,7.3,784.083573463129,907.376584498213,10.1892183289922,-2.15366672322199,8.27262027315699
0,7.3,784.083573463129,910.454043258666,10.153152253789,-1.99549148355319,8.27236559912488
0,7.3,784.083573463129,913.202106302584,10.116485048113,-1.74901702022481,8.27211094073061
0,7.3,784.083573463129,915.825329297798,10.0795900156811,-1.46907739985637,8.27185628826303
0,7.3,784.083573463129,918.448552293012,10.0426949832492,-1.18913777948794,8.27160163579546
0,7.3,784.083573463129,921.0005721769,10.0044107488925,-0.911801677197001,8.27134698567229
0,7.3,784.083573463129,922.959158043958,9.95454837331286,-0.656164292305643,8.27109235508836
0,7.3,784.083573463129,924.917743911016,9.90468599773318,-0.400526907414285,8.27083772450443
0,7.3,784.083573463129,926.876329778074,9.8548236221535,-0.144889522522927,8.2705830939205
0,7.29475924439701,784.098236386259,928.511525684648,9.78741835267039,0.077734373281286,8.27032847381917
0,7.28404407760544,784.128215969144,929.808913505509,9.70168805108504,0.265872895653979,8.27007386466779
0,7.27332891081387,784.158195552029,931.10630132637,9.61595774949968,0.454011418026673,8.26981925551642
0,7.2626137440223,784.188175134914,932.403689147231,9.53022744791432,0.642149940399366,8.26956464636505
0,7.23571791661295,784.26343476842,933.383674026641,9.40347686688989,0.82371610208483,8.26931005623261
0,7.20642698875912,784.345396864324,934.316676156453,9.27065436508066,1.00430940707581,8.26905546891541
0,7.1771360609053,784.427358960227,935.249678286265,9.13783186327142,1.18490271206678,8.2688008815982
0,7.14734274715048,784.510734251447,936.13409835088,8.99847155417194,1.34721976991097,8.26854630013179
0,7.11606633417763,784.598281452874,936.875098739978,8.83981090869603,1.45558330756519,8.26829173593759
0,7.08478992120478,784.6858286543,937.616099129076,8.68115026322011,1.56394684521941,8.26803717174339
0,7.05351350823193,784.773375855727,938.357099518175,8.5224896177442,1.67231038287362,8.26778260754918
0,7.02341663475959,784.857627398806,939.093903351849,8.36102673655947,1.75833957979606,8.26752804574992
0,7.00211428839742,784.917306846864,939.799418093096,8.17867066960233,1.67784619314483,8.26727350180711
0,6.98081194203526,784.976986294923,940.504932834343,7.99631460264519,1.59735280649359,8.26701895786429
0,6.96055952114125,785.033735992438,941.200660922279,7.78387195543079,1.36355670088072,8.26676441960854
0,6.94128823532448,785.087749657409,941.879115581614,7.53348101055511,0.932028860471545,8.26650988902195
0,6.92250438875902,785.140404699243,942.536836382484,7.26229865208847,0.373722028302974,8.26625536488448
0,6.90441331316811,785.19112525195,943.166744927058,6.98429585746645,-0.267771613485723,8.26600084800208
0,6.8869210436939,785.240172161546,943.773333092868,6.71025827505637,-0.9390889662358,8.26574633656179
0,6.87014992304802,785.28720175426,944.352645839784,6.45206698215666,-1.59907804357806,8.26549183074485
0,6.85383572843928,785.332953157823,944.91467664908,6.20391603319846,-2.25188942917839,8.26523732849091
0,6.83914107113632,785.37417018479,945.417300483721,6.01655817409823,-2.77169373098969,8.26498283674684
0,6.82478693623004,785.414433373649,945.90764231187,5.84482610940058,-3.25139745183028,8.26472834697353
0,6.81177620265368,785.450932961301,946.349810828437,5.73855694280669,-3.55660934274918,8.26447386465421
0.00272503881014403,6.80000984838387,785.483945223833,946.747892805591,5.70082332190209,-3.66682398633245,8.26421938868436
0.127420788389417,6.78869014992626,785.515708021236,947.129075739283,5.7,-3.66923153045155,8.26396491876937
0.485030176149866,6.77716049393496,785.548063509712,947.515671975326,5.7,-3.66923153045155,8.26371045512366
1.04962939147588,6.76566215580984,785.580333929259,947.899898995937,5.7,-3.66923153045155,8.26345599772332
1.75876789375106,6.75434920761827,785.61208588732,948.277065550703,5.7,-3.66923153045155,8.26320154520463
2.64031560306213,6.74353290058051,785.642445980291,948.63670452684,5.7,-3.66923153045155,8.26294709938596
3.6499931614131,6.73342549876985,785.670817701247,948.972088933652,5.7,-3.66923153045155,8.26269265962838
4.75244052351203,6.7241160077922,785.696950694321,949.280508463527,5.7,-3.66923153045155,8.26243822516536
5.95163267914124,6.71626259266175,785.718997322429,949.540195617819,5.7,-3.66923153045155,8.26218379821024
7.19155752159938,6.70954911200743,785.737844329874,949.761961042726,5.7,-3.66923153045155,8.26192937609352
8.46299798451142,6.70444765448659,785.752166277152,949.930271468744,5.7,-3.66923153045155,8.26167496004445
9.73892075360217,6.70137999417473,785.760778729423,950.031371898011,5.7,-3.66923153045155,8.26142055060313
11.0144942918107,6.7001507761434,785.764229813819,950.058034309033,5.70132579021899,-3.67492192964459,8.26116614690535
12.3806011669116,6.7,785.764653127514,949.961922977142,5.7109494731869,-3.7162495400627,8.26091174874729
13.9635550759825,6.7,785.764653127514,949.674653485072,5.73739321409128,-3.83009160172404,8.26065735679662
15.7443610509227,6.7,785.764653127514,949.205686731587,5.77843102882302,-4.00744929177626,8.26040297111364
17.6870153577097,6.7,785.764653127514,948.568149817677,5.83056551242447,-4.23400399585109,8.26014859206041
19.7204878778844,6.7,785.764653127514,947.820372422353,5.88826597174655,-4.48599772189484,8.25989421790688
21.84169382248,6.7,785.764653127514,946.934278986509,5.94999999931407,-4.75816055102042,8.25963985088483
23.9920608253507,6.7,785.764653127514,945.959856148853,6.01128658608641,-5.03116263854813,8.25938548942541
26.141816692559,6.7,785.764653127514,944.910618124175,6.06934592117027,-5.29353183131134,8.25913113362757
28.2560029225617,6.7,785.764653127514,943.799785198419,6.12080215630684,-5.53143087129699,8.25887678380711
30.2977467281532,6.7,785.764653127514,942.645680318859,6.1622794432243,-5.73087107330554,8.2586224399671
32.2111524178664,6.7,785.764653127514,941.466114037162,6.18823960541209,-5.8692670914781,8.25836810286325
33.9705579224149,6.69968149917681,785.765547735874,940.240815894769,6.19681499172962,-5.94470745791584,8.25811377173779
35.5580730915327,6.69732749808893,785.772159678138,938.74974278859,6.18663749044462,-5.98477800369189,8.25785944658363
36.9956146082151,6.69194216584095,785.78728605428,936.863306543697,6.15971082920476,-6.01647876117305,8.25760512739393
38.3144437044031,6.68364571626575,785.810589206461,934.603363295303,6.11822858132877,-6.04563406918672,8.25735081474085
39.5785684949161,6.67377097317928,785.838325485554,932.146659781553,6.06885486589639,-6.07288935058038,8.25709650670746
40.7993163394532,6.66224737398764,785.87069308849,929.492581238919,6.01123686993819,-6.09741803577094,8.25684220503467
42.0427264335279,6.65000000020561,785.905093636879,926.776563107864,5.95000000102805,-6.11850434580331,8.25658791079966
43.3334584358347,6.63782416207855,785.939293255189,924.095978491272,5.88912081039276,-6.13726219641352,8.2563336213508
44.6865266032972,6.6259825521737,785.972554089861,921.487048333017,5.8299127608685,-6.1536896428509,8.25607933657748
46.262974366537,6.61638549990859,785.999510388142,919.243731740759,5.78192749954296,-6.164980202431,8.25582506145246
47.9750075517297,6.60842745573802,786.021863023771,917.251048400243,5.74213727869011,-6.17400208447929,8.25557079030591
49.8536309956227,6.60248321790848,786.038559259611,915.566311575255,5.71241608954242,-6.180236501832,8.2553165240476
52.3958727694931,6.60284679261353,786.037540316795,914.540706219809,5.70768182144293,-6.17058692573535,8.25506226648186
55.6206372597886,6.60807909330029,786.022851045734,913.707098483539,5.71470508318269,-6.13906897776073,8.25480801293961
60.2607335652757,6.62283894402599,785.98141199719,913.100949489864,5.74121264286642,-6.0602599354522,8.25455376601375
66.128776146569,6.64667638571537,785.914491991973,912.611150289353,5.78250891400248,-5.93664346617886,8.25429952596032
72.4896125746045,6.67415680516223,785.837346084448,912.168044061711,5.82974012394535,-5.79504508293122,8.2540452886649
79.7292632767095,6.71170911063226,785.731940518213,911.850310510666,5.8895415425842,-5.61301486442281,8.25379106234154
86.91837377294,6.75072433135335,785.622434842347,911.549429471386,5.94975457917392,-5.42853235789695,8.25353683884495
93.9444725878431,6.79348668386856,785.502427941294,911.291459030957,6.01075561214908,-5.23841266890139,8.25328262282109
100.34619701315,6.8369581320095,785.380448917722,911.037092660425,6.06719523484354,-5.05861914756824,8.25302841231873
106.222900673654,6.88102584087789,785.256811585783,910.78575686188,6.11979928203386,-4.88750864164048,8.25277420645925
110.312835509642,6.92288006340468,785.139425380601,910.49474225756,6.15699290964131,-4.75587408002001,8.25252000921687
113.702379057114,6.963806481168,785.024661173903,910.1864833703,6.18801225585523,-4.64038451402085,8.2522658151465
114.205729925568,7.0005929391802,784.921605339569,909.798263173629,6.19288517552342,-4.59495772760843,8.25201163306401
114.709080794022,7.03737939719239,784.818549505235,909.410042976958,6.19775809519161,-4.54953094119602,8.25175745098152
114.878145554062,7.07714257466413,784.707214366995,909.035372896976,6.2,-4.51311360588776,8.25150327605982
114.762362955283,7.1194422340735,784.588824380253,908.672248959214,6.2,-4.4843732822376,8.25124910723988
114.594244570276,7.16284013375466,784.467392985533,908.309224964868,6.2,-4.45835304430504,8.25099494574487
114.396456595709,7.20686063491845,784.344237391504,907.94625762927,6.2,-4.4338748454364,8.25074078840243
114.144623450956,7.24847983923375,784.227821556606,907.551406819008,6.2,-4.41305214610761,8.25048663952121
113.873451714758,7.28923980490616,784.113817360858,907.145147376148,6.2,-4.3935374676783,8.2502324936676
113.548219980691,7.3231198599496,784.019069442372,906.666518695135,6.2,-4.37875156005884,8.2499783574137
113.212286097634,7.35563791293066,783.928133650345,906.173563221678,6.2,-4.36490179768064,8.24972422306025
112.823590567072,7.37566909451717,783.872123377918,905.557868038794,6.2,-4.35704941635626,8.24947009954052
112.423052236874,7.39424219511868,783.820190783698,904.925632977981,6.2,-4.34983512449213,8.24921597724216
111.773168351716,7.39542873420653,783.816871201557,904.054158792247,6.2,-4.34904552160452,8.24896186867696
111.123284466558,7.39661527329438,783.813551619415,903.182684606512,6.2,-4.3482559187169,8.24870776011174
110.183664744367,7.39563185179668,783.816296435451,902.190190618368,6.2,-4.34774493369861,8.2484536571906
108.712669657241,7.39066872378475,783.830163354394,900.975746379512,6.2,-4.34774493369861,8.24819956462066
107.241674570115,7.38570559577283,783.844030273336,899.761302140655,6.2,-4.34774493369861,8.24794547205073
105.35388190037,7.37832702660816,783.86464817358,898.391109528282,6.2,-4.34774493369861,8.24769139027921
103.264879901616,7.36978240151161,783.888525114841,896.945729277986,6.2,-4.34774493369861,8.24743731372065
101.175877902861,7.36123777641507,783.912402056102,895.500349027689,6.2,-4.34774493369861,8.24718323716208
98.7566228342454,7.34983239974608,783.944279009001,893.95378055183,6.2,-4.34774493369861,8.24692917729045
96.3360368490248,7.33841549427655,783.976188201867,892.406804288422,6.2,-4.34774493369861,8.24667511748608
93.899478286834,7.32602493179676,784.010822751827,890.869103977937,6.1994971624172,-4.34529583044955,8.24642106329394
91.4285929204078,7.3115418745588,784.051314390444,889.35133869864,6.19791367220711,-4.33758333808422,8.24616702116309
88.9577075539816,7.29705881732085,784.09180602906,887.833573419344,6.19633018199702,-4.32987084571889,8.24591297903224
86.4612322408991,7.28169795927576,784.134755264755,886.309809175477,6.19348465758996,-4.31667450355513,8.24565893797956
83.5137150092467,7.2508652065256,784.221021484111,884.680308701461,6.16839483806393,-4.2068212137448,8.24540491593046
80.5661977775944,7.22003245377544,784.307287703468,883.050808227446,6.14330501853791,-4.09696792393447,8.24515089388136
77.618680545942,7.18919970102528,784.393553922825,881.42130775343,6.11821519901188,-3.98711463412414,8.24489687183226
74.3579773380058,7.14691199624235,784.511937668639,879.716563719326,6.07591238658539,-3.8346588267478,8.24464286542315
71.0139358684202,7.10157614798564,784.638867834236,877.991797500408,6.0290292256927,-3.67086656108566,8.24438886317581
67.6698943988345,7.05624029972893,784.765797999833,876.267031281491,5.98214606480002,-3.50707429542352,8.24413486092846
64.3073987976511,7.00749751720376,784.902336274909,874.555033810791,5.92985545412073,-3.36694599821616,8.24388086906108
60.9282712285477,6.95568420160265,785.047533953316,872.854544300224,5.87269132604494,-3.2481450857255,8.24362688654875
57.5491436594443,6.90387088600155,785.192731631723,871.154054789658,5.81552719796914,-3.12934417323484,8.24337290403641
54.1937686571808,6.85038595986622,785.342692972853,869.445197869403,5.75371586539601,-3.07343237869518,8.24311892699367
50.9052630813257,6.79219503128681,785.506065217992,867.712784594577,5.67882148789418,-3.19456920686042,8.24286496534918
47.6167575054705,6.7340041027074,785.669437463131,865.980371319751,5.60392711039234,-3.31570603502566,8.2426110037047
44.3282519296153,6.675813174128,785.832809708269,864.247958044925,5.52903273289051,-3.4368428631909,8.24235704206022
40.8840128063266,6.60536553274911,786.030859784303,862.346154706253,5.42312241576755,-3.83600362527926,8.2421030954429
37.371737563188,6.5295632378949,786.244059743569,860.370349054817,5.30366200478177,-4.35662614047881,8.24184915539058
33.8594623200494,6.45376094304068,786.457259702835,858.394543403381,5.18420159379598,-4.87724865567836,8.24159521533826
30.3680494312018,6.3777963910832,786.670935923993,856.440517927686,5.06471125219534,-5.40752292164863,8.24134127717767
27.0164969273875,6.30074407402398,786.887804985747,854.632505875161,4.94502025695512,-6.00250213703207,8.24108735169914
23.8780684596227,6.22763178327101,787.093649848848,853.043644588837,4.83777417667031,-6.55377614985167,8.24083343336254
20.9664952426703,6.15959730145301,787.285251076144,851.687363395223,4.74578831292661,-7.0360573359069,8.24057952070408
18.3236208409611,6.09808384752556,787.458543326702,850.60612370053,4.67303142899031,-7.42374054042233,8.24032561366844
15.99241961649,6.04454642395189,787.609428659983,849.843542045534,4.62351754075032,-7.69122060928252,8.24007171225804
14.007612343641,6.00032342953378,787.73413627002,849.43736554168,4.60060550738027,-7.8131967090654,8.23981781656649
12.3085093739598,5.96698011698712,787.82823805784,849.391776366732,4.60025445322249,-7.72151683229944,8.23956393028186
10.6244322186448,5.93505635668284,787.918340336229,849.376257142848,4.6,-7.5909344274919,8.23931004689329
8.97993404747533,5.90687179042996,787.997907643497,849.439944149482,4.6,-7.35788020298353,8.23905617113311
7.4010895875048,5.88058985100414,788.072117163203,849.537211573352,4.6,-7.08145069328173,8.23880230079291
5.88418513668259,5.8561029163225,788.14127195859,849.666159938219,4.6,-6.764099421312,8.2385484355661
4.4790190726864,5.83307695349428,788.206316658425,849.8130469826,4.6,-6.42565585447573,8.23829457642805
3.21067400540796,5.8111948385317,788.268146628458,849.967669442193,4.6,-6.08052501939621,8.23804072360735
2.13143524634462,5.7898989902479,788.328336672671,850.111044152166,4.6,-5.75566449805146,8.23778687776306
1.24077094493368,5.76859622802891,788.3885584831,850.230158904631,4.6,-5.4685683024562,8.23753303783186
0.580057865304421,5.74679281950752,788.450206211858,850.308839718983,4.6,-5.24212688828485,8.23727920424271
0.167966344443628,5.7240190612405,788.514604812957,850.334348469491,4.6,-5.09399522513983,8.23702537675349
0.0128880395135343,5.69996555378522,788.582626687875,850.276088469347,4.6,-5.03647822234199,8.23677155527649
0,5.67562459012359,788.651466997574,849.893971191555,4.6,-5.03457584176352,8.23651774046596
0,5.65178451755483,788.718897012381,849.17403806595,4.6,-5.040808891605,8.23626393056223
0,5.62854434416293,788.784640981221,848.032406058226,4.6,-5.05149469865,8.23601012744794
0,5.60555204940197,788.849697199199,846.554878390706,4.6,-5.06625759734176,8.23575633143421
0,5.58258266510024,788.914695996321,844.934983960384,4.6,-5.08293789818231,8.23550253903446
0,5.55920931416982,788.980858495434,843.085736041051,4.6,-5.10372286027416,8.23524875569984
0,5.53537511011759,789.048336705625,841.189720034377,4.6,-5.12621650104288,8.23499497699719
0,5.51099107101483,789.117382917372,839.269565929612,4.6,-5.1503104790526,8.23474120297947
0,5.4851912109559,789.190459319175,837.421287194391,4.6,-5.17666976991789,8.23448743746297
0,5.4585153978792,789.266026630279,835.663188834279,4.6,-5.20379748139483,8.23423367599061
0,5.43017620878038,789.346322152863,834.109952401588,4.6,-5.23191853822463,8.23397992130344
0,5.39980324257675,789.432396412827,832.838179467689,4.59951921697258,-5.26067349289006,8.2337261731851
0,5.36531455036577,789.53017420656,831.752432077312,4.5888193902449,-5.29317282492041,8.23347243131479
0,5.32604639367354,789.641549921379,830.721337781839,4.56253007215587,-5.33160663453363,8.23321869509847
0,5.28188309454038,789.766860315169,829.744741379515,4.51955020984013,-5.37738358522821,8.232964966451
0,5.23562731025048,789.898133499642,828.796550736736,4.46896426665698,-5.42731655753913,8.23271124261887
0,5.18759837117791,790.034467059447,827.878600128002,4.41136311409284,-5.48200060137739,8.23245752477675
0,5.13890005807514,790.172725699123,826.984116683606,4.35000000068822,-5.54088054563839,8.23220381292761
0,5.09063615175266,790.309774123043,826.106322133864,4.28812817512029,-5.60340121926253,8.2319501070744
0,5.04466180166606,790.440348885414,825.238806899134,4.2307540796183,-5.66962475362802,8.23169640876806
0,5.00143106186936,790.563151250024,824.371434750648,4.17989430332121,-5.73785954944262,8.23144271573687
0,4.96147345477748,790.676676402659,823.500371871678,4.13716255451025,-5.80772492169238,8.23118902780464
0,4.92765872535943,790.772781331535,822.614902716676,4.11037476536092,-5.87916290326463,8.23093534713116
0,4.90028979623233,790.850600098832,821.711509170393,4.10152760530462,-5.95127581035413,8.23068167259168
0,4.87838557236378,790.912900021602,820.833214667048,4.1221614924782,-6.02417715574784,8.23042800417617
0,4.85993347761593,790.96538284876,820.010060603048,4.17658507951774,-6.09880306029336,8.23017434187549
0,4.84428852021098,791.009883862685,819.225144201193,4.26031065672705,-6.17625217276766,8.22992068622338
0,4.83037194053467,791.049472920033,818.452329376121,4.36286904269141,-6.25702012545639,8.22966703645622
0,4.81753237045016,791.086004297206,817.672840984779,4.47814664693964,-6.34182129380097,8.22941339258339
0,4.80511557013258,791.121340436265,816.867872176519,4.59999999793649,-6.43136735432627,8.22915975460769
0,4.79246729976267,791.157343779252,816.01862496228,4.722285624212,-6.52636998357629,8.22890612253193
0,4.7788281573459,791.196176510548,815.101589516831,4.83799048443155,-6.62789079787079,8.2286524966263
0,4.76310610409773,791.240948924746,814.078332570493,4.93735102690912,-6.73809832667314,8.22839887800689
0,4.74511512029773,791.292187558833,812.957240067472,5.0176721577839,-6.8553007827294,8.22814526452774
0,4.72393110983783,791.35252448783,811.705338681275,5.07072555999878,-6.98140054329793,8.22789165720959
0,4.69776975965454,791.427057811059,810.248948482552,5.09618405957785,-7.12151060107127,8.22763805566017
0,4.66249621309381,791.527610686376,808.40227518717,5.1,-7.28953374354788,8.22738445994051
0,4.6072544977474,791.685236311328,805.672904487661,5.1,-7.52200091586332,8.2271308721676
0,4.53996492553528,791.877313643326,802.419428167352,5.1,-7.79112479922516,8.22687729016467
0,4.46353313563077,792.095543911847,798.775545057663,5.1,-8.08629332511782,8.22662371342519
0,4.3796564648529,792.33508319387,794.822063521878,5.1,-8.40063725084996,8.22637014198811
0,4.28896654166213,792.59415700269,790.608912280961,5.1,-8.72668176745475,8.2261165783254
0,4.19734284580416,792.855989756493,786.417100485129,5.1,-9.04001971755161,8.22586302287801
0,4.10545971165707,793.118589052295,782.23121761538,5.1,-9.34982729029736,8.22560946971317
0,4.01997375269753,793.363027380449,778.413571572504,5.1,-9.6170107951774,8.22535592505612
0,3.93791705197153,793.597730372925,774.793321901219,5.1,-9.86134531884457,8.22510238495974
0,3.86630237020483,793.802713256778,771.718230850033,5.1,-10.0493795873978,8.22484885165731
0,3.80434724624094,793.980203075518,769.14744755993,5.1,-10.1853323982649,8.22459532463973
0,3.7445928180961,794.1514860412,766.720104592242,5.1,-10.29936015823,8.22434180217629
0,3.68831093044904,794.312975036985,764.519100187246,5.1,-10.378791757056,8.22408828689896
0,3.63178100028167,794.475252375559,762.346702102121,5.1,-10.4466237523259,8.22383477860272
0,3.57514072370545,794.637880423341,760.187030079704,5.1,-10.5092954444561,8.22358127341215
0,3.52210049876231,794.790252582093,758.205310538975,5.1,-10.5606080037108,8.22332777936622
0,3.47114622685576,794.936646646783,756.308806284001,5.1,-10.6107325420275,8.22307428840231
0,3.42501657729729,795.069213384858,754.609130377615,5.1,-10.6581897631092,8.22282080451646
0,3.38835873289522,795.174578990184,753.267987898078,5.1,-10.7087475690939,8.22256732930895
0,3.35789293076751,795.262162286741,752.161230955315,5.1,-10.7613323332432,8.22231385977476
0,3.32742712863979,795.349745583298,751.054474012552,5.1,-10.8139170973924,8.22206039024058
0,3.30775092052214,795.406316996209,750.342759358624,5.1,-10.8740227644503,8.2218069280958
0,3.30076520913261,795.426405592831,750.09201189958,5.1,-10.9446276164054,8.22155347436134
0,3.3,795.428606177373,750.064592893056,5.1,-11.0243313836348,8.2213000266363
0,3.3,795.428606177373,750.064592893056,5.1,-11.1123504245793,8.22104658551982
0,3.3,795.428606177373,750.064592893056,5.1,-11.2067878602251,8.22079315046465
0,3.3,795.428606177373,750.064592893056,5.1,-11.3066941225737,8.22053972156231
0,3.3,795.428606177373,750.064592893056,5.1,-11.4111467873222,8.22028629906824
0,3.3,795.428606177373,750.064592893056,5.1,-11.5188776612425,8.220032882767
0,3.3,795.428606177373,750.064592893056,5.1,-11.6290406078416,8.21977947385539
0,3.3,795.428606177373,750.064592893056,5.1,-11.7399020724892,8.21952607017665
0,3.3,795.428606177373,750.064592893056,5.1,-11.8509251416875,8.21927267147307
0,3.3,795.428606177373,750.064592893056,5.1,-11.9610014590618,8.21901927980311
0,3.3,795.428606177373,750.064592893056,5.1,-12.0691943686472,8.21876589402898
0,3.29991470755851,795.428852658927,750.060736709092,5.09974412267554,-12.1750157808735,8.2185125135698
0,3.27448848489019,795.502330387746,748.911224277856,5.02346545467057,-12.2870357939927,8.21825914062652
0,3.20906293845651,795.691399783597,745.954280937713,4.82718881536954,-12.4116460184552,8.21800577368589
0,3.11245145876231,795.970591553385,741.590009988849,4.53735437628692,-12.5446408008994,8.21775241244736
0,2.98801775705047,796.330185108023,735.973575889811,4.1640532711514,-12.682661643325,8.21749905805645
0,2.84807940764409,796.734584621989,729.662833916163,3.74423822293228,-12.8205311310954,8.21724570959945
0,2.70000000084856,797.162510493563,722.991720746702,3.30000000254567,-12.9537501933257,8.21699236753732
0,2.55263971293495,797.588358226246,716.359569259563,2.85791913880486,-13.0780426996049,8.21673903160875
0,2.41414493708169,797.988586042849,710.132323115431,2.44243481124508,-13.1891378180109,8.21648570181686
0,2.29266206617517,798.339652167025,704.674652816474,2.07798619852551,-13.2827647166265,8.21623237816473
0,2.19500643042152,798.621861381314,700.290471115041,1.78501929126457,-13.3556943588215,8.2159790604082
0,2.12729685726885,798.817531250152,697.252370918704,1.58189057180654,-13.4049316709903,8.21572574839694
0,2.10390818475358,798.885112589483,696.226295230653,1.51448141892029,-13.4210140112883,8.21547244338921
0,2.10975877074399,798.868131676765,696.695220687079,1.55690513670885,-13.4120667706402,8.21521914441834
0,2.13096224201075,798.806679192902,698.144995722697,1.68114145035748,-13.3854623655298,8.2149658514517
0,2.16298748562826,798.71386275064,700.335063870142,1.86993378254557,-13.3452796735432,8.21471256438199
0,2.20392181127671,798.595225761693,703.135104469099,2.11336513057492,-13.2939185841833,8.2144592837537
0,2.25073774704504,798.459542528456,706.338524858685,2.39514466696375,-13.2351777249563,8.21420600979751
0,2.29999999945209,798.316769313025,709.71049772865,2.69623322158051,-13.1733674249729,8.21395274218649
0,2.34895176688338,798.174895953694,713.062280133678,3.00111297450137,-13.111946696488,8.21369948040426
0,2.39530249219278,798.040561006211,716.236938213149,3.29729669487881,-13.0537895458131,8.21344622445343
0,2.43680359639744,797.920281364056,719.080257830724,3.57249666089596,-13.0017173084469,8.21319297430539
0,2.46966451197926,797.825042954312,721.332261750787,3.80685646623046,-12.9604860826991,8.21293973082356
0,2.48979673388853,797.766695194814,722.712222166375,3.97837376564062,-12.9352257948571,8.2126864943172
0,2.49816950862213,797.742428159586,723.26752211714,4.09138260824136,-12.9255113275724,8.21243326361839
0,2.49868926870979,797.740916930576,723.195064426139,4.16786314514656,-12.9293791328219,8.21218003901319
0,2.49608784284632,797.748445459645,722.774675395404,4.23330746446574,-12.9425434381357,8.21192682039164
0,2.49186950792984,797.760653832444,722.110923784299,4.29519268780827,-12.962680064908,8.21167360793588
0,2.48614873180597,797.777211257634,721.239231559514,4.35296493833309,-12.9880680080945,8.21142040164905
0,2.47903998236092,797.797786943758,720.195023687151,4.40607033932667,-13.0169862625337,8.21116720153428
0,2.47064672571832,797.822081961814,719.012772949059,4.45389965040898,-13.0477138231284,8.21091400765365
0,2.46109525779963,797.849731279736,717.729451365087,4.49593529007031,-13.078494307553,8.2106608199596
0,2.45049971103141,797.880405081738,716.380595604396,4.53161521448366,-13.1075968422538,8.21040763846059
0,2.43897530882101,797.913770393043,715.001853160279,4.56038189083527,-13.133289062399,8.21015446315977
0,2.42663727461082,797.949494238773,713.628864322275,4.58167778662366,-13.153838603364,8.20990129406031
0,2.41360083181435,797.987243644137,712.297261010567,4.59494536910577,-13.1675131003774,8.20964813116535
0,2.39968046303937,798.027558625673,711.033612505984,4.59981734234374,-13.1715553235715,8.2093949744775
0,2.37572162937546,798.097014977756,709.619232440235,4.6,-13.1303500897768,8.20914182518233
0,2.34104957184044,798.197572102311,707.993614232976,4.6,-13.0415419324771,8.2088886813177
0,2.29635842194536,798.327216217379,706.181230042759,4.6,-12.903445127258,8.2086355435336
0,2.24440034119165,798.477959298042,704.252324159561,4.6,-12.7223742316523,8.20838241179901
0,2.18785454060641,798.642025093865,702.275575249811,4.6,-12.5043303777441,8.20812928611688
0,2.12940023120895,798.811637354435,700.319559210489,4.6,-12.2553146974732,8.20787616649012
0,2.07175155559177,798.978918482541,698.454022143495,4.6,-11.9812567828071,8.20762305295571
0,2.01754104491285,799.136227667886,696.74568736453,4.6,-11.6882231697244,8.20736994547797
0,1.97206116783739,799.268205725529,695.347818374782,4.6,-11.3809926652946,8.20711684566815
0,1.93655000750577,799.371257109472,694.271495635593,4.6,-11.0701376927259,8.20686375175798
0,1.91339476130486,799.438453089219,693.577125172716,4.6,-10.761126064806,8.20661066372268
0,1.90608914795891,799.45966410942,693.436851226976,4.61115736090701,-10.4423723030839,8.20635758156122
0,1.91834862092835,799.42412692185,694.104664469845,4.65504586278506,-10.0858206518935,8.20610450526851
0,1.95297004161625,799.323749620703,695.850878755331,4.75891012484874,-9.65374843777347,8.20585143489674
0,2.0123338852407,799.151637029991,698.846220111572,4.93700165572209,-9.13254186447419,8.20559837240084
0,2.08448505392775,798.942450363369,702.488507532383,5.15345516178326,-8.57304816159259,8.20534531592885
0,2.16477546760642,798.709665721003,706.54352000746,5.39432640281927,-7.99578276234529,8.20509226494816
0,2.24993515294078,798.462763681441,710.846516338622,5.64980545882234,-7.41677437594013,8.20483921948481
0,2.33629799338658,798.212373354554,715.212930152742,5.90889398015973,-6.85750838721825,8.20458618045069
0,2.41725225769845,797.977664021242,719.308507259442,6.15175677309536,-6.35243481850516,8.20433314841097
0,2.48810162023772,797.772251659231,722.894692961159,6.36430486071315,-5.92153994185,8.20408012264114
0,2.54410816696506,797.609872822796,725.730741867294,6.53232450089519,-5.58754974828703,8.20382710305383
0,2.58052816953297,797.504280923535,727.575505150297,6.64158450859892,-5.37357876324293,8.20357408965213
0,2.59573283316257,797.460193737756,728.275208110837,6.68705202923546,-5.28106091816673,8.2033210824357
0,2.59544862450852,797.460995803533,727.922455398771,6.68558405035728,-5.26313918133275,8.20306808139717
0,2.5869221405016,797.485667139918,726.732779066893,6.65891456967759,-5.26837192403575,8.20281508668708
0,2.57410614786887,797.522750594538,724.957915826072,6.61936104095187,-5.27669083938556,8.20256209771316
0,2.55764387514441,797.570385398369,722.69980041364,6.56942256139505,-5.28811597268509,8.20230911463386
0,2.53821098854884,797.626617009484,720.067431936908,6.51180129387293,-5.30273397164765,8.20205613775401
0,2.51650628324077,797.689424574387,717.19116562919,6.45000000103765,-5.32123734440779,8.20180316866079
0,2.49413580282511,797.754160971147,714.293666555776,6.38899065107966,-5.34259662344067,8.20155020547241
0,2.47190589155331,797.818493543855,711.502019762931,6.33188677760795,-5.36682049861048,8.20129724835282
0,2.45043222465468,797.880640788396,708.900462561717,6.28055330292117,-5.39347935079013,8.20104429650686
0,2.43027062040275,797.938994807826,706.577064530177,6.23715754358106,-5.42259716722237,8.20079135008552
0,2.41415581063333,797.98564580352,705.005312203358,6.21398267652497,-5.45567090737817,8.20053841274081
0,2.40064130155484,798.024777101027,703.909378589621,6.20641301405709,-5.51741099771376,8.20028548075213
0,2.38863372217456,798.059552207484,703.113773587363,6.21450788253556,-5.64788725100819,8.200032554103
0,2.37716348532501,798.092776385793,702.460577480157,6.23811472706874,-5.88153161161956,8.19977963286899
0,2.36566962418423,798.126072892319,701.850860055277,6.28031256698623,-6.26965442243618,8.19952671981742
0,2.354446389035,798.158587525346,701.279662677334,6.33151064869278,-6.73163881352406,8.19927381262938
0,2.34368547013739,798.18976457906,700.752564686147,6.38910636230852,-7.24524157988809,8.19902091142991
0,2.333577497327,798.219051314236,700.27387671715,6.4499999996494,-7.78409451451261,8.1987680161138
0,2.32431411339431,798.245892105336,699.848515155032,6.51131691891696,-8.32369530159094,8.19851512668368
0,2.31609289733065,798.269714126829,699.48167085538,6.5701443169287,-8.83920523735286,8.19826224316509
0,2.30960029310074,798.288528080874,699.201224573304,6.6204339560202,-9.27814343495888,8.1980093674737
0,2.30477058148728,798.302523752744,698.996830979691,6.65959100920734,-9.6191748128139,8.19775649800199
0,2.30180982725892,798.311103678188,698.873484973635,6.68440370288513,-9.83494986603471,8.19750363469858
0,2.30136838186917,798.312384868114,698.883144714319,6.69264879121477,-9.92606347417835,8.1972507765786
0,2.30442752290423,798.303525575867,699.094352128332,6.68009566797562,-9.87666233615367,8.19699792371437
0,2.31830036174302,798.263348771904,699.999685055672,6.61911653850964,-9.58945607885384,8.19674508008927
0,2.33742071182803,798.207976447624,701.222331566016,6.53684341602962,-9.2019570149808,8.19649224176379
0,2.36107750946394,798.139468603992,702.705292947122,6.43714904259306,-8.73240541397701,8.19623940868727
0,2.38862332251599,798.059701002097,704.395090072063,6.32367090572355,-8.19793351742698,8.19598658088883
0,2.42040508536294,797.967673689904,706.242278040646,6.19996022131561,-7.61526723524218,8.1957337620714
0,2.45327807970238,797.872492943734,708.057537268722,6.07870874542535,-7.04418360568738,8.19548094901219
0,2.48642881040028,797.776513955824,709.798997640489,5.96269642292561,-6.49777592099911,8.19522814053731
0,2.51891269334601,797.682477046803,711.333585711041,5.86108390224661,-6.01919001768112,8.19497533929451
0,2.54877250669722,797.596052209163,712.507115951738,5.7843031813732,-5.65755967516957,8.19472254499031
0.000277674866194949,2.57611552694961,797.516925317796,713.374780927731,5.72914125991469,-5.3951387035197,8.19446975551513
0.00127745605753109,2.59917245026398,797.450224193728,713.757847090263,5.70882348048649,-5.29003466685433,8.19421697262498
0.0129428184382323,2.61809532665945,797.395497057528,713.720347052612,5.74091211008847,-5.33569256179703,8.19396419733442
0.0341102656865663,2.63521905026954,797.345978637449,713.504097211338,5.8041217477802,-5.45090184406756,8.19371142684802
0.0692581323732895,2.65073827937698,797.301102650887,713.133288659205,5.90450381946331,-5.63260025576696,8.19345866234172
0.122916509626963,2.66498232916767,797.259920352951,712.62248481719,6.04094041995417,-5.8747064503471,8.19320590601414
0.186910028277069,2.6788715995902,797.21976857856,712.060715094682,6.19197102512534,-6.13892055025282,8.19295315436279
0.263376540585031,2.6925476777999,797.180239525549,711.453806112197,6.35728234406183,-6.42282234100036,8.19270040842098
0.357842958159532,2.70686552218804,797.138866641705,710.854060695827,6.52848620390716,-6.7042500020997,8.19244767101033
0.46182772466791,2.72192629630728,797.095353016692,710.288841053581,6.69655079999149,-6.97124106889995,8.19219493823492
0.576836740422225,2.73803448246724,797.048819964203,709.777848159234,6.85808184878599,-7.21543010218285,8.19194221088552
0.709243527949967,2.75686045126051,796.99444602271,709.433553711249,6.99279730590076,-7.38899480114895,8.19168949242621
0.863679560001928,2.77783341275675,796.93387743069,709.221783268224,7.10612500141994,-7.50745834233819,8.19143677888039
1.04722464774119,2.80146705806342,796.865631940305,709.17442708353,7.19290314222988,-7.55778797556345,8.19118407096308
1.49987137465344,2.8320213360367,796.777442831393,709.439152187447,7.25709974719621,-7.5002920115133,8.19093137026233
2.21751450924088,2.86833652821955,796.672659362236,709.947399829731,7.31085716301543,-7.36636629085773,8.1906786750082
3.22867189719451,2.91040002486494,796.551322984503,710.687092711539,7.3601316987417,-7.16563887337484,8.19042598479078
4.70962775195049,2.96073733202879,796.406177821658,711.788465608893,7.40275255948121,-6.87474810157877,8.19017330418944
6.38839447047444,3.01398841299752,796.252659317408,713.03671701131,7.44289259616635,-6.55619879749444,8.18992062859276
8.2516839889095,3.06967585332294,796.092146133829,714.4192883421,7.48087697308858,-6.21694192060742,8.18966795813687
10.3133341044553,3.1274440561582,795.92567348218,715.941107439029,7.51684695977671,-5.86515751532408,8.18941529410998
12.5506595778729,3.18559982445965,795.75813950061,717.572231852363,7.55185185182213,-5.52858996930254,8.18916263821711
14.8579825789224,3.24300144793302,795.592815247339,719.238100871653,7.58698349492355,-5.21451316108193,8.1889099870888
17.2226253320865,3.29934836189349,795.430567170036,720.928182891138,7.62246493736152,-4.92675768238795,8.18865734059515
19.6159598192051,3.35056364519989,795.283198248084,722.585560970409,7.6607121684992,-4.73541560093795,8.18840470414129
22.068477790324,3.39878752109117,795.14448902002,724.29121550849,7.70013665232947,-4.5922822058888,8.18815207236363
24.647184247785,3.4442877213297,795.013664703976,726.116223140325,7.7401513551534,-4.49012541626784,8.18789944561569
27.7518050777238,3.4868152122823,794.891447652825,728.476304204856,7.77822416685907,-4.41702841332851,8.18764682850242
30.9136082007791,3.52914163105313,794.769815730783,730.881134104228,7.81614865865252,-4.34548915596004,8.18739421267356
34.5864085485066,3.56967121165528,794.653412688784,733.685852311065,7.85274772155223,-4.28787035578327,8.18714160832265
38.2789022891315,3.61015413954533,794.537148912548,736.490185535049,7.88942854821238,-4.2308806283773,8.1868890048308
42.2445770930091,3.64998991447573,794.422816990786,739.289178388006,7.92724357816244,-4.1826172169132,8.18663641325539
46.2108464852584,3.68984634330934,794.308428492578,742.072721243977,7.96519078528792,-4.13446320311878,8.18638382211279
50.194090689002,3.73029241723256,794.192424802179,744.415184524704,8.0069114981585,-4.08943236648263,8.18613124332601
54.1772275222191,3.77073929500419,794.076418838657,746.757265202779,8.04863499579579,-4.04440035170975,8.18587866454468
57.9179816208424,3.81300081390703,793.955281431853,748.235642591817,8.09664494272501,-3.99670876162231,8.18562609806578
61.5801113659813,3.85574972115429,793.832758413191,749.504640406095,8.14609884920131,-3.94773958062781,8.18537353371044
64.9895208081037,3.90004191638324,793.705848163971,750.115148010004,8.20047360912077,-3.8946130270694,8.18512097609164
68.0151809439941,3.94594778127958,793.574359208153,750.184404530857,8.27133616309187,-3.83359417801649,8.18486842606008
70.7486243409753,3.99270694399163,793.440471151054,750.140868214876,8.36281313919552,-3.76588920689724,8.18461588228423
73.2720259468293,4.04027019589068,793.304326716066,750.015711255176,8.47000788925619,-3.69374630720366,8.18436334471751
75.664027720482,4.08864319272145,793.165913879053,749.827717158468,8.58811699926822,-3.61941638609874,8.18411081364308
78.0090182573336,4.13762982640168,793.0257845367,749.604812247235,8.71127316735265,-3.54492638591376,8.18385828764572
80.3873855155491,4.18748484181897,792.883230896357,749.356673567344,8.83544419196929,-3.47305552610691,8.18360576913172
82.8935132549637,4.23803953853605,792.738728768933,749.112625652149,8.95424637730063,-3.4061681104426,8.18335325694878
85.5627105498586,4.2891524297179,792.592675105515,748.886656513544,9.06501521854187,-3.34499804294726,8.18310074999942
88.5831540358445,4.34105222303955,792.444440025735,748.715600982285,9.15701569020621,-3.29534477431645,8.18284825079072
91.9262909086118,4.39347179652529,792.294768387376,748.602821946075,9.23105714010902,-3.25588177936669,8.18259575696607
95.6866800181062,4.44644373909166,792.143573690313,748.570020659501,9.28145488934503,-3.22936508977624,8.18234326908521
100.380642554715,4.50022814762837,791.990134421639,748.779871573323,9.29330800266198,-3.23141985901235,8.18209078890954
107.18958399277,4.55526475894317,791.833186463789,749.73097514415,9.27101991333986,-3.29911333467121,8.18183831433861
116.803393724047,4.6118941808077,791.671765760327,751.714670150117,9.21416172515178,-3.45619115870107,8.18158584562561
128.969984583183,4.66998783309545,791.506239401946,754.666282404896,9.12739140131229,-3.69839435261966,8.18133338282441
143.344547640246,4.729418809781,791.336983808532,758.502962846386,9.01330145057136,-4.02287630308383,8.18108092744217
158.733794856257,4.7895595798022,791.165775084937,762.810426207879,8.88471143596231,-4.39679368573452,8.18082847856717
174.389516048701,4.84999999977874,790.993768782134,767.317504596864,8.75000000077605,-4.79751805043757,8.18057603508539
189.739639881795,4.91047864526752,790.821717295967,771.851708805272,8.61450767285611,-5.21411606117035,8.18032359784218
204.061277811143,4.97063268620238,790.650653033822,776.173098510772,8.48564655206031,-5.62880636632413,8.1800711668489
216.387689411522,5.0299949351679,790.481911329727,779.972604677906,8.37296060977832,-6.02001116938693,8.17981874270751
225.015202565718,5.08775371203895,790.317816171583,782.712904968387,8.29303131124637,-6.35112484861772,8.17956632685746
231.398615882143,5.14457345559748,790.156434194977,784.787779281204,8.2344097964965,-6.64162174473428,8.17931391496022
234.324896019011,5.1999513737517,789.99921696504,785.834297454294,8.20881750140845,-6.86895616378391,8.1790615089995
234.382538346721,5.2559320508526,789.840399750483,786.082367548388,8.22951309604503,-7.05098672510618,8.17880911107525
233.487883737824,5.31250719305007,789.679951078865,786.089824378562,8.27138714601112,-7.22033080381107,8.17855671740484
231.832567113997,5.37067566851629,789.515078582043,785.974421236786,8.34666260126047,-7.38621476089851,8.17830433163037
229.692505350514,5.42881624641962,789.35034245827,785.780860843768,8.44006463632658,-7.54558692897344,8.17805195190189
227.237395852306,5.48679319366071,789.186107156464,785.536527404207,8.54480700658749,-7.70012628804441,8.17779957624428
224.155614762275,5.54240173856528,789.028655507422,785.191526316001,8.66592083179297,-7.83661914766251,8.17754721067012
220.843810956944,5.59539405504656,788.87864266549,784.809903814804,8.78775426678543,-7.95927657305798,8.17729485049529
217.28301956946,5.64555444082648,788.736681943949,784.388640545675,8.91036664180874,-8.06695786311556,8.17704249616495
213.612114655095,5.69203639081365,788.60515500663,783.950354729382,9.02597747179195,-8.15800110982599,8.17679014677766
209.754805188855,5.73229133858803,788.491290793656,783.483252469134,9.12973580823875,-8.22087881591626,8.17653780575815
205.848697218969,5.76925016247666,788.386764587304,783.011365705808,9.22403408164834,-8.26259719009643,8.17628546823505
201.805493126053,5.79694874738239,788.30847288425,782.526037201989,9.29175494245022,-8.24486984045146,8.1760331405349
197.571628852626,5.82373325995058,788.232769306258,782.02133018459,9.35804141674089,-8.19205628921228,8.17578081487731
192.287610721631,5.8454830736698,788.171321088305,781.409886560027,9.41642730830929,-7.94598838432365,8.17552850047012
186.951138203442,5.86708837889889,788.110281877399,780.793806783104,9.47467416784987,-7.69205641499049,8.17527618666729
180.49648300121,5.88561316217338,788.057961567292,780.078897040461,9.52995724848939,-7.2704843080356,8.17502388574768
174.041827798979,5.90413794544787,788.005641257184,779.363987297818,9.58524032912891,-6.84891220108071,8.17477158482807
166.973584037079,5.92006941652616,787.960658920934,778.623408616166,9.63258693006839,-6.37541006640745,8.17451929697005
159.863357125653,5.93582344718124,787.91617866584,777.88107360629,9.67939049869621,-5.89835475903515,8.17426701000572
152.681790997444,5.95003617430146,787.876057890658,777.174995494623,9.71660688210156,-5.47026859518331,8.17401473278773
145.46882007686,5.96357039218532,787.83785623609,776.484878314569,9.74960281601283,-5.06373951948622,8.17376245986024
138.46044162034,5.97635443325088,787.801774977171,775.854441260114,9.77395924647894,-4.74617450827103,8.17351019329449
131.699389648576,5.98823160515941,787.768257009157,775.296149950334,9.78787160694029,-4.53615583039024,8.1732579344193
125.013438495393,5.99978658660235,787.735648862365,774.767620681153,9.79895565134216,-4.3619915868507,8.17300567852673
118.608147113819,6.01013750790062,787.706440814552,774.350315333028,9.79946997687431,-4.32181918978469,8.17275343378051
112.202855732244,6.02048842919889,787.677232766738,773.933009984904,9.79998430240646,-4.28164679271867,8.17250118903429
105.652964640919,6.02931461371699,787.652330483128,773.578445641158,9.8,-4.25383863162295,8.17224895846256
99.0985213227875,6.03809279711768,787.627563751764,773.225856483135,9.8,-4.22641971616635,8.17199672833707
92.624735687332,6.04616136498183,787.604801868665,772.900448262259,9.8,-4.20381647198459,8.17174450895757
86.1811073202988,6.05396461321985,787.582789582447,772.585202778401,9.8,-4.18301376913317,8.1714922935959
79.8369393615984,6.06168826667109,787.561002699446,772.272757305017,9.8,-4.1639347134715,8.17124008182537
73.8347983104306,6.06913820760464,787.53999093859,771.969940576771,9.8,-4.15078297831725,8.17098788240408
67.8326572592627,6.07658814853819,787.518979177734,771.667123848526,9.8,-4.137631243163,8.17073568298279
62.3855352216583,6.08430211948425,787.497224875206,771.352572049072,9.8,-4.13034563727887,8.17048349500072
57.1513628171847,6.09211739343603,787.475185674374,771.033517738808,9.8,-4.12531074721787,8.17023131140764
52.0207967571479,6.09991131813542,787.453206965188,770.697629913763,9.80968536202118,-4.14696754235961,8.16997913132879
47.257270988406,6.10762961005517,787.431442556312,770.30210695535,9.85368250404847,-4.26318344935126,8.16972696369958
42.4937452196642,6.11534790197492,787.409678147436,769.906583996937,9.89767964607576,-4.37939935634292,8.16947479607038
37.7767667152281,6.12256739308115,787.389321743677,769.462203865675,9.99667597061721,-4.63001727668074,8.16922263976993
33.0781095938917,6.1295905521165,787.369519542222,768.99859315246,10.1173204222407,-4.93353692631694,8.16897048792856
28.4928623226072,6.1366884014969,787.349507631802,768.541480251499,10.246547466195,-5.25060726449295,8.16871833952222
24.3217236309197,6.14405897774084,787.328729982943,768.108093682968,10.4071132793812,-5.61715704718997,8.16846620365862
20.1505849392322,6.15142955398478,787.307952334085,767.674707114437,10.5676790925673,-5.98370682988699,8.16821406779501
16.6900784872612,6.15980841193915,787.284335965606,767.332831845918,10.7288668676139,-6.30320495843573,8.16796194319695
13.5164400146549,6.16859429299314,787.259573662963,767.02789785343,10.8903057161864,-6.60370927809582,8.16770982314656
10.6484190874387,6.17799049674209,787.233092713679,766.771289179909,11.0439532161955,-6.86360042667767,8.16745770645976
8.93122047500399,6.18968490943603,787.200140091104,766.696652570079,11.1682618973952,-6.97056009519271,8.1672056024387
7.2140218625693,6.20137932212997,787.167187468528,766.622015960249,11.292570578595,-7.07751976370775,8.16695349841765
6.04802885051668,6.22050709923362,787.113319987648,766.73049406317,11.3974501399879,-7.07324908576447,8.16670140500469
5.11017893102224,6.242711533656,787.050795881271,766.914763044904,11.494288020608,-7.02294035013503,8.16644931598239
4.2386794024228,6.26970208143918,786.974808983112,767.200714393467,11.5883986021742,-6.94305600652495,8.16619723384005
3.4351694647168,6.30159698449413,786.88502669214,767.59086019256,11.6797145062046,-6.83286538348072,8.16594515874762
2.67810516523141,6.33411901668783,786.793482345244,768.028133954158,11.7692489348015,-6.71298979349143,8.16569308756726
2.04015693227065,6.36824940564169,786.697418969676,768.586273694396,11.8542145307936,-6.56827580723685,8.16544102641989
1.41184243350428,6.4021799462042,786.601918397723,769.151272054293,11.9388260792603,-6.42288787301488,8.16518896597444
0.91834134795591,6.43329208616596,786.514354817456,769.812056599407,12.0184841449889,-6.26815676379806,8.16493691534436
0.530094904754711,6.45992140094395,786.439409724367,770.527410164606,12.0943817997203,-6.11536566286355,8.16468487161995
0.240170841931445,6.48111111758195,786.379774745051,771.282623973178,12.1668253993866,-5.96945253902649,8.16443283393077
0.0639024901262372,6.49480246147528,786.341243287152,772.073143626378,12.2353330265256,-5.8363876445864,8.16418080281622
0.00110962781976677,6.49980134286719,786.327175183636,772.900133787152,12.2998829753076,-5.72068879148284,8.16392877795962
0,6.49334674567445,786.345343919384,774.395638775513,12.3576238732789,-5.6214828647615,8.16367675987684
0,6.47746206902261,786.390056803002,776.866978261958,12.4086334255117,-5.53039714925476,8.16342474759404
0,6.45225275282738,786.461017090443,780.362317024655,12.4533142089494,-5.44644753922328,8.16317274253735
0,6.42139138652682,786.547887016091,784.535774549879,12.494566660643,-5.36593059277313,8.16292074357984
0,6.38670486572268,786.645524154184,789.233692840696,12.5339635700922,-5.28671946002105,8.16266875070894
0,6.35000000021126,786.748842617367,794.304741480157,12.573064039317,-5.20670278296978,8.16241676392741
0,6.31308359981973,786.852756518196,799.597748892466,12.6134271703307,-5.12376920365959,8.16216478323801
0,6.27917844999281,786.948194219037,804.916139642326,12.6583477772028,-5.03302767484706,8.16191281081194
0,6.24879406140449,787.033721526928,810.100601895941,12.7074377935264,-4.93569501450638,8.16166084316058
0,6.22255066339129,787.107592593165,815.102054366742,12.7612509141977,-4.83100595300125,8.16140888036283
0,6.20722894305867,787.150720842677,819.483213540974,12.8265425476812,-4.70905694783531,8.16115692624142
0,6.20067335018174,787.169173473528,823.318406484988,12.9036068794511,-4.57029574252139,8.16090497766339
0,6.20215232280117,787.16500639976,826.688760113228,13.0203210087405,-4.37903068740735,8.16065303553139
0,6.20770453818102,787.149366595441,829.894641613413,13.202464028567,-4.10315885121705,8.16040110031851
0,6.21576235523029,787.126668866108,832.996470785713,13.4290398867199,-3.77046851604616,8.16014917087409
0,6.22593272868533,787.0980203646,835.99586138729,13.691621559084,-3.3924836463337,8.15989724767758
0,6.23761942037465,787.065100609393,838.897400018757,13.9776408754285,-2.9862997847974,8.15964533125168
0,6.24999768476995,787.030232791828,841.718332832715,14.2707946873072,-2.57362573512492,8.15939342129158
0,6.26223412018355,786.995764486415,844.460880619533,14.5531103947413,-2.17908328046712,8.15914151891289
0,6.27398790745594,786.962655732455,847.167894891996,14.8213822747532,-1.80531485275945,8.15888962063434
0,6.28399807585974,786.934458505884,849.817414147802,15.0459227421337,-1.49404419230097,8.15863773051383
0,6.292451889229,786.910645311006,852.44201856616,15.2340390758847,-1.23388078439812,8.15838584519482
0,6.29752899941816,786.896343810716,855.040028538132,15.345846886807,-1.0797297958719,8.15813396771072
0,6.29964587585139,786.890380869634,857.656691402567,15.3872099438087,-1.01583179045485,8.15788209624599
0,6.3,786.889383352065,860.425452672538,15.3594063485977,-1.00517690210575,8.15763023137302
0,6.3,786.889383352065,863.380360780681,15.2815856192176,-1.00517690210575,8.15737837257045
0,6.3,786.889383352065,866.478607663178,15.1612491182066,-1.00517690210575,8.15712652007545
0,6.3,786.889383352065,869.632716195836,15.0058378544138,-1.00517690210575,8.15687467389109
0,6.3,786.889383352065,872.755209254373,14.8227928368302,-1.00517690210575,8.15662283402045
0,6.3,786.889383352065,875.756621842194,14.6194412611204,-1.00517690210575,8.15637100052557
0,6.3,786.889383352065,878.581633194578,14.4040437382895,-1.00517690210575,8.15611917266832
0,6.3,786.889383352065,881.056236410043,14.1822172945048,-1.00517690210575,8.15586735236683
0,6.3,786.889383352065,883.08496220528,13.9651887949342,-1.00517690210575,8.15561553897784
0,6.3,786.889383352065,884.643881382699,13.75951074466,-1.00517690210575,8.15536373156184
0,6.3,786.889383352065,885.665926734992,13.571166035455,-1.00517690210575,8.15511193006331
0,6.30207756694274,786.883548644204,886.164291495881,13.4025209750527,-1.01012194939211,8.15486013424326
0,6.31535586983415,786.846257454399,886.206501188992,13.2539985365544,-1.04171715097412,8.15460834497925
0,6.35992765382251,786.721082511889,886.174799589079,13.1123249345237,-1.1472746515643,8.15435656410574
0,6.42023611653694,786.551715017627,886.132809416556,12.9732272215976,-1.28950096344846,8.15410478831848
0,6.49664262575921,786.337142228895,886.08115046264,12.8370402505364,-1.46866791138228,8.15385301892512
0,6.58421673297162,786.091212859239,886.024209634146,12.7033266428451,-1.67252224559182,8.15360125592884
0,6.67778774516515,785.82845162654,885.967146002353,12.5717879142727,-1.88788231138556,8.15334950002499
0,6.77267936623328,785.561992296062,885.913727651775,12.4418651257583,-2.10342452972003,8.15309775059411
0,6.86214384347781,785.310786861531,885.869643670191,12.3128011724094,-2.30270709428953,8.15284600695589
0,6.94670456025302,785.073364266443,885.833993868938,12.1845132298077,-2.48729805495664,8.1525942685517
0,7.01216180091145,784.889614630436,885.822460775545,12.0565088833206,-2.6203211639613,8.15234253870469
0,7.07129359419165,784.723636603808,885.819747990987,11.928538558839,-2.73634050166841,8.15209081160728
0,7.09224243999584,784.664918834125,885.913966399261,11.7976402038113,-2.75343961350484,8.15183909672227
0,7.11319128580003,784.606201064442,886.008184807535,11.6667418487835,-2.77053872534127,8.15158738183727
0,7.12281775337923,784.579247971826,886.431800246373,11.5248776790975,-2.76411963006947,8.15133567985027
0,7.13232125085991,784.552639869052,886.85899320086,11.3828944118791,-2.75744510822673,8.15108397800335
0,7.13873709548217,784.534678309638,887.506229458031,11.2377129256955,-2.74461508822086,8.15083228864937
0,7.14502986132761,784.51706141526,888.162236992862,11.0924039533935,-2.73153970022209,8.15058059979339
0,7.1503595263203,784.502144695234,888.885046717945,10.9533384535551,-2.71273976364237,8.15032892308417
0,7.15562121992709,784.487418541536,889.612571045284,10.8147135903073,-2.69353581381771,8.15007724723221
0,7.16337988220813,784.465710510325,890.156015412017,10.7029422168162,-2.66655960469493,8.14982558892556
0,7.17139612958827,784.44328223475,890.680470251414,10.5939410257835,-2.63878161611762,8.14957393242887
0,7.17941237696842,784.420853959175,891.204925090812,10.4849398347508,-2.61100362754031,8.14932227593217
0,7.18742862434857,784.398425683601,891.729379930209,10.375938643718,-2.583225638963,8.14907061943548
0,7.20092524113862,784.360670341288,891.893827976315,10.3008851869703,-2.54164476292615,8.14881897738087
0,7.22414939121409,784.295752809386,891.745659861175,10.2376887417521,-2.41889593315201,8.14856734249505
0,7.2632603153005,784.186496444168,891.225968383657,10.1762754757145,-2.14095663992228,8.14831571438604
0,7.31656550349029,784.037633152861,890.391374127892,10.1169919559639,-1.72694986790809,8.14806409358931
0,7.37793920574019,783.866262232618,889.387274182711,10.0600415988319,-1.23874495505608,8.14781247820741
0,7.44652129378513,783.674790450863,888.242871058384,10.0064859500886,-0.687925348527512,8.14756086913181
0,7.51966773661273,783.470602436744,887.027259656683,9.9571461373262,-0.103251530583673,8.14730926636553
0,7.59439520081765,783.262040502818,885.833817960015,9.91472830217203,0.477835535977177,8.1470576719068
0,7.66904704035795,783.053701422108,884.660087195393,9.87439866108789,1.05231101439901,8.14680607976253
0,7.73691523590182,782.864365921761,883.751740849427,9.84633200866118,1.52452141444294,8.14655449901037
0,7.80034157506033,782.687452491149,882.984935985354,9.82252175082255,1.94034917743604,8.14630292148809
0,7.85317708176008,782.540157320998,882.555612118112,9.80886012410795,2.22174236830802,8.14605135166692
0,7.89995276408761,782.409803572693,882.311767078903,9.8001255476647,2.42897378114851,8.14579978518106
0,7.93430113982417,782.314193987571,882.55126086143,9.81659104658327,2.49189435194426,8.14554822792424
0,7.967278235444,782.222423344416,883.000349920981,9.85995745692658,2.55013440278761,8.14529667695936
0,7.99886347960465,782.134545223077,883.613974896408,9.92550690490159,2.60410197729311,8.14504513213453
0,8.02886641032211,782.051087910589,884.358753554876,10.0100638623626,2.65330370679983,8.14479359383934
0,8.05720098977667,781.972287567285,885.187798155584,10.1086622162416,2.69756862281401,8.14454206199357
0,8.08370719824923,781.89858673269,886.056256435418,10.2167723492472,2.7365095730936,8.14429053678947
0,8.10833586121271,781.830118811255,886.917162714564,10.3293209872858,2.77006168648617,8.14403901801903
0,8.13098306914171,781.767169989182,887.726256267251,10.4416907707766,2.79799819551783,8.14378750568551
0,8.15154492945458,781.710026405415,888.43926227115,10.5492642516021,2.82009238205835,8.14353599979207
0,8.16941294600292,781.660377591149,888.971525205546,10.6443657782037,2.8347317156058,8.14328450176258
0,8.18571192311261,781.61509212607,889.372760892361,10.7293487347139,2.84507088882389,8.14303300810639
0,8.19953311675664,781.576695222372,889.520698346926,10.7978234876181,2.84918085899577,8.14278152138194
0,8.21162192059549,781.543113011009,889.431608151379,10.8565203422484,2.84991896380188,8.14253003974865
0,8.22148046965543,781.51572758128,888.847530711614,10.9141975307329,2.84991896380188,8.14227856699157
0,8.23040439140093,781.490939196288,888.024929059589,10.9717992838191,2.84991896380188,8.14202709905569
0,8.23817349070007,781.469360178403,886.88079714541,11.0280680141134,2.84991896380188,8.14177563864748
0,8.24533800625674,781.449461886203,885.538094927442,11.0822402301161,2.84991896380188,8.14152418395201
0,8.25208010617887,781.430738554385,884.018963336332,11.1332042497046,2.84991896380188,8.1412727354565
0,8.25868090806267,781.412409750825,882.354520218378,11.1791034725294,2.84991896380188,8.14102129409151
0,8.26549081876452,781.393502213721,880.610544661107,11.2188722842151,2.84991896380188,8.14076985943524
0,8.27279211812489,781.373231901771,878.840230213008,11.2516618028361,2.84991896380188,8.1405184311358
0,8.28084472272659,781.3508769561,877.088665788313,11.2765105560438,2.84991896380188,8.140267009097
0,8.2899442889448,781.325616339925,875.402480422678,11.2921093740025,2.84991896380188,8.14001559348242
0,8.30025539981985,781.296992988152,873.781303084383,11.2964288630362,2.84123503152009,8.13976418429199
0,8.31162478135392,781.265432790858,872.112394468543,11.2860584524297,2.79673989553616,8.13951278151813
0,8.32387099042626,781.231440664951,870.2818330905,11.2588008731604,2.69276774600203,8.13926138556857
0,8.33678945924141,781.195584994453,868.323455424299,11.2196661642229,2.54349110740466,8.13900999509378
0,8.35047730783452,781.157597182752,866.263472214065,11.170119746317,2.35449972557633,8.13875861051766
0,8.36537434300432,781.11625981034,864.143275841841,11.1112924358615,2.13010702147941,8.13850723439498
0,8.38125265978705,781.072205192384,862.04538675358,11.0500000010312,1.89631127107442,8.13825586454788
0,8.39810696823568,781.025448545292,860.010253083125,10.9891429811153,1.66417638072359,8.13800450060942
0,8.41604994467178,780.975678524387,858.08792205239,10.9318172077078,1.44551118576996,8.13775314291036
0,8.43508215758506,780.922893977563,856.308556680554,10.8801662926056,1.2484923450458,8.13750179120686
0,8.45570171082496,780.86571745345,854.81473802878,10.8422753744473,1.10396006028848,8.13725044760724
0,8.4775244297885,780.805213008291,853.519098458163,10.8151963712138,0.997608807199614,8.13699910875802
0,8.50134527730959,780.739182636107,852.538569679281,10.8063662473806,0.953436119957534,8.13674777672964
0,8.53378747093243,780.649322041938,851.828016563704,10.8328189074516,0.949402161652042,8.13649645239518
0,8.57206245059689,780.543340898089,851.240834221675,10.8809982554888,0.959689829664404,8.13624513281971
0,8.6198022976819,780.41120311406,850.78273833168,10.9618619027053,0.977822689345778,8.13599382043131
0,8.67317397927029,780.263508253846,850.414863271311,11.0649353611495,1.00327532176708,8.13574251553534
0,8.72856877497592,780.110226828229,850.083310464581,11.1767917273544,1.03212985459813,8.13549121426767
0,8.78500136220228,779.954097047628,849.804782557268,11.3002257361861,1.06951970021836,8.13523992309634
0,8.83902004066363,779.804651717238,849.520059474894,11.4208167446445,1.11018242681618,8.13498863648794
0,8.89005858697665,779.66345878862,849.227688033715,11.5378978786069,1.15488574432631,8.13473735551279
0,8.93138539761035,779.549138445256,848.869678505535,11.6351677210194,1.20471736260794,8.13448608314542
0,8.96799128898979,779.447879554397,848.476926491213,11.7222231918907,1.25648115039741,8.13423481428229
0,8.99161933796046,779.382522408495,847.980195052288,11.7794543414387,1.31188113868076,8.13398355302051
0,8.99869784052494,779.362943186823,847.323515342299,11.7968050107727,1.37533997750436,8.13373229982503
0,9,779.359341406113,846.496792436934,11.8,1.47357786821067,8.13348105260381
0,9,779.359341406113,845.498925653389,11.8,1.61858849863293,8.13322981155754
0,9,779.359341406113,844.359453646077,11.8,1.80698031605353,8.13297857698011
0,9,779.359341406113,843.128906201141,11.8,2.02649915525872,8.13272734884336
0,9,779.359341406113,841.856876940897,11.8,2.26516143422084,8.13247612715043
0,9,779.359341406113,840.595051475558,11.8,2.51080668112624,8.13222491213688
0,9,779.359341406113,839.380340031754,11.8,2.75298553481535,8.13197370272318
0,9,779.359341406113,838.249900910801,11.8,2.98315605587212,8.13172249922047
0,9,779.359341406113,837.34014043293,11.8,3.1726959269584,8.13147130470394
0,9,779.359341406113,836.634145764585,11.8,3.32127448083493,8.13122011605006
0,9,779.359341406113,836.228876108234,11.7995315344519,3.41396464689659,8.13096893408266
0,9,779.359341406113,836.055913946667,11.7985944126703,3.46452847242164,8.13071775683729
0,9,779.359341406113,836.693863907334,11.7881391271274,3.47695803454656,8.13046658797382
0,9,779.359341406113,837.606094778188,11.7744182802885,3.47695803454656,8.13021542194379
0,9,779.359341406113,839.6864532101,11.7415782568208,3.47695803454656,8.12996426779764
0,9,779.359341406113,841.922594648515,11.7054788055385,3.47695803454656,8.12971311656343
0,9,779.359341406113,844.595857188541,11.660233525652,3.47695803454656,8.12946197350001
0,9,779.359341406113,847.307055319186,11.6106589858201,3.47695803454656,8.12921083775723
0,9,779.359341406113,850.053690243595,11.5570403520558,3.47695803454656,8.12895970885286
0,9,779.359341406113,852.800325168004,11.5034217182915,3.47695803454656,8.12870857994849
0,9,779.359341406113,854.783642848467,11.4503527883045,3.47695803454656,8.12845746561368
0,9,779.359341406113,856.609339326156,11.3973973694051,3.47695803454656,8.12820635428741
0,8.99975055398627,779.360030918725,858.206282163076,11.3455325396098,3.47192901176688,8.1279552451313
0,8.99797723517099,779.36493268352,858.405762494099,11.3003301497093,3.43617754560978,8.12770414923271
0,8.99556593195167,779.371597949308,858.549176412897,11.2547854902918,3.38740445499133,8.12745305407551
0,8.98387727873547,779.40390744061,857.877291829118,11.2042636651606,3.14927537558881,8.12720196969921
0,8.96736351589241,779.44955438274,856.928150768782,11.1509847986782,2.80913043326205,8.12695089144505
0,8.94738651800015,779.50477431507,855.780071239859,11.0962962967081,2.39340913475424,8.12669981865132
0,8.9247085534292,779.567460193887,854.476906353962,11.0411392200851,1.91613727294111,8.12644875129772
0,8.8999863319022,779.635796758127,853.05658393459,10.9883163186303,1.38115999191336,8.12619769309801
0,8.87575083549768,779.702787928605,851.664436816098,10.939389706997,0.841509662357241,8.12594664105803
0,8.85250853752265,779.76703372411,850.329481722667,10.8941642248345,0.309898484179523,8.12569559362751
0,8.83235718431968,779.822735605155,849.172272040309,10.8570408552475,-0.182565472062076,8.1254445541432
0,8.81689128337261,779.865486072885,848.284219423516,10.8293563415053,-0.60393037366794,8.12519352137925
0,8.80569623337088,779.896432319053,847.62755994748,10.8103497305262,-0.964596363586398,8.12494249347415
0,8.80359073881912,779.902258059856,847.43751061633,10.8099497904787,-1.20369620223558,8.12469147356121
0,8.81632379804903,779.867102627519,847.684245026904,10.8546630435504,-1.39350043635202,8.12444046032632
0,8.83996088163353,779.801834971985,848.230912376176,10.9346092892708,-1.56022624220111,8.12418945201089
0,8.88192675114028,779.685957143599,849.231899191608,11.0787123536357,-1.7193095837689,8.12393845199341
0,8.9315992335526,779.54879950907,850.460033421076,11.2523583580769,-1.87126121978153,8.12368745724253
0,8.9888848984303,779.390620052246,851.940838910539,11.4572000567105,-2.01309840324621,8.12343646908677
0,9.04999999930879,779.221866604393,853.592438420312,11.6808414679228,-2.14510395860026,8.12318548640057
0,9.11187949348244,779.051002483364,855.414886386462,11.9179714835721,-2.26028722733901,8.12293451154748
0,9.17012036326131,778.890185476767,857.316880439828,12.1544661158467,-2.35851822496607,8.12268354342599
0,9.22156490518099,778.74813476103,859.240563253653,12.3807486198636,-2.4388604225408,8.12243258162871
0,9.26197840734021,778.63654339112,861.129635454859,12.5855001436376,-2.49773141993481,8.1221816266647
0,9.28903502228499,778.561833589556,862.934907057953,12.7612147119238,-2.53513143235745,8.12193067792086
0.000106808637723091,9.29982620931154,778.532036393048,864.613400720826,12.8996810338113,-2.54893476444034,8.12167973541856
0.00739181740002696,9.2980081292082,778.5370469095,866.401732824292,13.0145639652043,-2.51433458141188,8.12142879973333
0.0307675804839742,9.29193616999864,778.553784522416,868.568330196714,13.1308246359233,-2.41254607987669,8.12117787138755
0.0648629185221307,9.28330461399502,778.577579098876,870.925184496728,13.2467491773044,-2.27383172598399,8.1209269479513
0.116569374619953,9.27080723034912,778.612034174058,873.475076175127,13.3592909349617,-2.0891679220971,8.12067603268041
0.178731014191352,9.25622221711292,778.652247594264,876.066516814116,13.4680943669756,-1.88621978881703,8.12042512231785
0.256541806381254,9.23879496427138,778.700302981317,878.62067299849,13.5689458089978,-1.66815528551327,8.12017421938484
0.347506335289906,9.21927560636327,778.754133158924,881.038972277685,13.6606364769397,-1.45026154853113,8.11992332278372
0.45213768088821,9.19786788798409,778.81317848461,883.215714135379,13.7404286698882,-1.24492054881932,8.11967243284516
0.571747818086892,9.17475885617757,778.876926469082,884.998181319238,13.8041076319692,-1.06931111555023,8.11942155031674
0.70161985056558,9.1507035829381,778.94329295081,886.433443990925,13.8549179476781,-0.923582285103929,8.11917067292927
0.844265438397818,9.12568849331408,779.012319118354,887.359920954916,13.8878912029027,-0.824502935838096,8.11891980200498
1.07685123196055,9.09825086022742,779.088063888156,887.536560372099,13.8971483025073,-0.808798817177907,8.11866893895553
1.75899456047856,9.06085650818482,779.191394064959,887.117472592215,13.8929940299781,-0.910416537249097,8.11841808184637
3.09972789701882,9.00982740410367,779.332497038544,886.134985117241,13.8790658370255,-1.14768165115879,8.11816723078991
5.13371425219349,8.94591599497529,779.50929051625,884.626355972381,13.8567776425021,-1.51108954500222,8.11791638600718
7.7945141156732,8.87238700035845,779.712734511076,882.646398486507,13.8267550669451,-1.97407149027292,8.11766554760097
11.1076304555287,8.7923930372741,779.934103500084,880.183532716326,13.788376918588,-2.51540221056349,8.1174147170598
14.8477967969666,8.71151919731864,780.157927356537,877.41154882408,13.7442387017359,-3.08411380799484,8.11716389283029
18.9355173938598,8.63308555978933,780.375012263438,874.39442118663,13.6951396786213,-3.6525974544653,8.11691307483215
23.3048415888253,8.56065934226031,780.575480919132,871.186698499359,13.6416726266871,-4.19215105055045,8.11666226328067
27.8749434703533,8.49786040048982,780.74930964321,867.853522130084,13.5846290595889,-4.67296191058326,8.11641145817892
32.5649971265166,8.44830859050478,780.886474754516,864.4598064636,13.5248004909649,-5.06521734695999,8.11616065952995
37.2942742992298,8.41558145739114,780.977069696105,861.070093604052,13.4629807592627,-5.339411275907,8.11590986732367
42.0542931081242,8.40186511827778,781.015038360561,857.63295173842,13.3971228285576,-5.47845157271383,8.11565908156834
47.1640444273035,8.40253095299351,781.013183472594,853.579002011338,13.3125604491919,-5.52523395499291,8.11540830225357
53.0502598752486,8.40867600999516,780.99614072135,848.252226307902,13.1930440820838,-5.55799124435657,8.11515752948133
59.8138206115923,8.41949944457245,780.966124964064,841.653614308019,13.0381977273235,-5.58720965897078,8.11490676509013
67.0291638790948,8.43299911196213,780.928689597107,834.545746102697,12.8685375254927,-5.61394236454139,8.11465600639734
74.6119290326017,8.44886619503525,780.884691756901,827.127862265584,12.689244528126,-5.63817941473214,8.11440525332704
82.4851644320684,8.46684974656931,780.834828211856,819.598504820857,12.505433696551,-5.65983537912727,8.11415450596914
90.5884276473878,8.48723289979359,780.778317256489,812.375809677462,12.3271973218432,-5.6776505498601,8.11390376687992
98.6621416359496,8.50911284888164,780.717665060327,806.099414743948,12.1710773113149,-5.69147655695098,8.11365303607123
106.727991834009,8.53139113289718,780.655910776104,800.074854034875,12.0208430200989,-5.70424094752582,8.11340230746618
114.385097865348,8.55429277501511,780.592443747082,796.174938556597,11.9225237541264,-5.71169335808297,8.1131515894643
121.953667902754,8.57732943955946,780.528605729126,792.735231669859,11.8354495375867,-5.71799516768012,8.11290087375911
128.970150145835,8.60226795579857,780.459535540868,792.256419856863,11.8160172187431,-5.68897308584408,8.11265016907432
135.892328858451,8.62753133219775,780.389571632198,792.283366116514,11.8081389857273,-5.65391723962103,8.11239946627194
143.127120008367,8.66333612690813,780.290490180148,794.374208824754,11.8258576078492,-5.47962310043242,8.11214877488117
150.402032578333,8.70049383219251,780.187671713671,796.729936887746,11.8468613909386,-5.28745878919495,8.111898084955
157.748021813107,8.74411687812707,780.067001628208,800.279847300636,11.8822401820638,-4.99505059326843,8.11164740686025
165.100325886589,8.78831434020097,779.944745507513,803.935855389149,11.9188961273354,-4.69373618367888,8.11139672981667
172.030008490223,8.83229524914007,779.823108719104,807.989133138472,11.9665662760729,-4.35865813671058,8.11114606523619
178.937706258922,8.87626489295124,779.701504148457,812.063076917662,12.0148093853966,-4.02182370004708,8.11089540130404
184.929056879939,8.91300705957363,779.599898172527,815.671161326924,12.0698761344383,-3.72312451087991,8.11064474975472
190.859469660223,8.94926859300483,779.499622119631,819.248265704043,12.1253966611465,-3.42696134710894,8.11039409902886
195.394586955341,8.97146437049001,779.43824657258,821.513468956849,12.1835818075228,-3.23929315979723,8.11014346052738
199.816147153181,8.9925153966066,779.380036970357,823.671902220661,12.2419838158312,-3.06045491189759,8.10989282302079
202.710719586656,8.99537078230024,779.372138661278,824.043566660504,12.3068720332738,-3.02509739214574,8.10964219757161
205.457644608384,8.99646679619259,779.369105048816,824.242464953553,12.3723874148714,-3.00361330258174,8.10939157328828
207.818934239967,8.98662379766266,779.396304619694,823.712158990689,12.472915023848,-3.01703876283609,8.10914096253765
210.136863913701,8.97555084169198,779.42690354029,823.099862975546,12.5773793272829,-3.03438937271957,8.10889035330861
212.335387153689,8.96186167576639,779.464733555667,822.34319900264,12.6888362748645,-3.05499406272594,8.10863974957274
214.331014838454,8.94372704275226,779.514850655954,821.341224823011,12.8121751317546,-3.08112808957418,8.10838915517089
216.196895717129,8.92455206260159,779.567844930067,820.282174441684,12.9335319722506,-3.10758662679793,8.10813856500304
217.778909595278,8.90310095535339,779.627134038931,819.098249694157,13.0505524512919,-3.13475514517426,8.10788798409858
219.225435294026,8.88155086296499,779.686699441747,817.909354045302,13.1602550024983,-3.16050329096916,8.10763740666509
220.280055534954,8.85971445174891,779.747064036847,816.706079847932,13.2487901288328,-3.18214294723184,8.10738683927154
221.206369169502,8.83838749932367,779.806023637283,815.531434881532,13.3271891086289,-3.2013628041182,8.10713627458439
221.619815934371,8.81909695439644,779.859367196304,814.471226610816,13.365071906972,-3.21091024454534,8.10688572071527
221.846902648304,8.80016975615194,779.911708718605,813.431420845095,13.38513012769,-3.21482002003261,8.10663516878283
220.96006819462,8.78341437294531,779.958060813954,812.513566012914,13.29864633889,-3.18503204602403,8.10638462842646
219.89783281581,8.76666666670395,780.004392882207,811.596330603868,13.1975521207748,-3.15023880791904,8.10613408948936
216.984029528594,8.75000000007248,780.050513540352,810.685633951666,12.942227233531,-3.062608982052,8.1058835655343
214.070226241377,8.73333333344101,780.096634198496,809.774937299465,12.6869023462873,-2.97497915618496,8.10563304157924
210.852098185158,8.71666666681083,780.142757960482,808.864751782826,12.419525912928,-2.88321312996969,8.10538252136546
206.395188961918,8.70000000018593,780.188894356931,807.956646889171,12.1030925841664,-2.77461033062159,8.1051320163809
201.938279738678,8.68333333356103,780.23503075338,807.048541995516,11.7866592554048,-2.66600753127349,8.10488151139634
197.288552919697,8.66666666693395,780.281171379786,806.141133801072,11.4905340257803,-2.56437465644109,8.10463101151458
192.205404865233,8.65000000030196,780.327321514415,805.23529166823,11.2400579568793,-2.47840898917458,8.10438052310305
187.122918602802,8.63333333366873,780.373472571774,804.329601536989,11.0010834770658,-2.39639077199729,8.10413003580544
182.0478637592,8.61666666702163,780.419633990686,803.425618267579,10.8912630540317,-2.35869940296936,8.1038795610164
176.72912736145,8.60016607616883,780.465337711458,802.497310898174,10.8172348444206,-2.34254083420507,8.10362908984103
170.883753471154,8.58402440349592,780.510052268312,801.516434990805,10.8205597262063,-2.37291832754849,8.10337862647545
164.030208763446,8.56840083362964,780.553334826893,800.459001589938,10.8429981811878,-2.44277169248565,8.10312816939333
156.354810562386,8.55319961739054,780.595450030931,799.33915907904,10.8810178815597,-2.54480549987571,8.10287771743347
147.827203935966,8.5382716052556,780.636814859645,798.179736830774,10.9326574191145,-2.68339098521743,8.10262727449666
139.065153296027,8.5234097846539,780.677998321882,797.010797002001,10.9881474851644,-2.83231016806245,8.10237683426804
130.220450372436,8.50813595693176,780.720334589123,795.905054033629,11.0500287991447,-2.9983815997138,8.10212640596303
121.62368420693,8.492553936173,780.763528386958,794.845782728628,11.1105921343495,-3.16091596002563,8.10187598079542
113.665488798577,8.4761781522697,780.808930788166,793.906200998886,11.1677609639914,-3.3143404556251,8.10162556370828
106.658098975945,8.45885769612316,780.856958731969,793.108553747759,11.2171327321444,-3.44683990809204,8.10137515267598
100.462887401292,8.44073030083055,780.907229414578,792.43214694568,11.2598442494169,-3.56146518614785,8.10112474681571
96.434198397488,8.42063459251756,780.962967787315,792.050941173818,11.2826589909881,-3.62269331062965,8.10087435011015
93.0750644293455,8.39949706924473,781.021601664622,791.782076449104,11.2994402895089,-3.66632336783933,8.10062395644482
91.7143495852184,8.36957859356995,781.10465174562,792.124691089618,11.2997255910738,-3.64309155175803,8.10037357461411
90.3723374867043,8.33922932888018,781.188900223092,792.49213361562,11.3,-3.61838697490895,8.10012319329152
89.501487657916,8.29802756508255,781.303338877709,793.485043820073,11.3,-3.55658039600813,8.09987282476961
88.6349059731621,8.25675755492018,781.417967645621,794.483852839505,11.3,-3.49443350904783,8.09962245648453
88.0042891501811,8.21171453618719,781.543106850141,795.808778562092,11.3,-3.4134726496513,8.09937210129274
87.3736723272001,8.1666715174542,781.668246054661,797.133704284679,11.3,-3.33251179025477,8.09912174610095
86.7568369766417,8.12539047710935,781.782949438494,798.467732279031,11.3,-3.25158758135177,8.09887140426641
86.1400381888407,8.08411941743265,781.897625135707,799.801784422047,11.3,-3.17066346968389,8.0986210624673
85.2304836591983,8.05770235635456,781.971034295811,800.706868028115,11.3,-3.11598196939915,8.0983707365914
84.3140192236641,8.03163589380543,782.04346944295,801.601826701355,11.3,-3.06191987276426,8.09812041109132
83.3075915258451,8.00718646006207,782.111411115191,802.441477389515,11.2951989163811,-3.01216416116482,8.09787008691443
81.0817259539198,8.0046555975133,782.118444441772,802.531437036738,11.225319899249,-3.02078082156846,8.09761978067319
78.8558603819945,8.00212473496453,782.125477768352,802.62139668396,11.1554408821169,-3.02939748197211,8.09736947443194
76.2086045218734,8,782.131382456819,802.696920504068,11.0472799264721,-3.04757430635158,8.09711917126778
71.3567639110995,8,782.131382456819,802.696920504068,10.7388396093075,-3.11576697662322,8.09686888420195
66.5049233003256,8,782.131382456819,802.696920504068,10.4303992921428,-3.18395964689486,8.09661859713612
61.3788135210639,8,782.131382456819,802.696920504068,10.0962705237906,-3.26233777980305,8.09636831491236
55.4396146162789,8,782.131382456819,802.696920504068,9.68598663954487,-3.37091139167766,8.09611804704323
49.5004157114939,8,782.131382456819,802.696920504068,9.27570275529914,-3.47948500355226,8.09586777917411
43.7193390602893,8,782.131382456819,802.696920504068,8.8797519390578,-3.59493398293215,8.09561751703996
38.2397995064077,8,782.131382456819,802.696920504068,8.51113409856094,-3.72349419943161,8.09536726584233
32.9953123034806,7.99997624149859,782.131448657395,802.69729746746,8.16418126189931,-3.852984612553,8.09511701691571
29.0135689179125,7.99982484802289,782.131870499457,802.699699546493,7.9336167512208,-3.98747221046538,8.0948667801893
25.0318255323443,7.9996734545472,782.13229234152,802.702101625526,7.7030522405423,-4.12195980837776,8.0946165434629
22.0646545762268,7.97657587992152,782.19665674447,803.059590059854,7.57298066356634,-4.32216449963824,8.0943663211289
19.1290072049219,7.95276534891482,782.263007894431,803.428111314029,7.44603148320464,-4.52441107406611,8.09411609924209
16.2672821264007,7.9013183808707,782.406399283586,804.178376154281,7.32796409734912,-4.79427932087619,8.09386588858918
13.426068072421,7.8422032031842,782.571166825689,805.03456238533,7.21236111970157,-5.08291037562323,8.09361568105331
10.8446416920677,7.76924447333276,782.774576730421,805.996363624382,7.1102188344314,-5.38212062379629,8.0933654835651
8.43950892831637,7.68689141832452,783.004209595489,807.029835899509,7.01721106315894,-5.68850998190852,8.09311529289531
6.03437616456499,7.60453836331629,783.233842460558,808.063308174637,6.92420329188647,-5.99489934002074,8.09286510222552
3.96689978056084,7.51815257323462,783.474792859082,809.027308908722,6.84571499197198,-6.27697573868446,8.09261491968139
2.31835212324985,7.43038220902206,783.719699166228,809.851748708857,6.78446950610264,-6.51902032456099,8.0923647459398
1.0488293139916,7.34570133080159,783.956082871082,810.486002884911,6.73789879260958,-6.71300713064008,8.09211457862772
0.280688118577437,7.26821572458216,784.172529449753,810.82315114625,6.71007753135638,-6.83494689073506,8.09186441872217
0.0062783169011399,7.20004564336806,784.363131153888,810.82599779505,6.70068172084627,-6.87961609325852,8.09161426536732
0,7.13379310655198,784.548587960438,810.305275913933,6.72052063641969,-6.88063960369493,8.09136411862509
0,7.06169008977526,784.750581662043,809.201364618871,6.77434768758479,-6.88063960369493,8.09111397839661
0,6.98558731661946,784.963905890312,807.61140473208,6.8567345081463,-6.88063960369493,8.09086384497269
0,6.90790615833848,785.181745363524,805.681039163023,6.95936475545238,-6.88063960369493,8.09061371797942
0,6.83132212764574,785.396590516425,803.499897972989,7.07733957300014,-6.88063960369493,8.09036359879447
0,6.7571873724273,785.604606056354,801.248722594789,7.19999999929247,-6.88063960369493,8.09011348469839
0,6.68891140953489,785.796229849466,799.015532479029,7.32265692690439,-6.88063960369493,8.08986337809531
0,6.62693460745581,785.97020228585,796.894545682085,7.43969114778209,-6.88063960369493,8.08961327720307
0,6.57725116892448,786.10969224211,795.107964749616,7.5387527952748,-6.88063960369493,8.08936318453446
0,6.53898980675711,786.217125002617,793.694712757254,7.61731182424733,-6.88063960369493,8.0891130979189
0,6.5136656700792,786.28823793325,792.738619415553,7.67056439266623,-6.88063960369493,8.08886301728938
0,6.50243640957462,786.319774185296,792.324395080056,7.69643136673917,-6.87409588758834,8.08861294258941
0,6.5099975310617,786.2985449005,792.760959881486,7.6934739196223,-6.82301439578927,8.0883628754964
0,6.53033703010134,786.241435493424,793.879602553232,7.67977141746556,-6.70577866492494,8.08811281438048
0,6.56259857925278,786.150851259277,795.654238606284,7.65693883193652,-6.51982490636817,8.08786276014446
0,6.60420279032252,786.034034624734,797.943441561603,7.62530206754993,-6.28002056889227,8.08761271340378
0,6.65053597832763,785.903939931162,800.49350069583,7.58771643576554,-6.01295867378534,8.08736267236073
0,6.69999999944869,785.765054459481,803.216846980485,7.54336314143541,-5.72785083232318,8.08711263869861
0,6.74911675075768,785.627144054739,805.921994675237,7.49375881370919,-5.44474463456646,8.0868626118733
0,6.79561230394977,785.496593470905,808.483505376545,7.44031324686428,-5.17674687563488,8.08661259099557
0,6.83583780694552,785.383647983851,810.700264069235,7.38315815411156,-4.94488933411435,8.08636257735612
0,6.86580378710764,785.29950926656,812.352097191177,7.32306618660777,-4.77216710636803,8.08611257156422
0,6.88826429597642,785.236444471225,813.590268233236,7.26211374204873,-4.64270599389502,8.08586256987035
0,6.89613044584696,785.21436525826,814.125169159912,7.19648222492684,-4.58453962802066,8.08561257513392
0,6.88423238348419,785.247812852298,814.015974902132,7.11519074193136,-4.58387721722758,8.08536258706702
0,6.84668404063991,785.35335460978,813.488938129281,7.00012247655434,-4.60555194493156,8.08511260623768
0,6.78905227887108,785.515347309408,812.680232575682,6.85819035015095,-4.64035283442917,8.08486263231088
0,6.71664527825696,785.718870594858,811.664597540034,6.69799295861329,-4.68664336536422,8.08461266537648
0,6.63595678941957,785.945671680483,810.533224508847,6.52903439359787,-4.7411799171603,8.08436270424765
0,6.55000000143752,786.187281024171,809.328687364974,6.35812346475849,-4.8053917386092,8.08411275143843
0,6.46483450290959,786.426666193013,808.135633150683,6.19223032806245,-4.8739297048837,8.08386280341576
0,6.3825845420458,786.657856300614,806.983927828253,6.03576399184274,-4.94732300873857,8.08361286145234
0,6.31439486240139,786.849525441958,806.029641266624,5.90907919396586,-5.02495120028427,8.08336292867742
0,6.2579034220564,787.008312899542,805.239244239092,5.80509161837663,-5.10355699737673,8.08311300088842
0,6.21415943031294,787.131269531398,804.627367738382,5.72544722932108,-5.18275132956794,8.0828630780346
0,6.20684103294004,787.15183275487,804.629493635725,5.72336743156594,-5.26164729324749,8.08261316580209
0,6.21222920836717,787.136658181892,805.113979051983,5.77643255229483,-5.3447527714132,8.08236325821714
0,6.23189064195903,787.08133410074,806.214781515243,5.89931651224397,-5.43414185107312,8.08211335658286
0,6.26303547276382,786.99369760471,807.958726098045,6.09397170477387,-5.53179318846624,8.08186346135267
0,6.30511553632625,786.875291139559,810.315776882063,6.35697210203906,-5.63930199261102,8.08161357502882
0,6.35136160247863,786.745162219671,812.906879817478,6.64601001549144,-5.75229650823665,8.08136369454001
0,6.39999999971949,786.608301668608,815.632754848397,6.94999999824682,-5.87016780688669,8.08111381983876
0,6.44941350007857,786.469260103246,818.402819493826,7.25883437549103,-5.99224589545499,8.08086395071977
0,6.4949993522078,786.340988918401,820.959474491787,7.54374595129874,-6.11980864656202,8.08061409109339
0,6.5347452058632,786.229150540858,823.189112484068,7.79215753664501,-6.24970494990333,8.0803642374336
0,6.5673722383778,786.137343369923,825.019759328089,7.99607648986126,-6.38129162077909,8.08011438941803
0,6.59085086655979,786.071281480285,826.345166598533,8.14520340411615,-6.5144006340047,8.07986454714275
0,6.58682146864186,786.082683222229,826.276647726314,8.16812751094504,-6.65420099956746,8.07961471548229
0,6.56774893339069,786.136511383644,825.605419965382,8.17068084853699,-6.80350840786561,8.07936488680053
0,6.50398189579736,786.31639222027,823.143490355392,8.11271081436123,-6.98106208782843,8.07911506696879
0,6.41902138306266,786.556057863959,819.865268710617,8.03547398460242,-7.17057505991859,8.0788652525084
0,6.30857822397717,786.8676076647,815.605552473631,7.93507111270652,-7.37446766582785,8.07861544450643
0,6.18304368925821,787.221728821697,810.768503980335,7.82094880841655,-7.58031959438781,8.07836564427475
0,6.04960547010202,787.598145531735,805.629093921061,7.69964133645638,-7.78719766319621,8.07811584811253
0,5.91719946181296,787.971650471659,800.536363452818,7.57927223801178,-7.97583036408972,8.07786606231741
0,5.78681989314119,788.339439015347,795.523067230758,7.46074535740108,-8.15829932363999,8.07761627902964
0,5.68513829747847,788.62627326683,791.618859434128,7.36830754316224,-8.2919623306405,8.07736650809287
0,5.58345670181574,788.913107518312,787.714651637498,7.2758697289234,-8.42562533764101,8.07711673715611
0,5.54310405398361,789.026938555884,786.166590619728,7.23987548261746,-8.47666945093156,8.07686697980079
0,5.50578985424922,789.132198416145,784.735261258892,7.20667764579973,-8.52362033860338,8.07661722311835
0,5.5,789.14853105234,784.51316917489,7.21099681819728,-8.53090546861893,8.07636747466536
0,5.5,789.14853105234,784.51316917489,7.23959095281845,-8.53090546861893,8.076117734649
0,5.5,789.14853105234,784.51316917489,7.27984379426991,-8.53090546861893,8.07586800039881
0,5.5,789.14853105234,784.51316917489,7.32969988663069,-8.53090546861893,8.07561827191669
0,5.5,789.14853105234,784.51316917489,7.38839104378195,-8.53090546861893,8.07536855168222
0,5.5,789.14853105234,784.51316917489,7.4499999989613,-8.53090546861893,8.07511883803453
0,5.5,789.14853105234,784.51316917489,7.51120534151297,-8.53090546861893,8.07486913097695
0,5.5,789.14853105234,784.51316917489,7.5686853845067,-8.53090546861893,8.07461943051257
0,5.5,789.14853105234,784.51316917489,7.61911844087988,-8.53090546861893,8.07436973664445
0,5.5,789.14853105234,784.51316917489,7.65857559460106,-8.53090546861893,8.07412004966857
0,5.5,789.14853105234,784.51316917489,7.68861903682085,-8.53090546861893,8.07387036752712
0,5.5,789.14853105234,784.51316917489,7.69998173280243,-8.53090546861893,8.07362069302115
0,5.5,789.14853105234,784.51316917489,7.69490259126267,-8.53090546861893,8.0733710258098
0,5.5,789.14853105234,784.51316917489,7.67976451360312,-8.53090546861893,8.0731213656713
0,5.5,789.14853105234,784.51316917489,7.6568118366116,-8.53090546861893,8.0728717115667
0,5.5,789.14853105234,784.51316917489,7.62525993090628,-8.53090546861893,8.07262206484643
0,5.5,789.14853105234,784.51316917489,7.58760701062923,-8.53090546861893,8.07237242401781
0,5.5,789.14853105234,784.51316917489,7.54312053143048,-8.53090546861893,8.0721227907411
0,5.5,789.14853105234,784.51316917489,7.49364914817681,-8.53090546861893,8.07187316402225
0,5.5,789.14853105234,784.51316917489,7.44000661319835,-8.53090546861893,8.07162354386425
0,5.5,789.14853105234,784.51316917489,7.38300667869516,-8.53090546861893,8.07137393027014
0,5.5,789.14853105234,784.51316917489,7.3235279995896,-8.53090546861893,8.07112432299207
0,5.5,789.14853105234,784.51316917489,7.26229169059493,-8.53090546861893,8.07087472199622
0,5.49922799116777,789.150718956888,784.471759253371,7.19820761954243,-8.52739260702182,8.07062512879001
0,5.4933160687757,789.167473779806,784.155747681456,7.12218968469449,-8.50059914798881,8.07037554142032
0,5.47489229012478,789.219692792707,783.197466782033,7.01871096040678,-8.41969401728679,8.07012596199481
0,5.44905608965342,789.292926045661,781.882159279012,6.90003914841083,-8.3090227947922,8.06987638758377
0,5.41221148673956,789.397378365663,780.094770415661,6.76143892368181,-8.15981629774156,8.069626822003
0,5.36993228015609,789.517251179702,778.121769664327,6.61515160518961,-7.99621507230547,8.06937726191054
0,5.3224618888181,789.651860722086,776.010860737373,6.46330932812248,-7.82271132479441,8.0691277079989
0,5.27067476203183,789.798736752107,773.85427671519,6.30998243195961,-7.64771891073131,8.06887816087212
0,5.21585873192605,789.954243672553,771.801379082723,6.16178820443959,-7.48496940105156,8.06862862174663
0,5.16021679074924,790.112133638935,769.944576233961,6.02263442746634,-7.34200168750308,8.0683790888132
0,5.10489772067957,790.269156745445,768.377996925375,5.89665546342986,-7.22725896908019,8.06812956222876
0,5.05111015952051,790.421892555622,767.193807440261,5.78789161581447,-7.14895836781659,8.06788004199601
0,4.99999699457617,790.56710736713,766.479795981913,5.7001752928742,-7.11565643415683,8.06763052811742
0,4.94822323439501,790.714323296597,766.14928394273,5.62817460476712,-7.19200951685707,8.06738102310823
0,4.89313748386627,790.871028649249,765.847635859303,5.55671593764351,-7.35050273965688,8.06713152407878
0,4.83522439831727,791.03584198646,765.566990992409,5.48641283702543,-7.57820652510065,8.06688203103153
0,4.77502438972615,791.207224017401,765.30333033985,5.41811429594564,-7.86189208463791,8.06663254403063
0,4.71300029956802,791.383861510238,765.053211747225,5.35307031363133,-8.19022948432615,8.06638306372115
0,4.65000000116784,791.5633556294,764.810339299522,5.29427238444157,-8.54246356437903,8.06613359207679
0,4.58719504026287,791.742345648621,764.566023752107,5.24113222840247,-8.88991596193851,8.06588412649519
0,4.52514466250371,791.919237325689,764.316123163173,5.19439476789634,-9.21889685746557,8.06563466689184
0,4.46443422329672,792.092363566758,764.056305003013,5.15500132541547,-9.51507728859183,8.06538521336074
0,4.40622351831238,792.258430985757,763.777990057343,5.12581111742264,-9.75006652320563,8.06513576721018
0,4.35197450109373,792.413278986675,763.470374464646,5.10948742096547,-9.88807728219589,8.06488632902734
0,4.30007010267976,792.561510439839,763.044490347379,5.10200640024337,-9.94556668056766,8.06463689692215
0,4.248478270578,792.708931105142,762.352442037199,5.1,-9.93722423694143,8.0643874708317
0,4.19538901508733,792.860704943509,761.290363872665,5.1,-9.88328040873721,8.06413805031649
0,4.13976459384536,793.019823287363,759.626210000201,5.1,-9.7792857470099,8.06388863933718
0,4.08433334497722,793.178432415991,757.721333193509,5.1,-9.65095475547055,8.06363923438832
0,4.0299185292081,793.334167819661,755.654512658213,5.1,-9.50308370629844,8.06338983512336
0,3.97733411708266,793.484694392229,753.488154397591,5.1,-9.33889543073462,8.06314044156436
0,3.93025400147072,793.619498703363,751.354899452855,5.1,-9.1583200494995,8.06289105731933
0,3.88802611559884,793.740423669039,749.362114497989,5.1,-8.97425542420142,8.06264167865491
0,3.85287903934801,793.84108503067,747.628767418687,5.1,-8.79046826104712,8.06239230684541
0,3.82610561714519,793.917772403261,746.26204469493,5.1,-8.61291099470758,8.06214294172577
0,3.80912101657301,793.966425713199,745.371500126009,5.1,-8.44733350479939,8.06189358329915
0,3.80370746669685,793.981933818836,745.227264515773,5.10410538497522,-8.29797005413736,8.06164423183639
0,3.80789142926179,793.969948019408,745.911171923917,5.1174733545476,-8.16066688717283,8.06139488589142
0,3.82507973088113,793.920710274106,748.107888510905,5.15551788989644,-8.03426628169782,8.06114554760919
0,3.85330664526752,793.839860797097,751.576692617992,5.21795041433475,-7.91336002935537,8.06089621707148
0,3.88879779521372,793.738215314853,755.782868782952,5.29639978384557,-7.79445525860688,8.06064689255717
0,3.92927883649322,793.622287558843,760.455645402315,5.38583840828844,-7.67627979027625,8.06039757255108
0,3.97842374113432,793.481581739422,765.648446684043,5.49426370890649,-7.55468124150945,8.0601482630653
0,4.03011961412095,793.333594784679,770.784277099587,5.60821161090035,-7.42868492133926,8.05989895862365
0,4.08401256572481,793.179339917549,775.825522032478,5.72690131151461,-7.2981675921082,8.05964965894746
0,4.13977530684011,793.019796915159,780.11591469697,5.84941046317554,-7.15300277749187,8.05940036952843
0,4.19406138354997,792.86455848794,783.207661373024,5.96803863972726,-6.988283056827,8.05915108817204
0,4.24723093300461,792.712574812092,785.393094528891,6.08373235502277,-6.8087775896542,8.05890181291192
0,4.30040048245925,792.560591136245,787.578527684757,6.19942607031827,-6.62927212248139,8.05865253765179
0,4.35941050228847,792.392150927437,788.577128358535,6.31998029621439,-6.36183329939582,8.05840327374979
0,4.42064825585535,792.217433694464,789.123034884114,6.44238846926765,-6.0608540093497,8.05815401418012
0,4.49345494456937,792.009892710846,789.65372717259,6.58074359840892,-5.65634539040249,8.05790476559808
0,4.56794233940064,791.797585980345,790.180403031859,6.72148623269558,-5.23608281741873,8.05765551899144
0,4.64549344628118,791.576656074263,790.658451852887,6.86819948225153,-4.7707860768251,8.05740628465685
0,4.72173140493668,791.359479051837,791.120715750431,7.01378812086081,-4.31033007812665,8.0571570527475
0,4.79259776268155,791.157653680414,791.518409397833,7.15477639443128,-3.86967575381357,8.05690783075893
0,4.85946218369648,790.967235888701,791.887093606087,7.29158900936529,-3.45131799239078,8.05665861215247
0,4.91547195416505,790.807752599433,792.181494698245,7.41690328431093,-3.09517528855194,8.05640940179531
0,4.9584144953662,790.685488229255,792.400098642363,7.52784129706814,-2.81931420232413,8.05616019850732
0,4.98686800377606,790.604481832543,792.541494598004,7.62257102155264,-2.63516962551396,8.05591100162299
0,4.99493973419327,790.581499324357,792.521818733852,7.69580703127345,-2.57655781223224,8.05566181308941
0,4.99418141368021,790.583647206791,792.334125853231,7.76208933319029,-2.56261665881786,8.05541262943558
0,4.98430409526972,790.611741047219,791.871706188054,7.82360545775703,-2.58465140774186,8.05516345225226
0,4.96729447602444,790.660121134706,791.063496869038,7.88268404693101,-2.62259720171002,8.05491428400348
0,4.9473111379068,790.716959305652,790.103693079486,7.93966698232328,-2.66717689629775,8.054665120881
0,4.92468913462113,790.781302574146,789.005469713626,7.99422242378196,-2.71764303921646,8.05441596304453
0,4.90003714722154,790.851419681996,787.759772465226,8.04096403788985,-2.77263775845629,8.05416681699394
0,4.87530720231892,790.921758522664,786.508411775636,8.08740557749704,-2.82780638866413,8.05391767139597
0,4.85339449998489,790.984084341995,785.306192850278,8.12216082083702,-2.87669019235558,8.0536685386894
0,4.83164916353404,791.045934126211,784.10689332379,8.15622180826961,-2.92520062899933,8.05341940674867
0,4.81789920192255,791.08504284088,783.1740963342,8.17556093881717,-2.9558746377973,8.05317028745071
0,4.80479910181491,791.122303168707,782.262960585376,8.19370348155652,-2.98509890745781,8.05292116918036
0,4.80177625435184,791.130900381876,781.71003810458,8.19647361268911,-2.99184077154492,8.05267206160842
0,4.80310251678463,791.12712555467,781.29145067667,8.18937267274105,-2.98887515679577,8.05242295984038
0,4.80791564852814,791.113430745932,780.970327495439,8.17261095345448,-2.97812452560573,8.05217386372398
0,4.81598895082805,791.090459770532,780.723852958172,8.14382294407642,-2.96009196382743,8.05192477515159
0,4.82666706623245,791.060077317706,780.533057603729,8.10355980440122,-2.93624128060602,8.05167569624667
0,4.83785386751801,791.028247500415,780.353135664398,8.06105572208158,-2.9112543944732,8.0514266192297
0,4.84993594896394,790.993870341556,780.183959723213,8.01065299505294,-2.8842678068303,8.05117755324818
0,4.86224025847145,790.958860876963,780.017451173133,7.9582896521405,-2.8567848496597,8.0509284900059
0,4.87319922200632,790.92767932666,779.805265889953,7.90387991035147,-2.83230686287961,8.05067943732058
0,4.88374642549698,790.897669357638,779.579100668509,7.84884384246561,-2.80874858505621,8.05043038786634
0,4.89091163699015,790.877282173951,779.256024527159,7.79710367123374,-2.79274433870132,8.05018134848959
0,4.89682712023515,790.860450843344,778.89713744532,7.7465814139279,-2.77953149058768,8.04993231283673
0.0052572468091295,4.8941853583034,790.868004581322,778.251194608262,7.70000000098601,-2.82195654971013,8.04968328510838
0.0244250206601214,4.87677995422125,790.917657873925,777.072566205423,7.65374809420836,-2.98839655035634,8.04943426403308
0.0649447888276836,4.83950515897697,791.023983662429,775.159840040357,7.60489953390997,-3.33506112214042,8.0491852486822
0.140893957243459,4.77484508104804,791.208425554744,772.235902774335,7.55154636362169,-3.93641541744524,8.04893624123305
0.24768309017639,4.69228478938915,791.443927535431,768.665564858156,7.49629629743755,-4.70424601092622,8.04868724099503
0.381465788792172,4.59897268036239,791.710098912207,764.722792620212,7.44106177973443,-5.57207109503573,8.04843824734439
0.541776388936461,4.50000000167598,791.992416978147,760.606533350627,7.38751496348484,-6.49254084008177,8.0481892604426
0.730648141231072,4.4015731929035,792.27317795843,756.563338813351,7.33804894181209,-7.40793386347929,8.04794028117926
0.941585000379536,4.30899784010827,792.537247749221,752.78847163842,7.2935866128825,-8.26890693721986,8.04769130812152
1.17228073953283,4.2253075115063,792.775973143162,749.395834253531,7.25484766220103,-9.04724714639169,8.04744234082519
1.42756575310452,4.15936232214513,792.96408079636,746.738934034627,7.2255112736838,-9.66055328747955,8.04719338107376
1.70522400434598,4.11761472163286,793.083165194102,745.064270698685,7.20747495923445,-10.0488160253364,8.04694442863874
2.01051895210022,4.10129762251795,793.129707747831,744.421748846341,7.20187294883045,-10.1972852199546,8.04669548256922
2.46317768073427,4.10394094130481,793.122142096964,744.681250872043,7.22268728381902,-10.1240195399148,8.04644654305957
3.21392277991921,4.1146551447576,793.091507063639,745.533148508943,7.28376974122762,-9.88963133029566,8.04619761076347
4.25953393879624,4.1316111458506,793.043027938577,746.832568680827,7.37916433708591,-9.53262318353678,8.04594868570735
5.51690332723346,4.15260014365662,792.983021067512,748.391995163322,7.49596775114423,-9.10471658404887,8.04569976604713
7.07553768583783,4.17854173471229,792.90886143059,750.214117229025,7.63758407834951,-8.60591350912357,8.04545085440676
8.8304516147404,4.20715944737704,792.827057237792,752.132179765754,7.7914075693838,-8.08193785585496,8.04520194823213
10.8532975480393,4.23859891730564,792.737197669229,754.067583377412,7.95591718997277,-7.55533371640715,8.04495304988188
13.09353651165,4.27146404582162,792.643275215467,755.898910047982,8.1228859064633,-7.05957290509387,8.04470415825773
15.5325200079083,4.30490117207384,792.547732176641,757.534988973969,8.28684398231734,-6.61992848018251,8.04445527310239
18.1687850103435,4.3380945412035,792.452903799969,758.866120792346,8.44197826741594,-6.266966979822,8.04420639472298
20.9972581385527,4.37008734238041,792.361528844795,759.768190610107,8.58159076987184,-6.03522351379661,8.04395752336621
24.0032137671553,4.3999978949491,792.276129937136,760.1435133655,8.69998077177409,-5.95161338704835,8.0437086588267
28.5837078059093,4.42915987065216,792.192897378949,759.688824944955,8.81139785136692,-6.03551928949236,8.04345980187104
35.1023684020103,4.45914226480422,792.107340183633,758.556139624951,8.92893434539944,-6.22638126541238,8.04321095100549
43.3854728560727,4.48996344692011,792.019407904195,756.828060569241,9.05044737119743,-6.51110565237782,8.04296210659222
53.2685301465773,4.52169268099484,791.928906964533,754.59539317532,9.17287246562287,-6.87541422424865,8.04271326954832
64.1140127054488,4.55409809340822,791.83649516124,752.090353112359,9.29347223826252,-7.28272372664806,8.04246443827569
75.8011210325217,4.5873093266927,791.741808637162,749.398617917971,9.40855714447105,-7.71959537293421,8.04221561425912
87.8870185916274,4.62137301531306,791.644719789736,746.731513739582,9.51243161246745,-8.15283188798812,8.04196679852753
99.9387467661102,4.65591743177925,791.546278321729,744.19543314741,9.60715058939459,-8.56562068328549,8.04171798778907
111.666637524307,4.69110196523079,791.446038048749,741.959725422359,9.68663407550705,-8.93141525969688,8.04146918404409
122.5000226434,4.72696124695173,791.34390619918,740.290969069637,9.74400756713111,-9.20839003727639,8.04122038835626
132.272095257219,4.76329391813702,791.240450823534,739.216368584089,9.78112490444215,-9.3922471927776,8.04097159885855
140.836974102376,4.80001305780684,791.135921139292,738.991972435359,9.79693925833063,-9.46589279300889,8.0407228160366
148.731880176429,4.8368370732904,791.031115798406,739.953955815286,9.8,-9.44894908527468,8.04047403988279
156.579060709272,4.87364256206347,790.926386912156,742.36070807492,9.8,-9.37080021499717,8.04022527099938
164.459524297767,4.91062189876094,790.821187351373,745.854792254024,9.8,-9.2559191845176,8.03997650850269
172.253623070276,4.94804598923863,790.714751226228,750.215996300654,9.8,-9.11182783314925,8.03972775260079
179.836206237787,4.98618989679242,790.60630019965,755.179691680908,9.8,-8.94754795775275,8.03947900329661
187.050044822901,5.02541250037217,790.494819909993,760.468090966744,9.8,-8.77256336040507,8.03923026093808
193.506204354503,5.06667809282601,790.377591152385,765.709023085628,9.8,-8.59969482951242,8.03898152836528
199.793714724099,5.10837210180912,790.259155089388,770.830839541516,9.8,-8.43095652098909,8.03873279728987
204.718063927388,5.15352892536391,790.130960591772,774.989865289391,9.8,-8.29560206492642,8.03848407831758
209.400958720943,5.19927731513554,790.001097399494,778.888318884612,9.8,-8.16919050528855,8.03823536092543
212.245119742048,5.24953062483278,789.858526693467,780.802452467737,9.8,-8.11088126648968,8.03798665556647
214.917516979132,5.30163921514117,789.71072584878,782.517747753448,9.80141113928243,-8.05947815998008,8.03773795186746
216.354340588501,5.36709366766497,789.525302280334,782.802710342045,9.81297323379872,-8.05775394809162,8.03748926010923
217.763737429945,5.43498141836019,789.33302580279,783.085910727539,9.82720493564031,-8.05625047699522,8.0372405700988
218.986329864022,5.51944242420902,789.094073988724,783.357108703305,9.85961940023652,-8.05625047699522,8.03699189199277
220.187297396913,5.604706214534,788.852869774219,783.629509603698,9.89350558972874,-8.05625047699522,8.03674321529242
221.197381439857,5.6970562015156,788.591783570299,783.912528746871,9.94038272803414,-8.05625047699522,8.03649455100001
222.188860600308,5.78910905125139,788.331546903556,784.194442023452,9.98781387349161,-8.05625047699522,8.03624588775149
222.952510208007,5.87752325151729,788.081713402493,784.462813204766,10.0420292166846,-8.05625047699522,8.03599723728596
223.70235701562,5.96516152292657,787.834077622672,784.729160577117,10.0962550825965,-8.05625047699522,8.03574858750181
224.185646147825,6.03781516867858,787.628883917035,784.956424443997,10.1506841617322,-8.05625047699522,8.03549995087639
224.657028441894,6.10979152618599,787.425605898443,785.18202973839,10.2049484451293,-8.05624321382943,8.03525131459294
224.621916430877,6.15295732669422,787.303817572362,785.337082505764,10.2522026304514,-8.05592698937048,8.03500269285653
224.58680441986,6.19612312720244,787.182029246281,785.492135273139,10.2994568157736,-8.05561076491154,8.03475407112011
221.690898251576,6.22495937502928,787.10074516365,785.611855761323,10.3471154892774,-8.05060132185764,8.03450545957035
217.92814125362,6.24958853173541,787.031352804683,785.721207254507,10.3949340758463,-8.04416432403885,8.03425685107254
209.390486962695,6.27039590876822,786.97274277948,785.821790870339,10.4489908660656,-8.02908070415013,8.03400825440727
199.556328145006,6.28985651601969,786.91793213962,785.920577558834,10.5037037033955,-8.01133295419473,8.03375966263681
188.51533201672,6.30798681748965,786.866874392953,786.017836527421,10.5587697358889,-7.99102683800645,8.03351107583995
176.139924004627,6.32382750069352,786.822275375752,786.114953663514,10.6114772677442,-7.96705390251033,8.03326249899797
163.74125210848,6.33860298930704,786.78068077302,786.214006629826,10.6607009441155,-7.94196756408787,8.03301392790936
151.529545812255,6.35248996048955,786.741592134412,786.315365827392,10.7061943539317,-7.91615712689808,8.03276536200741
140.462013193406,6.36513446782933,786.70600718333,786.422907710945,10.7429458542088,-7.89020942881178,8.03251680501587
131.599904789402,6.37706860473976,786.672424488206,786.539183055183,10.7685034470799,-7.86572142502407,8.03226825603184
123.749256693677,6.38867694877614,786.639760075568,786.659463773434,10.7889272462076,-7.84190287196393,8.03201971072025
118.872155782864,6.40007764136801,786.607681639483,786.844341159284,10.7906669813919,-7.81961034893928,8.03177117473762
115.399830825993,6.41138023437111,786.575880032963,787.059735580751,10.7835799107051,-7.79803875958929,8.03152264316223
112.736610737663,6.42283314261593,786.54365898749,787.429644260203,10.7569373208584,-7.77439561799045,8.03127412000196
110.467010710641,6.43435917746888,786.511233889871,787.874722320123,10.7207811995153,-7.74974469043591,8.03102560093554
108.660902798127,6.44547801597713,786.479958051392,788.45956123532,10.66735542924,-7.72378721849609,8.03077709337711
106.936505488215,6.45635050319989,786.449375924647,789.063017075234,10.6113477750804,-7.69796278346659,8.03052858891062
105.41574284602,6.46627375533252,786.421465905966,789.701302395384,10.5497942990264,-7.6731678337708,8.03028009419172
103.910120215746,6.47539969863215,786.395799079093,790.317091341062,10.4897545236514,-7.64996218283586,8.03003160462358
102.423707823246,6.48351398537941,786.372978501502,790.904336009167,10.4316353907511,-7.62877309617131,8.02978312159091
100.754640969329,6.48935366181104,786.356555636382,791.352405805471,10.3867755025982,-7.6131677169113,8.02953464885352
99.0060814865367,6.49420341030852,786.342917105021,791.73990562529,10.3476861399156,-7.59999241013355,8.02928618059672
97.1964870155974,6.49846538588667,786.330931794123,792.08775401324,10.3127767599934,-7.58815520183986,8.02903771396224
94.8632257911053,6.49768439929131,786.333130750626,792.095401850151,10.3137307113914,-7.58779858378389,8.02878926124696
92.4312768321911,6.4943997058377,786.342374359931,791.995315632142,10.3283415646443,-7.59073270214798,8.02854081141026
89.7268236926557,6.48420158398366,786.371070207659,791.597745835931,10.380662908179,-7.60275345561463,8.02829236952213
86.7991621374132,6.46731697056609,786.418580749551,790.917864648584,10.4706930055824,-7.62265572567742,8.02804393619151
83.7484054325511,6.44732516065439,786.47483443442,790.093273598863,10.5803736124471,-7.64622051748324,8.02779550819418
80.5847834959332,6.42475785996395,786.538335129303,789.141173449501,10.7075319595925,-7.67282109765772,8.0275470853763
77.1988093864633,6.40016260931075,786.607542143857,787.995417089541,10.8631116310788,-7.70181206764065,8.02729867598527
73.8117533662156,6.3755574911537,786.676776923953,786.848718446271,11.0188295937127,-7.73081466867024,8.02705026665958
70.3094368420593,6.35394191818112,786.737599612625,785.677788573195,11.18130603606,-7.75629342617704,8.0268018685696
66.7653449923355,6.33340988396765,786.795373400364,784.498076268326,11.3462320398858,-7.78049499240476,8.02655347455192
63.195751651909,6.31803699945112,786.838630184264,783.397609526497,11.5037773613899,-7.79861535392715,8.02630508777929
59.5977219386712,6.30841701408401,786.86569925043,782.385508457113,11.6530925822872,-7.80995464503448,8.02605670908553
55.8989299806909,6.30075480105176,786.887259465299,781.391873379882,11.8004598286155,-7.80555305816406,8.0258083336642
51.8247349326776,6.30038652818497,786.888295724942,780.467035802472,11.9405696376532,-7.74250674530738,8.02555997043475
47.7505398846643,6.30001825531818,786.889331984584,779.542198225062,12.0806794466908,-7.67946043245071,8.02531160720529
42.9313116237743,6.3,786.889383352065,778.506406288412,12.2346294029271,-7.47128634205757,8.02506326272229
38.0732258301396,6.3,786.889383352065,777.464827478676,12.3893011980877,-7.25554304901641,8.02481491921701
33.2151400365049,6.3,786.889383352065,776.42324866894,12.5439729932483,-7.03979975597524,8.02456657571173
28.5000315342081,6.3,786.889383352065,775.449674863512,12.6940076138679,-6.76959899782862,8.02431824353185
23.8928142753871,6.3,786.889383352065,774.527417909933,12.8405430037862,-6.45830441581816,8.02406991989815
19.2997447203428,6.3,786.889383352065,773.609094883945,12.9867324891717,-6.14668701657306,8.02382159646927
15.9511520070713,6.3,786.889383352065,773.036812590864,13.1024951160844,-5.80667359073911,8.02357329105696
12.6025592937998,6.3,786.889383352065,772.464530297782,13.2182577429971,-5.46666016490515,8.02332498564465
10.0619325878461,6.29929187966887,786.891378353296,772.180481652379,13.313827308719,-5.12288341254865,8.02307668796164
8.49869470033976,6.29772715288712,786.8957866886,772.245106517729,13.384969519776,-4.77455419977923,8.02282839962869
6.9354568128334,6.29616242610537,786.900195023905,772.309731383079,13.4561117308329,-4.4262249870098,8.02258011129574
5.87362214787453,6.28471882911295,786.932436127789,773.617852874958,13.5024185783537,-3.94041998778503,8.02233183900672
4.87132361326812,6.27210222469229,786.96798206751,775.073625945287,13.5457764989942,-3.43829124755771,8.02208356862275
3.92744577732246,6.25701016878555,787.010503166154,776.850028229897,13.5856906071638,-2.91415835444212,8.02183530354204
3.09944635110736,6.23700801443516,787.066859606419,779.262403796505,13.6187738570641,-2.34637986477234,8.02158704898044
2.29917397193297,6.21653580910488,787.124540976285,781.754548751713,13.6514764108843,-1.78225652283297,8.02133879653533
1.62618625415587,6.19413580282671,787.187656594617,784.589267451892,13.6828405171623,-1.23951389591344,8.02109055367552
1.06812772035672,6.17168766071511,787.250910938321,787.559574063499,13.7160068563935,-0.749932238804439,8.02084231850883
0.611593702889896,6.15006923557769,787.311830652098,790.560200743928,13.7523168048134,-0.324758509201623,8.02059408964236
0.277295122199972,6.13029422601949,787.367560617534,793.51079965937,13.7939137797047,0.00597689720886927,8.02034586788151
0.0763093205885163,6.1134418972446,787.415060747425,796.313431427949,13.8428995873703,0.215468819492876,8.02009765335188
0.00658661742415662,6.10018486037977,787.452436416809,798.900792357956,13.9023042794892,0.290865787696747,8.01984944584704
0,6.08869175792721,787.484846765715,801.413934158392,13.9826498637882,0.298027911111717,8.01960124437511
0,6.07716049393491,787.517369275507,804.028155859958,14.1001206356601,0.298027911111717,8.01935305075369
0,6.06566802223173,787.549785181787,806.723406333852,14.2432317419488,0.298027911111717,8.01910486424876
0,6.05437375015514,787.581643907484,809.466440118803,14.4011871531802,0.298027911111717,8.01885668343245
0,6.04354686183525,787.612186206578,812.248631768936,14.5708238786678,0.298027911111717,8.01860850987221
0,6.03355919325073,787.640362728511,815.041400445435,14.7424795373065,0.298027911111717,8.01836034433555
0,6.02435119589992,787.666340590053,817.82202573428,14.9090351569396,0.298027911111717,8.01811218441124
0,6.016261520759,787.689164284648,820.570152488391,15.0634845958958,0.298027911111717,8.01786403127196
0,6.00951095285671,787.708210554895,823.263444992192,15.1983776179043,0.298027911111717,8.01761588492113
0,6.004322133235,787.722850906851,825.879471572574,15.3062276036536,0.298027911111717,8.01736774536914
0,6.00141351102024,787.731057888454,828.365109592009,15.3689983846455,0.298027911111717,8.01711961426613
0,6.00014560060032,787.734635448325,830.749203460125,15.3973563090981,0.298332571831789,8.01687148861486
0,6.0010970754851,787.731950311734,832.995963750118,15.3855253350241,0.303086481602977,8.01662337059867
0,6.00367974472203,787.724662144714,835.151580704634,15.3521393596365,0.31446471386168,8.0163752590056
0,6.00785267531353,787.712886827683,837.228702909806,15.2995549811835,0.33180372796878,8.01612715413031
0,6.01364318501659,787.696547841712,839.239867961549,15.2290002487081,0.354007502441665,8.01587905664359
0,6.02091685587653,787.676025080252,841.20687390536,15.1437996957512,0.379263056625714,8.01563096658431
0,6.02926923384385,787.652459921776,843.153471555426,15.0492615167747,0.405727099439528,8.01538288239561
0,6.03884372065525,787.625448517946,845.091847121606,14.9458170297332,0.43227355089078,8.0151348054542
0,6.04939475936207,787.595683948547,847.039196776091,14.8370009084178,0.457543352024094,8.01488673492608
0,6.06107570622044,787.562734953848,849.023921246263,14.725000002078,0.479004791627946,8.01463867289872
0,6.07341618912552,787.527928007446,851.050749443055,14.6134178461514,0.496491046519631,8.01439061664536
0,6.0864204973298,787.491251751151,853.137851984949,14.5042664089821,0.508430592475402,8.01414256691987
0,6.10002756977675,787.452879100947,855.30217474026,14.4000095039228,0.513208690570056,8.01389452389175
0,6.11815583226513,787.401770018851,857.505736002942,14.2970741855522,0.482797399266208,8.01364648913942
0,6.14268568200671,787.332630090736,859.698580457111,14.1895679752807,0.4096231591521,8.01339846122922
0,6.1715601465327,787.251256349252,861.892863613532,14.0787998397923,0.309588767058751,8.01315043827661
0,6.20775694410443,787.149276289892,864.122710218519,13.9620134611004,0.172248349197118,8.01290242490137
0,6.24785816176283,787.036318598992,866.398627607771,13.8415919547542,0.0215325341833989,8.01265441763293
0,6.29141542720151,786.91365072314,868.73361812495,13.7176651830004,-0.136623982512324,8.01240641644494
0,6.33803437042543,786.782388747495,871.142586099876,13.5902928330889,-0.296167166483477,8.01215842144219
0,6.38774292087679,786.642469264446,873.666486137293,13.4588101798625,-0.447423250154959,8.0119104341674
0,6.43978406512706,786.496043078669,876.35655353984,13.3229759877238,-0.573329008590587,8.01166245565679
0,6.49259045606288,786.347500877366,879.151158518011,13.1849276388445,-0.678887477286941,8.01141448186738
0,6.54623696400829,786.196651714261,882.103735523798,13.043769130495,-0.751716689678288,8.01116651485552
0,6.60207199740627,786.039763941468,885.420744764981,12.8925469513924,-0.770192021037364,8.01091855654895
0,6.66201562361826,785.871429953668,889.115214776599,12.7276095289772,-0.760224869898492,8.01067060344224
0,6.73183040200878,785.675555663842,893.604610156117,12.5316102451352,-0.708786643951191,8.01042265876132
0,6.80735552894686,785.463760158306,898.51454315363,12.3206604040902,-0.637630533775159,8.01017471998461
0,6.88885718277261,785.235301296237,903.864616426343,12.0940631106411,-0.545837423199047,8.00992678738732
0,6.97421166874391,784.996150749268,909.464098809901,11.8638222243144,-0.436817566494005,8.00967886339808
0,7.06112611571423,784.752671279878,915.164563658051,11.6321060952129,-0.320822827134876,8.00943094289412
0,7.14683508915499,784.512696391876,920.676872569611,11.4218544196486,-0.197844608654483,8.009183034283
0,7.23111221424293,784.276760834911,926.050582351109,11.2213641514175,-0.0761501394735035,8.00893512850645
0,7.30821518752579,784.061025560673,930.756299363166,11.0648809650321,0.0361281545412237,8.00868723341459
0,7.38182257931808,783.85510835923,935.152993346051,10.9267222736692,0.141920348683017,8.00843934129126
0,7.44555224421287,783.67693482275,938.676457768873,10.8403444828105,0.229384283750484,8.00819145755637
0,7.49736577840429,783.532201700945,941.15469609756,10.8124459899253,0.293470924628245,8.00794358227192
0,7.54426161165669,783.401267876584,943.18725300424,10.8077584958446,0.349614485952997,8.00769571237939
0,7.58737687259481,783.280941346207,944.864510850688,10.8200982685973,0.401159772730432,8.00744784831699
0,7.62694373781962,783.170566640636,946.234378303891,10.8457222123257,0.451169208442582,8.00719999506599
0,7.66546659297896,783.063118179346,947.535884078375,10.8748943498304,0.500160997627596,8.00695214513761
0,7.70111423228172,782.96372709491,948.668097882657,10.9135285920331,0.545863895166709,8.00670430448151
0,7.73506914991963,782.869075583163,949.750631363289,10.9569188463208,0.588351314092366,8.00645646960463
0,7.7673239781801,782.779184273491,950.783268282509,11.0050858136338,0.627609258765008,8.00620864053209
0,7.79556024236369,782.700528973925,951.894615209865,11.0613428174876,0.654207077374161,8.00596082643828
0,7.82267015030953,782.625022995816,953.028023626584,11.1198673634153,0.67725641157703,8.00571301654282
0,7.84978005825537,782.549517017706,954.161432043303,11.178391909343,0.700305745779899,8.00546520664736
0,7.87688996620121,782.474011039596,955.294840460022,11.2369164552707,0.723355079982769,8.0052173967519
0,7.89967480949845,782.410577286416,956.765371783317,11.3023546464778,0.721687746264015,8.00496960411194
0,7.92060987641421,782.352296349854,958.480730559276,11.3809490015112,0.683074229026212,8.00472181707013
0,7.93855903449645,782.302329832105,960.609515962952,11.4910267649779,0.562338420106697,8.00447403805079
0,7.95443743106005,782.25813108752,963.006555452543,11.6243304634642,0.381408129831667,8.00422626617537
0,7.96895915768071,782.217713185546,965.55775620332,11.7734728750148,0.159428765868402,8.00397850083518
0,7.98260963638597,782.179725781147,968.182177445779,11.9335297085146,-0.0908374234780424,8.00373074190671
0,7.99585512116725,782.14287234533,970.796882554121,12.0999206927772,-0.357519783767054,8.00348298971731
0,8.00948410942829,782.104962433513,973.238960963792,12.2655527803034,-0.622235317048546,8.00323524676683
0,8.02394438461578,782.064746362992,975.476164986493,12.4246612847291,-0.87004372897524,8.00298750929734
0,8.03935366816346,782.02189637971,977.491769757172,12.5759681949461,-1.09763280775539,8.00273977702903
0,8.05735889175159,781.971836253268,978.956571457608,12.7043386430001,-1.26577762974707,8.00249205423035
0,8.07788704427303,781.914765668361,979.918558906373,12.8094795814789,-1.3737187061841,8.00224433783792
0,8.10013101575416,781.852928056192,980.560762998548,12.8997700418454,-1.44300562824916,8.00199662547928
0,8.13313178713162,781.761260258469,980.630450261165,12.9631616428019,-1.43030101028217,8.00174892256138
0,8.17978684820666,781.631758908085,980.645842594333,13.0251023280742,-1.39400757341127,8.00150122676142
0,8.23610459856454,781.475487516233,980.608498039718,13.085203442041,-1.34078329623683,8.00125353739771
0,8.30030154534024,781.297392590835,980.499912867552,13.1422411544595,-1.27274980219427,8.00100585557488
0,8.36837027363641,781.108581624693,980.315233057712,13.1954986486752,-1.19597911457061,8.00075818079359
0,8.43738890229489,780.917151555256,980.060006183746,13.2449559430625,-1.11522107433077,8.00051051195262
0,8.5042649980139,780.731678901991,979.703892985204,13.2885855181147,-1.03421505971172,8.00026285082874
0,8.56434276772745,780.565070530235,979.229687044371,13.3249087134435,-0.95960098948028,8.00001519778892
0,8.61914751245572,780.413089784165,978.685702001496,13.3567718800404,-0.89071944673951,7.99976754924931
0,8.65774660599342,780.306054345436,977.979208753393,13.3777971927544,-0.841297241797402,7.99951991033269
0,8.68586596101007,780.228080503163,977.184736641243,13.3927564975598,-0.805063768539849,7.99927227625681
0,8.68817997143629,780.221809483538,975.739147007189,13.3988208635472,-0.801047736971615,7.99902464972959
0,8.65374991846375,780.317845166345,972.718050541194,13.4,-0.84186696250006,7.99877702914068
0,8.5454359962631,780.619854448578,965.746274374011,13.4,-0.970963522009435,7.99852941635796
0,8.37408225156457,781.097643968934,955.354875557211,13.4,-1.17476872948015,7.99828181138
0,8.16839489439536,781.671174574975,943.137009014105,13.4,-1.41897266930931,7.99803421190829
0,7.92667562866321,782.345194124165,929.082181687163,13.4,-1.70490570451408,7.99778662110581
0,7.67357483096538,783.050970346378,914.541023411985,13.4,-2.00319750765955,7.99753903660056
0,7.41950001375307,783.759489406796,900.112825782014,13.4,-2.30115591591748,7.99729145865415
0,7.17730180184459,784.434926768001,886.534649958685,13.4,-2.58310090716912,7.99704388762612
0,6.96061141222066,785.039280205001,874.574115777805,13.4,-2.83248739147925,7.99679632351964
0,6.78306006190711,785.534547492679,864.995051350186,13.4,-3.03277027884976,7.99654876633789
0,6.66145607407035,785.8738703618,858.745739446931,13.4,-3.16347334119663,7.99630121640882
0,6.60385675644409,786.03478235137,856.298032163417,13.3830302728585,-3.21502892976436,7.9960536734528
0,6.58477749536259,786.088308872658,856.491538615342,13.1972511547278,-3.21972076322379,7.99580613746562
0,6.57061147158175,786.128118162976,857.649582230809,12.7247453248098,-3.21972076322379,7.99555860843771
0,6.55764486583859,786.164560103989,859.487589733583,12.0076569568654,-3.21972076322379,7.99531108637096
0,6.54595080788717,786.197428562869,861.912639985333,11.1030729473463,-3.21972076322379,7.99506357149795
0,6.5355165332907,786.226758613084,864.792890158201,10.0803792253469,-3.21972076322379,7.9948160635667
0,6.52637386402098,786.252460150894,868.021560394351,9.00000001825666,-3.21972076322379,7.99456856258362
0,6.51855405459293,786.274444666045,871.491632681048,7.92244406084546,-3.21972076322379,7.99432106855192
0,6.51225346184718,786.292159575531,875.099805989464,6.92274909290017,-3.21972076322379,7.99407358230463
0,6.50705905144019,786.306765160739,878.725246505745,6.02442157537626,-3.21972076322379,7.99382610160636
0,6.50301177107134,786.318146040382,882.322383838533,5.25600132144472,-3.21972076322379,7.99357862659647
0,6.50113882459114,786.323413278319,885.644500564131,4.85257269111847,-3.21972076322379,7.99333116205228
0,6.50115567991377,786.323365721906,888.741571964892,4.66380482448251,-3.18768197708098,7.99308370333442
0,6.50400904935931,786.315341509834,891.665228090007,4.62261879316104,-3.08174045353528,7.99283625054501
0,6.51121689092151,786.295072464688,894.458996900506,4.66316308830507,-2.84093660302425,7.99258880452047
0,6.52453926988295,786.25761605237,897.208030474618,4.73745839897738,-2.43423554538656,7.99234136747304
0,6.54125894750228,786.2106138201,899.963457627339,4.83018027082776,-1.95479747763291,7.99209393577446
0,6.56141170635052,786.153966938806,902.739999142306,4.94136998787486,-1.41097087664705,7.99184650965038
0,6.58739839945149,786.080942039802,905.650009504702,5.08292503758769,-0.818429303937359,7.99159909412685
0,6.6159095983415,786.000835531953,908.665800038867,5.23711934329745,-0.234673209429623,7.99135168374527
0,6.64688420799011,785.913820376891,911.798335965344,5.40350605395345,0.332100843049631,7.9911042785374
0,6.68218986990205,785.814671158358,915.242159578086,5.59022390075905,0.803104216494047,7.99085688365017
0,6.71969138108732,785.709380195154,918.931466236467,5.78633651862523,1.17108115904974,7.99060949500737
0,6.75856455829736,785.600252710654,922.774117096316,5.9883177033511,1.47470129140883,7.99036211026524
0,6.8114298618027,785.452145276712,927.54849620246,6.2416373536981,1.54365297673487,7.99011473710766
0,6.87953414756657,785.261604943378,932.980007615524,6.55047141895042,1.58286216206159,7.98986736732951
0,6.98956772811571,784.954316505826,940.152085793288,7.01197532244272,1.58286216206159,7.98962000510623
0,7.1455359390687,784.519151166288,949.101234755734,7.63934610989439,1.58286216206159,7.98937265192002
0,7.32164300342809,784.027939829879,958.779168355171,8.33822055133933,1.58286216206159,7.98912530451283
0,7.51263641700378,783.495315585564,968.952434743603,9.08892208140843,1.58286216206159,7.98887796291202
0,7.71330840333086,782.935811095511,979.320536315579,9.87033708138466,1.58286216206159,7.9886306295415
0,7.90770359935924,782.393871591024,989.182338286397,10.6230418911377,1.58286216206159,7.98838330396574
0,8.08866453053114,781.889420069801,998.263108477535,11.3213648977004,1.58286216206159,7.98813598451736
0,8.2544981768443,781.427165324354,1006.50856931104,11.9594838196988,1.58286216206159,7.98788867042846
0,8.36956329869871,781.106449476065,1012.16479994735,12.4006796109538,1.58286216206159,7.98764136666795
0,8.45129190431953,780.878685995001,1016.17465612163,12.7219469351275,1.58192487808774,7.98739406775939
0,8.48408381523334,780.787376653763,1017.78356144861,12.8699285637059,1.57933541141778,7.98714677540435
0,8.40389762895315,781.012006798807,1014.02883377782,12.8625393121408,1.54439461434373,7.98689949218032
0,8.26146573863687,781.410885342598,1007.3240989954,12.8053655933666,1.4861588486566,7.98665221393022
0,8.02330955239702,782.077908930331,996.087744136431,12.7069545407534,1.3867036152865,7.98640494327316
0,7.71484573002793,782.942044226361,981.467579871147,12.5716951300231,1.25211970295283,7.98615768061215
0,7.37193856389903,783.902816908083,965.162904168198,12.4154549973028,1.09815943346439,7.9859104229484
0,6.9890871164739,784.975859413457,946.832192051834,12.2269611015328,0.915866823966345,7.9856631740013
0,6.59890955416348,786.069729667585,928.036143754052,12.0231120677806,0.721393826137909,7.98541593013372
0,6.21326916728909,787.151480426431,909.210932787828,11.7976655169788,0.511449130397677,7.98516869459102
0,5.85874345166728,788.146775914917,891.535714299071,11.5575330838705,0.294119829270659,7.98492146693831
0,5.54492542780319,789.02867720831,875.47086141224,11.3095109359655,0.0755074203812713,7.98467424543246
0,5.29323706796012,789.737351236124,861.919013068899,11.0558578225081,-0.140320304783305,7.9844270309443
0,5.11048043779216,790.253763729697,851.160457545412,10.7842793495928,-0.35303805367068,7.98417982347393
0,4.97275713642124,790.644653367531,842.138947101781,10.4446866522645,-0.5741286563168,7.98393262308687
0,4.84776499915851,791.000176422284,833.491731271037,10.0073535580393,-0.813582928823814,7.98368542917664
0,4.72683546304895,791.34444968781,824.89784388334,9.47339425530606,-1.0735752381369,7.98343824209774
0,4.61221129549185,791.671053426388,816.54353525983,8.86533646191985,-1.35162874792266,7.98319106259568
0,4.50612037835118,791.973571836932,808.642150488985,8.21957894741264,-1.64273011835252,7.98294389085181
0,4.41094603926608,792.245142893004,801.420260409108,7.57454396925598,-1.94161019954215,7.98269672708078
0,4.32308517671614,792.495930277525,794.690991703757,6.94838606082307,-2.24235246682307,7.98244956791754
0,4.24846404617935,792.70905377822,788.882106031221,6.370465006025,-2.54390516027394,7.98220241653505
0,4.18975952232627,792.876794002576,784.256312922005,5.88835551907329,-2.8395453078723,7.98195527299808
0,4.14189350542582,793.013604634561,780.454999985344,5.48076476273907,-3.12947037869188,7.98170813443366
0,4.11569307620614,793.088527973503,778.346504749437,5.24414521316197,-3.40396319953761,7.98146100493122
0,4.11140966172089,793.100800071224,777.707038863659,5.15807077587711,-3.67357723525164,7.98121388327386
0,4.11933927568318,793.078160416566,777.886174300224,5.15588603622415,-3.94047261870736,7.98096676598808
0,4.15235785793017,792.983862396711,779.129665204296,5.23014164505501,-4.22692175463886,7.98071965783991
0,4.19853966432847,792.851967967442,780.931582801586,5.34450258742844,-4.52362999823542,7.9804725544859
0,4.26373973363197,792.665814287057,783.445785017746,5.50417039679274,-4.82326504826354,7.98022546046617
0,4.33832377918693,792.452888049869,786.31144214759,5.68619348465905,-5.12434424080789,7.97997837105214
0,4.4250956071064,792.205267617075,789.59260711141,5.894796874498,-5.40513993749304,7.97973129117243
0,4.51751563473187,791.941568808448,793.066331406821,6.11571840797433,-5.67653562752217,7.9794842157112
0,4.61500300053345,791.66357124635,796.645299582623,6.34370433296053,-5.90350298327507,7.97923714998467
0,4.71469275302818,791.379359103089,800.270009272737,6.57476061191087,-6.11116071949821,7.97899008848906
0,4.81174172836171,791.102934976974,803.658204274856,6.79150073103074,-6.24595995674218,7.97874303731259
0,4.9077160951262,790.829680020181,806.950154613033,7.00241519085016,-6.35111096448732,7.97849599033528
0.00534718970901652,5.00121568805009,790.563818234908,810.05575076147,7.20322377090054,-6.39341148912169,7.97824895214745
0.0143916776580783,5.09300410604599,790.303068435844,813.032492865961,7.39704467078291,-6.3922542362623,7.97800192003709
0.03138905365739,5.18817081114127,790.032890146663,816.13592779008,7.60038744849127,-6.37753882648434,7.97775489219374
0.0664029097390579,5.29073944569978,789.742030116434,819.506388004989,7.82351619909322,-6.3385261246699,7.97750787356113
0.117513206924154,5.39807661451541,789.43788057628,822.997883546535,8.05555555076364,-6.28561534872444,7.97726086290151
0.182272635147916,5.50770377649218,789.127421624951,826.483817507428,8.28737378156768,-6.22329514849698,7.97701385915614
0.262336454760891,5.61786943734821,788.815627362702,829.837979157965,8.50994449703886,-6.15317347206336,7.97676686334108
0.353755663852357,5.72697162444229,788.5069802465,833.003657906168,8.71916529712403,-6.07924535723377,7.97651987353809
0.456344473831593,5.8340686738797,788.204141328872,835.924378053387,8.91100113406583,-6.00287236511165,7.97627288973274
0.573783704339725,5.93635579056934,787.915088634682,838.386054705175,9.0702141884949,-5.92615341041674,7.9760259140891
0.704512399709069,6.03206737929713,787.644796692884,840.295428845478,9.19016078369664,-5.85220171371218,7.97577894594803
0.8469157105888,6.12020062468861,787.396081981981,841.607212235552,9.26762116378945,-5.78312202992785,7.97553198455555
1.04761265649409,6.19861672662847,787.174998202317,842.116113921668,9.2915514716901,-5.72106979884745,7.97528503077573
1.46546063553013,6.27109726751266,786.970775037025,841.885756359195,9.27894665980404,-5.66173593359712,7.97503808287698
2.29292251422668,6.33913366885809,786.779165962931,840.775250912889,9.23368782801652,-5.60199569025727,7.97479114181359
3.58486953636546,6.40325449986127,786.598673449628,838.811982354522,9.15916427641471,-5.54119716927072,7.97454420864395
5.24698132566765,6.46427059246392,786.427003877918,836.249056648456,9.06369974997249,-5.47998856517656,7.97429728284281
7.16667061881796,6.52313756937374,786.261447651453,833.326468987251,8.955375658648,-5.41880616307724,7.97405036294391
9.36383416366486,6.57970653770554,786.102437534938,830.103806658328,8.83579152208919,-5.35812381397624,7.97380345057671
11.7860948208262,6.63443932815185,785.948673188146,826.781060600972,8.71132173699637,-5.29862030470168,7.97355654624256
14.3227205655897,6.68825837417983,785.797529878774,823.505473663005,8.58727240951865,-5.24024393821498,7.97330964730351
16.9805685608462,6.74115412409506,785.649060466904,820.511372370886,8.47052091089269,-5.18430919282942,7.97306275718435
19.6710586851567,6.79385065572398,785.501197167505,817.845975846722,8.36321794755747,-5.13039368110567,7.97281587282715
22.3649375627054,6.84661213836251,785.353199357598,815.653145604579,8.26986746947036,-5.07904825213219,7.97256899493907
25.0575617601744,6.90051938879401,785.202049140081,814.297668436378,8.20167483443752,-5.03146036060926,7.97232212600331
28.1969654057925,6.95808895204358,785.040719243022,813.257394034117,8.1418893872918,-4.98350372842933,7.97207526357217
31.9606065258939,7.01982466963116,784.867813679489,812.309194490663,8.08347162786997,-4.93385318731689,7.97182840763985
36.2515643116399,7.08464567279655,784.686347518949,811.399988098098,8.02523120136345,-4.88291758592509,7.97158155773387
41.0398027103815,7.15117117711942,784.500200821435,810.564628958018,7.96896894361118,-4.83199833855439,7.97133471706936
45.9536085637221,7.2171775748225,784.315545303552,809.77716436963,7.91463310420253,-4.78205098537479,7.97108788154224
50.8600670347569,7.28030559081463,784.138991266061,809.076543404361,7.86455580722546,-4.73501145032138,7.97084105430388
55.5335647913547,7.33879873128946,783.975430067031,808.459626938971,7.81931707392923,-4.69187438993898,7.97059423406469
59.7805067903979,7.39077033699546,783.830127102573,807.935443615531,7.77998483306987,-4.65388003963729,7.97034742083858
63.4073252905292,7.43433764476114,783.70833680703,807.512922496635,7.74762140763326,-4.62226476010878,7.97010061462875
66.0609091925475,7.46568735304023,783.62071061796,807.22001569331,7.72473384915226,-4.59966995150405,7.96985381655931
68.203520772734,7.49078000165892,783.550577405029,806.991575241644,7.70648098469684,-4.58287511788184,7.96960702227695
68.6388499896815,7.49548498814593,783.53742758799,806.971218415222,7.70222434928248,-4.59331316834206,7.96936023896725
68.5781466662252,7.49350994871116,783.54294288381,807.078242349782,7.7,-4.64987863731623,7.96911346077545
67.9745327712571,7.48422358109626,783.568887256886,807.324685286345,7.7,-4.75693084074413,7.96886668818524
66.8602024965454,7.46708003840839,783.616783106566,807.813686330517,7.7,-4.95455967641002,7.96861992583025
65.5819187677729,7.44741413488881,783.671725960323,808.399802748845,7.7,-5.18126600459744,7.9683731682054
64.0546162640204,7.42391717329262,783.737372073325,809.160857145823,7.7,-5.45213634023855,7.96812641982364
62.5091934502495,7.40014143769615,783.803797028708,809.985469204675,7.7,-5.72622035126129,7.9678796759268
60.9270589916728,7.3758009075642,783.871799914315,810.938848724188,7.7,-6.00681525028823,7.96763294111642
59.4579326904361,7.35319896446825,783.934945513139,811.942612144458,7.7,-6.26736791312841,7.96738621183994
58.1531841598844,7.33312591015207,783.99102587002,813.019662250217,7.7,-6.49876782999454,7.9671394906129
57.1436900795544,7.31759523199315,784.03441567807,814.123462150168,7.7,-6.67780374442201,7.96689277597058
56.4485453616781,7.30690069787197,784.064294204812,815.255741826609,7.7,-6.80108913326128,7.96664606833885
56.2050458101438,7.30386143167142,784.072785345746,816.414085961251,7.68851318787533,-6.85725731180713,7.96639936833585
56.3145819016023,7.30680602765749,784.064558695673,817.592803795085,7.66804752596641,-6.86096225315346,7.96615267429597
56.845523690865,7.31878941535256,784.031079353267,818.900656893533,7.60605292323722,-6.83686825864647,7.96590599091085
57.6153564270327,7.33589680948962,783.983284495873,820.281715565145,7.52051595255192,-6.79701530752464,7.96565931356581
58.3851891632005,7.35300420362668,783.935489638479,821.662774236757,7.43497898186662,-6.7571623564028,7.96541263622078
59.4215744273518,7.37603498727449,783.871145939415,823.300343915481,7.31982506362757,-6.70351042743804,7.96516597510571
60.5179536973732,7.40039897105274,783.803077528709,824.995647516231,7.19800514473632,-6.64675270929181,7.96491931764359
61.6143329673945,7.42476295483099,783.735009118003,826.690951116981,7.07618522584506,-6.58999499114557,7.96467266018147
62.567051660652,7.44593448134782,783.675859835384,828.741470256618,6.97032759326089,-6.54067434039712,7.96442602143421
63.5189537687823,7.4670878615285,783.616761250233,830.794008486896,6.86456069235752,-6.49139596289276,7.96417938279333
64.1558140840316,7.48124031297848,783.577221949658,833.07716259215,6.7937984351076,-6.45842677124547,7.96393275469543
64.6213283938375,7.49158507541861,783.548320619529,835.4857448465,6.74207462290695,-6.43432787525988,7.96368613233167
64.9442132130898,7.49827962440851,783.52961630844,838.409110072334,6.70764535670752,-6.41713069006776,7.96343951490761
64.9360116977838,7.49650092016794,783.534582373263,842.527442807767,6.7133619805423,-6.41595447024492,7.9631929089501
64.9278101824778,7.49472221592737,783.539548438086,846.645775543199,6.71907860437707,-6.41477825042207,7.96294630299259
64.8269308744204,7.48785789153543,783.558716720158,853.338319429495,6.74568250213739,-6.41472468056236,7.9626997134102
64.7216292294649,7.4807508949242,783.578562694129,860.153697800925,6.77328308485793,-6.41472468056236,7.96245312460919
64.578733981762,7.4719095291626,783.603252646274,867.428889146905,6.8101814683513,-6.41472468056236,7.96220654569401
64.411582973257,7.46194913143334,783.631067980592,875.000756328912,6.85307888399506,-6.41472468056236,7.96195997315726
64.229878157652,7.45172561899948,783.659618793597,882.229846522944,6.89929312211758,-6.41472468056236,7.9617134052861
64.0070069636971,7.4407578697206,783.690249955317,888.48936998576,6.95488920570102,-6.41472468056236,7.96146685061183
63.7841357697421,7.42979012044172,783.720881117037,894.748893448577,7.01048528928446,-6.41472468056236,7.96122029593756
63.5331739031586,7.41956844106826,783.749431555203,898.790903863362,7.07172786417683,-6.41464370677969,7.96097375252219
63.2640946215107,7.40982794839767,783.776640005843,901.402702733097,7.13661221112833,-6.41451050798804,7.96072721636838
62.9950153398628,7.40008745572707,783.803848456483,904.014501602832,7.20149655807982,-6.4143773091964,7.96048068021457
62.4753669699039,7.39285120069821,783.824064524698,901.918870026536,7.34087597272332,-6.39483182808781,7.96023416249606
61.9438124810379,7.38573393780575,783.84394834069,899.599558717779,7.48379511822469,-6.3743639469215,7.95998764565354
61.2997469721841,7.37889976194927,783.8630417949,896.445805662043,7.6526505969103,-6.34465324606761,7.95974113442034
60.3948499143052,7.37272185985253,783.8803029727,891.35758668947,7.88163364319951,-6.29351514213151,7.95949463619111
59.4899528564263,7.36654395775579,783.8975641505,886.269367716897,8.11061668948871,-6.24237703819542,7.95924813796188
58.4244989982804,7.35973828919979,783.916582779844,880.800338446986,8.34390817402631,-6.17851884226381,7.95900165173119
57.2718610714433,7.35259173670729,783.936555724272,875.124525091527,8.57953918685281,-6.10775349962492,7.95875517201583
56.1192231446061,7.3454451842148,783.956528668699,869.448711736069,8.81517019967931,-6.03698815698603,7.95850869230048
54.8410715585788,7.33493088290617,783.985921177873,865.733502934959,8.96297580812928,-5.95758877954279,7.95826223310165
53.5622646382418,7.32439899784322,784.015362868657,862.028530879719,9.11032286090391,-5.87814432191245,7.95801577400996
52.2834577179048,7.31386711278027,784.044804559442,858.32355882448,9.25766991367854,-5.79869986428212,7.95776931491826
50.9097861981147,7.28217481565322,784.13355987534,858.004379160936,9.16877888614741,-5.70243164458878,7.95752287630966
49.5305572327199,7.24924287971782,784.22578995682,857.883549115207,9.06604834115001,-5.60517783972382,7.95727643890103
48.151328267325,7.21631094378243,784.3180200383,857.762719069479,8.96331779615261,-5.50792403485887,7.9570300014924
46.4867441363705,7.13553286228903,784.544483178046,858.460481861522,8.56733318625929,-5.36616359380243,7.95678358345173
44.7885087571413,7.04911239994019,784.786776099465,859.254779337863,8.13676582989284,-5.2191545921972,7.95653716769508
43.0902733779122,6.96269193759134,785.029069020885,860.049076814203,7.7061984735264,-5.07214559059198,7.95629075193843
41.2468681039847,6.85885452405782,785.320330581812,861.089679797948,7.20673288406807,-4.9253459367389,7.95604435301259
39.3767049387255,6.75180679692519,785.620618101857,862.17568211201,6.6945678885941,-4.7785848701178,7.95579795718903
37.4972920494337,6.64743823569049,785.91345622093,863.25577872761,6.22085680780771,-4.64510032617526,7.9555515668452
35.5969057310864,6.54914459038736,786.189403081169,864.322484376379,5.83433864745508,-4.54171983782642,7.95530518892649
33.696519412739,6.45085094508424,786.465349941408,865.389190025149,5.44782048710245,-4.43833934947758,7.95505881100777
31.8364107656035,6.37655056950399,786.674217053292,866.261452298033,5.2799968833413,-4.3962764800764,7.95481244700656
29.9884877951927,6.30950915948993,786.862789741403,867.074887333679,5.1783375112228,-4.37276474979392,7.95456608721597
28.1012872203761,6.24597299015515,787.041565725457,867.856014635321,5.1,-4.36176065778491,7.95431973157952
26.082154215737,6.19421083114831,787.187434840831,868.528621116671,5.1,-4.39276939048146,7.95407338989667
24.0630212110979,6.14244867214147,787.333303956204,869.20122759802,5.1,-4.423778123178,7.95382704821383
21.9811950342002,6.09398107094916,787.46995984388,869.84739554259,5.1,-4.46879308400367,7.95358071735861
19.8713461785042,6.04698607565784,787.602497590599,870.481745954287,5.1,-4.52006856759282,7.95333439134313
17.8170760659545,6.00374080703492,787.724515749139,871.095834651047,5.1,-4.57519574392924,7.95308807596125
15.7779501957516,5.96151727381272,787.843667502581,871.704402382344,5.1,-4.63137243965217,7.95284176347684
13.9198204264862,5.92402015364312,787.949530381666,872.296021014037,5.1,-4.681837664761,7.95259546291871
12.0862232221379,5.88716366072704,788.053592060773,872.885342331676,5.1,-4.73152874599111,7.9523491639771
10.6906942863902,5.85761850302126,788.137055350691,873.460683886128,5.1,-4.75732823908228,7.95210288137971
9.30620984027218,5.82825767723747,788.219999318138,874.035672985585,5.1,-4.78252538222859,7.95185659919439
8.03830419072719,5.80092245505123,788.297229914142,874.596043237063,5.1,-4.78983583685816,7.95161032255908
7.05117779127093,5.77846588555157,788.360699893323,875.121204091176,5.1,-4.75406632209418,7.95136405929096
6.06405139181467,5.7560093160519,788.424169872506,875.646364945289,5.1,-4.71829680733019,7.95111779602283
5.12475376105847,5.73556892773565,788.481953206582,876.132847363275,5.1,-4.64106049678912,7.9508715433502
4.21586058774455,5.71641021353841,788.536121574943,876.594742134597,5.1,-4.53746399630927,7.95062529741306
3.33734518588041,5.69793411139251,788.588364119774,877.05149763471,5.1,-4.42134441830947,7.95037905557672
2.53968492950977,5.68103486934023,788.636157560841,877.502039668243,5.1,-4.27770955180713,7.95013282345434
1.82580833397773,5.66525028102936,788.68080507061,877.962293270644,5.1,-4.11814850022788,7.94988659879926
1.20853191719094,5.65047086431179,788.722614901392,878.442447350237,5.1,-3.94701062196159,7.94964038135279
0.702786865258302,5.63662617097793,788.761785167414,878.952594526036,5.1,-3.76797913116571,7.94939417109923
0.327048263104704,5.62366733347799,788.798453007064,879.504030450139,5.1,-3.58468321338617,7.94914796821083
0.0846404144320731,5.61146182201141,788.832991995082,880.102629372948,5.1,-3.40077464391976,7.94890177209945
0.00809921892862792,5.60001457095001,788.865387459418,880.777078037759,5.1,-3.21640972824067,7.94865558396704
0,5.58865584972274,788.897535114554,881.616198158155,5.1,-2.99402890417651,7.94840940289918
0,5.57716049393476,788.93007235705,882.629895838286,5.1,-2.7215549480592,7.94816322807436
0,5.56564756753747,788.962662260325,883.810176637932,5.1,-2.39975453367537,7.94791706053408
0,5.55446099375108,788.994331047344,885.109012460271,5.1,-2.04201178507361,7.947670901742
0,5.54351395814573,789.02532278075,886.440341465957,5.1,-1.67404847403068,7.94742474692596
0,5.53362822057918,789.053312054079,887.763149623368,5.1,-1.30600536126419,7.94717860288723
0,5.52449725241712,789.079165133178,889.028207631661,5.1,-0.95323308208008,7.9469324641941
0,5.51619871109358,789.102662037348,890.218877140767,5.1,-0.620475465469645,7.94668633091655
0,5.50983050610202,789.120694161598,891.181610864654,5.1,-0.350574804728162,7.94644020770943
0,5.50451999133442,789.13573160314,891.999018711366,5.1,-0.121178059604896,7.94619408910296
0,5.50123846325374,789.145023987499,892.520639008377,5.1,0.0254732936417827,7.94594797855858
0,5.50002438092237,789.148462010528,892.717908011813,5.10009885257117,0.0810004792927107,7.94570187527648
0,5.5,789.14853105234,892.72188216453,5.10577884649599,0.0821193117503753,7.94545578023496
0,5.5,789.14853105234,892.72188216453,5.11847162975693,0.0821193117503753,7.9452096908791
0,5.5,789.14853105234,892.72188216453,5.14098652402556,0.0821193117503753,7.9449636095432
0,5.5,789.14853105234,892.72188216453,5.17161292250134,0.0821193117503753,7.94471753500131
0,5.5,789.14853105234,892.72188216453,5.21153962192139,0.0821193117503753,7.94447146845283
0,5.5,789.14853105234,892.72188216453,5.25878615150653,0.0821193117503753,7.94422540836196
0,5.5,789.14853105234,892.72188216453,5.31320955840553,0.0821193117503753,7.94397935473101
0,5.5,789.14853105234,892.72188216453,5.37564770295319,0.0821193117503753,7.94373330849537
0,5.5,789.14853105234,892.72188216453,5.44688439609071,0.0821193117503753,7.94348727064204
0,5.5,789.14853105234,892.72188216453,5.52485120055977,0.0821193117503753,7.94324123940156
0,5.5,789.14853105234,892.72188216453,5.61015730436482,0.0821193117503753,7.94299521556811
0,5.53107308807415,789.062325104691,894.904960603761,5.76000320249166,0.119998443051638,7.94274919833971
0,5.65167582824351,788.727737390697,903.384136331702,6.08336788712271,0.267017207947668,7.94250318769872
0,5.94779614448271,787.906211946594,924.22707929604,6.74051945024987,0.627997755263387,7.94225718429567
0,6.41793502719962,786.601907468877,957.403581577836,7.72619048503171,1.20111274228257,7.94201118845626
0,7.02303541913574,784.923179799918,1000.28782566677,8.96395879244667,1.93875031283551,7.94176520091201
0,7.69047250058544,783.071511695169,1047.76126842809,10.3157979559458,2.75237838814087,7.94151921933953
0,8.39999998792351,781.103072340716,1098.43668546272,11.7418343809511,3.61731607282153,7.94127324435119
0,9.11761334056853,779.112200401523,1149.93433820563,13.1755530509675,4.49211069714447,7.94102727656489
0,9.79496635367917,777.233022566051,1198.79251388066,14.5226228093091,5.3178266240487,7.94078131664493
0,10.3847279575443,775.596849237307,1241.52020355418,15.6917190874794,6.03676570007297,7.94053536431483
0,10.8631349129114,774.269606677724,1276.29045080897,16.6379953432578,6.61995974356629,7.94028941852846
0,11.1707565902547,773.416173052147,1298.70925073088,17.2452190282554,6.99496083387943,7.94004348034991
0,11.2921526748629,773.079299705702,1307.5067803384,17.486549717529,7.14117912382165,7.93979754895506
0,11.2524646196013,773.18761133613,1303.31810779642,17.4511403386523,7.0552804763949,7.93955162500472
0,11.1262706395749,773.532842055158,1290.59472983683,17.3201837395282,6.79883747361336,7.93930570884807
0,10.940346388891,774.041669176891,1271.97926221992,17.1252647552075,6.42368480428383,7.93905979932949
0,10.7073365213741,774.679586090629,1248.80711342143,16.8786212906003,5.95671148445215,7.93881389584116
0,10.4231259300072,775.458156675975,1220.87608745904,16.5728200151678,5.39382515361818,7.93856800069322
0,10.110463150133,776.315158154482,1190.48452990533,16.2313572139027,4.78140344289741,7.93832211188648
0,9.77493010224513,777.235656712237,1158.41502199921,15.8565463188308,4.1354865776694,7.93807623104356
0,9.43144162798496,778.1789166889,1126.19754064252,15.4631718708995,3.48731934971677,7.93783035723358
0,9.09103130702844,779.114930174781,1095.03516828082,15.0608569583601,2.86178987017924,7.93758449057237
0,8.76372095110573,780.016366819276,1065.96468007811,14.6591082278481,2.28046991952213,7.9373386306962
0,8.46565948844857,780.839479231534,1040.83225180755,14.270226037185,1.78219483387174,7.93709277886677
0,8.20151731547904,781.571498559982,1020.0799145823,13.8966171327849,1.37627277653656,7.93684693402801
0,7.95026241141003,782.270359666012,1001.86493166553,13.4953763662668,1.02333862230742,7.93660109572628
0,7.68815608885944,783.001533527183,984.13749702834,13.0187904424295,0.679541522715788,7.93635526501179
0,7.41784355405404,783.757262903302,966.7812900143,12.4837647459635,0.342651769568733,7.9361094420851
0,7.14567668458924,784.519369001596,949.894366229602,11.9188292603319,0.0151705801627759,7.93586362601889
0,6.87627246513224,785.274748092281,933.597638017608,11.3425048306464,-0.300042565403441,7.93561781681598
0,6.61635393275786,786.004504679304,918.151636499365,10.7780173781726,-0.597065229923928,7.93537201562351
0,6.36695100926636,786.705326713456,903.40083980041,10.2373457402501,-0.878946245931378,7.93512622004592
0,6.13315364041486,787.362939478953,889.5554454563,9.7374510416901,-1.14090911012349,7.93488043114193
0,5.92732400386081,787.942568933577,877.07502850149,9.32163386619832,-1.37234248278287,7.93463465083972
0,5.74866823873261,788.446164553434,865.795090022956,8.99283525244584,-1.57661584536426,7.93438887726834
0,5.60519609182156,788.85110044169,855.966964702941,8.78102674354218,-1.74775403593978,7.93414311109204
0,5.50234135997515,789.141953494247,847.73158042924,8.70767625030354,-1.88244727270569,7.93389735262307
0,5.41985111333998,789.375605305942,840.353883552646,8.7,-1.99924929617781,7.93365160114745
0,5.34239066881555,789.595171601077,833.317933442105,8.7,-2.11120410632992,7.9334058565524
0,5.26861155373126,789.804413022633,826.594467797301,8.7,-2.21889831697618,7.93316011899525
0,5.20083616143909,789.996744002626,820.342724112159,8.7,-2.31895025695475,7.93291439066282
0,5.13607699892934,790.180558832203,814.317164058556,8.7,-2.41496574466846,7.93266866632503
0,5.07908328144798,790.342419041467,808.858399875579,8.7,-2.50030665898043,7.93242295135425
0,5.02663095537554,790.491418341662,803.719755551534,8.7,-2.57919880012706,7.93217724119235
0,4.9837675488089,790.613233445865,799.241594615181,8.7,-2.64419507616827,7.9319315402762
0,4.94879056743218,790.71266424238,795.292508163143,8.7,-2.69750636982246,7.93168584613195
0,4.92363126446085,790.784206903899,791.990254757644,8.7,-2.73605660186512,7.93144015972099
0,4.90780523338886,790.829219143785,789.293290019699,8.7,-2.7603979108802,7.93119448008966
0,4.90005899714124,790.851255201492,787.11545117566,8.69994892790305,-2.77236611348535,7.93094880607801
0,4.90100193457986,790.848573107668,785.46326735464,8.69383407153674,-2.77244453307645,7.93070314106085
0,4.90367755444613,790.840962782337,783.88577205738,8.67766265185177,-2.77244453307645,7.93045748307943
0,4.90788592669335,790.828993328668,782.389981192357,8.65272962551594,-2.77244453307645,7.93021183189953
0,4.9137412711428,790.812340485385,781.005281843805,8.61894796530167,-2.77244453307645,7.92996618861789
0,4.92079208607506,790.792288611264,779.719437427062,8.57918580407195,-2.77244453307645,7.92972055153043
0,4.92923708259377,790.768273335384,778.573704405341,8.53305166967004,-2.77244453307645,7.92947492229495
0,4.93898169706106,790.740564367022,777.594145446343,8.48184084523359,-2.77244453307645,7.92922930127862
0,4.94965577608359,790.710214461883,776.762827479366,8.42771241168805,-2.77244453307645,7.92898368688392
0,4.9611757384941,790.677461722937,776.091402082322,8.37153465933061,-2.77244453307645,7.92873807914707
0,4.97336543140131,790.642807007182,775.565670461929,8.31419753089181,-2.77244453307645,7.92849247716443
0,4.98638101805979,790.605807977132,775.266107910251,8.25655833242743,-2.77244453307645,7.92824688345329
0,5.00081706135357,790.564780214778,775.224099385148,8.19973613316484,-2.77670035771053,7.92800129800745
0,5.0218578692513,790.505020367576,775.481212727818,8.14054748827114,-2.81553960399807,7.92775571915915
0,5.05360755882163,790.41488918988,776.11267144412,8.0758601561604,-2.91212818085403,7.92751014750794
0,5.09485950805062,790.297811076241,777.096306884958,8.00543636091846,-3.06010357702607,7.92726458331837
0,5.14251740543706,790.162569307967,778.35189702145,7.93032210090231,-3.24272139640474,7.92701902576325
0,5.19510682494814,790.013348493562,779.869102907119,7.85035092483864,-3.45200816037926,7.92677347574365
0,5.24999999938753,789.85760385265,781.59365687546,7.76607955827454,-3.67375329136347,7.92652793320253
0,5.30487312238654,789.701927076546,783.462196334039,7.67836558348789,-3.89538998711429,7.9262823973777
0,5.35774435820439,789.551941271956,785.43964815723,7.58748612307479,-4.10620077212762,7.92603686850433
0,5.40526220124729,789.417157297944,787.487063777634,7.49342073575026,-4.28806119826466,7.92579134793316
0,5.44625710302989,789.300890536883,789.544060639928,7.39727611405283,-4.43464651974308,7.9255458339651
0,5.47728918077854,789.21290214344,791.563854238227,7.29918828411428,-4.52735435766495,7.92530032768055
0,5.49851125550789,789.152756262423,793.593065856532,7.19692129623991,-4.55573347359746,7.92505482837426
0,5.51351843363019,789.110249007787,795.888372447421,7.08171887509061,-4.50280164284476,7.92480933603828
0,5.52646210722389,789.073597733151,798.736507591456,6.9443498423681,-4.35042374684328,7.92456385195578
0,5.53885915240172,789.038496691802,801.915909901856,6.79434426522356,-4.14088068216137,7.92431837348818
0,5.55056607751935,789.005352219776,805.39983618836,6.63302964701381,-3.8751878402445,7.92407290149246
0,5.56095063581343,788.975954702683,809.071315917533,6.46621601512536,-3.55768411077873,7.92382743974978
0,5.57044659794839,788.949074120139,812.695486390693,6.30278449649455,-3.2297776102842,7.92358198395678
0,5.57890671100736,788.925127065104,816.170733782591,6.14712342176226,-2.90294847758908,7.92333653459094
0,5.58584818189239,788.905480103778,819.295005863523,6.00826867081628,-2.59637484490441,7.92309109392869
0,5.59154220450235,788.889364456366,821.964714693169,5.89000456098702,-2.32984589269782,7.92284565951443
0,5.59605213342898,788.876600776794,824.202946334315,5.79128534818426,-2.10132785777967,7.92260023103085
0,5.59834994620807,788.870097952482,825.396313830846,5.73882493015503,-1.97743693566056,7.92235481233246
0,5.59994737153926,788.86557737028,826.128693300247,5.71120513982456,-1.88774135102165,7.92210939707495
0,5.59997895558381,788.865487992576,824.087318122041,5.87563768005266,-1.8888095717492,7.9218639941002
0,5.6,788.865428440304,820.945965434528,6.12811953033944,-1.8924209390261,7.92161859544712
0,5.6,788.865428440304,815.608293889023,6.55640893894347,-1.90111019260312,7.92137320542313
0,5.6,788.865428440304,809.480322723484,7.04811119601501,-1.91213400327721,7.92112782083802
0,5.6,788.865428440304,802.098492306761,7.64042186118808,-1.92686173324893,7.92088244488203
0,5.6,788.865428440304,794.552033395706,8.24594215154615,-1.94410465783952,7.92063707511474
0,5.6,788.865428440304,786.795643948195,8.86830705748992,-1.9645549017813,7.92039171323913
0,5.6,788.865428440304,779.676982752796,9.4395012884271,-1.98766754105381,7.92014635830334
0,5.6,788.865428440304,773.215634116302,9.95795341923283,-2.01352433644906,7.91990101052048
0,5.6,788.865428440304,768.067866309846,10.3710051423788,-2.04179365007903,7.9196556693785
0,5.6,788.865428440304,764.015205142248,10.6961866077323,-2.07207423296233,7.91941033377288
0,5.60429103589807,788.853310846346,763.203485917546,10.7635261946686,-2.12967037145825,7.919165010367
0,5.61885726749781,788.812176797548,762.842342881466,10.8,-2.24421197226962,7.91891969159072
0,5.64730145540946,788.731852342622,763.024775014041,10.8,-2.43559040991349,7.91867437884875
0,5.69857267202495,788.587065908893,763.35369406775,10.8,-2.75357788112449,7.91842907629144
0,5.75800004719464,788.419247037319,763.735003429081,10.8,-3.11743574006352,7.9181837789878
0,5.82789245228221,788.22187563197,764.183585310216,10.8,-3.54079764787424,7.91793849008025
0,5.89965335601879,788.019227713333,764.644281949887,10.8,-3.9767308604417,7.91769320764115
0,5.97326830627929,787.811344093226,765.116999645055,10.8,-4.42513814351376,7.91744793162046
0,6.04039526789764,787.621782112424,765.54820014553,10.8,-4.84223962006188,7.91720266464836
0,6.10476283184463,787.440012483247,765.961743024102,10.8,-5.24602646639305,7.91695740152471
0,6.14805415445127,787.317760728259,766.239972211747,10.8,-5.54130100746329,7.91671215040094
0,6.18472110441138,787.214212806229,766.423346223,10.7967646310982,-5.8044421046911,7.91646690258767
0,6.18294491963691,787.219199446211,765.89377466795,10.7647074532738,-5.88722847709669,7.91622167255442
0,6.18116873486244,787.224186086194,765.3642031129,10.7326502754494,-5.97001484950229,7.91597644252117
0,6.17939255008797,787.229172726177,764.83463155785,10.7005930976249,-6.05280122190788,7.91573121248793
0,6.1680825904164,787.261050049065,763.619705216995,10.6333353766206,-6.1149084016964,7.91548599285236
0,6.14702848910733,787.320411409053,761.704301449633,10.5301003976924,-6.15588009381243,7.9152407838439
0,6.12417824374457,787.384840972072,759.647518259878,10.422490923012,-6.19479267290943,7.91499557846842
0,6.09500556858028,787.467110617473,757.093079288218,10.2994832166291,-6.22645717104689,7.91475038588101
0,6.06583289341599,787.549380262875,754.538640316558,10.1764755102462,-6.25812166918434,7.9145051932936
0,6.03272231459135,787.642785092123,751.802507184393,10.0697616499074,-6.28718006628129,7.91426001680085
0,5.99939544289563,787.736801531275,749.056394338394,9.96394274359644,-6.316095320954,7.91401484119212
0,5.9659389287351,787.831231260631,746.556400449564,9.90476676342754,-6.34892362478847,7.91376967929713
0,5.93241988848082,787.925860318363,744.175108847151,9.86808649850925,-6.38363917813719,7.91352452401622
0,5.89890084822654,788.020489376094,741.793817244738,9.83140623359097,-6.41835473148592,7.91327936873531
0,5.86277482134134,788.12252276244,739.453347140752,9.81090026720386,-6.45498231565604,7.91303421907864
0,5.81978528684411,788.244049791448,737.220349266149,9.83297695918995,-6.49664377224479,7.91278908422913
0,5.77679575234689,788.365576820456,734.987351391545,9.85505365117604,-6.53830522883354,7.91254394937962
0,5.72616558393819,788.508788846907,732.688611588408,9.89720492121329,-6.58123076842384,7.91229883140536
0,5.67535448266686,788.652514381622,730.388314993589,9.93983156422547,-6.6241862419383,7.91205371383072
0,5.62520614646918,788.794397781825,728.140027107474,9.98947808205228,-6.66603827584663,7.91180860739818
0,5.57537191164851,788.93540814721,725.916387483119,10.0424514987055,-6.70736736140792,7.91156350624617
0,5.52882237023045,789.067137296184,723.769734814686,10.0960637177529,-6.74710164811839,7.91131841117583
0,5.48763085781344,789.183726820057,721.74866413884,10.1507179584851,-6.78423448091938,7.91107332602598
0,5.44967254931437,789.291172395549,719.793467200999,10.2041480721451,-6.82000769239495,7.91082824419642
0,5.42148001390865,789.370999012465,718.037239457338,10.253880755167,-6.85167421784205,7.91058317239569
0,5.40206744291672,789.425988101653,716.436108434481,10.2987999012021,-6.88003353222498,7.91033810868891
0,5.38650472665574,789.4700863767,714.886460901699,10.3416666666279,-6.90715675800009,7.91009305038265
0,5.37348435118787,789.50699262384,713.32678918095,10.3833333332374,-6.93403401566957,7.90984800057546
0,5.36150056546693,789.540964450822,711.772312343354,10.4249999998238,-6.96052378353957,7.90960296072763
0,5.34991493678378,789.573809158765,710.219830874991,10.4666666664013,-6.98686471548756,7.90935792470523
0,5.33931426822347,789.603863440002,708.74011140697,10.5083333329718,-7.01183874009723,7.90911289592948
0,5.32994835677805,789.63041961086,707.351607202929,10.5499999995336,-7.03509919425643,7.90886787623821
0,5.32105610065337,789.655633189687,706.020354157859,10.5916666660967,-7.05737438424655,7.9086228593039
0,5.31456126570041,789.674051197091,704.978879638685,10.6333333326675,-7.07466262893001,7.90837785632408
0,5.30806643074745,789.692469204496,703.937405119512,10.6749999992382,-7.09195087361348,7.90813285334426
0.00498865184089381,5.30702485508147,789.695425110811,703.570754644893,10.7159815862692,-7.09036659618523,7.90788787092462
0.010617803243601,5.30668343053751,789.69639581766,703.290745715651,10.7568752150384,-7.0863592508564,7.90764289114473
0.0162469546463081,5.30634200599355,789.697366524509,703.01073678641,10.7977688438075,-7.08235190552756,7.90739791136484
0.0218761060490153,5.30600058144959,789.698337231358,702.730727857168,10.8386624725767,-7.07834456019873,7.90715293158495
0.060945587854838,5.31548843998202,789.671445241227,702.863556002285,10.8754135491636,-7.01918481982881,7.9069079662216
0.134528204992885,5.33292231653315,789.622032474929,703.19430951369,10.9090981857571,-6.91462831371745,7.90666301075661
0.237549507446803,5.35573824608099,789.557368775805,703.627004386678,10.9415770602298,-6.78150508673222,7.90641806283026
0.36787167178446,5.38262193160933,789.481180974049,704.136624742126,10.9740900932467,-6.62957946304159,7.90617312206826
0.52664096636812,5.41272297580466,789.395881741142,704.706916236615,11.0079130371191,-6.46656566625451,7.90592818896288
0.712551046966574,5.4448195468763,789.304936056491,705.314586461015,11.0443260648739,-6.30191703822203,7.90568326336391
0.921503112559152,5.4777777772857,789.211557983524,705.938084495512,11.0839768841966,-6.14281291713665,7.90543834429382
1.15258488319269,5.51090348071677,789.117716071645,706.564164848382,11.1275609926706,-5.99453035207411,7.90519343161789
1.41342812360589,5.54283738414793,789.027269660818,707.16660643183,11.1782031232864,-5.87260124627603,7.90494852780694
1.69656695390661,5.57272933341187,788.94262637944,707.729334960613,11.2355666886988,-5.77998368051035,7.90470363085257
2.04220614148299,5.59975754946377,788.866116755304,708.235830540543,11.3045198593228,-5.72294591645355,7.90445874102332
2.8313566528544,5.62440873610241,788.796356058174,708.688335070667,11.4200702761888,-5.69114632289782,7.90421385891356
4.26698682629189,5.64820877607802,788.729012922725,709.113575355889,11.5954588119761,-5.66603127021669,7.90396898347805
6.40591973288684,5.67145510970251,788.663246687704,709.518757292391,11.8286443626331,-5.64537854270508,7.9037241156692
9.14053817836065,5.69444444430572,788.598219150935,709.914221532725,12.1017597711467,-5.6280243513911,7.90347925530781
12.3626073821687,5.71744178482885,788.533181364337,710.309226416418,12.3982572769016,-5.61287402375654,7.90323440205798
15.9835004675212,5.74067004722483,788.467503391292,710.711559436169,12.7043349531728,-5.59901776785393,7.90298955567225
19.9851345262747,5.76449928956708,788.40014274188,711.133959285903,13.0033607609049,-5.58553350344071,7.90274471761261
24.183644855672,5.78889687859036,788.33118666983,711.575585898763,13.2877755904063,-5.5716571329188,7.90249988505861
28.6052546612741,5.81466038180674,788.258389993451,712.063810565145,13.5249061739559,-5.55569853888289,7.90225506210738
33.0870198491491,5.84162287565049,788.18221863756,712.593156526898,13.7139277879449,-5.53729369004499,7.90201024561632
37.5746897620373,5.86995377651601,788.102194180102,713.169539196957,13.8449887780748,-5.51581088614565,7.90176543558756
42.0152913878563,5.90016938956747,788.016861184767,713.813372240047,13.8960266084859,-5.48933032173776,7.9015206331686
46.6758807006939,5.9328489551543,787.924592222997,714.578244553726,13.8886421153886,-5.45112300050994,7.90127583847663
51.8658822373089,5.96824460267211,787.824685779435,715.504104810525,13.860346932053,-5.39708490907089,7.90103105169907
57.4386383327219,6.00558050124034,787.719327573531,716.545506324918,13.8203774047552,-5.33307553935144,7.90078627115924
63.3842811939051,6.04485587494826,787.608523825697,717.701600939263,13.7700745786643,-5.26068974000516,7.90054149751252
69.6833014336323,6.08605558684591,787.49232393994,718.970114941063,13.7118025098617,-5.18271112101295,7.90029673182924
76.2465210260246,6.12880896000358,787.3717761297,720.327625842692,13.6500000006882,-5.10367367676884,7.90005197400495
82.9817009214699,6.17270194036343,787.24804820475,721.748572765377,13.5886108087954,-5.0274343104037,7.89980722342351
89.8229688457087,6.21746498792796,787.12190280658,723.21580979302,13.5310037649492,-4.95745794709086,7.89956248007844
96.702915238539,6.26286362449812,786.994007575123,724.71354452005,13.4814996770809,-4.89841372233873,7.8993177446485
103.559088578831,6.30853485182784,786.865378662814,726.220896822156,13.4410229724334,-4.85066755553009,7.89907301534653
110.358022764532,6.35435739061123,786.736361131945,727.72829645098,13.4120491510904,-4.81701057242292,7.89882829238317
117.027219288896,6.40022461173117,786.607278345057,729.213888114622,13.4054736974521,-4.81085404545675,7.89858357856659
123.942537430422,6.44775673615908,786.473574378383,730.687159695044,13.4306259505938,-4.8523197288901,7.89833887240024
131.168903141433,6.49719582296192,786.334563023472,732.165652550684,13.4844626709426,-4.93909196970503,7.89809417316188
138.666564362869,6.54825288071018,786.19104495684,733.653475000352,13.5606965210417,-5.06196316163842,7.89784947933667
146.400616892012,6.60111895405387,786.042513222885,735.184305113095,13.6649586203244,-5.2300093562841,7.89760479576111
154.161148673123,6.65442097337151,785.892784738738,736.740335799698,13.7773353636391,-5.41113446512651,7.89736011656726
161.835066705226,6.70804136349797,785.742222128294,738.366330335132,13.9003654178607,-5.60943022726103,7.89711544721705
169.273432099909,6.76105073821925,785.593411518056,740.053568124431,14.0208758127186,-5.80366488597636,7.89687078416857
176.519285618667,6.81356074378398,785.446032778205,741.790858648517,14.1393269466141,-5.99458049615072,7.89662612627037
182.990640822614,6.8633959288837,785.306227147608,743.671330875765,14.2352960201652,-6.1492602668909,7.89638147986454
189.06714429976,6.91175871181237,785.170578424297,745.615286062286,14.3174847128793,-6.28172927670869,7.89613683781065
194.272229155486,6.95681284648884,785.04426475987,747.694171893702,14.3679999341861,-6.3631480354974,7.8958922045418
198.802101826386,6.99987493639927,784.9235882025,749.966552437639,14.3882531907817,-6.39866104243448,7.89564757831467
202.882536788892,7.04161107269869,784.806663841158,752.36772778436,14.3883633451391,-6.40361806063498,7.8954029567747
206.679629535502,7.08564122441723,784.683400519169,755.380285690988,14.3572624677705,-6.37510817174393,7.89515834726968
210.392526639886,7.12992883825485,784.559437645787,758.560408547572,14.3190883197127,-6.33972179367588,7.89491374182816
213.929930546026,7.1744780232968,784.434784457766,762.080647066719,14.267598287991,-6.29199196021682,7.89466914517233
217.210861593467,7.21696196936192,784.315935919264,765.781413315374,14.2103911008078,-6.23896248197385,7.89442455707889
220.321988279257,7.25807857157672,784.200930496213,769.601702526516,14.1493987258331,-6.18242423947383,7.89417997465438
223.196030528726,7.2960454830608,784.094744492339,773.428126255583,14.0900874553449,-6.12744433427684,7.89393539797687
225.634992080991,7.32823230345009,784.004743266779,777.265807620862,14.0338612296761,-6.07532418019135,7.89369083184583
227.980187586025,7.35886952552801,783.919076121577,781.066431248226,13.9800063676696,-6.02540221454909,7.89344626745659
229.515620868933,7.37612443909393,783.870838031399,784.547024789151,13.9466305678115,-5.99446377237834,7.89320171810942
231.05105415184,7.39337935265984,783.822599941221,788.027618330075,13.9132547679533,-5.96352533020759,7.89295716876226
231.851208622041,7.39432302083505,783.819962950074,791.154576412717,13.9208410671772,-5.9560710332434,7.89271263364967
232.526503479443,7.3924968338906,783.825069600481,794.221482735903,13.9353832472756,-5.95260464022359,7.89246810095429
233.091095093382,7.38127681544936,783.856438979464,797.425699693744,13.9936159227532,-5.95123852738777,7.89222357945167
233.583680542138,7.36394664376139,783.904890770063,800.719229411818,14.080266781193,-5.95123852738777,7.8919790652293
234.076265990895,7.34661647207343,783.953342560662,804.012759129892,14.1669176396329,-5.95123852738777,7.89173455100693
234.474647666261,7.324042950231,784.016453738848,807.12098873359,14.279785248845,-5.95123852738777,7.8914900524134
234.841091170992,7.29969176061679,784.084534930498,810.166395517577,14.4015411969161,-5.95123852738777,7.89124555911855
235.207534675724,7.27534057100258,784.152616122149,813.211802301564,14.5232971449871,-5.95123852738777,7.89100106582371
235.439825137287,7.25480877458316,784.210019033017,815.406516498535,14.6259561270842,-5.95123852738777,7.89075659119561
235.655147317599,7.23476007222117,784.266071306827,817.493631264777,14.7261996388942,-5.95123852738777,7.89051211892857
235.862245231068,7.21523042792085,784.320672785963,819.53459889769,14.8242103672057,-5.95120366246192,7.89026764727033
235.790279846233,7.21331330245824,784.326046345516,820.009716166128,14.8464589711402,-5.94998577157288,7.89002319626935
235.718314461398,7.21139617699563,784.331419905069,820.484833434565,14.8687075750747,-5.94876788068384,7.88977874526838
235.370953957179,7.21730902124211,784.314929951027,820.803989449865,14.8770614617589,-5.94473182937788,7.88953429781867
233.67459419246,7.26157629737151,784.191343459702,820.35918270642,14.817353273351,-5.92689126212075,7.88928986776456
231.978234427741,7.3058435735009,784.067756968377,819.914375962975,14.7576450849431,-5.90905069486362,7.88904543771045
229.777886660902,7.35858476702453,783.920512782021,819.36232099146,14.684371474748,-5.88533941712624,7.88880101424151
226.458099554683,7.43014790958244,783.720721006465,818.572050258706,14.5809668559969,-5.84858833638944,7.88855660539931
223.138312448463,7.50171105214035,783.520929230909,817.781779525953,14.4775622372457,-5.81183725565264,7.8883121965571
219.443066966426,7.57038069650244,783.329215596159,816.96108758859,14.3722661437464,-5.76959029100294,7.88806779582836
215.12492596666,7.63424994973512,783.150903813715,816.089926056683,14.2638320428979,-5.7182255075062,7.88782340856008
210.806784966894,7.69811920296781,782.972592031271,815.218764524777,14.1553979420495,-5.66686072400947,7.8875790212918
206.283597761691,7.74367029737555,782.845420900332,814.43031533984,14.0613364204476,-5.60860765665614,7.88733464356429
201.501244612509,7.76606835213691,782.78288844532,813.746409535432,13.9854409656593,-5.54164821707668,7.88709027789574
196.718891463327,7.78846640689827,782.720355990308,813.062503731024,13.9095455108711,-5.47468877749721,7.88684591222719
190.961588268298,7.79790054205931,782.694007792565,812.488126132463,13.8430176791957,-5.35897095187187,7.88660155637158
184.257539741007,7.79474579595229,782.702797063472,812.020108155175,13.7855864709775,-5.19590529074023,7.88635721004504
177.30296707558,7.79111745110909,782.712906011164,811.5621490025,13.7284572093086,-5.02218170824619,7.88611286591646
168.560264447017,7.78410876895801,782.732434225272,811.175985269694,13.673483107922,-4.77238661953048,7.88586853747596
159.817561818454,7.77710008680694,782.751962439379,810.789821536887,13.6185090065353,-4.52259153081477,7.88562420903545
150.504359478192,7.76804534332704,782.777193886429,810.403820983677,13.5701843990216,-4.26552297213348,7.88537989350065
140.989077970782,7.75826585562592,782.804445500254,810.017878231016,13.524215137455,-4.00587804623803,7.88513558253723
131.617543491089,7.74785757283322,782.833451020607,809.604999264802,13.4836214872946,-3.76816796304847,7.88489127766577
122.508345295021,7.73630174793053,782.86565739546,809.14296209149,13.4528382515888,-3.57048865620832,7.88464698391205
113.399147098954,7.72474592302785,782.897863770314,808.680924918177,13.422055015883,-3.37280934936816,7.88440269015834
105.839621197374,7.71196503356227,782.933493155298,808.052351488144,13.4125307758766,-3.30933197226729,7.88415841407595
98.3287934745585,7.69914564665869,782.969230107772,807.418544685591,13.4036745960638,-3.25007186715885,7.88391413854888
91.3114579784339,7.68254120145786,783.015535135297,806.589479965809,13.4,-3.24873791579871,7.88366987303185
84.644089728137,7.66325252668675,783.069334668144,805.621945232069,13.4,-3.28848314541091,7.88342561461358
78.0333131601226,7.64253599655192,783.127121545524,804.587810404121,13.4,-3.33668001126308,7.88318135974059
71.6480152732225,7.61613045115465,783.200795230829,803.288320301361,13.4,-3.41855079730611,7.88293711899305
65.2627173863223,7.58972490575738,783.274468916135,801.988830198601,13.4,-3.50042158334914,7.88269287824551
59.3335366901615,7.56093475791446,783.354812004046,800.519096434105,13.4,-3.59713356808588,7.88244865197832
53.507083912378,7.53160754361061,783.436657192426,799.011019942471,13.4,-3.69718812679041,7.88220442897242
48.0262561131695,7.50278638539224,783.517099617312,797.466761273992,13.4,-3.79498194100577,7.88196021336604
43.0003675876877,7.47463133871747,783.595695612556,795.874876726953,13.4,-3.88979998228879,7.88171600749948
38.0262317449379,7.44672290995898,783.673604749882,794.283338035263,13.4000736180077,-3.98325675436338,7.88147180250238
34.0950531463275,7.42378450263189,783.737671832963,792.698769269027,13.4016308389975,-4.04928025134548,7.88122761502739
30.1638745477172,7.40084609530481,783.801738916045,791.11420050279,13.4031880599874,-4.11530374832757,7.8809834275524
26.4878261342976,7.37863390134456,783.863801960112,789.295935403895,13.4206854764594,-4.17272962232288,7.88073925085255
22.9714912824237,7.35687632283159,783.92461045953,787.331374508675,13.4481615843602,-4.22477331471934,7.88049508089802
19.4938263201511,7.33507298381816,783.985550763288,785.307130423849,13.4806024506123,-4.27644382800051,7.88025091425592
16.189113496414,7.31306497971521,784.047080565559,783.015951641682,13.5352483343343,-4.32644528748521,7.88000676242876
12.8844006726768,7.29105697561227,784.10861036783,780.724772859516,13.5898942180563,-4.37644674696992,7.8797626106016
10.0201806662926,7.27133233623529,784.163764647709,778.553824930851,13.649269553677,-4.42023765289315,7.87951847224087
7.30243255791087,7.25236695728678,784.21679895008,776.422855954435,13.7102175183369,-4.46196343645351,7.87927433835798
4.76864318854883,7.23457251167278,784.26656025696,774.404026595946,13.7691242761884,-4.50094369875604,7.87903020821839
2.79067363358091,7.22037954096892,784.306253864889,772.742115100622,13.8206889344054,-4.53158412104284,7.87878608883889
1.28191241585293,7.2094265361775,784.336887732498,771.43833611675,13.8623655453835,-4.55504474118845,7.87854197681499
0.34355138582004,7.20254115366862,784.356145943954,770.606603611929,13.889639590705,-4.56968705627907,7.8782978726177
0.000936693157356315,7.2000069330259,784.363234318324,770.297156632005,13.899971667923,-4.57502997218959,7.87805377571607
0,7.2,784.363253710486,770.296309312368,13.9,-4.56884407447057,7.87780968649147
0,7.2,784.363253710486,770.296309312368,13.9,-4.5511531110208,7.87756560458306
0,7.2,784.363253710486,770.296309312368,13.9,-4.52173391453408,7.87732153066551
0,7.2,784.363253710486,770.296309312368,13.9,-4.48364046541666,7.87707746306014
0,7.2,784.363253710486,770.296309312368,13.9,-4.43456422930121,7.87683340407067
0,7.2,784.363253710486,770.296309312368,13.9,-4.37754139759669,7.8765893518974
0,7.2,784.363253710486,770.296309312368,13.9,-4.31381290639844,7.87634530584465
0,7.2,784.363253710486,770.296309312368,13.9,-4.24069734810935,7.87610126933747
0,7.2,784.363253710486,770.296309312368,13.9,-4.16278841710032,7.8758572382706
0,7.2,784.363253710486,770.296309312368,13.9,-4.07803591115721,7.8756132158127
0,7.2,784.363253710486,770.296309312368,13.9,-3.98797982054124,7.87536920122284
0,7.20267463152894,784.355783948376,770.270886499382,13.9018093095626,-3.87835569722819,7.87512519374056
0,7.21488336710475,784.321687158061,770.154827663272,13.9101868754862,-3.71036078736101,7.87488119331925
0,7.23732458812475,784.259012886612,769.941485927573,13.9256786262668,-3.48126857323044,7.87463719815763
0,7.27899289351897,784.142640846037,769.545214338902,13.9554107445969,-3.14037993720474,7.87439321284662
0,7.33021745049843,783.999579923187,769.057863493073,13.9931804135126,-2.74613770889606,7.87414923447878
0,7.38826368767901,783.837467281348,768.505347030561,14.037719605923,-2.31618706813752,7.8739052632684
0,7.44999999931192,783.665048928973,767.917360071711,14.0878532254284,-1.87137343900456,7.87366130005182
0,7.5115301871172,783.493206243168,767.331020358142,14.1412256459727,-1.4355726989694,7.8734173439635
0,7.56959439994519,783.331043398596,766.777413056525,14.1962962953682,-1.02975270985911,7.8731733951971
0,7.62064898055706,783.188457188998,766.29039690899,14.2513581625459,-0.676632359677998,7.87292945389423
0,7.66105972186399,783.075597297468,765.904754227831,14.304616781433,-0.399410059701675,7.87268552010663
0,7.68447491458303,783.010202899222,765.681235256859,14.3534443253281,-0.239802550714124,7.87244159500923
0,7.69823099317218,782.971783486562,765.562503149413,14.3999999990631,-0.144290752037809,7.87219767459869
0,7.69746543745884,782.973912633141,765.665502433236,14.4456999910162,-0.134302338685813,7.87195376301818
0,7.692104539307,782.988863320613,765.94571832353,14.4955174730499,-0.134302338685814,7.87170985883242
0,7.68398524834975,783.011506724416,766.370095298136,14.5487622920355,-0.134302338685814,7.87146596204252
0,7.6737998627488,783.039912135708,766.90242662628,14.6037037025707,-0.134302338685814,7.87122207265174
0,7.66223605800525,783.072161737512,767.506751422586,14.6585994026839,-0.134302338685814,7.87097819071273
0,7.65000000020738,783.106286145557,768.146154988561,14.7118532705434,-0.134302338685814,7.87073431586722
0,7.63772218664081,783.140527003762,768.787683144493,14.7617595267279,-0.134302338685814,7.87049044839488
0,7.62608492907213,783.172981453747,769.395688013067,14.8066123918251,-0.134302338685814,7.87024658829895
0,7.61577053925252,783.201746637171,769.934533630249,14.8447060864887,-0.134302338685814,7.87000273558265
0,7.60747678786408,783.224876583211,770.367786124156,14.874280674855,-0.134302338685814,7.86975889028243
0,7.6027663485911,783.23801324491,770.613837806062,14.8905462097903,-0.134302338685814,7.86951505429231
0,7.60064061519364,783.243941575345,770.658151043534,14.8978332133139,-0.134302338685814,7.8692712248962
0,7.6,783.245728148654,770.453188725766,14.9,-0.134302338685814,7.86902740185886
0,7.6,783.245728148654,769.96013787436,14.9,-0.134302338685814,7.86878358525267
0,7.6,783.245728148654,769.086266359629,14.9,-0.134302338685814,7.86853977818041
0,7.6,783.245728148654,768.012166714496,14.9,-0.134302338685814,7.86829597860917
0,7.6,783.245728148654,766.817666074977,14.9,-0.134302338685814,7.86805218558126
0,7.6,783.245728148654,765.551081014281,14.9,-0.134302338685814,7.86780839791831
0,7.6,783.245728148654,764.281786772865,14.9,-0.134302338685814,7.86756462173059
0,7.6,783.245728148654,763.093363417646,14.9,-0.134302338685814,7.86732085135122
0,7.6,783.245728148654,762.008633872839,14.9,-0.134302338685814,7.86707708671218
0,7.6,783.245728148654,761.186659607632,14.9,-0.134302338685814,7.86683333152598
0,7.6,783.245728148654,760.656822621156,14.9,-0.134302338685814,7.86658958343368
0,7.59764643904974,783.252303244565,760.489769282197,14.8913379251593,-0.135997321565653,7.8663458423903
0,7.58919993624245,783.275900345692,760.73981838889,14.8604173936603,-0.142116581460621,7.86610210809872
0,7.56955708731202,783.330777336399,761.457816172892,14.7888206520308,-0.156415171625891,7.86585838055287
0,7.53345925703163,783.431629205247,762.75125898624,14.6596274613677,-0.183211794802005,7.86561466326543
0,7.48950084128576,783.554446861623,764.296706028326,14.5050104604207,-0.216435273221974,7.86537095274458
0,7.43934368087409,783.694589562564,766.020250191546,14.3322340212124,-0.255139546438403,7.86512724924665
0,7.38563659261423,783.844655845095,767.834052523052,14.1501343666544,-0.297217691121517,7.86488355073169
0,7.3287152840569,784.003720315912,769.644192239479,13.9674472978603,-0.34406607948243,7.86463986374072
0,7.27299600868528,784.159438280624,771.33442521929,13.7961572422015,-0.391571779776251,7.86439618241935
0,7.21889721372118,784.310640544699,772.890611761885,13.6376917859727,-0.43940887034292,7.86415250647358
0,7.17254231220669,784.44023582979,773.986099302508,13.523959866061,-0.485214409502918,7.86390884143861
0,7.13356311060408,784.549243609559,774.694329863798,13.4481065557113,-0.528052338638787,7.86366518257443
0,7.10051428658024,784.641698612671,775.058787526739,13.4042857171397,-0.568699809093106,7.86342152882921
0,7.0760582015908,784.710175137512,774.587223517234,13.4235279973446,-0.608282133876838,7.86317788471511
0,7.05214775145189,784.777140637055,773.477454896525,13.4762684897776,-0.651666853672897,7.86293424761936
0,7.02863886421986,784.842993443504,771.79425024027,13.5580201710397,-0.698259669529471,7.86269061824011
0,7.00597853796495,784.906478983569,769.690213265507,13.6611076269028,-0.746368676352303,7.86244699661254
0,6.98447162946256,784.966740343252,767.332872760426,13.7770865231269,-0.794417346910325,7.8622033820737
0,6.96447753046891,785.022768916416,764.840575345019,13.8999999979158,-0.841073582700365,7.86195977469775
0,6.94647333347315,785.073226332826,762.342960319829,14.0233262331096,-0.88475151536761,7.86171617487973
0,6.93082833188524,785.117075835776,759.979450776116,14.1400382342831,-0.923963044944093,7.86147258250192
0,6.91793773904312,785.153208142785,757.887253889081,14.243220940696,-0.957195307944246,7.86122899756785
0,6.90820592574741,785.180488303902,756.204969685991,14.3258881975285,-0.982912123303383,7.86098542010021
0,6.90222702448051,785.197249396055,755.105008386604,14.3793561283867,-0.999064559295689,7.86074185047065
0,6.90007325719125,785.203287572412,754.663872303934,14.3996184712748,-1.005054448931,7.86049828798973
0,6.90477181237579,785.190123220566,754.638665764755,14.3855202384403,-0.999963634017158,7.86025473388613
0,6.91523889777207,785.160796576451,754.636060886971,14.3529479748744,-0.988528204880461,7.86001118608984
0,6.93150242398909,785.11522948424,754.652000670651,14.3004390839714,-0.970760087536779,7.85976764594987
0,6.95209051845895,785.057545831469,754.682571479841,14.2307154985162,-0.948267322219954,7.85952411356447
0,6.97534492376892,784.992391718091,754.723118062314,14.1475702017869,-0.922861577070244,7.85928058841048
0,6.99999999985838,784.923313210108,754.770353350345,14.0531179513079,-0.895925580581574,7.85903707076941
0,7.02464534691208,784.854261960903,754.820471099889,13.9501377220353,-0.86900021319305,7.85879356058644
0,7.04789223211092,784.789128917348,754.869746237465,13.8413001541533,-0.843602683864141,7.85855005786487
0,7.06835192267164,784.731805026211,754.91445389966,13.7292758876361,-0.821250201515144,7.85830656260798
0,7.08465205409803,784.686135373649,754.950904620071,13.61672926698,-0.803442092496418,7.85806307479706
0,7.09474711555818,784.657851064928,754.973892098805,13.5067705154403,-0.792413104426901,7.85781959515552
0,7.09937095332803,784.644895996149,754.988878615602,13.3994734998739,-0.787325128422465,7.8575761214341
0,7.09446595693471,784.658638664716,755.046417827805,13.2845942328827,-0.792084263617792,7.85733265655571
0,7.08261952545886,784.691830277897,755.178112982515,13.1552212334405,-0.803509510191386,7.85708919831077
0,7.06417469044581,784.743510753581,755.387828256064,13.0122926958849,-0.820983635879259,7.85684574729175
0,7.03948377585768,784.812694871078,755.678567337614,12.8586510405307,-0.843699079994743,7.85660230490278
0,7.01088186230011,784.892841128478,756.027893107822,12.7006222009793,-0.869165552325948,7.85635886987833
0,6.97970054927358,784.980219332972,756.423568364939,12.5419769513953,-0.895925580127477,7.85611544163474
0,6.94684584884823,785.072291930439,756.858873464172,12.3857537695607,-0.922879352064608,7.85587202017442
0,6.91342608901114,785.165956746881,757.332878959946,12.2378171325564,-0.948190280942317,7.8556286073146
0,6.88092188232184,785.257065545107,757.829803091539,12.1017067079333,-0.970387169296165,7.85538520185457
0,6.85040204222442,785.342624439435,758.340470982393,11.9806271089424,-0.988259461159427,7.85514180347623
0,6.82356938537334,785.417865376071,758.856598664189,11.8815471518431,-0.999452341708445,7.85489841324699
0,6.80022583201111,785.483342073978,759.372265197978,11.8015849098227,-1.0007686771697,7.85465502945082
0,6.77925411165553,785.542189564017,759.895834417942,11.7368164309983,-0.97078992069945,7.85441165285379
0,6.75733468764501,785.603714563625,760.459917544787,11.6751203547636,-0.869424971955514,7.85416828570095
0,6.73498397192744,785.666459707713,761.058659974627,11.6154268131997,-0.724739387401118,7.85392492557242
0,6.71279099277711,785.72876988839,761.69745654923,11.558794637823,-0.547154376962067,7.85368157295613
0,6.69104381182044,785.789833699131,762.369677875238,11.5050746008696,-0.350336742100599,7.85343822631813
0,6.67024150218183,785.848249959888,763.085337809781,11.4555550445143,-0.138089782824127,7.85319488711143
0,6.65168637532158,785.900360604196,763.862437513376,11.4130117088099,0.0721310981042705,7.85295155757
0,6.63577568541235,785.945046889991,764.692968193913,11.3773181515892,0.262498098048013,7.85270823578932
0,6.62286496039915,785.98130992438,765.580685167311,11.349148266018,0.427168256851023,7.85246492215637
0,6.60995423538595,786.01757295877,766.468402140709,11.3209783804467,0.591838415654033,7.85222160852341
0,6.60552751118395,786.030007298301,767.531615878022,11.3115772455084,0.645954219816274,7.85197831212539
0,6.60220002076779,786.039354261128,768.61756794086,11.3046078930833,0.685745994019442,7.85173501796042
0,6.6,786.045534147398,769.926422750371,11.3,0.683241482917669,7.85149173015923
0,6.6,786.045534147398,771.670225562771,11.3,0.598204633845108,7.85124845477563
0,6.6,786.045534147398,773.41402837517,11.3,0.513167784772547,7.85100517939202
0,6.6,786.045534147398,775.490803109728,11.3,0.363184367864929,7.85076191919557
0,6.6,786.045534147398,777.654826844972,11.3,0.196182930023686,7.85051866297862
0,6.6,786.045534147398,779.766496494601,11.3,0.0186470220716366,7.85027541175068
0,6.6,786.045534147398,781.71762272742,11.3,-0.191192760659703,7.85003217582155
0,6.6,786.045534147398,783.668748960238,11.3,-0.401032543391042,7.84978893989241
0,6.6,786.045534147398,785.261335968571,11.3,-0.610059428260913,7.84954571218789
0,6.6,786.045534147398,786.279211367393,11.3,-0.817783298547083,7.84930249766683
0,6.6,786.045534147398,787.297086766214,11.3,-1.02550716883325,7.84905928314576
0,6.60186133780615,786.040306002785,787.631938672232,11.3093066890308,-1.23760531105706,7.84881607980828
0,6.60542401984276,786.030299105145,787.342477208102,11.3271200992138,-1.45370172930519,7.84857288669309
0,6.60898670187937,786.020292207506,787.053015743973,11.3449335093968,-1.66979814755332,7.84832969357789
0,6.61710105265824,785.997500536281,786.230664031566,11.3855052632912,-1.91908964515734,7.84808651458973
0,6.62755263456194,785.968144026436,785.134679121112,11.4377631728097,-2.18542644571619,7.84784334285564
0,6.63800421646564,785.93878751659,784.038694210659,11.4900210823282,-2.45176324627503,7.84760017112156
0,6.64925790698518,785.907178035884,782.605642195193,11.5462895349259,-2.6873266387033,7.84735702011518
0,6.66071338452477,785.875001773739,781.087793974662,11.6035669226238,-2.91514834353397,7.84711387432328
0,6.67216886206435,785.842825511593,779.56994575413,11.6608443103217,-3.14297004836463,7.84687072853138
0,6.68362433960393,785.810649249447,778.052097533598,11.7181216980196,-3.3707917531953,7.84662758273948
0,6.688927816758,785.795754055371,776.626997204609,11.7477906879642,-3.47761829545455,7.84638445789574
0,6.69237458104725,785.786074397608,775.229888779491,11.7691272877799,-3.5479277276927,7.84614133937429
0,6.6958213453365,785.776394739844,773.832780354374,11.7904638875955,-3.61823715993084,7.84589822085284
0,6.68623285891551,785.803350079182,772.458711484434,11.8,-3.56710395734979,7.84565511561372
0,6.66611043337285,785.85991058974,771.103261149498,11.8,-3.41783153593854,7.8454120211082
0,6.64598800783019,785.916471100299,769.747810814563,11.8,-3.26855911452729,7.84516892660267
0,6.62055098520886,785.987969985137,768.369406281294,11.8,-3.07986188455721,7.844925840213
0,6.5847031750218,786.088731716982,766.946036668068,11.8,-2.81393522389843,7.8446827697215
0,6.54885536483473,786.189493448825,765.522667054842,11.8,-2.54800856323964,7.84443969923
0,6.51371678646889,786.28826165788,764.113772896778,11.8,-2.28734313468583,7.84419663171958
0,6.48364153247644,786.372797774929,762.808221429705,11.8,-2.06423852045858,7.84395358549164
0,6.45356627848399,786.457333891978,761.502669962632,11.8,-1.84113390623133,7.8437105392637
0,6.42349102449154,786.541870009027,760.197118495559,11.8,-1.61802929200407,7.84346749303575
0,6.41181221313962,786.574697042298,759.096743369485,11.7991367061346,-1.53562537089218,7.84322446514833
0,6.40200266013352,786.602269927346,758.017216164679,11.7981856931763,-1.46751801515481,7.84298143912449
0,6.4,786.607899043945,756.977764683488,11.7839466640915,-1.52246343342737,7.84273842376523
0,6.4,786.607899043945,755.933111484626,11.759038515056,-1.64456642564436,7.84249541474924
0,6.4,786.607899043945,754.859612931516,11.7206032004189,-1.83298134629142,7.84225241245461
0,6.4,786.607899043945,753.793455238636,11.6680134508578,-2.09078315132351,7.84200942067061
0,6.4,786.607899043945,752.770021348415,11.6106523134232,-2.37197492144454,7.84176643615987
0,6.4,786.607899043945,751.796590113843,11.5494210473933,-2.67213856623522,7.84152345897104
0,6.4,786.607899043945,750.86135641374,11.4892488674372,-2.96711043308833,7.84128048458672
0,6.4,786.607899043945,750.125214333567,11.4345968124058,-3.23502192826337,7.84103752481988
0,6.4,786.607899043945,749.389072253395,11.3799447573744,-3.50293342343841,7.84079456505304
0,6.4,786.607899043945,748.981884607453,11.3473376064742,-3.66277792601107,7.84055162046248
0,6.4,786.607899043945,748.625667685087,11.318146262135,-3.80587769972649,7.84030867822345
0,6.40146916414208,786.603766535026,748.67417531767,11.3189101064375,-3.87415357605546,7.84006574568442
0,6.40404345859212,786.596525482464,749.027123658575,11.3422067541898,-3.88614564147874,7.83982282044188
0,6.40839335675396,786.58428995858,749.651011935672,11.3839335675396,-3.89483304125287,7.83957990013024
0,6.41741101284427,786.558924825337,750.98715488249,11.4741101284427,-3.89483304125287,7.83933699278109
0,6.42642866893457,786.533559692093,752.323297829307,11.5642866893457,-3.89483304125287,7.83909408543195
0,6.43799374737315,786.501029092942,754.03715827089,11.6799374737315,-3.89483304125287,7.83885119328501
0,6.45014916865727,786.466837959745,755.838551437786,11.8014916865727,-3.89483304125287,7.83860830466105
0,6.46192368800826,786.43371823892,757.583607843118,11.9192368800826,-3.89483304125287,7.83836542239294
0,6.47298502448399,786.402604580254,759.223181944218,12.0298502448399,-3.89483304125287,7.83812255202518
0,6.48404636095973,786.371490921589,760.862756045317,12.1404636095973,-3.89483304125287,7.83787968165743
0,6.49226829095949,786.348364030535,762.081586710986,12.2226829095949,-3.89483304125287,7.83763682311714
0,6.49793322912054,786.332429522739,762.921411653845,12.2793322912054,-3.89483304125287,7.83739397200573
0.000392153475410352,6.49991402790904,786.326857855863,763.217581416363,12.2994871840882,-3.89483304125287,7.83715112908822
0.0159611623709235,6.49859404032742,786.33057010034,763.121199592891,12.3,-3.89483304125287,7.83690829376202
0.0598474581316984,6.494901442428,786.340955092023,762.846535958675,12.3,-3.89483304125287,7.83666546571498
0.135456802642529,6.48894430653136,786.357709093185,762.416550951255,12.3,-3.89483304125287,7.83642264589814
0.236825203727118,6.48142473312717,786.378857661579,761.8899649815,12.3,-3.89483304125287,7.83617983291705
0.368893953035456,6.47238654132175,786.404277863465,761.284940017218,12.3,-3.89483304125287,7.83593702827294
0.524090380501078,6.4624642996578,786.432185048705,760.648588672982,12.3,-3.89483304125287,7.83569423005318
0.709163434356738,6.45175602813411,786.462303985695,760.009780317118,12.3,-3.89483304125287,7.8354514403293
0.918759046236748,6.440740740905,786.493287522951,759.405052876078,12.3,-3.89483304125287,7.83520865776581
1.15310298661174,6.42972324744873,786.524278633103,758.867552155921,12.3,-3.89483304125287,7.83496588259875
1.41340393986103,6.41908196613808,786.554213375344,758.440950760193,12.3,-3.89483304125287,7.83472311539867
1.69503266347001,6.40904775318499,786.582442389734,758.137257097986,12.3,-3.89483304125287,7.83448035490949
2.03042570365862,6.40000000010165,786.607899329802,758.013741548016,12.300852835121,-3.90074804615682,7.83423760248728
2.80375895713645,6.39092703047741,786.633431220807,758.047777484159,12.3138667995839,-3.99100894386346,7.83399485783205
4.24854199435747,6.3809923546905,786.66139100771,758.181376815892,12.3450723782597,-4.20744134252025,7.83375212005052
6.42447472639998,6.37030160042541,786.691481273582,758.412751156183,12.3941423875118,-4.5477759959764,7.83350939022219
9.26470718509501,6.35925925934161,786.72256309652,758.728707343115,12.456615824484,-4.98107274578745,7.83326666870664
12.5781981593981,6.34825122500329,786.753549585417,759.101312377737,12.5262369209545,-5.46394348703379,7.83302395403615
16.3265348004292,6.33756238436738,786.783638610639,759.522326242878,12.5999999995752,-5.975541756178,7.83278124658734
20.4545299146876,6.3275423924169,786.811845660055,759.980669535731,12.6740896894294,-6.4894053014581,7.83253854670806
24.9140519390296,6.31874297987195,786.83661734619,760.463564613947,12.7430976762631,-6.9680237008162,7.83229585550141
29.5624874865125,6.31129791733626,786.857576695103,760.952128494628,12.8036549951621,-7.38803083869646,7.83205317137166
34.33608413486,6.30548795191455,786.873933165058,761.435132745478,12.8523926809728,-7.72606059788048,7.83181049432151
39.1710263040204,6.30160092719874,786.884876235762,761.901253831535,12.8858809414702,-7.95832498309154,7.83156782437571
44.011738436021,6.30012185733817,786.889040283794,762.337163132946,12.899106173331,-8.05289768805476,7.83132516195527
49.3914752442526,6.3041074214581,786.877819887786,762.746750325068,12.8728042959988,-8.00135036344643,7.83108250862571
55.5924941934571,6.3139600181461,786.850084523399,763.156391922228,12.8103270316638,-7.87415205382174,7.83083986289457
62.2903707643688,6.32744774217833,786.812117834228,763.56852971991,12.7268300445076,-7.70333256582689,7.83059722212056
69.8559645667868,6.34790884152576,786.75453004786,763.996906394646,12.6102601738522,-7.46064238625536,7.83035459239709
77.7543611744372,6.3715012199057,786.68813569991,764.440190901093,12.4836629467966,-7.19353668315184,7.83011196866106
85.9337085189648,6.3980130857543,786.613532492028,764.901306979517,12.3502069616276,-6.90772335895955,7.82986935103689
94.3767223479364,6.42809559788111,786.528895112545,765.394945198084,12.2151478517047,-6.61008243961566,7.82962674233017
102.85619265424,6.46071967500441,786.437126027355,765.931998559189,12.0917822128816,-6.32492857008773,7.82938414269919
111.329790906219,6.49411463167795,786.343195013673,766.484489170262,11.9734001878911,-6.04590262648912,7.82914154612641
119.462856086976,6.52935960171799,786.244098438148,767.117779476211,11.8946844168519,-5.82671279612911,7.82889896278264
127.433650884219,6.56523664452974,786.14324707652,767.786069435544,11.8344508702974,-5.63531955335711,7.82865638332363
135.026913909212,6.60258424252557,786.038313099858,768.535788186036,11.8172173266621,-5.50859673748187,7.82841381290275
142.967159267808,6.64916394174068,785.907561940593,769.435463346378,11.8379425046396,-5.40921584565435,7.82817124966999
151.183220938709,6.70308223968702,785.75628869876,770.454338880819,11.8888410764796,-5.33156905361193,7.82792869215107
160.04125536209,6.77233932381423,785.562115666735,771.729693978428,11.9844069748286,-5.26626299174246,7.82768614644862
169.046313562242,6.84510927708845,785.358117779755,773.063787696789,12.0902025270317,-5.20378318807653,7.82744360345237
177.859296607186,6.9228085392569,785.14036517267,774.569166401546,12.2174461007748,-5.14954618517786,7.82720107245489
186.618062857362,7.00189919079259,784.91873003931,776.122893488186,12.3507437786043,-5.09763586652437,7.82695854484428
194.360814701038,7.07521319369913,784.713312667726,777.752284196644,12.4810058630904,-5.04939014663166,7.82671602872276
201.757774267834,7.14656116101659,784.513414880051,779.40742640616,12.6102348079604,-5.00239164325599,7.82647351651147
207.390165493232,7.20237691085214,784.35704644231,781.050054256496,12.714078070222,-4.95486187605495,7.82623101527867
212.30980362361,7.25191881125776,784.218260592989,782.687627245523,12.8076674231144,-4.9071175181651,7.82598851848036
214.920894040972,7.2776405092621,784.14620501834,784.255542884076,12.8553651313934,-4.85486733218473,7.8257460321473
216.438100343414,7.29207522330069,784.105768970997,785.79045202736,12.8813175056829,-4.80048210097875,7.82550355077309
216.84852813269,7.2829831918706,784.13121709722,787.492848338749,12.8417727559635,-4.73718068675286,7.8252610803857
216.649026495583,7.26092591563526,784.192973026416,789.287544375109,12.7661335006123,-4.66896569467002,7.82501861605298
216.415854620701,7.23621810939638,784.262149905574,791.113492557329,12.6808997743737,-4.59986263106835,7.82477615389087
215.950337310585,7.19322000917781,784.382535922613,793.155099847162,12.5294582735104,-4.52463132551796,7.82453370670729
215.446925209422,7.14907859637322,784.506122984528,795.182405560105,12.3726605227761,-4.45011099665574,7.82429126220522
214.773298333473,7.09980168370246,784.644088411331,797.145471845349,12.191803716949,-4.37878421322592,7.82404882974783
214.054505532942,7.05152220922526,784.779261212163,799.028267710791,12.0115441339137,-4.31049907925893,7.82380640079248
213.190793399379,7.00644311377471,784.905473596557,800.653508000714,11.8332007992332,-4.25197337821717,7.82356398307377
212.276645562309,6.96566549441121,785.019642714599,802.103960813616,11.6649534159978,-4.19980784130253,7.82332156967902
211.240872481153,6.93526084583348,785.104769604465,803.132915202222,11.5210523286096,-4.16297978281344,7.82307916671147
210.021944883312,6.91268526031678,785.167976695216,803.847170122337,11.3977422261829,-4.13576629825732,7.82283676888962
208.460839637178,6.90473628862905,785.190232214324,803.973489096363,11.3129011440004,-4.12651520063709,7.82259438068122
205.523508916039,6.9,785.203492868183,803.511745584803,11.2374968240596,-4.12100305765983,7.82235199881711
200.557281802308,6.9,785.203492868183,802.183052669028,11.1760046233299,-4.12100305765983,7.82210962630607
195.085646866856,6.9,785.203492868183,800.661176205089,11.1154310901238,-4.12100305765983,7.82186725641088
186.796041037339,6.9,785.203492868183,798.062178271038,11.0599797141769,-4.12100305765983,7.82162490110068
178.506435207822,6.9,785.203492868183,795.463180336986,11.0045283382301,-4.12100305765983,7.82138254579049
169.15366830109,6.9,785.203492868183,792.296689065817,10.9584816072725,-4.12100305765983,7.82114020613434
159.682758810025,6.9,785.203492868183,789.067135732956,10.9134799569594,-4.12100305765983,7.82089786821772
150.819816489282,6.9,785.203492868183,785.846263615428,10.8777479204504,-4.12100305765983,7.82065554124915
142.287268681976,6.9,785.203492868183,782.630109229475,10.8470533755892,-4.12100305765983,7.82041322023021
134.927951303326,6.9,785.203492868183,779.659769718073,10.8236237528734,-4.12100305765983,7.82017090590605
129.359484147582,6.9,785.203492868183,777.064648588441,10.8112835011166,-4.12100305765983,7.819928601801
124.206111200479,6.9,785.203492868183,774.536534111726,10.8059668699244,-4.12461449934413,7.81968630017773
121.525675594542,6.9,785.203492868183,772.40761396405,10.8424936882495,-4.14974122312734,7.81944401333981
118.845239988604,6.9,785.203492868183,770.278693816374,10.8790205065747,-4.17486794691055,7.81920172650189
116.792436857749,6.9,785.203492868183,768.064110523342,10.9652456557368,-4.23369312238379,7.81895945325402
114.870178835914,6.9,785.203492868183,765.853130715757,11.0616771574043,-4.29945504584188,7.81871718382045
113.227085921596,6.9,785.203492868183,763.714235984697,11.1795416782055,-4.37983331913759,7.81847492551182
111.639731113581,6.9,785.203492868183,761.679911648734,11.2994858836377,-4.46162984330737,7.81823267276605
110.125100896727,6.9,785.203492868183,759.782026092903,11.4221435686725,-4.54527683786123,7.81799042727845
108.570588877866,6.9,785.203492868183,758.160829066053,11.5347390912238,-4.62206189261719,7.81774819083617
106.999389304572,6.9,785.203492868183,756.65540551623,11.6431243505545,-4.69597573824686,7.8175059581787
105.152097285083,6.9,785.203492868183,755.742520520013,11.7141202533605,-4.74439173349142,7.81726373911778
103.180758499015,6.89982564574222,785.203981771133,755.043829932031,11.7696334481946,-4.78261571043981,7.81702152371477
100.85231737684,6.89912047306603,785.205959130364,754.953134298296,11.7807935537954,-4.79170865359145,7.81677931843588
98.3405865968609,6.89633447779315,785.213771756828,755.295868527411,11.7664506563896,-4.78798796955007,7.81653711849017
95.5256633081824,6.89010644530549,785.231236915422,756.355570036822,11.7099214209573,-4.76307134995663,7.81629492736646
92.5256138819938,6.88069681683662,785.257626174391,757.858001813409,11.6265981694152,-4.72770578133515,7.8160527434081
89.3450312883069,6.86818452762025,785.292718127261,759.792179741868,11.5171456599339,-4.68215050157709,7.8158105664373
85.9995874928457,6.85254617938033,785.336581990517,761.985251299066,11.3850880975725,-4.63039943108697,7.81556839847213
82.5597057451038,6.83511712107815,785.385470694339,764.326625694614,11.2400816128316,-4.57509920662249,7.81532623566568
78.9980206640732,6.81479755449953,785.442476789158,766.590812516833,11.0808662417212,-4.52139151848532,7.81508408472104
75.398983439183,6.79359158622686,785.50197215868,768.831329039847,10.917293581254,-4.4681721966711,7.81484193741395
71.7811136036373,6.77101858584476,785.565314716953,770.634964860118,10.7554716114071,-4.42497224507107,7.81459980019046
68.1516671358631,6.74760525438669,785.631022188413,772.170044859007,10.5947258121362,-4.38793132082266,7.81435766916547
64.5437208941069,6.72333587835883,785.699149315775,773.113887161463,10.4429753220816,-4.36454391736704,7.81411554585177
60.9597005798119,6.69811387698353,785.769969089788,773.399787067155,10.3012350112512,-4.35635045409636,7.81387343111935
57.2633380020078,6.66916713620406,785.851279107207,773.35942712116,10.1536029903093,-4.35573547619285,7.81363132171072
53.3360737935416,6.63256478679298,785.954150149233,772.648492011189,9.99386149756551,-4.37069686798821,7.81338922324431
49.3621001763031,6.59410577108384,786.062251400526,771.827922384371,9.83112883304148,-4.38847769472394,7.81314712772651
45.1771869794129,6.54726205475954,786.193972264505,770.512243538511,9.6548880438255,-4.41899108298869,7.81290504552461
40.9995381346752,6.50032567429688,786.3259557493,769.181740976973,9.47935283074354,-4.450023134092,7.81266296407607
37.0204956072074,6.4508558699482,786.465119248514,767.445960213423,9.32310796518177,-4.49523535076401,7.81242090322421
33.0414530797395,6.40138606559952,786.604282747728,765.710179449873,9.16686309961999,-4.54044756743603,7.81217884237235
29.0624105522717,6.35191626125084,786.743446246941,763.974398686323,9.01061823405821,-4.58565978410805,7.81193678152049
25.7585343864855,6.31038693373332,786.860320129551,762.243073275663,8.90951909130175,-4.63753905646922,7.81169473809156
22.7622348839128,6.27247494485508,786.967039824558,760.513777531545,8.83354196050204,-4.69245555174123,7.81145270259976
19.76593538134,6.23456295597684,787.073759519566,758.784481787428,8.75756482970232,-4.74737204701324,7.81121066710796
17.0857374602283,6.20192063616221,787.165670456326,757.099946913155,8.71612897708148,-4.80903893949416,7.81096864018597
15.0225555291747,6.17956447201794,787.228675366774,755.502783232329,8.74211613719889,-4.88388230201328,7.81072662999186
12.9593735981212,6.15720830787367,787.291680277223,753.905619551503,8.7681032973163,-4.9587256645324,7.81048461979776
10.8961916670677,6.1348521437294,787.354685187671,752.308455870677,8.79409045743371,-5.03356902705151,7.81024260960365
9.10542934177619,6.11709058451618,787.40476784551,750.576632372369,8.86304149766864,-5.14424456220891,7.8100006251906
7.31728124958657,6.09937311672681,787.454726496928,748.843516631707,8.93240483421121,-5.25526395533336,7.80975864102496
5.52913315739694,6.08165564893744,787.504685148345,747.110400891046,9.00176817075378,-5.36628334845781,7.80951665685931
3.93397823070226,6.06531282793423,787.550775541002,745.376442638179,9.07383427081416,-5.48726914883128,7.80927468230051
2.60260083453062,6.05048730838444,787.592595428168,743.662513530503,9.14402692407977,-5.61842589942698,7.80903271890559
1.50776044888957,6.03661066067812,787.6317435266,741.990665005474,9.20619885841437,-5.75477312017189,7.80879076328208
0.704014393163478,6.02366589543613,787.668266728748,740.384416031477,9.25486805073129,-5.8952567832411,7.80854881593962
0.197414549276081,6.0114941960279,787.702611489044,738.85556576283,9.28700964287812,-6.03826201720387,7.80830687608113
0.0108872180876194,6.00004793683393,787.734911117541,737.414303616388,9.29765396067175,-6.18410894931233,7.80806494378601
0,5.98944544892132,787.764831159246,735.960215977198,9.26673361096664,-6.35606957962163,7.80782301969682
0,5.97954102717133,787.792782549345,734.434423594517,9.19541289815875,-6.56054525626314,7.80758110229933
0,5.97044360826011,787.818458305633,732.852128603959,9.07876180657881,-6.79826663831047,7.80733919388253
0,5.96182610329382,787.84278098727,731.266130762748,8.93693258335599,-7.05077360240328,7.80709729197612
0,5.95367230778869,787.865796517434,729.709419210278,8.77273123910138,-7.31208685850012,7.80685539764604
0,5.94586932369762,787.887823483921,728.222091634471,8.59441545977677,-7.57218687212134,7.80661351089554
0,5.9383313915723,787.909104221368,726.8804635858,8.4109873048555,-7.81581531136876,7.80637163352136
0,5.93086286541076,787.930190149479,725.660041296901,8.23116366669057,-8.0412802909024,7.80612976185212
0,5.92343266301295,787.951169087858,724.586968997345,8.05811708541943,-8.24330416146507,7.8058878964798
0,5.91582249022471,787.972657989256,723.870570371147,7.91565933702987,-8.38053271885175,7.80564604256801
0,5.90809333941704,787.994483347005,723.295446436799,7.78779805748523,-8.49068777604153,7.80540419253441
0,5.89991248888629,788.017585390386,723.108650969838,7.70223153342157,-8.52536182984281,7.80516235212595
0,5.8910291009398,788.042673207307,723.205205443161,7.63681216893162,-8.5122455184718,7.80492051841146
0,5.88094948154577,788.071143118202,723.641894114559,7.57497679014992,-8.45815956739918,7.80467869387045
0,5.87028139215807,788.101277271721,724.300163429199,7.51498396881875,-8.38120491011559,7.80443687614489
0,5.85925925932148,788.132413291622,725.173140083507,7.45765646444292,-8.2848640046037,7.80419506579345
0,5.84824111551535,788.163539588463,726.255406532872,7.40434785137001,-8.17410485534201,7.80395326387332
0,5.8376039261027,788.193590720289,727.492665826608,7.35555372237387,-8.05751849092465,7.80371146954288
0,5.82751858597714,788.222083519713,728.839216656247,7.31109534014893,-7.94045791388838,7.80346968157225
0,5.81890548015109,788.246417780221,730.316486717053,7.2751270479183,-7.83325507810337,7.80322790409808
0,5.81116183698519,788.268295824625,731.831344879062,7.24341488930577,-7.7346136988196,7.80298613122908
0,5.80549841314781,788.284296974207,733.393785036388,7.22107516770012,-7.65938585282162,7.80274436767372
0,5.80185362071308,788.294594907555,734.959768046921,7.20701429144886,-7.60982853846726,7.80250261144009
0,5.80025272972997,788.299118079199,736.52908780113,7.20281508471372,-7.58766866259423,7.80226086252825
0,5.8,788.29983214818,738.168363518547,7.21191060632745,-7.58413151063161,7.80201912093121
0,5.8,788.29983214818,739.985185957756,7.2380165067226,-7.58413151063161,7.80177738715182
0,5.8,788.29983214818,741.976448395426,7.2782327850441,-7.58413151063161,7.80153566093858
0,5.8,788.29983214818,744.135251453558,7.32999468853796,-7.58413151063161,7.80129394316569
0,5.8,788.29983214818,746.422653851854,7.38844772835452,-7.58413151063161,7.80105223314085
0,5.8,788.29983214818,748.81413896054,7.44999999896129,-7.58413151063161,7.80081053074144
0,5.8,788.29983214818,751.282437171947,7.51152378395482,-7.58413151063161,7.80056883532377
0,5.8,788.29983214818,753.814486130693,7.56990123805219,-7.58413151063161,7.8003271475266
0,5.8,788.29983214818,756.388354788126,7.62171827987314,-7.58413151063161,7.80008546735776
0,5.8,788.29983214818,758.981708674611,7.66237576839933,-7.58413151063161,7.79984379548149
0,5.8,788.29983214818,761.568316715422,7.68856600010036,-7.58413151063161,7.79960213145352
0,5.79858868706223,788.303823437629,764.159100394411,7.68851833184571,-7.58536108811469,7.7993604760553
0,5.79157989601647,788.323645402942,766.859661734691,7.64747172479677,-7.5913766864031,7.79911882740714
0,5.77751552043664,788.363423001573,769.698459704375,7.5607515498509,-7.60325536135068,7.79887718551814
0,5.7556929150836,788.425145130325,772.681713358636,7.42771900919365,-7.62135287168573,7.79863555047672
0,5.72491103859882,788.512214328402,775.785403598432,7.24473914897387,-7.64585820295068,7.79839392515862
0,5.68880651951127,788.614348081194,778.908324808856,7.03608182787853,-7.67329565158181,7.79815230766974
0,5.64912358556238,788.726614571596,782.002359644441,6.81336212122469,-7.70200373869371,7.79791069708855
0,5.60692820267621,788.846000556498,785.031365190178,6.5841975746923,-7.73085343161265,7.79766909311853
0,5.56294026273206,788.97047559507,787.931818746528,6.35673352464454,-7.75842533626603,7.79742749710094
0,5.51914410815131,789.094437094488,790.578918187655,6.14958353461043,-7.78164726367949,7.7971859107611
0,5.47682743537731,789.214237218569,792.996727118922,5.96677472463849,-7.80028815620951,7.79694433108247
0,5.43677750513639,789.327651397523,795.153567163838,5.81435804704205,-7.81335940819229,7.79670275800819
0,5.4000362368026,789.431737334088,796.992161117678,5.70153021786722,-7.81927040851879,7.79646119205333
0,5.36303941659046,789.536632792887,798.408325899234,5.623973443864,-7.80716936548025,7.79621963673571
0,5.32300415421989,789.650187203762,799.644301917854,5.54970556731262,-7.78078839226806,7.79597808844404
0,5.28119302716007,789.768801361606,800.781934675456,5.4766530041291,-7.74592931802699,7.79573654433267
0,5.2370165863191,789.89417569811,801.713274493448,5.40937865223693,-7.68768571506473,7.79549501290873
0,5.19323244834362,790.018448421293,802.608485591128,5.34503157002807,-7.62202445862904,7.7952534860313
0,5.15028310817419,790.140368675213,803.456593521766,5.28526871078414,-7.54536067101568,7.79501196601319
0,5.11007638959606,790.254519115562,804.297315666577,5.23242636553606,-7.45621481758236,7.79477045459713
0,5.07438275558544,790.355867250257,805.186121354917,5.18764418357565,-7.35620370435296,7.79452895164006
0,5.04461307720281,790.440401736459,806.170734788502,5.1516359648019,-7.2471808467813,7.79428745669525
0,5.02378247368841,790.499556893446,807.328744492519,5.12727643482586,-7.12918471820421,7.79404597111757
0,5.00650247642142,790.548630080004,808.560249822722,5.10728918219059,-7.00836453249615,7.79380448882474
0,5.00161793684573,790.562504306745,810.085117041613,5.10579378598963,-6.87138506869065,7.79356301646432
0,5.00987720651833,790.539064520759,812.09564557526,5.15185533422122,-6.65832770994067,7.79332155195324
0,5.03018812085589,790.48141906897,814.638886108009,5.25848763449342,-6.34023497553146,7.79308009423282
0,5.0633733557306,790.387234345165,817.737953828,5.43271011758563,-5.90623946066119,7.79283864533957
0,5.10411321359771,790.271608456859,821.131409983157,5.64659437138799,-5.40685165352495,7.79259720347559
0,5.15053170149286,790.139865756277,824.707048791208,5.89029143283751,-4.86152372412226,7.79235576916467
0,5.19999999916315,789.999467233538,828.310616822317,6.14999999560654,-4.29725162522878,7.79211434295557
0,5.24925259004109,789.859680919354,831.761254100486,6.40857609771573,-3.74666365912265,7.79187292489018
0,5.29543838801965,789.728598628006,834.908102149249,6.65105153710319,-3.23765015923838,7.79163151458347
0,5.33514430774023,789.61590721279,837.556187547728,6.85950761563619,-2.80475372350451,7.7913901123898
0,5.36690803371823,789.525756946579,839.64394298428,7.02626717702072,-2.46096440214039,7.79114871718321
0,5.38886029992265,789.463453089543,841.069343080835,7.14151657459392,-2.22480194464422,7.79090732887645
0,5.39992559163165,789.432048056337,841.777787694332,7.19969583438993,-2.10630004538274,7.79066594711155
0,5.39769390615233,789.438373721906,841.420599918599,7.2,-2.10821782927975,7.79042457487802
0,5.39121988088512,789.456725616516,840.429150372199,7.2,-2.11538858225084,7.79018321042669
0,5.38116948357216,789.485216871539,838.94161656541,7.2,-2.12652155126495,7.78994185341344
0,5.36786147806873,789.522945135113,837.05176545984,7.2,-2.14126450195231,7.78970050411272
0,5.35127914150452,789.569960126081,834.840470627348,7.2,-2.15963750606528,7.78945916413331
0,5.33291118026206,789.622041288275,832.51674218683,7.2,-2.17999129223993,7.78921783042697
0,5.3127248415427,789.679283315133,830.142170110717,7.2,-2.20236337579433,7.78897650431404
0,5.29116247054291,789.740433468862,827.826811872139,7.2,-2.2262645942204,7.78873518579771
0,5.2686664124245,789.804239011765,825.680679170494,7.2,-2.25120578504843,7.78849387488114
0,5.245679012357,789.869447621009,823.828662614131,7.2,-2.2766980634868,7.78825257185047
0,5.22261204802377,789.934891134983,822.301409754516,7.2,-2.30228473640891,7.78801127535001
0,5.1994664245241,790.000579190774,821.397523153733,7.19306351879246,-2.32797297327904,7.78776998881124
0,5.1726952276701,790.076592395801,820.714322655956,7.13956105006134,-2.35770895393906,7.78752870875275
0,5.13933220058159,790.171366134461,820.07243527557,7.00514576762961,-2.39479621915653,7.78728743609924
0,5.09977360526283,790.283774278006,819.442752587438,6.7904389758414,-2.43879395612007,7.78704617193099
0,5.05676116848175,790.406016593325,818.833236286237,6.52536130091313,-2.48664643498427,7.7868049148904
0,5.01172839541836,790.534017404157,818.258096739628,6.22132878799043,-2.53675775570616,7.78656366607415
0,4.96682093467956,790.661673428267,817.727708205751,5.90000000358172,-2.58673727403505,7.78632242517056
0,4.92391514764554,790.783647413968,817.251297401692,5.58024375387829,-2.63449441097947,7.78608119193763
0,4.8848284950244,790.894770000244,816.839113749437,5.27978028030989,-2.67800444701176,7.7858399663786
0,4.85148612952755,790.989565685173,816.502631852838,5.01711732265394,-2.71512280023617,7.7855987486091
0,4.82400883061745,791.067688745628,816.234225718719,4.79692234397603,-2.74571344778011,7.7853575371382
0,4.80766188640371,791.114167830182,816.080931483829,4.66323605072431,-2.76391373400811,7.78511633509274
0,4.80066798576254,791.134053587101,816.029028846094,4.6054611660413,-2.76912485002812,7.78487513965309
0,4.80395661797118,791.124699427052,816.236513855372,4.63165294376945,-2.72884758242757,7.78463395198481
0,4.81521080195723,791.092689398022,816.879564015268,4.7216864156578,-2.60484063826296,7.78439277304109
0,4.83185754738876,791.045341424577,817.830837564868,4.85486037911008,-2.42141445349374,7.78415160190531
0,4.85227534726503,790.987267523566,818.997738512727,5.0182027781202,-2.19643599460592,7.7839104378125
0,4.87547743529522,790.921274332738,820.323971786737,5.20381948236178,-1.94077818428125,7.78366928175396
0,4.89999999958141,790.851525340215,821.725861824236,5.39999999665126,-1.67057038743156,7.7834281319635
0,4.92457574363191,790.781625089653,823.131088481336,5.59660594905525,-1.39977661650572,7.78318699200914
0,4.94746208872577,790.716529959544,824.439918963696,5.77969670980617,-1.14759789597776,7.78294585971748
0,4.96785690672193,790.658521425391,825.606404026026,5.94285525377546,-0.922872668486036,7.78270473407193
0,4.98425134607368,790.611891080602,826.544202362624,6.07401076858942,-0.742226579189553,7.78246361605923
0,4.99470297547361,790.582164471915,827.129697426516,6.16004089302239,-0.623357200617134,7.78222250609569
0,4.99441207638213,790.58299787335,827.011209322996,6.17753995010741,-0.596167440350258,7.78198140644631
0,4.98757986987208,790.602448217758,826.341282059379,6.17870413236537,-0.585408699639079,7.78174031071745
0,4.96366998507782,790.670502632024,824.231688385543,6.13722214020292,-0.617547142609768,7.78149922522409
0,4.93147831606153,790.762132481191,821.434661922243,6.0800191610041,-0.660721185125728,7.78125814584603
0,4.88839714169999,790.884761064145,817.733747741674,6.00214505976499,-0.718405654020156,7.78101707450881
0,4.8389068258838,791.025640896346,813.592940853803,5.90922112056098,-0.784424997573653,7.78077601148812
0,4.78490767610248,791.179360490799,809.142669243749,5.80570961341733,-0.856307929288509,7.78053495431812
0,4.7293543893666,791.337524130816,804.840468365936,5.6905263941743,-0.929640532432773,7.78029390913559
0,4.67326089661236,791.497232486795,800.589735732581,5.57128617782932,-1.0034770301846,7.78005286811981
0,4.62164117350714,791.64422650305,796.999644140721,5.45136927457337,-1.07069904840204,7.77981183519669
0,4.57515302254414,791.776636721603,794.16733120769,5.33067618747834,-1.13033402446556,7.77957081155613
0,4.53227455812228,791.898781646404,791.778786929725,5.21092936320597,-1.18493252000974,7.77932979126505
0,4.50483962988036,791.977007955649,791.288844428374,5.09523099133275,-1.21798314201044,7.77908878530422
0,4.47740470163845,792.055234264894,790.798901927022,4.97953261945954,-1.25103376401114,7.77884777934339
0,4.45610921530014,792.115993633373,791.043927843267,4.83231953877463,-1.27796507637179,7.77860678981621
0,4.43539767460933,792.175091654747,791.35885939837,4.68210897438816,-1.30431435794103,7.77836580185209
0,4.41644383506319,792.229184853605,791.826697040182,4.52210855040561,-1.32882557333556,7.77812482494357
0,4.39849232397709,792.280424054182,792.381729324203,4.35652546242891,-1.35228863213993,7.7778838543395
0,4.38155096626626,792.3287855325,792.969381542694,4.1985951710952,-1.37363202801611,7.77764289107616
0,4.36640126744106,792.372042937733,793.61489011931,4.05423826519077,-1.39121588300201,7.77740194083269
0,4.35125156861586,792.415300342966,794.260398695925,3.90988135928634,-1.40879973798792,7.77716099058921
0,4.33711335028939,792.455674028664,794.853781926283,3.79357710811299,-1.42262842513567,7.77692004921171
0,4.32459793282091,792.491421127351,795.363536202117,3.7222800243778,-1.43043238951581,7.77667912205861
0,4.31208251535243,792.527168226039,795.87329047795,3.65098294064261,-1.43823635389595,7.77643819490551
0,4.30000261218711,792.561674680411,796.280587352165,3.61580720668772,-1.44298510499109,7.77619727715758
0,4.28855620154619,792.594376512309,796.538851238206,3.6331730422987,-1.44328978900877,7.77595637309026
0,4.27710979090526,792.627078344207,796.797115124246,3.65053887790968,-1.44359447302645,7.77571546902295
0,4.2658687293176,792.659196625878,797.016291467778,3.68379123673893,-1.44376788898137,7.77547457489202
0,4.25489895079312,792.690543989493,797.183829938647,3.73803100511961,-1.44376788898137,7.7752336938879
0,4.24392917226863,792.721891353108,797.351368409516,3.79227077350028,-1.44376788898137,7.77499281288377
0,4.23406936144753,792.750068429546,797.523912961819,3.84863977103526,-1.44376788898137,7.77475194236894
0,4.22554301402012,792.774436870935,797.70247158671,3.90756672509939,-1.44376788898137,7.77451108445548
0,4.21701666659271,792.798805312324,797.8810302116,3.96649367916353,-1.44376788898137,7.77427022654202
0,4.2107564117616,792.816697690231,798.114515694304,4.012023878238,-1.44376788898137,7.77402938014727
0,4.20697383508963,792.827509333187,798.408056567584,4.04290646437051,-1.44376788898137,7.77378854634672
0,4.20319125841766,792.838320976144,798.701597440865,4.07378905050301,-1.44376788898137,7.77354771254618
0,4.20132049110648,792.843668854992,799.133857491774,4.08707440195981,-1.44376788898137,7.77330688434132
0,4.20615016525709,792.829867527687,800.052295583443,4.03868559110088,-1.44376788898137,7.773066075748
0,4.2109798394077,792.816066200382,800.970733675111,3.99029678024196,-1.44376788898137,7.77282526715469
0,4.2158095135583,792.802264873077,801.88917176678,3.94190796938303,-1.44376788898137,7.77258445856137
0,4.22713542486749,792.769899692836,803.439152887411,3.82864575132514,-1.44376788898137,7.77234367474176
0,4.23868806281082,792.736886611389,805.011175633338,3.71311937189178,-1.44376788898137,7.77210289178678
0,4.25024070075416,792.703873529942,806.583198379265,3.59759299245842,-1.44376788898137,7.7718621088318
0,4.2612822578044,792.672320924901,808.018961599844,3.48717742195603,-1.44376788898137,7.77162134374299
0,4.27211563525771,792.641363218621,809.399221956889,3.37884364742292,-1.44376788898137,7.77138058593163
0,4.28294901271102,792.610405512341,810.779482313933,3.27050987288981,-1.44376788898137,7.77113982812027
0,4.29026295997337,792.589504936589,811.700356467705,3.19698190260567,-1.44376788898137,7.77089908175969
0,4.29335882609757,792.580657957667,812.070650506512,3.16516912439381,-1.44376788898137,7.77065834912301
0,4.29645469222176,792.571810978745,812.440944545319,3.13335634618195,-1.44376788898137,7.77041761648633
0,4.29783548688772,792.567864614835,812.558852268245,3.11552817380366,-1.44376788898137,7.77017688888409
0,4.29231903140986,792.583626332148,811.661775137254,3.15393982987871,-1.44376788898137,7.76993618152808
0,4.286802575932,792.599388049461,810.764698006264,3.19235148595375,-1.44376788898137,7.76969547417207
0,4.28128612045414,792.615149766775,809.867620875273,3.23076314202879,-1.44376788898137,7.76945476681606
0,4.27151811334077,792.6430608853,808.38360713531,3.29009104326752,-1.44376788898137,7.76921408363843
0,4.26149517539709,792.671700504195,806.86439960026,3.35067312091139,-1.44376788898137,7.76897340191059
0,4.25147223745342,792.70034012309,805.345192065211,3.41125519855525,-1.44376788898137,7.76873272018274
0,4.24093906508103,792.730440458102,803.909971673854,3.46148683125449,-1.44376788898137,7.76849205577716
0,4.23017420408551,792.761204079022,802.512888390831,3.50701850604607,-1.44376788898137,7.76825139923732
0,4.21940934308999,792.791967699942,801.115805107808,3.55255018083764,-1.44376788898137,7.76801074269749
0.00362903891662178,4.20924318883361,792.821024195614,799.988354989149,3.57049367327047,-1.44568873462471,7.76777009709793
0.0120294481034868,4.19986419933388,792.847836205393,799.215411860875,3.55216490846362,-1.45013506043152,7.76752946588238
0.0204298572903519,4.19048520983415,792.874648215171,798.442468732601,3.53383614365677,-1.45458138623833,7.76728883466682
0.0326299120594985,4.18093575084904,792.901948555536,797.685710031765,3.50447352573409,-1.46079984246956,7.76704820578517
0.0705822311969138,4.17026817203631,792.932451868801,797.032407777415,3.40219399208214,-1.47874301131704,7.76680759256156
0.122495714421103,4.15925925948672,792.963933033272,796.399519989485,3.27234108545862,-1.50116129819637,7.76656698690388
0.18748410729636,4.14821558539726,792.995514983953,795.79588397237,3.12220044733418,-1.52660011386562,7.76632638854748
0.267031667637776,4.13751955389267,793.026103977134,795.238556637079,2.95697525683372,-1.55381505541406,7.7660857986136
0.360008414294481,4.12755728584836,793.054595367506,794.738626240106,2.78586226267925,-1.58097107074811,7.7658452167612
0.465015163694659,4.11861286109245,793.080176378355,794.302923162421,2.61647950545015,-1.60659308609767,7.76560464242113
0.58263629448335,4.11114544453134,793.101533593003,793.949123519229,2.45687133535095,-1.6289232741354,7.76536407626843
0.7111658482874,4.10533433768901,793.118153929593,793.679616634193,2.31308026239838,-1.64684951576819,7.76512351748272
0.851408274281585,4.10174053647055,793.128432698645,793.516209950035,2.19479896183278,-1.6582440546637,7.76488296693942
1.02542437481776,4.10070887619321,793.131383663374,793.455537524899,2.10314371281389,-1.66257306304062,7.7646424238619
1.29596861738848,4.10270692603026,793.125670093878,793.477513931229,2.02817460391526,-1.66088160134549,7.76440188719939
1.85529537473448,4.1103972971008,793.103678965146,793.589357701632,1.95640981044343,-1.65241401445512,7.76416135995754
2.63981757963315,4.12220431098519,793.069917035067,793.76095854074,1.88594009961248,-1.6394143990795,7.76392084052099
3.59889301711082,4.13708091118371,793.027378916083,793.97703675683,1.81751672770463,-1.62303594497533,7.76368032791695
4.75656526039196,4.15522587860814,792.975497703055,794.240317483764,1.75334698241193,-1.6030607682353,7.7634398245317
6.03690372060678,4.17517824134605,792.918451229309,794.529542604374,1.69362103501461,-1.58109754793196,7.76319932820397
7.42536577618162,4.1964968832633,792.857501859829,794.838187056431,1.63976159380664,-1.55763260570946,7.76295883956033
8.89985657388375,4.21851851847672,792.794547728847,795.156437257256,1.59387082251342,-1.53339718436628,7.76271835950816
10.4172192045644,4.24049581764525,792.731725435975,795.473463758711,1.55534307209662,-1.50921385679726,7.76247788628333
11.9584636980697,4.26186575664117,792.670646168732,795.78093121653,1.52592448049555,-1.48570331469893,7.76223742062023
13.4970554332403,4.28200023191648,792.613106751825,796.069605613768,1.50669179647401,-1.46355760707983,7.76199696252187
14.9984595822015,4.29988066203602,792.562021897458,796.325707188545,1.50049594997785,-1.44376870903073,7.76175651336439
16.4876801011521,4.3163349702339,792.515020416683,796.579445661671,1.5,-1.42363300973876,7.76151607245995
17.9998117181826,4.33237540326006,792.469205034183,796.847349479272,1.5,-1.40188613036133,7.76127563797473
19.5622269442476,4.3481108640338,792.424265618533,797.130248375079,1.5,-1.37847119321394,7.76103521172601
21.1874718595583,4.36370370360759,792.37973841318,797.419874539344,1.5,-1.35427784243773,7.76079479282692
22.9155027849799,4.37929987068189,792.335208383616,797.708585560987,1.5,-1.33010705118718,7.76055438303165
24.7500667222285,4.39505222992928,792.290238345593,797.988652501066,1.5,-1.30679614025742,7.76031398078749
26.7085553245134,4.41108594854876,792.244471261388,798.253641380517,1.5,-1.28503132101039,7.76007358609745
28.8215954873056,4.42757078054829,792.197423368743,798.494773846227,1.5,-1.26574354266011,7.75983319959198
31.0766792154871,4.4445351000612,792.149012658909,798.710708704593,1.5,-1.24908766831832,7.75959281980814
33.5015797709074,4.46212782310531,792.098814812431,798.89373634827,1.5,-1.23588040764388,7.75935244737958
36.1492077510599,4.48062290421852,792.046049345061,799.029658665,1.5,-1.22762430373414,7.75911208363368
39.2309628254362,4.50023560678092,791.990102823252,799.108765497743,1.50262849305457,-1.22914989194276,7.75887172882117
43.5056063298525,4.52090469980216,791.931151500018,799.142201211548,1.51960657384544,-1.25676327419781,7.75863138200481
48.6594821758258,4.54226564771566,791.870233300724,799.149499279846,1.54785569455624,-1.30465154597662,7.75839104056573
55.3949417604705,4.56480781499715,791.8059590034,799.119256940976,1.59744432960344,-1.39133080950031,7.7581507087057
62.9044681962911,4.58824813885734,791.739135198834,799.069255688657,1.65867186852118,-1.5035041117932,7.75791038485043
70.8036473974404,4.61231203559745,791.670542130186,799.008567421221,1.7263983438439,-1.63199766261236,7.75767006680141
78.9277169347813,4.63734941908274,791.599189087829,798.939060346171,1.80016644649092,-1.7823893416162,7.75742975846206
86.6754159193453,4.66311273332932,791.52578091021,798.874144212443,1.87261593542088,-1.94403022704309,7.7571894582789
94.2241265606922,4.68922001686793,791.451399056737,798.811827554735,1.94421956030029,-2.11080851053665,7.75694916199516
100.040961330115,4.71637836347575,791.374048112448,798.78053486216,2.00120876435628,-2.28279133247258,7.75670887951827
104.958804987569,4.74380909783955,791.295930182095,798.766533054132,2.04959187925632,-2.45191949657213,7.75646860137713
108.161540286246,4.77175949753808,791.216348984538,798.785519047897,2.08155617171057,-2.6156015028049,7.75622833150777
109.201856127313,4.8002686218267,791.135195742121,798.857315596382,2.09049096755056,-2.77048273224205,7.75598807009374
109.180468072779,4.82905206850537,791.053270657708,798.955041051249,2.08811874976605,-2.92104295958346,7.7557478128311
106.268074792155,4.85954430784288,790.966519873695,799.196598310012,2.04593191158127,-3.07632705149651,7.75550757111835
103.348433187696,4.89004083146271,790.879756990695,799.438516183651,2.00364525024176,-3.23162298707551,7.75526732944459
98.9237946411561,4.92206420301231,790.78868810533,799.791471321419,1.93971172966845,-3.39414664114675,7.75502710216062
94.2673890521193,4.9543227066204,790.696956102715,800.161526014405,1.87244462853848,-3.55778335192402,7.75478687709266
89.2746791004191,4.98773165162031,790.601987584354,800.599771125216,1.80056863483139,-3.72704047035616,7.75454666425106
84.1610932858822,5.02155409287931,790.505855784523,801.062525509491,1.72703609446945,-3.89831769824925,7.75430645580391
79.5447811318906,5.05620243496553,790.407407853808,801.559885661516,1.66103129283817,-4.07379141588838,7.75406625741575
75.2535988460056,5.09139077152224,790.307445579203,802.079871923862,1.59994831372601,-4.2520089027353,7.75382606560441
71.9581536979534,5.12713233433818,790.205938456753,802.610151239374,1.5536283694609,-4.43318235446553,7.75358588168077
69.7689587075796,5.16348852385956,790.102715029761,803.151865994275,1.52370995227239,-4.61763984220688,7.75334570652024
68.2421308667175,5.20210815566062,789.993106972274,803.751335378602,1.50726295608403,-4.81376242899399,7.7531055371711
67.9853563091633,5.24506781595042,789.87125673018,804.461546149761,1.51664668305982,-5.03225221402469,7.75286537896499
67.7463215683063,5.28905517120703,789.746505489075,805.203446607468,1.52871626390201,-5.25599515038035,7.75262522252243
67.6692891558484,5.34242757143624,789.595261945242,806.23474143123,1.56531341385755,-5.52771055232598,7.75238508218494
67.5922567433904,5.39579997166546,789.444018401409,807.266036254991,1.60191056381309,-5.79942595427161,7.75214494184744
67.5387310183515,5.45002290028364,789.290423364641,808.377841697531,1.65409485777598,-6.07557287767206,7.75190481665462
67.4892038295833,5.50439050554434,789.136428334048,809.503342163262,1.70893055725414,-6.35247361206066,7.75166469403793
67.4370829391827,5.55350556149229,788.997330990408,810.542072698731,1.76994819033216,-6.60265701489975,7.75142458204052
67.3833076572135,5.59927028092136,788.867736130547,811.525457068217,1.83490896733205,-6.83579877828957,7.7511844768166
67.3167544488161,5.63843920041684,788.75682369805,812.372284525811,1.90079166147887,-7.03534729135938,7.75094437797287
67.2281131962406,5.66620655791835,788.678205885758,812.983058417148,1.96826799030379,-7.1768261949871,7.75070429015801
67.123183837401,5.6910188173385,788.60795475162,813.511962296106,2.03596670132999,-7.30113023821829,7.75046420452739
66.9014887522401,5.69464665125045,788.597682428749,813.453958691507,2.10525961973874,-7.30231161659507,7.75022413455517
66.6797936670791,5.69827448516239,788.587410105879,813.395955086908,2.17455253814749,-7.30349299497184,7.74998406458294
66.0596295029349,5.69522534509809,788.596031932124,812.536570388658,2.26826809340678,-7.18495814257109,7.74974401006392
65.3842768982893,5.69125143621118,788.607270620454,811.566193457538,2.3653662128644,-7.04984245008065,7.74950395768519
64.4510243150487,5.68507320304499,788.624744782928,810.211050792594,2.47186733749481,-6.8496532727415,7.74926391699026
63.3987890698802,5.6778780005408,788.645095693653,808.678395700242,2.58270655703966,-6.61944231529055,7.74902388168567
62.2265686994269,5.66942410261083,788.669008355723,807.061667795812,2.69026554074464,-6.36079955833017,7.74878385475936
60.9295896724001,5.65966143286448,788.696624471131,805.357522296374,2.79441378652977,-6.07259386094412,7.74854383654466
59.5992572964965,5.64933194659797,788.725845442464,803.718299577398,2.89052824108027,-5.77819933961039,7.7483038233966
58.1896733439508,5.63765563596743,788.75887974489,802.233341209227,2.96755343943309,-5.46909942670637,7.74806382228751
56.7819586405856,5.62583924782892,788.792311101499,800.811713858865,3.03965721762627,-5.16155120322801,7.74782382296096
55.3906741059615,5.61279161822898,788.829232451467,799.946748145697,3.06850311211325,-4.86764188854954,7.74758383930235
53.9993895713374,5.59974398862905,788.866153801435,799.081782432529,3.09734900660022,-4.57373257387105,7.74734385564374
52.5084191102682,5.58013567398094,788.921662966416,798.658220469918,3.1,-4.21864337206743,7.74710388968842
51.0073601693007,5.55986340062182,788.979053267529,798.27932973647,3.1,-3.85736260357578,7.74686392552472
49.4687637363294,5.53787736052825,789.041302059945,797.914191210086,3.1,-3.48331154285135,7.74662396485979
47.735487735044,5.50700326344824,789.128748300006,797.620375342512,3.1,-3.04303029874451,7.74638402234037
46.0022117337586,5.47612916636824,789.216194540067,797.326559474939,3.1,-2.60274905463767,7.74614407982095
44.2164179731988,5.44230970343163,789.31200733994,797.03239728312,3.1,-2.18080945708723,7.74590414618943
42.3566536621176,5.40434173269671,789.419604325653,796.737747298306,3.1,-1.78470381955316,7.7456642250764
40.4968893510364,5.36637376196179,789.527201311365,796.443097313493,3.1,-1.38859818201908,7.74542430396338
38.6204673331228,5.32589243015315,789.64197646752,796.091918996615,3.1,-1.10271093263038,7.74518439718226
36.7357942549256,5.28416615545158,789.760307186132,795.712740506587,3.1,-0.87141814657881,7.74494449750017
34.8511211767284,5.24243988075,789.878637904744,795.333562016559,3.1,-0.640125360527245,7.74470459781808
32.8878789369106,5.1939330638913,790.016385662153,794.71883042669,3.1,-0.62606311190828,7.74446472235045
30.9180174721173,5.14485500593663,790.15576924901,794.084254168386,3.1,-0.630301908752428,7.74422484892282
28.9481560073239,5.09577694798195,790.295152835865,793.449677910082,3.1,-0.634540705596576,7.74398497549519
26.9701285019033,5.04620787593045,790.435938831506,792.803595937946,3.1,-0.640805398899235,7.74374510295303
24.8152802642944,4.98600678818398,790.607091434338,791.908378694878,3.1,-0.690937189058365,7.7435052495839
22.6517003755138,4.92324675252965,790.785577873678,790.922507684418,3.1,-0.750108175367397,7.74326540437915
20.5134169305251,4.85913848305488,790.967951051819,789.860762783311,3.1,-0.815472176083107,7.74302556671863
18.4309105533583,4.79461965291342,791.151544403669,788.730697650124,3.1,-0.885022333076761,7.74278573656964
16.4344372983952,4.73061109854805,791.333739490223,787.539413171171,3.1,-0.956803265552912,7.74254591393507
14.5462596885301,4.66790012601828,791.512294827018,786.296360487245,3.1,-1.0289705945442,7.74230609842624
12.8283475154476,4.60795635036169,791.683041914083,784.999958459953,3.1,-1.09905830518352,7.7420662915318
11.2962732127307,4.55153378826562,791.84382966682,783.664622062474,3.1,-1.16502493200638,7.74182649225599
10.0311677159741,4.50047153223085,791.989452889388,782.210424338841,3.10792794070472,-1.22423235503466,7.74158670326472
8.82503432034001,4.45001071797885,792.133424316147,780.47473268593,3.14266974757221,-1.28501840826129,7.74134692015882
7.64871634818013,4.39917663470321,792.278533839232,778.304223319466,3.2203934918934,-1.35029447193212,7.74110714481466
6.48330545655764,4.34770809466221,792.42551274036,775.731482672642,3.3399741014742,-1.42031079526078,7.74086737723144
5.34897480190099,4.296437240565,792.571975935719,772.879159807809,3.49142586364351,-1.49286159333276,7.74062761741237
4.26397741100543,4.24614487830909,792.715684174688,769.870168057304,3.66449904844921,-1.56579855774592,7.74038786516094
3.26058438741334,4.19800659887848,792.853275287041,766.833166332956,3.84999999686221,-1.63644436407646,7.74014812159561
2.35280929547226,4.15272635629689,792.982725693295,763.90738303201,4.03550564504806,-1.70257793429705,7.73990838581778
1.56420569020995,4.11124980458339,793.101326181185,761.224282400088,4.21048699090089,-1.76176573194362,7.73966865801674
0.935344067697732,4.07512120254112,793.204656671017,758.973743447075,4.36049527072223,-1.81027896425348,7.73942893912395
0.42326335799901,4.04300676221852,793.296519483447,757.084345920069,4.48769311311532,-1.85041675401255,7.73918922599595
0.141346645217281,4.01898830797995,793.365243251417,755.985974962916,4.56189529489148,-1.87303813637242,7.7389495229099
0.00222827079989879,4.00009887966145,793.419302904706,755.418832486882,4.59918827289725,-1.88431155556088,7.73870982550696
0,3.98752866419401,793.455289585956,755.581839779454,4.58448124493681,-1.88449315490573,7.7384701395472
0,3.97600807211585,793.488272597422,755.90137660193,4.55905508258664,-1.88449315490573,7.73823045868927
0,3.96565518458545,793.517913861531,756.400073897271,4.52160333977172,-1.88449315490573,7.73799078405992
0,3.95679365999736,793.543287450435,757.136544096772,4.47034384711589,-1.88449315490573,7.73775111915001
0,3.94895890236489,793.565723253295,758.048011373206,4.41153264923378,-1.88449315490573,7.73751146315526
0,3.94171952408305,793.586455899166,759.070535646302,4.3500000003535,-1.88449315490573,7.73727181421559
0,3.93494202561111,793.605867719701,760.191509728417,4.28848223613278,-1.88449315490573,7.73703217316777
0,3.92839506173224,793.624621019181,761.382112901789,4.23051531403106,-1.88449315490573,7.73679254008996
0,3.9218539482658,793.643358937087,762.611687469927,4.17907232813993,-1.88449315490573,7.7365529145336
0,3.91505297808287,793.662842344051,763.852547645083,4.13915139822997,-1.88449315490573,7.73631329765438
0,3.90788454838197,793.68337888669,765.080015302999,4.11044801879492,-1.88449315490573,7.73607368727129
0,3.89987563574141,793.706323578126,766.264205745241,4.10173786938834,-1.88449315490573,7.73583408637194
0,3.89092810458999,793.731959056385,767.482337664955,4.1059106234249,-1.88449315490573,7.73559449256954
0,3.88099372165029,793.760424925371,768.803109589063,4.11970736176488,-1.88449315490573,7.73535490631725
0,3.87030371746637,793.791058608279,770.232176707071,4.14260727651058,-1.88449315490573,7.73511532836357
0,3.85925925932121,793.822710154348,771.757934076486,4.17443939137883,-1.88449315490573,7.73487575960413
0,3.84822329103788,793.854338389172,773.332222842536,4.21122253332566,-1.88449315490573,7.73463619649788
0,3.83759582339005,793.884797236922,774.970133418334,4.25549198638356,-1.88449315490573,7.73439664301473
0,3.82779180424558,793.912896856903,776.641253564887,4.30519679650113,-1.88449315490573,7.7341570979499
0,3.81855675770456,793.939366115727,778.324780259015,4.35758604882152,-1.88449315490573,7.73391755748371
0,3.8114193621077,793.9598237654,780.011242002537,4.41552005212833,-1.88449315490573,7.73367802902248
0,3.80581121632703,793.975898353045,781.679868823473,4.47546394371117,-1.88449315490573,7.73343850700204
0,3.80188888558928,793.987140981845,783.323014882959,4.53761690072375,-1.8844393948167,7.73319899139394
0,3.80051648097461,793.99107461966,784.917317470026,4.60309956498668,-1.88420915720971,7.73295948426736
0,3.80303179112447,793.98386297526,786.418091823606,4.69719371860336,-1.88121002952151,7.73271998676941
0,3.80793681095047,793.969800838973,787.868026976552,4.81277469592013,-1.8758912618854,7.73248049491026
0,3.81645422177265,793.94538427636,789.256553816204,4.96075975515796,-1.86663796677474,7.73224101165073
0,3.82787576927888,793.912645301589,790.619679210885,5.12880569028085,-1.85420403871231,7.73200153588876
0,3.84317858084099,793.868787688591,791.998520574191,5.31124813174112,-1.83748301332389,7.73176207135728
0,3.85952789742119,793.821933372177,793.396919365443,5.49374319347427,-1.81959485927006,7.73152261022721
0,3.87925853429321,793.76539863159,794.885048886339,5.66977500266548,-1.79791624263732,7.73128316073398
0,3.90034775113338,793.704977902658,796.453486801201,5.83215138775221,-1.77468231432079,7.73104371699447
0,3.92323368340396,793.639417972954,798.128132178275,5.97646854057258,-1.74939149383239,7.73080428086423
0,3.94784452722963,793.568930951172,799.989633352828,6.08224117948775,-1.72206395946124,7.73056485410675
0,3.97319140741601,793.496341491783,801.930867694421,6.17156650337608,-1.69386733967545,7.73032543134872
0,4.00397847113118,793.408189788783,804.292485114913,6.15318850831813,-1.65858551398915,7.7300860257372
0,4.03492653789503,793.319577518846,806.66654383577,6.13162301735849,-1.62309400057,7.72984662063313
0,4.07334410532328,793.209606834551,809.273190554635,6.05874299843144,-1.57783449758997,7.72960722402648
0,4.12140579896721,793.072059575449,812.180139544005,5.91960904813049,-1.51996321124837,7.72936783839113
0,4.16946749261115,792.934512316348,815.087088533375,5.78047509782955,-1.46209192490676,7.72912845275577
0,4.23618045747994,792.743850031034,818.788553238908,5.59169335718437,-1.38054183221727,7.72888908564072
0,4.30492729696654,792.54739568456,822.576657902065,5.39749764880503,-1.29640962474158,7.72864972054526
0,4.38145414313216,792.328873036737,826.799108840041,5.20990489462073,-1.20268468554816,7.72841036268564
0,4.47140660355887,792.07226809496,831.771091980502,5.03370656715915,-1.09240599247434,7.72817101731256
0,4.56135906398559,791.815663153184,836.743075120962,4.85750823969757,-0.982127299400514,7.72793167193949
0,4.67065889114992,791.504366028382,843.017569064772,4.75617563421312,-0.848601948953863,7.72769234351295
0,4.78386277916922,791.182032693138,849.554893682621,4.66995001142631,-0.710385708719006,7.72745301850602
0,4.9147651125225,790.810282442524,857.538345355331,4.62174275054617,-0.548555758752841,7.72721369750217
0,5.12645890861111,790.213259367821,872.186758506304,4.71261682733355,-0.277751071685805,7.72697438889416
0,5.4437695484734,789.322273090032,895.629612036215,4.93211988094164,0.136764191205918,7.72673508771718
0,5.86051385105724,788.154716294299,927.317065323473,5.27262853271293,0.684947886224102,7.72649579397108
0,6.36711684687965,786.73757318752,966.357915520439,5.73305933336475,1.34979262330548,7.72625650947218
0,6.92438207027323,785.180147618916,1009.40456428075,6.2741394189211,2.0753089557657,7.72601723331006
0,7.49999999359298,783.572586087334,1053.64368065338,6.8649281815908,2.81478462329474,7.72577796507732
0,8.07472877309447,781.968425356658,1097.43315333959,7.48250167250959,3.5421601857629,7.72553870345392
0,8.63647457599807,780.401406052159,1139.70176651379,8.11521057496404,4.23997726508062,7.7252994482711
0,9.14181078597035,778.993236545677,1176.32904901394,8.73781521652433,4.83905389428367,7.72506020289736
0,9.56966235817782,777.802513392776,1205.45776944561,9.32398382505946,5.31132681527421,7.72482096559374
0,9.89322400616539,776.904074457066,1224.60446743212,9.8495095635211,5.61746925492663,7.72458173637264
0,10.0945698175464,776.347898377448,1232.07391049681,10.29734471581,5.72606323605016,7.72434251506268
0,10.2236292670323,775.994004888884,1231.99985174558,10.7097849966082,5.64499765665821,7.72410330136023
0,10.3397018740642,775.676243227995,1229.50632421807,11.1354836140818,5.4014878005503,7.72386409577523
0,10.4472318632375,775.382096360969,1225.37049115174,11.5694988537094,5.02528656190129,7.72362489842468
0,10.5456906804634,775.112966981389,1219.98415487371,12.0017947317351,4.54611854374139,7.72338570949014
0,10.6371942264665,774.862986872713,1213.91611897775,12.426857227526,4.00926897734054,7.72314652682465
0,10.7182411313355,774.641744381677,1207.26079438341,12.8317192116045,3.41923104734052,7.72290735329427
0,10.7897172924582,774.446751381587,1200.52154560831,13.2084390437435,2.81521850350902,7.722668187825
0,10.8525273592216,774.275490997331,1194.00977299467,13.5532269334705,2.22174273510604,7.72242902945439
0,10.9050045508907,774.132486597027,1188.11970203217,13.8524982101944,1.66759196751016,7.72218987931642
0,10.9469190205173,774.018321530719,1183.2496230545,14.0970798076871,1.18298236961889,7.72195073734054
0,10.9784829223866,773.93237706282,1179.71513908312,14.280937417307,0.792163067659621,7.72171160314111
0,10.9999380848452,773.87396111779,1177.76218704343,14.399613396689,0.514072450006757,7.72147247637838
0,11.0135405042723,773.836915423962,1177.00878507,14.4690198844016,0.318772602626485,7.72123335817479
0,11.0244312575527,773.807254885917,1176.39145026477,14.528209268533,0.128894830296145,7.72099424830428
0,11.0333944392238,773.782844534268,1175.86873717493,14.5798440230554,-0.054560682364434,7.7207551458224
0,11.0406432564861,773.763104226661,1175.43385230808,14.6241608559376,-0.227927510566741,7.72051605195757
0,11.0468812541231,773.746118120434,1175.05495170124,14.6634767780908,-0.390331603863964,7.72027696551717
0,11.0524689026696,773.730905257412,1174.71983766611,14.6983046176107,-0.536397179309486,7.72003788819344
0,11.0579756146304,773.715914485951,1174.39911891997,14.7311099136878,-0.66973052556431,7.71979881700492
0,11.0637237584342,773.700268567407,1174.08207875899,14.7623188405674,-0.785286960057184,7.71955975357582
0,11.0704824719939,773.681873952501,1173.73966384793,14.7935174196818,-0.875190198895825,7.71932069983703
0,11.0783599565671,773.660435184502,1173.36182213338,14.8259040595137,-0.945459626359481,7.71908165272887
0,11.0881918502697,773.633677695834,1172.91692029878,14.8612108008898,-0.9876029439722,7.71884261431883
0,11.101066820077,773.598642623205,1172.39663322132,14.9003770085927,-0.992693547752936,7.71860358409954
0,11.1199551593169,773.547267271223,1171.85088507801,14.9416666666314,-0.927088515161522,7.71836456088703
0,11.1488354041327,773.468750435313,1171.32295344967,14.9833333332411,-0.74232552073722,7.71812554612969
0,11.1854923012189,773.369111513497,1170.80166752288,15.0249999998314,-0.462166734371263,7.71788653932411
0,11.227703629881,773.254387774582,1170.26752834181,15.0666666664071,-0.11046410808982,7.71764754047365
0,11.2732471690968,773.130616488264,1169.70104889847,15.1083333329731,0.288930402049762,7.71740854958167
0,11.3199001546148,773.003836402666,1169.08272085566,15.1499999995343,0.712164841764559,7.71716956665542
0,11.3655890262341,772.879680666982,1168.3972011665,15.1916666660953,1.13643769131279,7.71693059133398
0,11.4081218325497,772.764104576334,1167.62229160282,15.2333333326608,1.53880812413037,7.71669162401212
0,11.4445837578698,772.665027476007,1166.72727984709,15.2749999992368,1.88900785190439,7.71645266537372
0,11.4731011188968,772.587539237674,1165.7016427233,15.3166666658278,2.16580283655201,7.71621371467166
0,11.4914865631535,772.537582400008,1164.52637675819,15.3583333324385,2.34571289607864,7.71597477190761
0,11.4987484731708,772.517850547319,1163.09348918318,15.3999999990729,2.4171626465619,7.71573583718738
0,11.5,772.514449948128,1161.00066656289,15.441666665729,2.42950659509449,7.71549691035342
0,11.5,772.514449948128,1158.03972616699,15.4833333324023,2.42950659509449,7.71525799140194
0,11.5,772.514449948128,1154.32516336917,15.52499999909,2.42950659509449,7.71501908033346
0,11.5,772.514449948128,1150.07273949763,15.5666666657897,2.42950659509449,7.71478017715122
0,11.5,772.514449948128,1145.49821588549,15.6083333324989,2.42950659509449,7.71454128185849
0,11.5,772.514449948128,1140.81998440078,15.6499999992155,2.42950659509449,7.71430239463515
0,11.5,772.514449948128,1136.21875086604,15.6916666659365,2.42950659509449,7.71406351425101
0,11.5,772.514449948128,1131.95380747804,15.7333333326607,2.42950659509449,7.71382464274189
0,11.5,772.514449948128,1128.38220928181,15.7749999993845,2.42950659509449,7.7135857805405
0,11.5,772.514449948128,1125.56407140878,15.8166666661057,2.42950659509449,7.71334692558125
0,11.5,772.514449948128,1123.64637033144,15.8583333328225,2.42950659509449,7.71310807776151
0,11.5003750173334,772.51343270644,1122.70694402801,15.9003801545932,2.42950659509449,7.71286923718256
0,11.5038452544667,772.50401962186,1122.66453763168,15.9455646005731,2.42950659509449,7.71263040601685
0,11.5123516046029,772.48094622786,1122.69793386951,15.9953748141528,2.42950659509449,7.71239158251529
0,11.5255311517476,772.445197325111,1122.76418476112,16.0486864769798,2.42950659509449,7.71215276711678
0,11.5423971693753,772.39944983219,1122.85057515442,16.1037037032919,2.42950659509449,7.71191395969123
0,11.5631912223526,772.343050824437,1122.96303330901,16.1560932542082,2.42950659509449,7.71167516757924
0,11.5847414587266,772.28460137783,1123.08066692364,16.2078253592287,2.42950659509449,7.71143637864779
0,11.6062916951006,772.226151931223,1123.19830053827,16.2595574642493,2.42950659509449,7.71119758971633
0,11.6270909238514,772.169744754982,1123.3227689605,16.3003902992936,2.42950659509449,7.710958815346
0,11.6473097214721,772.114915987881,1123.45251979928,16.33279941746,2.42950659509449,7.71072005222953
0,11.6675285190928,772.060087220781,1123.58227063805,16.3652085356263,2.42950659509449,7.71048128911305
0,11.6853301366446,772.011819167188,1123.79455823702,16.3750060992102,2.43010951902838,7.71024253411161
0,11.6978544300806,771.977874834056,1124.1870447548,16.335436839104,2.43202878056452,7.71000379682738
0,11.7103787235167,771.943930500923,1124.57953127258,16.2958675789977,2.43394804210066,7.70976505954315
0,11.7228244081357,771.910199940856,1125.0406664326,16.2464067176148,2.43640996594211,7.70952632379384
0,11.7341248410369,771.879583840205,1126.50194354156,16.0528351344972,2.44677793596236,7.70928761040673
0,11.745425273938,771.848967739553,1127.96322065053,15.8592635513795,2.45714590598261,7.70904889701961
0,11.7560437565529,771.820200874811,1129.70200070342,15.6429328490146,2.47079473767947,7.70881019279166
0,11.7658208047649,771.79371571703,1131.78318185016,15.3985204722182,2.48849170886957,7.70857149986489
0,11.7755978529768,771.767230559248,1133.86436299691,15.1541080954219,2.50618868005967,7.70833280693812
0,11.7827586966438,771.747833914968,1136.13562505304,14.9446670259246,2.52957236098832,7.70809413157898
0,11.789387784115,771.729878045256,1138.44552197107,14.7423340433574,2.55411189310724,7.70785545979054
0,11.795117089026,771.714359455141,1140.72317321348,14.5656913939693,2.5798622636871,7.70761679208428
0,11.797551456893,771.707766002264,1142.88274318183,14.4831248405252,2.610046634964,7.70737813932662
0,11.79998582476,771.701172549387,1145.04231315019,14.4005582870812,2.64023100624089,7.70713948656897
0,11.8,771.701134155938,1147.33607307831,14.4287640929244,2.76830587390998,7.70690085206722
0,11.8,771.701134155938,1149.63061896656,14.4576187003381,2.89695409316422,7.70666221767239
0,11.8,771.701134155938,1152.21877051692,14.5202886899038,3.12703470336694,7.70642359687695
0,11.8,771.701134155938,1154.89272519699,14.5928408649838,3.38675785021162,7.7061849800558
0,11.8,771.701134155938,1157.59356551566,14.6803682213271,3.67650116932926,7.70594637297216
0,11.8,771.701134155938,1160.31609197526,14.7799746618291,3.99045896578558,7.70570777374286
0,11.8,771.701134155938,1162.94470733888,14.883042084639,4.2968908686672,7.70546918037051
0,11.8,771.701134155938,1165.38487541816,14.9930545091057,4.58822089043691,7.70523059875104
0,11.8,771.701134155938,1167.75419728481,15.1023122235601,4.86799928951806,7.70499201914389
0,11.8,771.701134155938,1169.55992315645,15.2055660667479,5.05588218646937,7.70475345554508
0,11.8,771.701134155938,1171.36564902809,15.3088199099357,5.24376508342067,7.70451489194628
0,11.802029547343,771.6956396673,1172.44578860843,15.402610820888,5.30266868711121,7.70427634580192
0,11.8043080470611,771.689471202762,1173.43692487916,15.4952409708149,5.34575117605953,7.70403780179859
0,11.8083903745256,771.678419328584,1174.35955525182,15.5919099846628,5.38173448275282,7.70379926324231
0,11.8176158127464,771.653443776442,1175.08686019944,15.7000946903589,5.39747645504547,7.70356074021676
0,11.8268412509672,771.6284682243,1175.81416514705,15.8082793960549,5.41321842733813,7.70332221719121
0,11.8379475527018,771.598400707567,1176.46061448064,15.9146092353065,5.42564147639831,7.70308370715366
0,11.8501652452836,771.565324379827,1177.05928672209,16.0198430452216,5.43610339384216,7.70284520479066
0,11.8623829378654,771.532248052088,1177.65795896354,16.1250768551367,5.44656531128601,7.70260670242765
0,11.8727134737858,771.504280726053,1178.19622229355,16.2020428558395,5.4599814272949,7.70236822181267
0,11.8830392740936,771.476326220498,1178.73433403401,16.2789379215747,5.47340495654115,7.70212974125227
0,11.8900167365963,771.457436063546,1179.26604709212,16.3091390516312,5.50460095588741,7.7018912714425
0,11.8912044685324,771.45421939572,1179.78669595991,16.2586000286866,5.56652796846323,7.70165282022202
0,11.8923922004685,771.451002727894,1180.3073448277,16.2080610057419,5.62845498103905,7.70141436900155
0,11.8935799324046,771.447786060068,1180.82799369548,16.1575219827973,5.69038199361487,7.70117591778107
0,11.8947676643408,771.444569392242,1181.34864256327,16.1069829598526,5.75230900619069,7.7009374665606
0,11.8915863990151,771.453178715269,1181.79936565362,15.8807411820724,5.89492466265577,7.70069903473105
0,11.8854992752346,771.46965360869,1182.2035804952,15.5376379587208,6.09120704492096,7.70046061579857
0,11.879412151454,771.48612850211,1182.60779533678,15.1945347353693,6.28748942718614,7.7002221968661
0,11.8720589571485,771.506031948085,1183.02795659183,14.8201741583712,6.48499912883825,7.69998378584863
0,11.8617714099203,771.53388169959,1183.48507661346,14.3733688753049,6.68535337047424,7.69974539317565
0,11.851483862692,771.561731451095,1183.94219663509,13.9265635922385,6.88570761211022,7.69950700050268
0,11.8411891016592,771.589600750769,1184.39975393134,13.4798526199788,7.08584305575986,7.69926860788278
0,11.8277216857952,771.626067399621,1185.04962603867,13.0746198491591,7.18975042888438,7.6990302386031
0,11.8142542699312,771.662534048473,1185.699498146,12.6693870783393,7.29365780200889,7.69879186932342
0.00662516920550396,11.7881211806295,771.733413404259,1186.79678603187,12.2983543795738,7.32259304485059,7.69855351189517
0.0169955132179006,11.7548282498809,771.823746090074,1188.14699580548,11.9466548094091,7.30914691978384,7.69831516116648
0.036431463840116,11.7083533966559,771.949905910865,1189.86559115355,11.5836748329955,7.27704405426488,7.69807681562016
0.0797142880796204,11.6272037938137,772.170308201757,1192.55321644243,11.1910220024925,7.19586505398485,7.69783848370593
0.122997112319125,11.5460541909715,772.390710492649,1195.24084173131,10.7983691719895,7.11468605370483,7.69760015179171
0.196891781139339,11.4407408040117,772.676838714681,1198.42884308405,10.4152750040422,7.00385069868872,7.6973618376314
0.273738954520566,11.3330968262692,772.969306185921,1201.66510557986,10.0331027666477,6.89015499586213,7.69712352518346
0.367582369150976,11.2263271134867,773.259461639305,1204.66717540592,9.69515413938947,6.77761271266377,7.69688522348695
0.475409353318125,11.1202766976759,773.547714891962,1207.47656442484,9.39359025852549,6.66601939949589,7.69664693063612
0.583236337485275,11.0142262818651,773.83596814462,1210.28595344376,9.09202637766152,6.55442608632802,7.69640863778529
0.719182728918193,10.938808617104,774.041143743855,1211.66930388649,8.94310997078393,6.48072586080643,7.69617036454833
0.858098026250338,10.8666252223417,774.237547830483,1212.90209019032,8.81031040384315,6.41102646682406,7.69593209338224
1.05866707215528,10.802960584221,774.410840636601,1213.74319066929,8.72170494815155,6.35242663196585,7.69569382711273
1.4343673253191,10.763493990332,774.51848445055,1213.4716838379,8.75863554235097,6.32535576711278,7.69545557475226
1.87892107561621,10.7246218509385,774.624517889431,1213.13738296652,8.80945749945296,6.29945491948263,7.69521732485167
2.67963101449119,10.6888246264904,774.722221394896,1212.47826945849,8.93213484620857,6.27960618092511,7.69497908767524
3.63898569118827,10.6546795408102,774.815432457414,1211.69751246865,9.08312517603412,6.26159666673214,7.69474085734022
4.71527163088271,10.6217521864926,774.905332303721,1210.8270964951,9.25498397534087,6.24494277788692,7.69450263204776
6.03132380741363,10.5935010024245,774.982489018308,1209.77273627498,9.46558164038251,6.23068136833682,7.69426442054288
7.40561284718878,10.5674079239413,775.05375765961,1208.67361795111,9.68368787986979,6.21681941964166,7.69402621400433
8.86234003361076,10.544436805733,775.116508251445,1207.51113632474,9.91229840174754,6.20351102613876,7.69378801460197
10.3864317196614,10.5270818386257,775.16392480188,1206.29657431773,10.1437938952806,6.19011036142085,7.69354982588036
11.9266853379128,10.5128649508285,775.202770449382,1205.06932285336,10.3726522740324,6.17636938524281,7.69331164255436
13.4704294309435,10.5049202937839,775.224481185825,1203.83872333294,10.5905396145977,6.1615608544508,7.69307346924505
15.0357609548116,10.5011268221139,775.234847987926,1202.5941646497,10.8039387318952,6.14603295036454,7.69283530345095
16.6150508892087,10.5000175026285,775.237879813775,1201.34057998618,11.0144357686537,6.13003990024767,7.69259714251619
18.4955416273695,10.5,775.237927649338,1199.84818586789,11.2707322449551,6.1157795737635,7.69235899549952
20.4616190401126,10.5,775.237927649338,1198.26524224798,11.5370857759545,6.1018827851791,7.69212085319614
22.5705634350195,10.5,775.237927649338,1196.5288826654,11.8199320994002,6.08857998169597,7.6918827188362
24.7955952435638,10.5,775.237927649338,1194.57901267547,12.1021711123953,6.0749899011662,7.69164459582041
27.0618307596464,10.5,775.237927649338,1192.55335996194,12.3841945684975,6.06129785541004,7.69140647683107
29.3405939443378,10.5,775.237927649338,1190.34245084015,12.640577041202,6.04616916496101,7.69116836799296
31.628099536642,10.5,775.237927649338,1188.00226091724,12.8790660067062,6.03003791498618,7.69093026623886
33.8521832626265,10.5,775.237927649338,1185.52819926039,13.0783890994802,6.01189279558021,7.69069217207363
35.9955220545022,10.5,775.237927649338,1182.8837001036,13.2278485411756,5.99118373783631,7.69045408757011
38.0610543744471,10.4986246349978,775.241691099432,1180.12585485526,13.3408363632175,5.96795159808127,7.69021600808679
39.9368875464298,10.493896006924,775.254630177959,1177.09166168288,13.3649031096553,5.93856795838188,7.68997794084317
41.8003054486996,10.4831621911738,775.284008801903,1173.89072428561,13.375863977791,5.90537052755051,7.68973987641578
43.5885828134233,10.4360833712069,775.412883957788,1169.68060617937,13.3075045602302,5.84909101132181,7.68950182903298
45.376860178147,10.3890045512401,775.541759113672,1165.47048807314,13.2391451426695,5.79281149509312,7.68926378165018
47.1283076630157,10.3240655709418,775.719598914673,1160.76026033908,13.1428021497815,5.72469610715181,7.68902574383543
48.8340243106897,10.236950029449,775.958237019195,1155.4290576776,13.0117125779619,5.64188438231016,7.68878771790113
50.5397409583636,10.1498344879562,776.196875123716,1150.09785501613,12.8806230061424,5.5590726574685,7.68854969196683
52.1220674248558,10.0466334910624,776.47981577212,1144.23194970873,12.7186686234627,5.4623636008539,7.68831168226787
53.6633494673915,9.93808183948368,776.777493187875,1138.18818128548,12.5464473915883,5.36103174547452,7.68807367796943
55.1906452999384,9.82943195782063,777.075470974943,1132.12854034688,12.3732072406705,5.25914016592737,7.68783567488748
56.4761758239803,9.71908407314891,777.378640973706,1125.79452746796,12.1823540782873,5.14757320711698,7.68759769283381
57.7617063480223,9.60873618847719,777.681810972469,1119.46051458905,11.9915009159041,5.03600624830659,7.68735971078014
58.9222595466062,9.49301397193516,778.000238348254,1112.72575122484,11.7754614121995,4.92032079770433,7.68712173644079
59.8596471669044,9.36769508755486,778.345910036986,1105.2753883431,11.5144479549776,4.79728116826178,7.68688377587648
60.7970347872026,9.24237620317457,778.691581725718,1097.82502546137,11.2534344977558,4.67424153881924,7.68664581531217
61.5507920515106,9.09371366593245,779.102504186402,1089.21320546316,10.9101850563516,4.53374287459898,7.68640787025013
62.2113272917838,8.93320045968515,779.546551938373,1080.01175864294,10.525187588851,4.38438093420144,7.68616993305799
62.871862532057,8.77268725343784,779.990599690345,1070.81031182272,10.1401901213504,4.2350189938039,7.68593199586585
63.5454625837042,8.61597034161129,780.424513454505,1061.87065203824,9.74353283400643,4.06736970662256,7.68569407297071
64.2287806024857,8.46207721830769,780.850889278954,1053.12571667317,9.33820265098993,3.88611778638901,7.68545616071008
64.9120986212671,8.30818409500409,781.277265103402,1044.3807813081,8.93287246797344,3.70486586615546,7.68521824844945
65.7689497586575,8.18090433763436,781.630106740085,1037.06223269804,8.57690828658921,3.50653074699071,7.68498034826182
66.8110864578948,8.08204032303017,781.904434123093,1031.26667216904,8.27365339448586,3.28995547783335,7.68474246096482
67.8532231571321,7.98317630842598,782.178761506101,1025.47111164004,7.97039850238251,3.07338020867599,7.68450457366782
69.8102653393091,7.90929410944332,782.383883131885,1021.03721598251,7.7131878519469,2.80222373647723,7.6842666961996
73.1757021051207,7.87386861934131,782.482470240773,1018.69945098048,7.52685715772716,2.44704561158844,7.68402883386169
76.5411388709324,7.8384431292393,782.581057349661,1016.36168597846,7.34052646350742,2.09186748669965,7.68379097152379
80.8286931858449,7.80796872630416,782.665877196431,1014.33804365009,7.16130132847999,1.68653326830488,7.68355311676572
87.2277317224686,7.78883142723757,782.719172475896,1013.03368604824,6.99834665282687,1.16635056864671,7.68331527936414
93.6267702590923,7.76969412817098,782.772467755361,1011.72932844638,6.83539197717375,0.646167868988535,7.68307744196255
100.031590216645,7.75085052826332,782.824957416882,1010.43845512056,6.68113964335612,0.133036147546956,7.68283960951182
106.457627059684,7.73308475705897,782.874490590049,1009.19706692029,6.55882350523748,-0.354219617232495,7.68260179522995
112.883663902724,7.71531898585462,782.924023763215,1007.95567872002,6.43650736711883,-0.841475382011946,7.68236398094807
117.844704147456,7.6920388526884,782.98895847804,1006.32742822536,6.34876983870476,-1.21195911205135,7.68212617951458
121.928347007745,7.66545612703302,783.063117290984,1004.46748301848,6.28174169743023,-1.51250719993611,7.68188838577607
125.834655472886,7.63779209907648,783.140298684194,1002.52408621031,6.21844019220642,-1.80165212393406,7.68165059283089
125.088141145006,7.58175733125975,783.296785224836,998.3911225543,6.2529165441421,-1.79160578951175,7.68141282070044
124.341626817127,7.525722563443,783.453271765478,994.258158898284,6.28739289607778,-1.78155945508944,7.68117504857
121.463889557361,7.44268694113565,783.685454342361,987.886423621295,6.39481154063155,-1.69065068257939,7.68093728558017
115.960191110931,7.32638253458321,784.010904897072,978.756212309477,6.59210517030096,-1.50010821117259,7.68069953385284
110.456492664502,7.21007812803077,784.336355451782,969.626000997659,6.78939879997038,-1.30956573976579,7.68046178212551
102.927721783106,7.05875168644897,784.760354351794,957.786351422341,7.07206192616976,-1.05654924963849,7.68022404578645
95.0628139367809,6.90148784609478,785.201064965517,945.490016926943,7.36909370260281,-0.793281404100507,7.67998631211028
86.7457559775296,6.72398982436862,785.699161775099,931.893718811356,7.70501893617684,-0.527917764602049,7.67974859272936
78.6688693144797,6.5421895387597,786.209670749755,918.143258786614,8.04432776115203,-0.278036899192018,7.67951087891997
70.8464476667439,6.35628122826148,786.732047238047,904.254634310588,8.38650221142172,-0.0441303374366257,7.67927317061984
64.5324629210167,6.16832055467566,787.26121732494,890.793595366899,8.71003997846336,0.116373555062705,7.67903547547182
59.2744197551906,5.98294888585603,787.783669468163,877.854796459163,9.01410050228882,0.229337486335748,7.67879778600918
55.0311196020844,5.79921322724953,788.302122062702,865.381940019905,9.29951402230901,0.294578663932965,7.67856010210112
52.5567082947732,5.58728941938431,788.903091942057,852.412577747177,9.55498410117231,0.202394411384008,7.67832243119173
50.2888236122964,5.35126952417595,789.573729904264,838.527034979289,9.81081343273213,0.040134794057131,7.67808476620203
48.2045035679498,5.09383258621561,790.306290131595,823.827174245419,10.0669620746534,-0.184409088011007,7.67784710647385
46.4018655856885,4.8105997462746,791.113779170373,808.278137477933,10.3231408172701,-0.499154997852142,7.67760945734546
44.7600070001442,4.52041687033084,791.941882162272,792.65886467489,10.5786632784087,-0.857139979644261,7.6773718162705
43.2379091312242,4.23460090619769,792.758141640943,777.490939270375,10.8328700906209,-1.23720830880206,7.67713418365372
41.78387145688,3.96422689438176,793.530735889052,763.258983461296,11.0852064472529,-1.61607800636069,7.67689655918349
40.3530214634139,3.71898568156955,794.23182220853,750.384199099488,11.335184016124,-1.97345866524654,7.67665894260954
38.9039116399223,3.5088223229588,794.832850649847,739.305042914592,11.5822656358976,-2.28955424647536,7.67642133395685
37.3818741772802,3.35050152272529,795.285769978201,730.788154186661,11.8254268172627,-2.53438505715669,7.67618373419828
35.7727610723326,3.23848394561913,795.606295341422,724.515719041709,12.0652581763742,-2.7106713036104,7.6759461410401
33.9764184282324,3.20556258131404,795.700511205775,722.011439215732,12.3003139290382,-2.76376973068014,7.67570855789707
32.0275640066865,3.20499105240083,795.702079201862,720.96452950403,12.5381707886286,-2.76688429536583,7.67547098203039
29.9356089724772,3.21594913146588,795.670549555642,720.339314827283,12.7824254998541,-2.75467654446276,7.67523341454264
27.7506860081522,3.23199343943854,795.624385319079,719.858397679666,13.0304233612294,-2.73680252530486,7.67499585452864
25.5029713140691,3.25210680083297,795.566513207982,719.494064560258,13.2795398620045,-2.71439541323083,7.6747583021288
23.2273836680258,3.27533763606794,795.499671199267,719.221062147314,13.5262365708655,-2.68851530704295,7.67452075841859
20.9696837265575,3.29999999972453,795.428710258355,718.993050943663,13.7668526040589,-2.66104041929908,7.67428322303003
18.7691585036685,3.32465064161189,795.357783044452,718.770369594291,13.9982356571397,-2.63357859008839,7.67404569566421
16.6676326205269,3.34788168581331,795.290940434479,718.514670733813,14.2167438012188,-2.60769825110328,7.6738081765236
14.6946853143514,3.36852908210409,795.231531746463,718.193747067425,14.4201758660817,-2.58469620218407,7.6735706650696
12.9127030283753,3.38468704377288,795.185040494481,717.756257866452,14.6026674892464,-2.56669556813288,7.67333316239077
11.3475916280766,3.39526997069129,795.154590272345,717.172009426977,14.7624378955483,-2.55490575215524,7.67309566774768
10.0069514807538,3.3992794223317,795.143055499253,716.39750137506,14.8992807172691,-2.5502602286814,7.67285818053176
8.81401841984492,3.38735595039183,795.17740079497,714.834321189424,15.0207581130832,-2.55953785918473,7.67262070283157
7.62657237493602,3.36185794843839,795.25084584578,712.475937154094,15.1410709722194,-2.58042371122022,7.67238323169154
6.45778710692152,3.32029366088774,795.370568607453,709.131401493397,15.2587307479038,-2.61733263321542,7.67214576991883
5.32234777919896,3.26958793220122,795.516622593428,705.18560970632,15.3725555250144,-2.66590250039906,7.67190831536042
4.24659338036085,3.21148281274452,795.683989960431,700.695252660635,15.4799310852908,-2.72757069264895,7.67167086935218
3.24993922642937,3.15000000103904,795.861086512462,695.86423001608,15.5790571440161,-2.8010224510354,7.67143343154634
2.34108809718887,3.08834990068753,796.038664926684,690.867113021674,15.669191907685,-2.88444754263861,7.67119600110182
1.57771959834942,3.03117356184383,796.203357011936,685.875500024252,15.7446487615538,-2.98027716414266,7.67095858054194
0.936305586504693,2.98045074997391,796.349460204719,681.047839057236,15.8079266390668,-3.08416064091082,7.6707211669523
0.450411561498242,2.93985503481961,796.466393067442,676.540824754665,15.8557613649968,-3.19666904857252,7.67048376132779
0.139155866897666,2.91263653493763,796.544793881374,672.511598830701,15.886347318014,-3.31712357706849,7.67024636367158
0.0104942140906851,2.90424982201406,796.568992036329,669.071700530541,15.8910508799918,-3.45554199915955,7.67000897398533
0,2.94526055525015,796.451386130834,666.036761110741,15.790842190279,-3.72736638315396,7.6697715937739
0,3.03828661455653,796.184589337848,663.047474847634,15.5664852237166,-4.16905757697457,7.66953422135933
0,3.17575819258502,795.790323726489,660.105188975746,15.2349361237656,-4.75648354607715,7.66929685676725
0,3.34719068540803,795.298658921597,657.253433610222,14.8214812881336,-5.45277356750033,7.66905950000065
0,3.5420994888589,794.739664548696,654.536304206928,14.351407115105,-6.2210569175197,7.66882215106255
0,3.74999999879951,794.143410233229,651.998504775599,13.8500000028953,-7.02446287250586,7.66858480995594
0,3.9603350105513,793.540173817472,649.686437695483,13.342721445141,-7.82583154962288,7.66834747670895
0,4.15236771249219,792.989428043564,647.798052895353,12.8795837522247,-8.5474572066729,7.66811015487371
0,4.32215777176884,792.502473703741,646.197259185446,12.4700900798516,-9.18239351217563,7.66787283932628
0,4.46707014013192,792.086868061284,644.891034424813,12.1205955443877,-9.72159315268947,7.66763552990482
0,4.56567492837105,791.804071590365,644.051317518301,11.8827839962816,-10.0861632299164,7.66739822915567
0,4.59561221995147,791.718212064079,643.807927623342,11.8105822930582,-10.1880894266809,7.66716093857411
0,4.6,791.705628002645,643.772255013406,11.8,-10.1209467561107,7.66692365598573
0,4.6,791.705628002645,643.772255013406,11.8,-9.93997888098581,7.66668638118494
0,4.6,791.705628002645,643.772255013406,11.8,-9.66875425310766,7.66644911453997
0,4.6,791.705628002645,643.772255013406,11.8,-9.34412370928116,7.66621185376437
0,4.6,791.705628002645,643.772255013406,11.8,-8.95221605207224,7.66597460433436
0,4.6,791.705628002645,643.772255013406,11.8,-8.54663839549742,7.66573736226521
0,4.6,791.705628002645,643.772255013406,11.8,-8.13988391250422,7.66550012663822
0,4.6,791.705628002645,643.772255013406,11.8,-7.75367881304746,7.6652629002154
0,4.6,791.705628002645,643.772255013406,11.8,-7.42597058919054,7.66502568314825
0,4.6,791.705628002645,643.772255013406,11.8,-7.15743385671928,7.66478847274302
0,4.6,791.705628002645,643.772255013406,11.8,-6.96935296613619,7.66455126999557
0,4.59924535071047,791.707779848817,643.293948227218,11.7886802606571,-6.90931907936781,7.66431407768941
0,4.59712318561415,791.713831100574,641.948926450286,11.7568477842122,-6.89411384277656,7.66407689119567
0,4.59181716730845,791.728960956706,638.586028933391,11.6772575096267,-6.91896583168977,7.66383971373122
0,4.58357532868009,791.752462163358,633.362769198918,11.5536299302014,-6.95756842791455,7.66360254539385
0,4.57380731874443,791.780315174129,627.172551059382,11.4071097811664,-7.00331920762151,7.66336538287077
0,4.56213841028831,791.813588505652,619.778360965624,11.2320761543247,-7.05797329414605,7.66312823067299
0,4.55003546991516,791.848099458322,612.109843987505,11.0505320487273,-7.11466027158216,7.66289108712562
0,4.53770525366562,791.883258477228,604.297678856773,10.8655788049843,-7.17241174922061,7.66265394810793
0,4.52654846537088,791.915071522729,597.229877011545,10.6982269805633,-7.22466720011301,7.6624168217903
0,4.51582641485879,791.945644934341,590.437673843574,10.5373962228818,-7.27488645400572,7.66217969850579
0,4.50866648727961,791.966061123646,585.902518416895,10.4299973091941,-7.30842166450924,7.66194258937098
0,4.5032583327388,791.981483000092,582.272471141963,10.3437818410271,-7.33507307208675,7.66170548398047
0,4.5026342658243,791.983265421065,581.114271882938,10.3154183076586,-7.34292483171976,7.66146838881563
0,4.50911995990905,791.964786780333,581.307513618391,10.3151999331817,-7.3377590866261,7.66123130064393
0,4.52434709893851,791.921398568016,582.800814787202,10.3405784982309,-7.31876181383754,7.6609942206971
0,4.54761175338482,791.855108258021,585.082573586324,10.379352922308,-7.28939700059947,7.66075714825734
0,4.57828167229587,791.767717386309,588.09122279558,10.4304694538265,-7.24987721516546,7.66052008501178
0,4.61391243537528,791.666191084454,591.587782259856,10.4898540589588,-7.20196230013995,7.66028303393993
0,4.65018487719869,791.562836383085,595.147452281327,10.5503081286645,-7.15296148601558,7.66004598444274
0,4.68564757248682,791.46178897362,598.629081871291,10.6094126208114,-7.10123189481057,7.65980894844228
0,4.72089500859722,791.361354923689,602.089965563144,10.668158347662,-7.04877689845096,7.65957191602973
0,4.74911551316426,791.28094341359,604.861636684794,10.7151925219404,-7.00050445516989,7.65933489549303
0,4.77424524423178,791.209338753981,607.330159848566,10.757075407053,-6.95407169456337,7.65909788017989
0,4.7879341606795,791.170332630611,608.749398419414,10.7771503905949,-6.91603792412141,7.65886087511674
0,4.79396545089312,791.153145531024,609.466324305997,10.7826287947213,-6.88362580996541,7.65862387691417
0,4.78425110094446,791.180819582726,609.672892936304,10.7289166262793,-6.8541495432116,7.65838689079298
0,4.75901439789033,791.252718615046,609.376341626092,10.6168532597629,-6.82756749095597,7.65814991658183
0,4.7337776948362,791.324617647367,609.07979031588,10.5047898932464,-6.80098543870033,7.65791294237069
0,4.70854099178206,791.396516679687,608.783239005667,10.39272652673,-6.77440338644469,7.65767596815954
0,4.66694824024066,791.515052248602,608.342945356875,10.2304357497973,-6.75023234504728,7.65743901287176
0,4.61865829349624,791.652683749483,607.843794551896,10.0475787112543,-6.72704852317094,7.65720206533239
0,4.57036834675182,791.790315250364,607.344643746917,9.86472167271127,-6.70386470129459,7.65696511779301
0,4.5154136483161,791.947034527539,606.893176259804,9.71064307485077,-6.68786075557019,7.65672819179071
0,4.45999824195055,792.10507326721,606.445004931901,9.55855381679537,-6.67235312629261,7.65649126727718
0,4.40477812065584,792.262571392366,606.018927684815,9.41652672305606,-6.65800755180042,7.65625434519442
0,4.35131797170139,792.415153974,605.737435886914,9.33987487333774,-6.65094977679658,7.65601743791296
0,4.29921194979234,792.563961413747,605.575760320316,9.32009530848957,-6.66290392596345,7.65578053827073
0,4.24402340987825,792.72170558888,605.574185325087,9.3875777355617,-6.74001834084775,7.65554364626028
0,4.18063254729596,792.903039082771,605.764579256906,9.56666899665648,-6.92946500708633,7.65530676187214
0,4.10782977629046,793.111440643185,606.21061031398,9.87535859046902,-7.25600363377776,7.65506988815677
0,4.031915435454,793.32880788158,606.793148554886,10.238990414003,-7.64066135680489,7.65483302074215
0,3.95413283610971,793.551588708632,607.550645685192,10.65724052646,-8.08309550448199,7.65459616206759
0,3.87772588213255,793.77047431089,608.457659649449,11.0999999925228,-8.55145618427398,7.654359311791
0,3.80542406338363,793.977631463179,609.491046731264,11.5415137617593,-9.01849913862574,7.65412246952812
0,3.73899286946708,794.167990433438,610.626580225041,11.9629573053705,-9.4643113678593,7.65388563453408
0,3.68371534724743,794.326407881969,611.87540004964,12.3274419811654,-9.84987125672425,7.65364880903554
0,3.63963150956626,794.45275550479,613.1961050344,12.6250003187807,-10.164634996329,7.65341199082909
0,3.61062397914551,794.535899612131,614.583215681138,12.8252980054489,-10.3765142849253,7.65317518081229
0,3.60009039045834,794.566093779206,616.024258570663,12.8988181345468,-10.4547769570579,7.65293837923054
0,3.60470772136288,794.552846547499,617.970284455511,12.7658299411579,-10.4046387128205,7.65270158690188
0,3.61492728666697,794.523526732614,620.482875796631,12.4745723299914,-10.2941510725707,7.65246480115408
0,3.63148960236937,794.476009640056,623.618953216368,12.0025463324729,-10.1150895249823,7.65222802464225
0,3.652103672223,794.41686811161,627.120182626752,11.4150453416444,-9.89222290920165,7.65199125628659
0,3.67529709711946,794.350326443323,630.81895258983,10.7540327320954,-9.64146989673305,7.65175449549657
0,3.69999999985943,794.279454100527,634.551458837715,10.0500000040061,-9.37439734033308,7.65151774468799
0,3.72446697569462,794.209258629298,638.156304476682,9.35269119270324,-9.10987548019126,7.6512810006138
0,3.7475584469239,794.143009464904,641.475103663711,8.69458426266883,-8.86022472792318,7.65104426473973
0,3.76788704072808,794.084686963949,644.341218781367,8.11521933924977,-8.64044450320841,7.65080753706916
0,3.78508539913835,794.035345072204,646.732675767279,7.62506612455691,-8.45450645394901,7.6505708160975
0,3.79530427493203,794.006027235517,648.130767551602,7.33382816443712,-8.34402626826076,7.65033410564433
0,3.79852289886353,793.996796325463,648.58731881871,7.21645912698894,-8.2993301777386,7.65009740263555
0,3.78724603763744,794.029185933345,647.267039101543,7.25356664192275,-8.31149382132429,7.6498607083477
0,3.76294070256683,794.098993331063,644.402539127709,7.35564904921933,-8.34624410762051,7.64962402039366
0,3.72012453250995,794.221965732111,639.341961651732,7.53547696345822,-8.40746005725715,7.6493873433637
0,3.67026299158894,794.365173155821,633.437703858126,7.74489543532645,-8.47874904863051,7.64915067191759
0,3.61182689489553,794.533007576992,626.491271377576,7.99032704143876,-8.56229741709488,7.64891401002194
0,3.55000000068945,794.710580713958,619.106173401204,8.24999999710433,-8.6506937411211,7.64867735655898
0,3.48843181671886,794.887410808778,611.7035161091,8.5085863697808,-8.73872017702501,7.64844071127315
0,3.43055268161101,795.053645579552,604.677001325853,8.75167873723377,-8.82147223576981,7.6482040741678
0,3.3798197717756,795.199355663529,598.422659079338,8.96475695854246,-8.8940070572935,7.64796744526747
0,3.3390744408893,795.316380403573,593.267719266215,9.13588734826495,-8.95226224733387,7.6477308242109
0,3.31333075304953,795.390318896934,589.780460324679,9.24401083719199,-8.98906900272949,7.64749421195764
0,3.30232493853482,795.421926907506,587.847273232107,9.29389703630598,-9.00191258430023,7.64725760704069
0,3.30688370943742,795.408821175013,587.111071360882,9.3,-8.97545389565804,7.64702101033957
0,3.32386108219612,795.36002519326,586.607163790228,9.3,-8.89486813663123,7.64678442312384
0,3.34763240594056,795.291702190864,586.153890128902,9.3,-8.78203382508928,7.64654784265414
0,3.37798130509203,795.204474069632,585.760097414578,9.3,-8.63797802160833,7.64631127041958
0,3.41329096567696,795.102987839808,585.438107083216,9.3,-8.47037518696135,7.64607470877841
0,3.45011087825023,794.997160877793,585.1602338916,9.3,-8.29560370469543,7.64583815398043
0,3.48634740181915,794.893010679292,584.933185250752,9.3,-8.12360136971702,7.64560160756797
0,3.52174446670221,794.791273234007,584.737661059525,9.3,-7.95558365687848,7.64536506645946
0,3.55086361511409,794.707579634606,584.612449783184,9.3,-7.81736505790335,7.64512853812889
0,3.57464267882836,794.639234386163,584.517156332048,9.3,-7.7044940073823,7.64489201580854
0,3.59294507081378,794.586630064043,584.452545934979,9.3,-7.61761883705322,7.64465549965213
0,3.59697577662355,794.575043793584,585.09613264061,9.27704129771597,-7.60160497748089,7.64441899654499
0,3.59892864095695,794.569428564743,586.25489535063,9.23630976407082,-7.5979314543574,7.64418249644918
0,3.59598562164801,794.577877743524,590.932202391973,9.0729940040567,-7.63465199187675,7.64394600966503
0,3.5922089900506,794.588720683809,596.556674422263,8.87658394216093,-7.68043028991944,7.64370952748905
0,3.58663131618382,794.604735411641,604.227522453402,8.60867273112465,-7.74577812861524,7.64347305526918
0,3.57980497612712,794.624336713317,612.625023103426,8.31531317340189,-7.82223200116912,7.64323659064369
0,3.5718309220835,794.647234621402,621.69042793877,7.99856271771821,-7.90889400660981,7.64300013299858
0,3.56189435351695,794.675771758059,630.280773629707,7.69819057669195,-8.00725871189761,7.64276368890615
0,3.55121608366249,794.706440151859,638.691578239487,7.40400836034301,-8.11004626728265,7.64252724993573
0,3.54053781380803,794.737108545659,647.102382849267,7.10982614399407,-8.21283382266768,7.64229081096531
0,3.52743479448685,794.774748431468,652.021563597331,6.93717625518505,-8.31974414806162,7.64205439164453
0,3.51421908636944,794.812712313241,656.778473193155,6.77017450936209,-8.4268460767514,7.64181797323695
0,3.49508269172153,794.867706226454,657.011728041405,6.74954414532039,-8.53699579719388,7.64158156938482
0,3.47478346003689,794.926044878692,656.356526246198,6.75766147176618,-8.64774411124742,7.64134516839141
0,3.43824047989463,795.031127905256,652.166730307159,6.85532918329319,-8.78037082908324,7.6411087798465
0,3.39525726259484,795.154743898963,646.575556810393,6.9885013671392,-8.92167178300154,7.64087239623711
0,3.34047303578011,795.312371017784,639.342043519338,7.1645643447408,-9.07410760136239,7.64063602299989
0,3.27770070480056,795.493020269571,630.996830306831,7.369660103631,-9.23408061024205,7.64039965678361
0,3.20818333901973,795.693164213713,622.396280195545,7.58638683934484,-9.39465916936536,7.6401632987588
0,3.13125825250988,795.914718164019,613.515306855368,7.81588727165971,-9.55590277281007,7.63992694973027
0,3.05071111883657,796.146805773093,605.301860474279,8.03642178519265,-9.71067233915894,7.63969060777253
0,2.96509238226973,796.393642647399,598.023087636751,8.24440218841578,-9.85637693650377,7.63945427571533
0,2.87823672900804,796.64416552434,592.067115564384,8.42857714803007,-9.99059883818477,7.6392179497165
0,2.78915007889904,796.901336755444,588.497047368161,8.569814802439,-10.1041096782952,7.63898163464501
0,2.69451985634795,797.174775391323,586.134750929177,8.69157389998113,-10.2100279879586,7.63874532398724
0,2.58675023100971,797.486771110356,586.635121075524,8.76716482581464,-10.2979504444501,7.6385090237909
0,2.45250637478753,797.876137052282,588.733724843207,8.8293259296233,-10.384449745295,7.63827273197246
0,2.2959161193399,798.330841338113,592.145254783103,8.88158681077603,-10.4694005420391,7.6380364487101
0,2.12510471426507,798.827184483591,596.45084126223,8.9275702977382,-10.5519054591822,7.63780017347822
0,1.94691358367356,799.345222942891,601.366937818635,8.96913710750371,-10.630544889719,7.63756390627995
0,1.76912440922981,799.862285895327,606.59533736897,9.00822305779989,-10.703299559086,7.63732764772134
0,1.59798124056778,800.360163316455,611.8659457972,9.04663059303876,-10.7691071984774,7.6370913974577
0,1.43840301884052,800.824473738313,616.907071000653,9.08625433027249,-10.8281941505087,7.63685515363419
0,1.30350703704741,801.217055794315,621.311705553454,9.12964469793466,-10.8755603131242,7.63661891964962
0,1.2011419209055,801.515008500682,624.725822320144,9.17921786029158,-10.9102075958217,7.63638269456861
0,1.13434937440158,801.709439249227,626.984067316673,9.23614014537375,-10.9322642293463,7.63614647726167
0,1.11033053004733,801.779375554534,627.878918090057,9.30466405558872,-10.9370774806569,7.63591026789379
0,1.13429658599121,801.709675543736,627.453153943828,9.39387320136696,-10.9136114619301,7.63567406645747
0,1.2178199314788,801.466723225048,625.73304704718,9.51896004806546,-10.8411541026829,7.63543787560143
0,1.32587777238654,801.152405080251,623.506443522275,9.65891099403725,-10.7474128169092,7.63520169016622
0,1.46623144751876,800.744144963147,620.611647638184,9.81737384991214,-10.6256545635567,7.63496551332988
0,1.62714086331665,800.276092403248,617.289210604254,9.98581672628261,-10.4860639942535,7.63472934446803
0,1.80004381964815,799.773153088455,613.713733754264,10.1566461709508,-10.3360689054711,7.63449318502798
0,1.97153311642359,799.274325820001,610.162276351492,10.320025778634,-10.1873001808591,7.63425703442571
0,2.13203953656629,798.807445491989,606.834134848899,10.4692487098999,-10.0480592144219,7.63402089180895
0,2.26781859997978,798.412491984164,604.015331705845,10.5928771662278,-9.93026948367578,7.63378475845796
0,2.39007106270216,798.056884589486,601.475632509126,10.7029427353641,-9.82421421782621,7.6335486295677
0,2.45122878833393,797.878989281759,600.203948507817,10.7570999334052,-9.77115926329854,7.63331251339998
0,2.49331527981869,797.756552840337,599.400668372272,10.7920343554687,-9.73329951285384,7.63307640096625
0,2.46434529863563,797.840689956982,600.613226371236,10.7487459831417,-9.74702365713955,7.63284030155934
0,2.42170855781235,797.964525919665,602.366338542193,10.6851735610887,-9.76808213523682,7.63260420557777
0,2.34179293288272,798.196645565683,605.607370243332,10.5644700112518,-9.80937323596083,7.63236811979433
0,2.23921690801213,798.494583679835,609.764378962669,10.4041170242364,-9.86430426740987,7.63213204287973
0,2.12251526450828,798.833550486434,614.489504751513,10.2130952967289,-9.92985811739546,7.63189597495406
0,1.99984698089897,799.189847751131,619.452548457072,10.0039430993491,-10.0017425794616,7.63165991383419
0,1.87833574943832,799.542784289619,624.363111183789,9.77829169156606,-10.0795281745759,7.63142386302953
0,1.76368475434815,799.875794866954,628.993161994625,9.54819415514281,-10.1590432692911,7.63118781910227
0,1.65965736793963,800.177948546294,633.19129007431,9.31768256004508,-10.2389318116041,7.63095178206347
0,1.57951467792234,800.410727716251,636.422638772368,9.09566590743509,-10.3163027573042,7.6307157550324
0,1.53118396609464,800.551107119292,638.370533313417,8.89244417839862,-10.3876561828635,7.63047973698209
0.0171972600104496,1.51383161395466,800.6014947339,638.986168275445,8.70158354658472,-10.4560208734336,7.63024372650156
0.0573469580580842,1.52644775779963,800.564819312601,638.282698259535,8.52049907119485,-10.5225486861571,7.63000772291229
0.188783735435787,1.57961177501445,800.410323009105,635.596709887709,8.33023180939128,-10.5963926790016,7.62977172993583
0.361969065317408,1.64922934880958,800.208023833574,632.124605039384,8.13653624682188,-10.6729462364725,7.6295357417783
0.644089488991103,1.75247182405913,799.908066646401,627.138070138421,7.9373295117295,-10.7537363387401,7.62929976604052
0.976799465480013,1.86600245742723,799.578264249111,621.799520864638,7.74024507062778,-10.8335241848406,7.62906379646886
1.36612557874348,1.99104684679406,799.215061270002,616.067022785832,7.54553574612948,-10.912190378958,7.62882783379788
1.84275896528988,2.12360790325841,798.830155245139,610.404966802648,7.36348690017335,-10.983419333818,7.62859188253401
2.35622584706446,2.25657990725229,798.444127805922,604.956406162773,7.18920501361271,-11.0499719501356,7.62835593628901
2.95728055903946,2.38338407676913,798.076232336578,600.491247231809,7.03967165586219,-11.1014214823726,7.62812000251291
3.58180893261761,2.50407214731046,797.726188004528,596.588220823848,6.90069318528602,-11.1463353877637,7.62788407241224
4.28545721475075,2.60414540283758,797.436312400063,594.579908353907,6.79729083070576,-11.1692204249221,7.62764815469993
5.23338675208121,2.69572142848828,797.171187989773,593.322739808149,6.70426455683799,-11.1820199980591,7.62741224164309
6.77937483615021,2.76649421671052,796.966660382977,593.904550038416,6.63664139360489,-11.1701279592628,7.62717633998397
8.8678284112232,2.83364380360174,796.772651994183,594.89409653327,6.57132042860058,-11.1486647349154,7.62694044341224
11.9584046160748,2.89410007615999,796.598076263469,596.636873868613,6.51025242527136,-11.109520198496,7.62670455623868
15.9385626448137,2.95045439601749,796.435433760561,598.851647298884,6.45351146186496,-11.0560474012936,7.62646867899935
20.351149743173,3.00504917934346,796.277921566469,601.262955567439,6.39940865376712,-10.9957675410148,7.6262328071338
25.5332317140607,3.05738605851047,796.127041482895,603.901443516693,6.35199204054118,-10.923963010253,7.62599694685943
31.0291110501649,3.10973512820891,795.976197755979,606.50146661233,6.30943015371112,-10.8480873603031,7.62576109347961
36.7765629625404,3.16209397110414,795.825383176336,609.070652284224,6.27076032003982,-10.7689478781608,7.62552524562717
42.8425023844996,3.21733345224969,795.666402439356,611.197421932776,6.24356042935394,-10.6876089918065,7.62528941143666
48.9215540421723,3.27477017511586,795.501140706465,613.013500475898,6.22157425206952,-10.6075800927704,7.62505358263828
54.9980191009505,3.33591793320697,795.325265061208,614.307717353272,6.20801334234533,-10.5300852194193,7.62481776240579
61.3787343557308,3.40461306224406,795.127807865901,615.0497630099,6.20907543738709,-10.4532065097857,7.62458195097958
67.9386779159755,3.47775421144199,794.917637368531,615.466534554889,6.21875168091398,-10.37669077109,7.624346144741
76.5819187233562,3.56921731699407,794.655237394213,615.783444553804,6.26862543314304,-10.2832409784,7.62411035183476
85.6908744232331,3.66459010941882,794.381708747491,616.090884608158,6.32865001319377,-10.1860889870356,7.62387456288896
95.93415246932,3.76904740141343,794.082362285252,616.405517477291,6.41614051324997,-10.080115934225,7.62363878589648
106.290865801243,3.87426077596207,793.780915112442,616.716348632337,6.51090733845066,-9.97381238685053,7.6234030138036
116.698025538149,3.97952537030207,793.479433608644,617.017031145667,6.61738197396195,-9.86839359865458,7.62316725081779
126.690017618735,4.08094295077102,793.189049774697,617.299584120337,6.72932098600844,-9.76809307423554,7.62293149614646
135.726116175203,4.17391450129449,792.922918496478,617.552600603756,6.84161174057226,-9.67808762665931,7.62269575061757
143.430624645634,4.25529946625753,792.690006641682,617.769780416964,6.94907184580097,-9.60177558558977,7.62246001347329
149.624494052164,4.32362499568516,792.494512258586,617.948829032597,7.04852192058035,-9.5406901097995,7.6222242837722
153.38085782023,4.37097886243137,792.359075845969,618.069333463112,7.1320597903653,-9.50380976707385,7.62198856363801
154.75106327516,4.39838627737859,792.28074280633,618.115123837056,7.19872647134334,-9.49165947616041,7.62175285162151
154.458551632767,4.41467802782151,792.234227022952,618.006015419439,7.25654578326584,-9.50345780025362,7.62151714665565
152.853813503603,4.42826243532923,792.195455906464,617.540443783986,7.31419752960181,-9.54879090462759,7.6212814522409
150.657527626158,4.44110462100458,792.158805532667,616.889055396252,7.37177949229769,-9.61020997447979,7.6210457638921
147.691646031021,4.45277596153004,792.125499807138,615.99374488787,7.42821989351443,-9.69177718012688,7.62081008465311
144.166695821334,4.46330697933365,792.095450613032,614.918176555624,7.48234736335109,-9.78688028028507,7.62057441375181
140.189449162635,4.47251620458575,792.06917523971,613.692573566611,7.53255941650033,-9.89141771056364,7.62033875196559
135.983788045053,4.4807652660286,792.045640721982,612.388126829532,7.57929576715444,-9.99960804388705,7.62010309651955
131.573902021145,4.48730156973701,792.026994404291,611.004223514085,7.61855049728686,-10.1078196862646,7.61986745181278
127.148411135815,4.49282151842952,792.01124824415,609.604963860137,7.65269977668913,-10.2126696862339,7.61963181318235
122.82025860623,4.49675548145522,792.000027084449,608.218389813042,7.67811477348143,-10.308384935246,7.61939618369222
118.723398531695,4.49918104449826,791.993108889735,606.885660396572,7.69434798010455,-10.3909791229234,7.61916056250587
114.992993716643,4.49908205165089,791.99339501118,605.651320235331,7.69940843321199,-10.4545374752378,7.61892495068654
111.176924714573,4.4911216810644,792.016134950893,604.433468167954,7.7,-10.51063868634,7.61868934607349
106.925107330978,4.47001240755475,792.076435581546,603.162808605082,7.7,-10.5667457040661,7.6184537497064
102.298758061277,4.43635523874521,792.172580458548,601.831026681025,7.7,-10.6228221954896,7.61821816285598
97.5246753094386,4.39540658180599,792.289554159074,600.459272641295,7.7,-10.6777459513465,7.61798258363238
92.7087837946717,4.349469418672,792.420777998024,599.056369441833,7.7,-10.730918823151,7.61774701140428
88.0291322488955,4.30000000028329,792.562092057245,597.62071098604,7.7,-10.7801592132127,7.61751144910397
83.6371014178403,4.25080311197107,792.7026276086,596.16828029895,7.7,-10.8248623988911,7.61727589498003
79.6912412311992,4.20463774702301,792.834503327555,594.707446180386,7.7,-10.8637978900536,7.6170403492255
76.1965199126256,4.16262214495845,792.954524857457,593.245409912835,7.7,-10.8974296720056,7.61680481014018
73.577238917067,4.13039900382893,793.046573299144,591.792670674378,7.7,-10.9216169318319,7.61656928111939
71.8612605051437,4.10953825835467,793.106163986025,590.357861082861,7.7,-10.9366719400848,7.61633376040263
71.0083307008631,4.1002218309785,793.132777239482,588.942433009168,7.69986135563882,-10.9432192935636,7.61609824671597
70.858751482971,4.10939924887739,793.106561079707,587.418533748219,7.68825093890327,-10.9376245863599,7.61586274303746
70.7451230753793,4.13072321059211,793.045647171949,585.740434336333,7.66159598675986,-10.9246034165247,7.61562724677877
70.6559219938196,4.16255043757774,792.954729696353,583.94441483924,7.62181195302782,-10.9051685791569,7.61539175816609
70.5899195234769,4.20425817828028,792.835587601466,582.07443941292,7.56967727714965,-10.8797003485159,7.61515627942327
70.5355659413411,4.25082444878638,792.702566657975,580.208859277214,7.51146943901703,-10.8512653266863,7.61492080847742
70.4877920329781,4.29999999945063,792.562092059624,578.400382168986,7.45000000068671,-10.821236985541,7.6146853456641
70.4412264868443,4.34944007881382,792.420861810096,576.689334625812,7.38819990148272,-10.7910471137589,7.61444989027423
70.3878630744503,4.3955157985278,792.289242171207,575.1902270439,7.33060525184025,-10.7629116396992,7.61421444494995
70.3249712529339,4.43714613276027,792.170321195203,573.878748366519,7.27856733404966,-10.7374906762033,7.61397900626613
70.2411696820182,4.46919815289401,792.078761576779,572.907481327205,7.23850230888249,-10.71791857214,7.61374357726724
70.1338189032373,4.49057258195747,792.017703504279,572.274997421693,7.21178427255317,-10.7048665851458,7.61350815614266
69.9740797633252,4.49805920789887,791.996315816077,572.060229688885,7.2017426126409,-10.6999611492463,7.61327274385166
69.7088488002031,4.4967381173709,792.000082517325,572.11240758582,7.2,-10.6991098682148,7.61303733814259
69.1494522700464,4.48729761581287,792.027025845735,572.44019554968,7.2,-10.6991098682148,7.61280194346072
68.4057577383846,4.47389416671738,792.065280068831,572.915171565276,7.2,-10.6991098682148,7.61256655635301
67.4981080436612,4.4572002745326,792.112926192731,573.519612057678,7.2,-10.6991098682148,7.61233117682717
66.4469957967739,4.4378919255917,792.168035286183,574.235673928312,7.2,-10.6991098682148,7.61209580488568
65.2723258562229,4.41664501771322,792.228678694211,575.045907766259,7.2,-10.6991098682148,7.61186044060024
63.9530806526067,4.39412821302938,792.29295005768,575.960110118776,7.2,-10.6991098682148,7.61162508885675
62.5976544989579,4.37196197967896,792.356222959724,576.896192037638,7.2,-10.6991098682148,7.61138974265093
61.1997836458469,4.35020700957269,792.41832454385,577.857941375877,7.2,-10.6991098682148,7.61115440294149
59.7838564173268,4.33130931391112,792.472277117463,578.814070879464,7.2,-10.6991098682148,7.61091907562323
58.3782152499408,4.31439251555171,792.520578895087,579.754763034044,7.19797100575786,-10.6961002143329,7.61068375393012
56.997346325144,4.30078311978892,792.559445417851,580.665834823158,7.19187826379569,-10.6870627098803,7.61044844064095
55.5667244735362,4.2904161186064,792.589057205961,581.685412929556,7.12917760871522,-10.5940573843651,7.61021313756895
54.0987064228482,4.2813231364147,792.615031964682,582.769901875756,7.03477995856472,-10.4540351761625,7.60997783960923
52.4998396236018,4.27399007386751,792.635979855053,584.04289998323,6.85464610106557,-10.1868384773159,7.60974255358217
50.8410999748677,4.26718680649184,792.655415265468,585.36081439374,6.64474288274025,-9.87548420004426,7.60950727426443
49.127944520026,4.26086504670394,792.673476049208,586.719551261475,6.40778359842628,-9.52399703706025,7.6092720010445
47.3270752800112,4.25465588933215,792.691218215647,588.044515451003,6.15000000146134,-9.14162069159085,7.60903674066264
45.499475255696,4.24821472881738,792.709624722222,589.319219319818,5.8950162174148,-8.76339737309579,7.60880148540083
43.6275249288523,4.241139887581,792.729844684026,590.473201971654,5.6532205225641,-8.40473625099258,7.60856623976191
41.7327276390808,4.23295239120336,792.753246733527,591.447001640441,5.44521918218716,-8.09620307307712,7.60833100264537
39.8256979287111,4.22408185658565,792.778602139311,592.311226797769,5.25831017905513,-7.81895664469916,7.6080957704877
37.9119855810998,4.21230580943809,792.812265024528,592.735560595057,5.16989152216494,-7.68780321488034,7.60786055252228
35.97715562858,4.19760378056149,792.854306043168,593.027855890826,5.12524720004508,-7.62154451681358,7.60762533897775
33.9901144729211,4.17659992735841,792.914394729192,593.105007290759,5.16114146652226,-7.67466318798867,7.60739013347411
31.8402958520211,4.14076815938586,793.016968288347,593.086721507433,5.30501383708429,-7.88769384906341,7.60715493810545
29.5998889702421,4.09619487096582,793.144591966941,593.039086546546,5.50631696466692,-8.18576176980328,7.60691974923371
27.2655235403682,4.04067058193181,793.303603564821,592.954969139849,5.77770958114682,-8.58761063260903,7.60668457093836
24.9073789172749,3.98025166847226,793.476649998492,592.854812355142,6.07869651240591,-9.03327955910621,7.60644939964401
22.5657965835684,3.91591242142038,793.660948908726,592.742329336113,6.39999999643741,-9.50903104176728,7.6062142384018
20.268406770523,3.85104307549923,793.84678269141,592.62879150389,6.72006022340664,-9.98294164370313,7.6059790837555
18.0699181176075,3.78779170379342,794.028006041155,592.521881173533,7.02167825383046,-10.4295450336539,7.60574393815889
16.0177619655057,3.72915676286723,794.196031637822,592.431898105721,7.2835986333008,-10.8173684313608,7.60550880142534
14.1059587554173,3.67580152448093,794.348954691971,592.360879533803,7.50268627845596,-11.1417697441242,7.60527367145755
12.4302468204478,3.6323502527626,794.473538892606,592.325038262936,7.64401212787058,-11.3510297918327,7.60503855078731
11.0166610636663,3.6009764148612,794.563557845602,592.340410222737,7.69093289261089,-11.4035456768095,7.60480343921756
9.71231106693334,3.57614483848569,794.634848420272,592.446364987915,7.67556003152898,-11.2331755544324,7.6045683354671
8.41748823989763,3.55362120869787,794.699527601625,592.666288658858,7.62469463290784,-10.8153564975687,7.60433323922012
7.136313546978,3.53295853228131,794.758872717708,593.025147559416,7.54172802232398,-10.1338513501597,7.60409815254801
5.88589508774627,3.51360646184606,794.814460874883,593.478734917235,7.44047859736006,-9.30216732932843,7.60386307314267
4.71005486858664,3.49595082830155,794.865185467602,594.049819226527,7.32267562067563,-8.33450896139493,7.60362800400417
3.60124732596683,3.47928633455353,794.913068134721,594.686100908806,7.20000000208344,-7.32682569045228,7.6033929414449
2.609354624724,3.46390557156306,794.957269410687,595.402405494416,7.07716883114414,-6.31786467989241,7.6031578881522
1.72693992364437,3.44942293931271,794.998894622043,596.170631472992,6.95989093612757,-5.35451944295148,7.60292284202799
1.01731124608994,3.43600588409102,795.037462763071,596.994163260896,6.85797606754392,-4.51736932860425,7.60268780547082
0.496136511162068,3.42342423548552,795.073633278612,597.853280071811,6.7789447222706,-3.86818927615421,7.60245277772617
0.172713515595996,3.41150092883348,795.107913510746,598.733216988526,6.72801868479935,-3.44987211905251,7.60221775814537
0.041606156765652,3.40037576868659,795.139900217457,599.660033115665,6.7068688880263,-3.3315028153529,7.60198274731679
0,3.39003994533405,795.169617855067,600.665521496227,6.7,-3.44205834564088,7.60174774298016
0,3.38105448411789,795.195453105174,601.839791438679,6.7,-3.85533863589124,7.60151274740244
0,3.37338913100025,795.217493556383,603.215704824707,6.7,-4.53764469200574,7.60127776221757
0,3.36631339531626,795.237839583556,604.700473975269,6.7,-5.34853774148153,7.60104278369437
0,3.35968723572369,795.256893988894,606.281685321602,6.7,-6.26350507738861,7.60080781169521
0,3.3532850947261,795.275307049914,607.996171630925,6.7,-7.26855473827472,7.60057285210667
0,3.34662066654724,795.29447632859,609.755339988035,6.7,-8.25816809270622,7.60033789956314
0,3.33955735969351,795.314794669302,611.545752920129,6.7,-9.20784346473666,7.60010295378833
0,3.33168059840924,795.337455175967,613.355414061629,6.7,-10.0561261691997,7.59986801703773
0,3.32229537012461,795.364457427452,615.141845115004,6.7,-10.6899658494553,7.59963309069017
0,3.31175184653616,795.394793104419,616.899151094763,6.70155006743199,-11.1613440150853,7.59939817054564
0,3.29956890424788,795.429846597803,618.609546773031,6.70607509295493,-11.4038878569807,7.59916325828125
0,3.28408880367453,795.474388034517,620.338127736766,6.76431258727581,-11.4715723611741,7.59892835601001
0,3.26528713862727,795.528491590389,622.133728813247,6.891771415934,-11.5066610202181,7.59869346205688
0,3.2431883525161,795.592092141824,623.987899772852,7.08170487212977,-11.53876510416,7.59845857610431
0,3.2178458229159,795.665041680596,625.876471308796,7.32101823181147,-11.5678415486857,7.59822369815524
0,3.18931292741988,795.747192198432,627.775279846631,7.5966167706101,-11.5938472894978,7.59798882821265
0,3.15761057130716,795.838489556226,629.659387197247,7.89531325175551,-11.6167045152573,7.59775396636603
0,3.12168813432322,795.941977111842,631.478090965353,8.20088852449975,-11.6351889848162,7.59751911556083
0,3.08324731853471,796.052746483418,633.228759254396,8.49544609122013,-11.6509495970285,7.59728427151051
0,3.04168192137485,796.172555826462,634.873477136066,8.7650944001485,-11.6632456880045,7.59704943596427
0,2.99713880031326,796.300987627847,636.387503677285,8.99548597812738,-11.6721227334972,7.59681460869256
0,2.9479289025499,796.442948780216,637.71751452126,9.16204337027959,-11.6648266798151,7.59657979133966
0,2.89437857346004,796.59749822463,638.897699623372,9.2739273975518,-11.6372475283909,7.59634498165794
0,2.83217906709706,796.777140182443,640.027438842075,9.36782238446662,-11.5381947905746,7.59611017707202
0,2.75022636412234,797.014100460864,641.068986923068,9.43327092272127,-11.2747215904152,7.59587538328803
0,2.65129789021054,797.300353239437,642.072254637752,9.49516394897639,-10.8709784314527,7.59564059786161
0,2.53797517809732,797.628453082649,643.01480728806,9.55268507030136,-10.3590558755549,7.59540582123179
0,2.41447626502312,797.986178152643,643.89164177572,9.6060180319003,-9.7793548972872,7.59517105220362
0,2.28211179460073,798.369821919094,644.650623817891,9.65277488062828,-9.16381428687146,7.59493629348667
0,2.14641868484742,798.76327547772,645.321882307911,9.69495741743467,-8.55150872717935,7.59470154129389
0,2.00839394053194,799.163675035541,645.890411402249,9.73193673194589,-7.95731825316331,7.59446679619001
0,1.87282572225759,799.557341043728,646.243464652245,9.75870741026502,-7.4684430787921,7.59423206338846
0,1.74293595808039,799.934826232412,646.439563689068,9.77840766164659,-7.09197516505984,7.593997338199
0,1.61883040863708,800.29580892457,646.487038954809,9.79145102993441,-6.82568529828875,7.59376262007639
0,1.49879248965598,800.645493154014,646.082932704934,9.79826816004936,-6.70187932726922,7.59352791062849
0,1.3824200148331,800.984996054416,645.271894988753,9.79947467028362,-6.70646917985728,7.59329320899759
0,1.25866818571886,801.346542591734,643.608041798869,9.8,-6.77082569347357,7.59305851666347
0,1.12922536281478,801.725089288667,641.286493182924,9.8,-6.88127454570404,7.59282383149906
0,0.998536351370703,802.107597504701,638.413732339977,9.8,-7.02189125057495,7.59258915627217
0,0.867027465244711,802.492712027173,635.178325769853,9.8,-7.18235556100001,7.59235448758324
0,0.743677379588488,802.854129395598,631.819799755942,9.8,-7.35079028809066,7.59211982947595
0,0.624881782520322,803.202318297648,628.392544753772,9.8,-7.52367434224601,7.59188517727564
0,0.52883335681152,803.483949273482,625.43373665739,9.8,-7.67390232239806,7.59165053805665
0,0.443472919451628,803.734307335041,622.695033073875,9.8,-7.8134851172146,7.59141590493707
0,0.361320037491077,803.975259374836,620.058570682291,9.80032282277904,-7.94808541095941,7.5911812729436
0,0.340758946229773,804.035596070027,619.385353600703,9.8068445199544,-7.98701123459781,7.59094666257398
0,0.320197854968469,804.095932765218,618.712136519114,9.81336621712975,-8.0259370582362,7.59071205220436
0,0.327801658684044,804.073643952317,619.212485513259,9.85694191630426,-8.02951450625397,7.59047745091893
0,0.374514032082678,803.936624889456,621.342398213862,9.95196921934271,-7.98400871031586,7.59024286224741
0,0.421226405481311,803.799605826596,623.472310914465,10.0469965223812,-7.93850291437775,7.59000827357589
0,0.493488859803636,803.587660125478,626.771233625704,10.1908575013125,-7.8652681108462,7.58977369641793
0,0.58370233026739,803.323090801004,630.895601590978,10.3658297668956,-7.76966256298152,7.58953913025938
0,0.681041824827808,803.037653547591,635.352184764592,10.5493220529967,-7.66171689312526,7.58930457195244
0,0.782350203336505,802.740650958001,640.004460222429,10.7276471426981,-7.53794505448323,7.58907002703791
0,0.883658581845202,802.443648368412,644.656735680266,10.9059722323995,-7.4141732158412,7.58883548212338
0,0.974369972870982,802.177848785033,648.843780718392,11.0420450907815,-7.28203253390632,7.58860095244993
0,1.06216492967201,801.920636690823,652.902788055179,11.1664895638615,-7.14758863315193,7.58836642697103
0,1.14087415961387,801.690131157443,656.553764057247,11.2627696895269,-7.01325141901072,7.5881319072238
0,1.19925793172038,801.519356103124,659.289062025152,11.2974309519421,-6.88033382570358,7.58789739876442
0,1.24182927167817,801.394970917619,661.299555896032,11.2778902729654,-6.74156483438149,7.58766289967578
0,1.27688943889335,801.292538277813,662.953559360623,11.2189541573843,-6.58662342217375,7.58742840986758
0,1.30782873426982,801.202150668837,664.412197299491,11.1352882534623,-6.42067135691381,7.58719392685499
0,1.33474628699823,801.12352805618,665.68173429937,11.0237097417091,-6.24176415659744,7.58695945278611
0,1.35950039331377,801.051248866797,666.851963730583,10.8914417538621,-6.05256938984724,7.58672498700041
0,1.38355339052968,800.981049444825,667.994054069189,10.7431150243145,-5.8545702078729,7.58649052962265
0,1.4084211218981,800.90850960745,669.181739755738,10.5837329887308,-5.64942290710075,7.58625608065778
0,1.43584675787512,800.828548318971,670.500215908038,10.4182596167699,-5.43857025805291,7.58602164059474
0,1.46926292273112,800.731166716575,672.118500336687,10.2538898128943,-5.22334441868829,7.58578721197515
0,1.50613248098568,800.62373384223,673.908247386286,10.0936124772207,-5.00761891308866,7.58555278783753
0,1.55054524530772,800.494345035551,676.072355041813,9.94268602881705,-4.79104280432693,7.58531837323789
0,1.60050826580905,800.348800861129,678.514229092324,9.79995994400526,-4.57505860942817,7.58508396396756
0,1.67898103553414,800.120522014838,682.525613111677,9.65930170603598,-4.35911792524923,7.58484956613646
0,1.79417305605678,799.785905657815,688.637427790989,9.50146689539918,-4.14011252929372,7.58461517671114
0,1.94040613651641,799.361525830802,696.535072375904,9.33205896812809,-3.91769091443797,7.58438079523675
0,2.11732988828701,798.848581613232,706.212582548839,9.15573581134527,-3.69074120331467,7.5841464229199
0,2.31662103784094,798.271282557927,717.201692879554,8.97902573062555,-3.45930904075409,7.58391205860944
0,2.53542945528345,797.63805559966,729.351768514966,8.80749885253468,-3.22256267560372,7.58367770286605
0,2.76831110141853,796.964758808867,742.356913341877,8.6459909519818,-2.98038819064945,7.5834433550988
0,3.01178661976705,796.261642663446,756.028524844508,8.5004034008519,-2.73199852422681,7.58320901573486
0,3.26149287656732,795.541568854612,770.128859839518,8.37832001580857,-2.47636007621036,7.58297468536247
0,3.51222532888765,794.819712521127,784.361835919788,8.28472201056706,-2.21327292320151,7.58274036351926
0,3.75882043548315,794.111277160099,798.440511825163,8.22815461442472,-1.941623077338,7.58250605077828
0,4.00090711256799,793.417247540173,812.329166250518,8.2076772385084,-1.66145848728722,7.58227174522783
0,4.2478798324402,792.711188487336,826.582636754825,8.24355496724107,-1.36422293852348,7.58203744766434
0,4.51985152856204,791.936235378767,842.403586187168,8.36765033291013,-1.03568224797565,7.58180316035114
0,4.80667911265944,791.120482553666,859.182116896128,8.54401488706833,-0.689370352794286,7.58156888028998
0,5.10693554817037,790.268175410274,876.865206559282,8.77115450378463,-0.327062582602226,7.58133460889645
0,5.41540856549069,789.394022651585,895.161947708287,9.03498855372547,0.0449235298581483,7.58110034617645
0,5.72707343220064,788.512037315368,913.770901019545,9.32014363081376,0.420532578980303,7.58086609105799
0,6.03722589151606,787.635768195714,932.455724351584,9.61687003967712,0.794005513712877,7.5806318453183
0,6.34075675942702,786.779480263804,950.906813708148,9.90971343364832,1.1591817202,7.58039760797365
0,6.6328844015108,785.956671572072,968.848506301082,10.1858059804224,1.51026465997053,7.58016337905907
0,6.90883283626141,785.180819334396,986.002819025207,10.4322422938635,1.84146566845966,7.57992915857795
0,7.16382608228,784.465400764344,1002.08991198044,10.6361169880503,2.14699608123397,7.57969494653369
0,7.39829797126554,783.809272911373,1017.15302756905,10.7920690327814,2.42732971772328,7.57946074288488
0,7.62541018695458,783.175549025192,1032.02363241599,10.9148692035201,2.69825453754141,7.57922654768325
0,7.85708679562791,782.530599575163,1047.42304201041,11.0241432599276,2.97415772707731,7.57899236091352
0,8.09290868682189,781.87527260015,1063.27789363772,11.126492732656,3.25465356906803,7.57875818257565
0,8.32647860653057,781.227211451403,1079.14374407035,11.22155752074,3.53217257906201,7.57852401369444
0,8.55783452681024,780.585724259991,1094.92984730336,11.3133234435589,3.80693344504731,7.57828984920155
0,8.77338244272802,779.988914580033,1109.78191938327,11.3968738250593,4.06267012522998,7.5780556965501
0,8.97201463542176,779.439358993202,1123.54215360944,11.4753925866237,4.29821351690153,7.57782155179234
0,9.14694651539903,778.955721147228,1135.72242217114,11.5488232129076,4.50555001753078,7.57758741560161
0,9.2923303397769,778.554022868528,1145.88954264463,11.6175557073826,4.67779171445516,7.57735328800081
0,9.40233221650334,778.250246467497,1153.61051238601,11.6819897822118,4.80806747332537,7.57711916899923
0,9.47484427939667,778.050087056784,1158.71469038625,11.7428093764112,4.89391819028146,7.57688505791464
0,9.49835534822102,777.985214327762,1160.35832903712,11.7999573431832,4.9217463597753,7.57665095620197
0,9.5,777.980676376206,1160.22302938628,11.856615270025,4.9236929903322,7.5764168625959
0,9.5,777.980676376206,1159.60984894009,11.914197530324,4.9236929903322,7.5761827766885
0,9.5,777.980676376206,1158.59749870724,11.9716775805587,4.9236929903322,7.57594870123268
0,9.5,777.980676376206,1157.39629266009,12.0280646201764,4.9236929903322,7.57571463263345
0,9.5,777.980676376206,1156.02503991413,12.0821589015039,4.9236929903322,7.57548057260267
0,9.5,777.980676376206,1154.56898302117,12.1327438686374,4.9236929903322,7.57524652117466
0,9.5,777.980676376206,1153.11570839463,12.1785052548597,4.9236929903322,7.57501247850227
0,9.5,777.980676376206,1151.72070012921,12.2196473279486,4.9236929903322,7.57477844278494
0,9.5,777.980676376206,1150.51626334784,12.2525379389947,4.9236929903322,7.5745444172673
0,9.5,777.980676376206,1149.55318231474,12.2776096907109,4.9236929903322,7.57431039985182
0,9.5,777.980676376206,1148.92651008599,12.2932557811574,4.9236929903322,7.57407639103466
0,9.50108216568828,777.977700924734,1148.73125942347,12.2977543293673,4.92516918666994,7.57384239110621
0,9.50814336714564,777.95828591047,1148.95234342296,12.2907308864836,4.93480146372722,7.57360839930483
0,9.52393641309805,777.914862391926,1149.54239843415,12.2723942984551,4.95634496381152,7.57337441562308
0,9.54784469117199,777.849125765855,1150.43575083513,12.2439657067084,4.9889585579373,7.57314044006112
0,9.57804210946184,777.766096934238,1151.5642728146,12.2069668545491,5.03015125030542,7.57290647262194
0,9.61292323778521,777.670190082123,1152.86810822855,12.1623678311322,5.07773305265311,7.57267251420663
0,9.64999999958495,777.568246260873,1154.25432582132,12.1124757689558,5.1283099472791,7.57243856424828
0,9.68710418121447,777.466227047865,1155.64190664391,12.0589294114866,5.17892424565274,7.57220462316112
0,9.72200656967913,777.370261740267,1156.94744482035,12.0037037046347,5.2265350492366,7.57197069066234
0,9.75263618470797,777.286044568975,1158.09339024427,11.9485732829071,5.26831730681659,7.5717367666361
0,9.77691355919125,777.219293099736,1159.00183176645,11.8952674993708,5.30143439017108,7.57150285109445
0,9.79339830487336,777.173967729191,1159.6187522906,11.8451989966176,5.32392144688342,7.5712689435211
0,9.79962646868004,777.156843390698,1159.83846640321,11.79999763843,5.33238014327181,7.57103504441784
0,9.79188699431052,777.178131021409,1159.05996141609,11.7550618184514,5.32046314796344,7.57080115405995
0,9.76972242694435,777.239094826672,1156.85047949639,11.7048901112399,5.28641069418921,7.57056727260557
0,9.73670177634158,777.329918364697,1153.5454645808,11.651396204414,5.23568022270927,7.57033339960146
0,9.69557720897642,777.443031784319,1149.40841908703,11.5962962974326,5.17249949629233,7.57009953504717
0,9.64891283416541,777.57138248434,1144.68114638752,11.5414202209748,5.10080782177154,7.5698656795017
0,9.60000000082531,777.705917585789,1139.68440422193,11.4884606506547,5.02566178280903,7.56963183207782
0,9.55126124018742,777.839973899013,1134.64947570715,11.438938898821,4.95078317619852,7.56939799279622
0,9.50513065197862,777.966856415129,1129.80860320143,11.3943762777903,4.87991157170983,7.56916416165991
0,9.46404233594792,778.079870125193,1125.39377739451,11.356294099907,4.81678653914674,7.56893033867188
0,9.43050199139675,778.172123085177,1121.64329477546,11.3262763271469,4.7652576485398,7.56869652387901
0,9.4089262626819,778.231467282871,1118.96936215843,11.3075825783406,4.73211030376471,7.56846271850774
0,9.40197003937087,778.250599275095,1117.59730002026,11.3052727521828,4.72162683899032,7.56822892269302
0,9.40292006128911,778.247978858531,1116.78531575071,11.3292006128911,4.72439143646027,7.5679951349557
0,9.40822461144254,778.233373169215,1116.16474132952,11.3822461144254,4.73528148338663,7.56776135524725
0,9.41616645021409,778.211505899354,1115.597209312,11.4616645021409,4.7515857871263,7.56752758356743
0,9.42616400778073,778.18397835875,1115.08325820358,11.5616400778073,4.77211040616102,7.5672938199191
0,9.43763584696067,778.152391491984,1114.62405396689,11.6763584696067,4.79566167128018,7.56706006439521
0,9.45000722249604,778.118327817921,1114.25006173055,11.8000722249604,4.8210596515475,7.56682632133183
0,9.46210560376898,778.085015813512,1113.91462785258,11.9210560376898,4.84589718460583,7.56659258381557
0,9.4738556968508,778.052662795061,1113.62838702639,12.038556968508,4.87001969478087,7.56635885337635
0,9.48355068249184,778.025968364035,1113.42628233274,12.1355068249184,4.88992314474884,7.56612513484364
0,9.49163977374785,778.003695645271,1113.26719317787,12.2163977374784,4.90652975243876,7.56589142232294
0,9.49618154571752,777.991190209671,1113.18837323895,12.2618154571752,4.91585384372793,7.56565772094626
0,9.49911804238901,777.983104381595,1113.16746725808,12.2911654914516,4.91221046432667,7.56542402429918
0,9.49794687990064,777.986327667508,1113.29475442542,12.2794007242547,4.8753852688081,7.56519033975443
0,9.49571097648556,777.992481944647,1113.49943093225,12.2583245998599,4.81449157221669,7.56495666029928
0,9.49102310971331,778.005385922962,1113.88232527587,12.2158056004124,4.69817116926676,7.56472299256481
0,9.48537899580362,778.020922758397,1114.31137063382,12.1679966215571,4.56151095192326,7.56448933052993
0,9.47774469392761,778.041939223888,1114.83646772333,12.1091778807401,4.38251852540678,7.56425568035731
0,9.46994627650172,778.063407659427,1115.36430296889,12.0500000006901,4.20058475574813,7.56402203133159
0,9.46023622495536,778.09014101236,1115.90825380996,11.9883097799392,3.98606306657776,7.56378839617872
0,9.44957823113023,778.119486048647,1116.41596818958,11.9300579528295,3.76007200620133,7.5635547693452
0,9.43806030519452,778.151201103521,1116.85144534866,11.879095426125,3.52785202710333,7.56332115134068
0,9.42584698260645,778.184833679722,1117.18147542037,11.8390106268499,3.29558459277163,7.56308754200785
0,9.41308686407428,778.219975163663,1117.37313316488,11.8133559840006,3.06916444887833,7.56285394130038
0.00140081014344425,9.39936074734138,778.257782219374,1117.25015030645,11.8018736725179,2.84569426871252,7.56262034849932
0.0110042361216414,9.38201033744189,778.305586042093,1116.02587168162,11.8,2.59816150182152,7.56238676483115
0.0331309206462591,9.35976503620378,778.366891432106,1113.37110824692,11.8,2.31165567556307,7.56215318931802
0.0693672475212025,9.33261538443047,778.441726712657,1109.31677689983,11.8,1.98952481041239,7.56191962218156
0.122468837639425,9.30074953958659,778.529578316435,1103.97173820323,11.8,1.64441757973488,7.56168606526472
0.188266486637954,9.2657672945856,778.626033534902,1097.79976993158,11.8,1.28943769484167,7.56145251611948
0.263396247653442,9.22943604272324,778.726219444152,1091.33375537623,11.8,0.943311830817881,7.56121897285675
0.3574721923001,9.19036601836557,778.833979453722,1084.27076396539,11.8,0.615161523127028,7.56098544153676
0.457928308533136,9.15119125063869,778.94203858838,1077.27878309099,11.8,0.307051679634596,7.56075191438616
0.579304162683226,9.11167304327185,779.0510785146,1070.51963636399,11.8,0.0646518649542598,7.56051840090642
0.704296691075328,9.07259334785124,779.158916851413,1063.96613895925,11.8,-0.157869565370029,7.56028488988006
0.851994068739393,9.03626655384689,779.259211819767,1058.70367208495,11.8,-0.255597970286791,7.56005139425558
1.01840139546411,8.99995996406449,779.359454104108,1053.48862890356,11.8,-0.348289858838405,7.55981789917972
1.69632381500044,8.963752598164,779.459500243069,1049.37865580828,11.8,-0.318619777102329,7.55958441769184
3.16231179750619,8.92371237167132,779.570186206606,1045.25759264711,11.8,-0.237937357141586,7.55935094466037
5.29354324044747,8.88102062380649,779.688238675248,1041.15576791521,11.8,-0.113927847325829,7.55911748008806
7.94736377689436,8.83703703736645,779.80989124692,1037.12967097948,11.8,0.0463713809077799,7.55888402397828
10.9811190380226,8.7931212951474,779.931377519551,1033.23568554469,11.8,0.235922955974999,7.5586505763344
14.2550662800721,8.75071531715355,780.048703934109,1029.53735096561,11.8,0.448146477204544,7.55841713741237
17.6203151984296,8.71071227222077,780.159393275646,1026.05313119705,11.8,0.674198617981598,7.55818370600748
20.9668749788932,8.67445880147785,780.259717017464,1022.84908670428,11.8,0.909503105440671,7.55795028280755
24.1093709023482,8.64437621800531,780.342971816349,1020.04805724664,11.8,1.1467794970654,7.55771686932039
26.8635343188616,8.62201979291097,780.40484830001,1017.70702673255,11.8,1.37636477001455,7.5574834650885
29.072546941218,8.6087532049947,780.441568228978,1015.87754560091,11.8,1.59014961796642,7.55725006981461
30.8732245606709,8.60362210249897,780.455774779052,1014.38432254548,11.8,1.79655571438289,7.55701668108538
32.1960705906493,8.60922109335,780.440289538225,1013.25166053525,11.8,1.9983459172359,7.55678330007748
33.1828770432003,8.63321831625587,780.373910107027,1012.29994438625,11.8,2.22893714021686,7.55654993100859
34.0484908491289,8.6651975427148,780.285451158059,1011.4246290422,11.8,2.47095274150932,7.55631656855868
34.8137418725402,8.70425971320527,780.177399809462,1010.62261054191,11.8,2.7218456635645,7.55608321287968
35.4699707964278,8.75192500108407,780.045551052162,1009.96604151553,11.8,2.9740455498194,7.55584987066885
36.1314508755943,8.79978889435244,779.913152924976,1009.34691234173,11.8,3.22056126218751,7.55561653193141
36.8116695321269,8.84836150451457,779.778794389159,1008.861386068,11.8,3.44679318432599,7.55538320558866
37.5557047257553,8.89390119616265,779.652825324063,1008.43602573892,11.8,3.65389244702692,7.55514988483141
38.4173569386752,8.93385106969133,779.542318466486,1008.12155420754,11.8,3.82572927656286,7.55491657436853
39.4432217675924,8.96500449287826,779.456143803211,1007.89002735563,11.8,3.95743225718072,7.5546832716064
40.6437513588136,8.98680157094681,779.395850080379,1007.74672461874,11.8,4.04644686614672,7.55444997703519
42.5965700827996,8.99409513213194,779.375670113322,1007.79872404029,11.8172223333379,4.0705500344322,7.55421669274047
45.0155365152455,8.9924017481847,779.38034619498,1007.97174030186,11.8451162965987,4.05443154058244,7.55398341481346
48.7898302545149,8.98313601474312,779.405956424532,1008.43243623638,11.9153236068997,3.9918475250703,7.55375014572646
53.5403507742786,8.96852349278922,779.446348002777,1009.09872047455,12.0159803834708,3.89578750515557,7.55351688316024
59.9054774803706,8.94713370490702,779.505473134881,1010.07381765512,12.1664533331678,3.74421806551229,7.55328363432813
66.7050122548282,8.92430224522825,779.568583301147,1011.11450179678,12.3294186273775,3.57420925712669,7.55305039148122
73.9563446235509,8.89997140306366,779.63583802406,1012.22339837138,12.5053763395662,3.38502294481282,7.5528171548591
81.5850795773537,8.87574961611483,779.702791299194,1013.32700692732,12.6889391470275,3.16731728713789,7.55258393160455
89.0882130974352,8.85339301037524,779.764588885735,1014.34551257912,12.8654350096649,2.94164644054098,7.55235071530801
96.3424576049597,8.83407833311582,779.81797804746,1015.22525943514,13.0294874500035,2.7061966964658,7.55211750887556
103.569920969096,8.81496983057772,779.870797306028,1016.09561392607,13.1924899332141,2.47080689389915,7.55188430277777
109.316788650715,8.80725969881806,779.892109464958,1016.44671145348,13.2974455299252,2.23873095801212,7.55165111518186
114.928410949351,8.80239031021179,779.905575036516,1016.72682352783,13.397523098733,2.00061924506706,7.55141792951905
119.541826803797,8.81848761236749,779.861127251574,1016.48301282476,13.4615973764814,1.71795923463385,7.55118475812394
124.106680161083,8.84056902059874,779.800155754481,1016.13564599679,13.524611613159,1.41526149334266,7.55095159030314
128.500233495268,8.88375884723814,779.680898286968,1015.42299386379,13.5838866463249,1.04188238351281,7.55071843509038
132.807514626822,8.93182813546042,779.548167456015,1014.60200170968,13.6410940006536,0.656984023528504,7.55048528509897
136.933500519315,8.99015128445339,779.387123256779,1013.55334027825,13.6939562667885,0.247878733074504,7.55025214607987
140.895059061385,9.04942872545222,779.223444028492,1012.41341001933,13.7423969956493,-0.149424580137038,7.55001901458283
144.633232325491,9.11000263437102,779.056184941408,1011.14948510655,13.7848307777917,-0.530694137649921,7.54978589330501
148.316456005278,9.16905725848133,778.893120963978,1009.88054793177,13.8256810529473,-0.900584340300024,7.54955277400587
151.488315010422,9.21397331191033,778.76909697038,1008.56496629624,13.8517951013381,-1.16457747076426,7.54931967312051
154.660174015566,9.25888936533933,778.645072976782,1007.24938466072,13.8779091497289,-1.4285706012285,7.54908657223514
157.345143651039,9.27867880749148,778.590427453385,1006.04530828926,13.8864908145635,-1.54545430896942,7.54885348668826
159.884739409387,9.29096602608345,778.556496732632,1004.87452480436,13.8898377161611,-1.61841455385579,7.54862040572109
162.336690052394,9.2926385538162,778.55186176992,1003.77086647739,13.87164629786,-1.64767973581041,7.54838733340938
164.678493737054,9.28097119480935,778.584043903383,1002.75156689583,13.8263868516887,-1.62203166609145,7.54815427197531
166.995234942225,9.26800460468871,778.619809712386,1001.73581832539,13.7753058402114,-1.59352752841675,7.54792121343721
169.121282309889,9.24515250555469,778.682842769292,1000.74708846776,13.6799300641651,-1.54329231824881,7.54768817693375
171.247329677553,9.22230040642066,778.745875826197,999.758358610129,13.5845542881188,-1.49305710808086,7.54745514043029
173.373377045217,9.19944830728664,778.808908883103,998.769628752499,13.4891785120725,-1.44282189791291,7.54722210392683
175.004262847073,9.17759993672096,778.869173350586,997.678693340629,13.3843652025229,-1.39479315968818,7.54698908812161
176.434978730148,9.15615732516382,778.928318611009,996.546441156814,13.2757367537433,-1.34765639156,7.54675608068369
177.865694613223,9.13471471360667,778.987463871432,995.414188972999,13.1671083049638,-1.30051962343182,7.54652307324577
178.942210610224,9.11807915354615,779.03334981818,994.149612312965,13.068565321703,-1.26417275294662,7.54629007475714
179.223244220509,9.11223954500326,779.04945723901,992.587853766934,12.9926728544291,-1.25205845245067,7.54605709636733
179.504277830794,9.10639993646037,779.06556465984,991.026095220902,12.9167803871551,-1.23994415195472,7.54582411797752
179.785311441078,9.10056032791748,779.081672080669,989.464336674871,12.8408879198811,-1.22782985145878,7.54559113958771
179.138622124919,9.1,779.083217635907,986.674039124357,12.7844382217367,-1.23576522836959,7.54535818790986
178.393466920648,9.1,779.083217635907,983.753347917817,12.7300521241298,-1.24582862134635,7.54512523906715
177.648311716377,9.1,779.083217635907,980.832656711278,12.6756660265229,-1.25589201432312,7.54489229022443
176.571704674407,9.1,779.083217635907,977.632078686291,12.624509775592,-1.27091485379589,7.54465935585541
175.163657718829,9.1,779.083217635907,974.151623911876,12.5765832551422,-1.29089696134694,7.54442643595955
173.755610763251,9.1,779.083217635907,970.671169137461,12.5286567346923,-1.31087906889799,7.54419351606369
172.32842635128,9.1,779.083217635907,967.226084000465,12.4808575914601,-1.33122282133368,7.54396059758321
170.512607710967,9.1,779.083217635907,964.499268390171,12.4356451632874,-1.35891068355057,7.54372770784572
168.696789070653,9.1,779.083217635907,961.772452779877,12.3904327351147,-1.38659854576746,7.54349481810822
166.88097043034,9.1,779.083217635907,959.045637169583,12.345220306942,-1.41428640798435,7.54326192837072
164.58482014511,9.09004716543,779.110729029845,956.950307122071,12.3019259931839,-1.4706150149588,7.54302905601405
161.960164373595,9.07328744900046,779.157055848374,955.286858825594,12.2599435045268,-1.54653142524322,7.54279619554437
159.33550860208,9.05652773257093,779.203382666904,953.623410529117,12.2179610158696,-1.62244783552765,7.54256333507468
156.50690507861,9.03583784335993,779.260573177669,951.976267464296,12.1766521283303,-1.70845615733388,7.54233047840912
152.433524128257,8.99116048522508,779.384069292379,950.428641967628,12.1394545068297,-1.85605958639673,7.54209764496171
148.360143177904,8.94648312709024,779.50756540709,948.88101647096,12.1022568853291,-2.00366301545958,7.54186481151431
143.975802892925,8.90081734550813,779.633793698915,947.45489274479,12.0644612154936,-2.15140993198802,7.54163198684561
139.065569162545,8.85347994531124,779.764642640053,946.234252429453,12.0256541282013,-2.29939951406547,7.54139917702345
134.155335432164,8.80614254511435,779.895491581192,945.013612114116,11.9868470409091,-2.44738909614291,7.54116636720129
129.010898479709,8.76758349522891,780.002075610476,944.089228311439,11.9444838641473,-2.56653544452027,7.54093356993013
123.711872390412,8.73481871916049,780.092643242779,943.360392794433,11.8997734404231,-2.66664341006975,7.54070078094342
118.302625957546,8.7144339434953,780.148990365773,943.006411113896,11.849416138523,-2.72574612871106,7.54046800137709
112.795047130702,8.70509390818982,780.17480787423,942.986852952083,11.7940210093801,-2.74826627136413,7.54023523021508
106.764676844864,8.7,780.188888336827,943.728101973829,11.7265612908882,-2.73578782139112,7.54000246635497
100.107134639301,8.7,780.188888336827,945.382060822114,11.6446281690295,-2.68132296527589,7.53976971125466
92.6054493499589,8.7,780.188888336827,948.169403582435,11.5461140504226,-2.58953578293938,7.53953696703256
84.8014641212658,8.7,780.188888336827,951.371988239538,11.4417341230572,-2.48407468714079,7.53930422718434
76.5191364073768,8.7,780.188888336827,955.381450406986,11.3292262766847,-2.35204311919948,7.53907150191164
68.2904182478789,8.7,780.188888336827,959.430480125692,11.2186304887865,-2.21870859200481,7.53883878164709
60.159791522642,8.7,780.188888336827,963.551908093126,11.1115332667737,-2.0829899908629,7.53860607054611
52.5238036192824,8.7,780.188888336827,967.322718237457,11.0165663102217,-1.95881723277902,7.53837336908818
45.1506857515124,8.7,780.188888336827,970.907196627059,10.9280458418392,-1.84078037839161,7.53814067275494
39.0488917343736,8.7,780.188888336827,973.368047068669,10.8689893917243,-1.75974458638124,7.53790798984025
33.2902041553,8.69974594074631,780.189592696615,975.506759980955,10.8178023031399,-1.6911506673094,7.53767531020905
29.3388429288453,8.69622487305532,780.199354586633,975.805182916714,10.8074416421265,-1.7067398616372,7.53744264530847
25.5455659135587,8.68649443727059,780.226331802351,975.721232108443,10.8,-1.7791967454994,7.5372099846867
22.1553031201682,8.66093406102388,780.29719715238,974.662471382183,10.8,-1.99663007880819,7.53697733497321
18.8843442487912,8.62541309433012,780.395679706117,973.185617341947,10.8,-2.29603722251885,7.53674469294302
15.736901168307,8.57957989157518,780.522754452808,971.275909750281,10.8,-2.68031215475988,7.53651205886738
12.8300603071619,8.52702757179203,780.668462655755,969.072581870224,10.8,-3.11411544840696,7.53627943464976
10.0757640004857,8.47021525508822,780.825984682741,966.683095374512,10.8,-3.57932028874388,7.53604681668226
7.71654904271249,8.41274993996582,780.985326228536,964.237618983303,10.8,-4.03594746471026,7.53581421052527
5.50149921097175,8.35504634581666,781.145331716477,961.771711887473,10.8,-4.48944465221104,7.53558160867794
3.79576482078097,8.30375930361603,781.28755996862,959.530884235525,10.8,-4.86901699573913,7.53534901899546
2.4670112324825,8.25963661866471,781.409934722256,957.555304632412,10.8,-5.17295509545071,7.53511643729875
1.51276580115873,8.22407301252064,781.508589236698,955.902080244148,10.8,-5.38926789150153,7.53488386292751
1.04919785641877,8.20165719102735,781.570803260782,954.755359461701,10.7922966524085,-5.46861087420493,7.53465129820755
0.847303865187957,8.18778431565477,781.60933230354,953.9648938936,10.7455637516507,-5.43711647155017,7.53441874210238
0.704581213436066,8.17731859683661,781.638405654041,953.351716743741,10.6343507501564,-5.32876553115763,7.53418619460245
0.574598514910639,8.16868944994913,781.662377675075,952.849116574914,10.4638107960874,-5.16261441438539,7.53395365590629
0.455852832483997,8.16132609147969,781.682834205149,952.419828692018,10.2526626367236,-4.95690014247642,7.53372112485437
0.353576646798436,8.15508751022392,781.700167957007,952.04804957169,10.006170992,-4.71675194805814,7.53348860475668
0.262950344832872,8.14918161429943,781.716579186544,951.685304860788,9.75000000146769,-4.46717350531758,7.53325609224946
0.183945010667022,8.14332549918066,781.732854021911,951.312293059096,9.49350928024145,-4.2172835601367,7.53302358721752
0.116805512186109,8.13724575971052,781.749752240105,950.9100412624,9.24577533757187,-3.97592503824872,7.53279108972462
0.0687446181936838,8.13004408107017,781.769771273431,950.408683658067,9.03735264071937,-3.7728660892079,7.53255860409302
0.0354407549297526,8.12134463329669,781.793954755278,949.787638624528,8.88018576136349,-3.6197438917314,7.53232612742077
0.00768217317234799,8.11206631619709,781.819747718847,949.120522646874,8.74281055663043,-3.48590403110863,7.53209365410973
8.26482166581082e-05,8.0999537194809,781.853420051033,948.225315903536,8.70059466508655,-3.445248957657,7.53186119282783
0,8.08371723691653,781.898564994129,946.08680254555,8.71195260905064,-3.49874859610949,7.5316287402175
0,8.06211273039518,781.958650884426,941.912900260453,8.74454103099258,-3.64748675167012,7.53139629624703
0,8.03581746380589,782.031796245254,936.120877219547,8.79379943980536,-3.87230907923536,7.53116386088998
0,8.00529421181591,782.116717246503,929.083227237352,8.856106034339,-4.15668516736594,7.53093143470629
0,7.97142288603454,782.21096865041,921.313222745944,8.92638397074976,-4.47744358448011,7.53069901747044
0,7.9354239295735,782.311153325505,913.263539620987,8.99999999917267,-4.81343752450066,7.53046660715243
0,7.89707042317054,782.417912536979,905.297283120998,9.07365228337319,-5.14959694100539,7.53023420709811
0,7.85752506977115,782.528011685123,897.929190015518,9.14214398768462,-5.46220274280326,7.53000181593165
0,7.81751657979861,782.639421961918,891.409146720321,9.20289273876647,-5.73946861362773,7.52976943230975
0,7.77754493174148,782.750757367771,886.186437476424,9.25153534926257,-5.96148035079423,7.52953705715836
0,7.73824861184841,782.860244117447,882.657155794862,9.28415383539595,-6.11035572356632,7.52930469048073
0,7.69962138742939,782.967908792844,881.073281685412,9.29575894295562,-6.16901624317909,7.52907233227811
0,7.65878959637477,783.081784665053,881.023202340569,9.27689452908247,-6.12515805679077,7.52883998253013
0,7.61116283688568,783.214698084845,881.570814907061,9.21614385353836,-5.97391733624072,7.52860764251249
0,7.55900724401187,783.3603058794,882.452559830187,9.12500432009995,-5.74702259664543,7.52837531128765
0,7.50444031177451,783.512683040946,883.564490884768,9.01310333817298,-5.46844157700549,7.52814298798166
0,7.44902260593689,783.667467600352,884.85373092665,8.88546315592025,-5.15067732233439,7.52791067341533
0,7.39458824471354,783.819528425586,886.235221344137,8.75000000229906,-4.81343753400027,7.52767836713041
0,7.34339414748132,783.962556495163,887.629391265827,8.61426926362134,-4.4755315842384,7.52744607010753
0,7.29726618484913,784.091443158391,888.94880236985,8.48641359049174,-4.15723085824088,7.52721378170536
0,7.25852727262019,784.199692970159,890.102006704721,8.37506608676522,-3.88002774001679,7.52698150232777
0,7.22695192346316,784.287930421514,891.067563480281,8.28205554648671,-3.64847506995212,7.52674923005108
0,7.20777417586653,784.341526392346,891.672480074502,8.22393981154536,-3.50379411703921,7.52651696783059
0,7.20270700453329,784.355689552763,891.857426655451,8.20572752569459,-3.45642093691575,7.52628471496416
0,7.21085853036198,784.332916997377,891.743395274955,8.21357316295247,-3.46256804866281,7.52605246997685
0,7.2319648127067,784.273949972289,891.396101943224,8.23995601588338,-3.49828029289746,7.52582023329755
0,7.26389158351088,784.184752516087,890.870657206673,8.2798644793886,-3.55230101610964,7.52558800492645
0,7.30464563306895,784.070893285764,890.199726256422,8.33080704133618,-3.62125766833278,7.5253557855922
0,7.35092095335853,783.9416086525,889.437625055785,8.38865119169816,-3.69955641906616,7.52512357484068
0,7.39999999971791,783.804490930358,888.629028506352,8.44999999964739,-3.78259912937218,7.52489137273663
0,7.44910612035656,783.667297567718,887.819654329003,8.51138265044569,-3.86568764989041,7.52465917928352
0,7.49453724811963,783.540371451273,887.070511370554,8.56817156014954,-3.94255801028981,7.52442699592718
0,7.53494736830175,783.427473095622,886.403978458854,8.61868421037718,-4.01093272725439,7.52419481974268
0,7.56860533189593,783.333439008933,885.848665055794,8.66075666486991,-4.06788266266623,7.52396265098847
0,7.58976873057834,783.274312411426,885.499392502331,8.68721091322293,-4.10369154886596,7.52373049239621
0,7.59711766189498,783.253779421464,885.589941020032,8.69691825485359,-4.11156874202211,7.52349834350112
0,7.59791479119724,783.251546652213,886.411014809347,8.7,-4.09479005994567,7.52326620203044
0,7.59449088415407,783.261100714158,888.150923755701,8.7,-4.05202304677746,7.52303406836622
0,7.58821484426811,783.278613638673,891.2402697302,8.7,-3.97443187991243,7.52280194652473
0,7.58108029723475,783.298522418764,894.665472965689,8.7,-3.88692218960294,7.52256982946988
0,7.57235449235415,783.322871958609,898.713193443715,8.7,-3.78102834452933,7.52233772128717
0,7.56225378300158,783.351059142413,903.059246930852,8.7,-3.66117056828128,7.52210562495394
0,7.55169199771677,783.380533679015,907.363769477476,8.7,-3.53776559836936,7.52187353506812
0,7.54073430142354,783.411113863947,911.54638886606,8.7,-3.41200653631454,7.52164145222533
0,7.5300013192744,783.441069731377,914.636508854705,8.7,-3.29690454366403,7.52140938568825
0,7.51928457694108,783.470980480145,917.647675250569,8.7,-3.18257272435919,7.52117732032956
0,7.50908601426271,783.499446703225,919.89246270193,8.7,-3.07875203073024,7.52094526193716
0,7.50004466898912,783.524686304427,920.639627406978,8.6989644958369,-2.99627794024392,7.52071321526755
0,7.4918980563698,783.54743038532,920.122263191576,8.67840425832686,-2.92377176272818,7.5204811777987
0,7.48414395189076,783.569079539937,918.627577356002,8.62124431373731,-2.84904096699295,7.52024914994289
0,7.4765712079081,783.590223103783,916.567471598236,8.54218260820608,-2.77347542492157,7.520017128957
0,7.46913580262763,783.610984610972,913.863313773201,8.43837942944236,-2.69866609193818,7.51978511826188
0,7.46168567350755,783.631788549773,910.836661123647,8.3224366997499,-2.62629364548057,7.51955311569209
0,7.45411508973105,783.652930381859,907.628584274785,8.20000000206954,-2.55805721254741,7.51932112168643
0,7.44622716750394,783.674960456642,904.458285899673,8.07994002849161,-2.49740029763968,7.51908913808647
0,7.43808418772327,783.69770417498,901.390823819794,7.96452851019949,-2.44236923843003,7.51885716114166
0,7.42939323163094,783.721980319445,898.755845173032,7.86709810223285,-2.39806420347862,7.51862519350759
0,7.42029747810552,783.747388487593,896.440347824735,7.78295058104227,-2.36168262615582,7.51839323275148
0,7.41058244060431,783.774528077681,894.724575859811,7.72331868891469,-2.33670881090466,7.51816127990071
0,7.39998353793054,783.804138641627,893.904109444548,7.70018657169455,-2.32764957658829,7.51792933694509
0,7.38667789164099,783.841320100304,893.65342705737,7.71007469828769,-2.36351757282692,7.51769740358653
0,7.36967013895324,783.888858398081,893.409649879179,7.73745177490941,-2.46172604381562,7.51746547897004
0,7.34996859639103,783.943933380631,893.172799842378,7.77830164588959,-2.60826482238867,7.51723356276921
0,7.32828530996848,784.00455399368,892.947978519152,7.83045276865253,-2.79534403824722,7.51700165623298
0,7.30586419767602,784.06724078947,892.736900687269,7.88866936862003,-3.00418164892299,7.51676975793863
0,7.28333903370078,784.130220768767,892.539023483716,7.9499999996444,-3.22419007352214,7.5165378664519
0,7.26227569847296,784.18911626948,892.37131438296,8.01082490884686,-3.4423843465388,7.51630598740804
0,7.24254763610384,784.244279144795,892.220183305985,8.06898634731899,-3.65102407903379,7.51607411422731
0,7.2263840129891,784.2894763383,892.103056153454,8.11798246345977,-3.82678549129326,7.51584225156075
0,7.21266937313624,784.327826079856,892.006591683506,8.1601400287359,-3.97801529875521,7.5156103947648
0,7.20429569988091,784.3512414746,891.95020167981,8.18638303663767,-4.07215557953786,7.51537854827158
0,7.2006472289576,784.361443829413,891.975064553697,8.1979369576978,-4.09024613434946,7.51514671027958
0,7.2,784.363253710486,892.165903015617,8.2,-4.00461718166301,7.51491487944505
0,7.2,784.363253710486,892.868541676541,8.2,-3.68090022270283,7.51468305976706
0,7.2,784.363253710486,893.885691204762,8.2,-3.2269303436089,7.51445124726795
0,7.2,784.363253710486,895.262952431712,8.2,-2.64080394252005,7.51421944410266
0,7.2,784.363253710486,896.92927562945,8.2,-1.97130410984628,7.51398764991944
0,7.2,784.363253710486,898.83265353332,8.2,-1.26060247884022,7.51375586488483
0,7.2,784.363253710486,900.897550224643,8.2,-0.548777379496872,7.51352408785173
0,7.2,784.363253710486,903.085701238051,8.2,0.134970866555279,7.51329231882276
0,7.2,784.363253710486,905.361178965686,8.2,0.753000504885653,7.5130605584712
0,7.2,784.363253710486,907.67325384391,8.2,1.26094230132212,7.51282880717164
0,7.2,784.363253710486,909.960651337691,8.2,1.60264191392823,7.51259706554464
0,7.20036766662847,784.36222541955,912.214338758515,8.2,1.77506155416278,7.51236533257111
0,7.20198577339326,784.357699894548,914.533257986414,8.2,1.85888765445084,7.51213360606775
0,7.20791321750369,784.341122004198,917.214745777116,8.2,1.9172066842986,7.51190189136043
0,7.21621617981115,784.317900258678,920.113026417102,8.2,1.97111967948187,7.51167018469394
0,7.22634747949639,784.289565014658,923.188581466939,8.2,2.02051327252463,7.5114384860055
0,7.23779309222219,784.257553896675,926.407041372061,8.2,2.06498038699592,7.51120679571286
0,7.25002323973744,784.223348589853,929.726900748492,8.2,2.10476016034303,7.51097511320188
0,7.26213313276373,784.189479611082,933.104441454237,8.2,2.13730338964424,7.51074344211438
0,7.27363186309248,784.157319933656,936.47604696233,8.2,2.16555644832175,7.51051177755994
0,7.284127077115,784.127966893117,939.820126542673,8.2,2.18869651061429,7.51028012066958
0,7.29160867495802,784.107042341763,943.018767459636,8.2,2.20328770942638,7.51004847600132
0,7.29666764550713,784.092893400418,946.081905295433,8.20371118075266,2.2127779900919,7.50981683886121
0,7.29879591420587,784.086941053257,948.977093908472,8.21271622906083,2.21648153895949,7.50958521033018
0,7.3,784.083573463129,951.795408412689,8.25561418279248,2.21857685266775,7.50935358927217
0,7.3,784.083573463129,954.513566311642,8.34267002533478,2.21857685266775,7.50912197795051
0,7.3,784.083573463129,957.19795686902,8.46437615699861,2.21857685266775,7.50889037448056
0,7.3,784.083573463129,959.842122165181,8.62735935893728,2.21857685266775,7.50865878036394
0,7.3,784.083573463129,962.450776785644,8.80588216725172,2.21857685266775,7.50842719448607
0,7.3,784.083573463129,965.020726560317,9.00134236289007,2.21857685266775,7.50819561758803
0,7.3,784.083573463129,967.552154819453,9.19066089021648,2.21857685266775,7.50796404960712
0,7.3,784.083573463129,970.04515387976,9.37385246772235,2.21857685266775,7.50773249052198
0,7.3,784.083573463129,972.507601474023,9.53363036228935,2.21857685266775,7.50750093849278
0,7.3,784.083573463129,974.920896759627,9.65573947300915,2.21857685266775,7.50726939781544
0,7.30060834959616,784.081874130352,977.331292804604,9.74991419344585,2.21946362432019,7.50703786203744
0,7.3028951590948,784.075486273169,979.733689733331,9.76701685813395,2.22279703302253,7.50680633977692
0,7.30770862763478,784.062041050591,982.192574401263,9.77099558899694,2.22968755273045,7.50657482025098
0,7.32698271646528,784.008204987951,984.974750710195,9.69986318667662,2.25693619387117,7.50634331637566
0,7.34674455296007,783.953006886464,987.762257970704,9.62715878965826,2.28478701795532,7.50611181308975
0,7.38152676010512,783.8558642923,990.713933866899,9.50604423149823,2.33118228965384,7.50588032795502
0,7.41630896725017,783.758721698136,993.665609763094,9.38492967333821,2.37757756135236,7.5056488428203
0,7.45890501414407,783.639780002798,996.302171404046,9.25322587169341,2.42802924737482,7.50541737824359
0,7.50223474699136,783.518791465595,998.909145171402,9.12052778561849,2.47886181325997,7.5051859155972
0,7.54556447983865,783.397802928392,1001.51611893876,8.98782969954357,2.52969437914511,7.50495445295081
0,7.58674430497119,783.282864451048,1003.21660229311,8.89417003085499,2.56557252494373,7.50472301216153
0,7.62758456575307,783.168881542463,1004.77391120961,8.80667623373386,2.59908871450045,7.50449157482445
0,7.66763184313962,783.057118212046,1006.22257201284,8.72545196115422,2.62891870476176,7.50426013910532
0,7.699561142021,782.968077284085,1006.5589736523,8.70841045175165,2.62101210832731,7.5040287199495
0,7.73020607898122,782.882656167981,1006.14702385333,8.72705854975307,2.52110019368679,7.50379730818789
0,7.76203749622525,782.793961962531,1004.77471426118,8.78488834591548,2.26679669080822,7.50356590535257
0,7.79511223706457,782.701826649791,1002.58510367805,8.87364230681901,1.87588537659327,7.50333451119904
0,7.82832084019269,782.609341856147,999.56363775647,8.99161693398912,1.35459964300745,7.50310312906658
0,7.86102590327463,782.518265436576,996.35121398087,9.11523860718345,0.807461383989446,7.50287175119875
0,7.89195202845828,782.432157843913,992.703744911645,9.25047146213907,0.206243641942953,7.50264038482658
0,7.9204691756027,782.352763639745,989.00676676255,9.38265510008998,-0.38434151993023,7.50240902598318
0,7.94681277903915,782.27942671094,985.26511815682,9.51208752722582,-0.96533324535073,7.50217767393274
0,7.96705346472837,782.223085041309,981.840475833415,9.61841863424142,-1.45069565627107,7.50194633437169
0,7.98454583929077,782.17439517164,978.616499067451,9.71233617541793,-1.88401225878416,7.50171499957412
0,7.99247128366725,782.15233669686,976.257397675313,9.75726655346327,-2.11035579937236,7.50148367888541
0,7.99925406792851,782.133458301275,973.984770226065,9.79514028992281,-2.31846863860393,7.50125235987894
0,7.99506763610948,782.145107772537,972.542268334044,9.7652722496944,-2.3515718666559,7.50102105702155
0,7.99045600420694,782.157940584383,971.110168816935,9.73258526305026,-2.38387715774432,7.50078975510279
0,7.97820101989533,782.192045003307,969.865061307647,9.64922518928162,-2.40183881709555,7.500558470057
0,7.96588270803364,782.226325718006,968.621558950688,9.56551602524202,-2.419735879626,7.5003271852097
0,7.94789918387939,782.27637765682,967.521651738106,9.4505776332959,-2.43185418231761,7.5000959181202
0,7.92991565972513,782.326429595634,966.421744525524,9.33563924134979,-2.44397248500923,7.4998646510307
0,7.90867452036467,782.385557043388,965.426025412349,9.21168811697298,-2.45559444865571,7.49963340128138
0,7.88733058972063,782.444970861126,964.433593866243,9.08745260347209,-2.4672007507448,7.49940215207922
0,7.865154215826,782.506718023938,963.513383700384,8.97981238604896,-2.48465218485689,7.49917092237045
0,7.84291303089236,782.568646852611,962.598796431569,8.87346421872131,-2.50255869993609,7.49893969417936
0,7.82055630812997,782.63090540498,961.683689343062,8.77451286346338,-2.52614313255295,7.49870847025456
0,7.79766220438061,782.694697543774,960.766164507734,8.70996501234974,-2.57613627444851,7.49847726617278
0,7.77476810063126,782.758489682568,959.848639672406,8.6454171612361,-2.62612941634406,7.49824606209101
0,7.74833013547654,782.832183379181,958.894308097695,8.58399022568402,-2.70909384713521,7.49801486816985
0,7.71711992728045,782.919210735041,957.890411744399,8.52676598483916,-2.83645815309043,7.49778368793119
0,7.68590971908436,783.006238090902,956.886515391104,8.46954174399429,-2.96382245904565,7.49755250769253
0,7.65383140928672,783.095703408333,955.935878547876,8.41769484385811,-3.11156819474641,7.49732134356723
0,7.62133575865815,783.186340778559,955.010846274606,8.3684331063752,-3.26911232594649,7.49709018718844
0,7.58884010802957,783.276978148784,954.085814001336,8.31917136889229,-3.42665645714657,7.49685903080965
0,7.56014804583516,783.357014632308,953.307293356,8.27895044663641,-3.57367282342782,7.49662788952726
0,7.53588118291321,783.42471037065,952.66456419307,8.24627819576017,-3.70126547414424,7.49639675800235
0,7.51675371817091,783.47807083419,952.166323185307,8.2212417008866,-3.80356623620521,7.49616563483619
0,7.50477173139114,783.511498373482,951.859047383651,8.20597265587455,-3.86865193257203,7.49593452106028
0.00037625181090001,7.50013721735424,783.524428477076,951.742390155573,8.20031329092153,-3.89438280216574,7.49570341536303
0.0494990801664867,7.51305999460227,783.48842750034,952.197513375417,8.23482665227271,-3.86264616951303,7.49547231923962
0.182337378403209,7.54619008272529,783.396131514451,953.383968552873,8.32317355393411,-3.78016769791296,7.49524123179765
0.385790420110277,7.59412943902743,783.26257889194,955.132727900059,8.45101183740648,-3.65954147684604,7.49501015206291
0.668658570632728,7.6556599033622,783.091163263737,957.439175832114,8.61509307563254,-3.5022416552407,7.49477908157365
1.02792386344452,7.72611148639589,782.894894594319,960.180777273859,8.80296396372237,-3.31810553601816,7.49454802076179
1.45014211740817,7.79999999875545,782.689051100368,963.185239946376,8.99999999668122,-3.1198130100053,7.49431696866247
1.92222719437685,7.87383839211854,782.483347231224,966.329953662763,9.19690237898277,-2.91594321398098,7.49408592398744
2.45210720752358,7.94351158757054,782.2892470453,969.536305201991,9.38269756685477,-2.71395876589721,7.49385488869156
3.02824065024611,8.00547563275192,782.116623518961,972.684228721234,9.54793502067177,-2.52237856981718,7.49362386172701
3.65108808099679,8.05401506730248,781.981399158864,975.633970389039,9.67737351280661,-2.35276910440131,7.49339284424008
4.31058661734001,8.08621312994541,781.891699671065,978.284636804166,9.76323501318777,-2.21220586488567,7.49316183528451
5.03463957586755,8.09821541624448,781.85826290981,980.543890153907,9.78899506749984,-2.10901660526418,7.49293083557416
5.99543910064713,8.1,781.853291298612,982.69331264575,9.74524715423611,-2.02506919035035,7.49269984442741
7.29208657754641,8.1,781.853291298612,984.940492418508,9.63655651845825,-1.94502907355309,7.49246886131845
8.94447070953668,8.1,781.853291298612,987.294553640965,9.46891044577884,-1.86655763323744,7.49223788680486
10.9214983914785,8.1,781.853291298612,989.691318477165,9.25504648985415,-1.79097795223532,7.49200692120198
13.2035127059523,8.1,781.853291298612,992.04945825998,9.00865435708354,-1.72021173817692,7.49177596550191
15.6958963734922,8.1,781.853291298612,994.307394118447,8.75000000148431,-1.65472452032543,7.49154501806331
18.3709313075567,8.1,781.853291298612,996.396945590697,8.49195551529463,-1.59598784974063,7.49131407938064
21.1857145762597,8.1,781.853291298612,998.251750540369,8.24902701164853,-1.54523641149386,7.49108314945736
24.0973432520758,8.1,781.853291298612,999.805446830435,8.03572060323147,-1.50370489072847,7.49085222829693
27.0629580625806,8.1,781.853291298612,1000.99013087549,7.86675018572375,-1.47266956068806,7.49062131593409
30.0402199613897,8.1,781.853291298612,1001.75530524891,7.75435754440334,-1.45294965224563,7.49039041208064
33.0270237777856,8.10122562341625,781.849888272749,1002.05855925445,7.7135937106327,-1.44561068040932,7.49015951700245
36.1703361164917,8.10945517044581,781.827038678583,1002.01231954122,7.75218178394615,-1.44923689611156,7.48992863069021
39.6227045816908,8.12984865959808,781.770417137991,1001.77726033558,7.86326896864836,-1.46087959130644,7.48969775313362
43.3637445753133,8.16158846626473,781.68229665418,1001.39025557334,8.0331246380995,-1.4786816248339,7.48946688433354
47.3329086959923,8.20251243064274,781.568683586748,1000.85701677056,8.24721887523276,-1.50112016220978,7.48923602429354
51.469547139364,8.25045374694027,781.435597182055,1000.1833729988,8.49100720204591,-1.52667084286446,7.48900517300881
55.7133159642805,8.30325836358059,781.28902129214,999.374910407505,8.74999999710185,-1.55381505557079,7.48877433049004
60.0036852145201,8.35876473165659,781.134960579326,998.437356516885,9.00967165197095,-1.58103041741918,7.48854349674069
64.2801183726559,8.41481111723823,780.979420220894,997.376467669735,9.25549448483767,-1.60679432819502,7.48831267176464
68.4754570710559,8.46904902138418,780.828925198503,996.192711733517,9.47084858635422,-1.62936490795761,7.48808185598635
72.5291679219157,8.51927113240609,780.689606399592,994.897442532311,9.6416695442481,-1.64726811030256,7.48785104902342
76.3559798482934,8.5625283746675,780.569658087477,993.487468226852,9.74652282766226,-1.65825745009225,7.48762025169224
80.0044112226624,8.59934827186843,780.467612782446,991.845893774325,9.79134890975664,-1.66156091822008,7.48738946209905
83.6744914706257,8.63238220327113,780.376118338104,989.267922935036,9.78558406548117,-1.65126830642169,7.48715868133619
87.5615936062264,8.66571529024249,780.283830658765,985.24779153829,9.75425720606883,-1.62409667804899,7.48692790934886
91.6130035334941,8.69956325618687,780.190141235545,979.96865241837,9.70409215593288,-1.58096857935624,7.48669714613791
95.7155743132467,8.73314506488212,780.097207452939,973.777430841619,9.63687625065529,-1.52377803439352,7.48646639170682
99.7390511269067,8.76550081395686,780.007682768581,966.999697026893,9.55307318035355,-1.45340953887387,7.4862356469213
103.58916903361,8.79609224405688,779.923050252406,960.062031892419,9.45712089661013,-1.37383861986851,7.48600491018997
107.177346761342,8.82430208606552,779.845015121902,953.229527229153,9.35026640806681,-1.28642427925532,7.48577418159788
110.410017973295,8.84947897539795,779.775376762903,946.783103624947,9.23384374972479,-1.19261569792328,7.48554346122575
113.106074618774,8.87027980220787,779.717848194699,941.166204651303,9.10827605929582,-1.0934625334075,7.48531275039709
115.0521634702,8.88517713196449,779.676650315817,936.968390061595,8.97549925250171,-0.991370032698709,7.48508204989391
116.283774630361,8.89456358529782,779.650693749218,934.260984662802,8.83882479642685,-0.888892292609894,7.48485135762173
116.598594985335,8.89362987283937,779.653317146632,933.2411668624,8.68523624415648,-0.783593053590118,7.48462067356948
115.829293591326,8.87625838620625,779.70149703582,933.864187739212,8.49495761258079,-0.670533574616553,7.48438999733761
113.666523155607,8.83241429705933,779.823077741571,936.124828179525,8.23589595047369,-0.541148673030016,7.48415932942879
109.851668099891,8.75516864201996,780.037281786828,940.304574115612,7.89026959603219,-0.388860384596348,7.48392867336323
105.284144377889,8.66278433684771,780.293465670258,945.526728771163,7.50876100177294,-0.225249370724622,7.48369802518609
100.178936654829,8.55965507213829,780.579445582965,951.642550826946,7.10476632891735,-0.0527635330787744,7.48346738485067
94.7456782481186,8.45006978618291,780.88332819669,958.517146363731,6.69155681666191,0.12626225431004,7.48323675245764
89.2251870792446,8.33898786860015,781.191361005643,966.065531566032,6.28584382859766,0.309512000362941,7.48300612915038
84.1537004637379,8.23745616120808,781.472910853775,974.108585892544,5.92500194962612,0.491869288918834,7.4827755175891
79.5620177129852,8.14592984126417,781.726715523688,982.25239007757,5.60307459185753,0.67101592109527,7.48254491224536
75.8428849410262,8.07251956882186,781.930283961454,990.410258894858,5.34833152674655,0.843428467628347,7.48231431569588
73.2346588707024,8.02208638627458,782.070136380484,998.399427879451,5.17515943309035,1.00627652655267,7.48208372756225
72.0007670103811,8.00004096534777,782.131268934255,1006.04759200964,5.10009701169961,1.15658811573537,7.48185314784854
71.8596320375666,8.02940120678317,782.049938829102,1014.53980441149,5.15145562726507,1.30505850093898,7.48162257938067
71.7482328744722,8.09666710532891,781.863607083244,1024.46666211213,5.26916743432559,1.46263100740417,7.48139201932375
71.6606766133678,8.194566019879,781.592419502659,1035.44655384171,5.44049053478825,1.6254374229111,7.4811614676676
71.5916955856278,8.31620177983971,781.255479020654,1047.10464445144,5.65335311471949,1.78957167257533,7.48093092457893
71.5348143498429,8.45305382095434,780.876388260572,1059.04841573787,5.89284418667009,1.95162548349538,7.48070038919315
71.4862412126296,8.60002850293578,780.469257000773,1070.98094837191,6.15004988013761,2.10835158684724,7.48046986190572
71.4385580645551,8.746777869767,780.062749881402,1082.07227679057,6.40686127209225,2.24881023532047,7.48023934679498
71.3841811291198,8.88370561906275,779.683449403791,1092.10105687593,6.64648483335982,2.37359578528374,7.48000883954424
71.3189264927938,9.0052449696628,779.346775983186,1100.76888882608,6.8591786969099,2.47976932734166,7.47977834012569
71.2360477578939,9.10232551428408,779.077855350729,1107.53385476799,7.02906964999714,2.56146311211604,7.47954784930783
71.1195998171298,9.15331505639996,778.936610367319,1110.99049261864,7.11830134869993,2.60248007985081,7.47931737058467
70.9720624097262,9.19469632862168,778.82196649104,1113.71849008666,7.18759287240518,2.62333972874416,7.47908689444765
70.6578769007991,9.18457462861972,778.849911873477,1112.54077447613,7.14999956769215,2.53615059842649,7.47885643217297
70.185103771788,9.16197139546754,778.912348982661,1110.09106591151,7.07304504977825,2.36838382892173,7.47862597712279
69.5741811786577,9.1284952006354,779.004832658938,1106.53329389982,6.96180203880355,2.1304239531216,7.47839552836604
68.7093712577171,9.07994172364731,779.138973698825,1101.44724468509,6.8027881341524,1.79027737968981,7.47816509336914
67.7633991490248,9.02776949109179,779.28311468474,1096.02539990469,6.63329051739025,1.42770510229693,7.4779346637539
66.6781907202004,8.97028558842279,779.441935354071,1090.14149583213,6.44938083652417,1.03430398492442,7.47770424410468
65.5004389579756,8.91239084853071,779.601897927424,1084.34625452812,6.26832657000352,0.647010883121057,7.47747383363228
64.2724494139926,8.85465865082207,779.761415611753,1078.64795388128,6.0903592356318,0.266321036518441,7.4772434284571
62.9595282938753,8.80507104713464,779.898448030524,1074.10978697076,5.94897920184152,-0.0361049315183465,7.4770130386777
61.6443892999546,8.75904947633624,780.025632715985,1070.02600193606,5.82192084003084,-0.307895417328851,7.47678265204457
60.3200274173152,8.72785702902136,780.111866221849,1067.83173535365,5.75441825038633,-0.452290177118724,7.47655227849503
58.9525069132914,8.70267494048659,780.18149739941,1066.45325416414,5.70827224241636,-0.55100108245104,7.47632191053204
57.5028395132789,8.68893279840345,780.219528176114,1066.62751575625,5.70277574634497,-0.562758634777457,7.47609155320233
55.895632800329,8.67753031735819,780.251087455541,1067.30288268725,5.7,-0.568696232561933,7.47586120389035
54.1277023104623,8.66851479072895,780.276044424313,1068.48948418693,5.7,-0.568696232561933,7.47563086275816
52.2217788172081,8.66091998620107,780.297070039313,1070.02250851738,5.7,-0.568696232561933,7.47540053208817
50.240093623905,8.65410519456555,780.315937240204,1071.74572787186,5.7,-0.568696232561933,7.4751702071622
48.1943340576767,8.64795292991808,780.33297320359,1073.60064824924,5.7,-0.568696232561933,7.47493989566079
46.1321672802128,8.64197031531549,780.349540250945,1075.48929266331,5.7,-0.568696232561933,7.47470958759695
44.1258017201651,8.63541942697748,780.367684349619,1077.17391784243,5.7,-0.568696232561933,7.47447929409136
42.1296571641034,8.62876444900873,780.386117313816,1078.82117320223,5.7,-0.568696232561933,7.47424900325239
40.3265425890927,8.62013207970657,780.410029299651,1079.88160079174,5.7,-0.568696232561933,7.47401872782841
38.5462573423761,8.61126584768696,780.434589280078,1080.87262525669,5.7,-0.568696232561933,7.47378845422754
37.0819953577616,8.5982943787563,780.470525309778,1080.87147940326,5.68931372976293,-0.547794292165759,7.4735581968918
35.6367320906082,8.58507611079045,780.507145245924,1080.81068615733,5.67798502128382,-0.52563576686715,7.4733279405339
34.4498177452638,8.56301278718082,780.568299124981,1079.50259962056,5.59333825096758,-0.360069885729266,7.47309770498746
33.2648969768498,8.54088120975865,780.629642322819,1078.18488821246,5.50812571402987,-0.193397386478824,7.47286746960162
32.1172677902184,8.51700924632012,780.695816212995,1076.62466254729,5.40972793933387,-0.000935060879323671,7.47263724102463
31.0617319289993,8.48883931727953,780.773919726434,1074.46553645137,5.27876859622307,0.255216460961068,7.47240702926243
30.0061960677802,8.46066938823893,780.852023239874,1072.30641035546,5.14780925311227,0.51136798280146,7.47217681750022
28.9373345234884,8.43197384410402,780.931597351576,1070.02232064237,5.02156149077132,0.758303830862458,7.47194661953634
27.8589846805971,8.4029040457612,781.012218574736,1067.6492529679,4.898668519699,0.998677834090538,7.47171643139729
26.7806348377057,8.37383424741838,781.092839797897,1065.27618529343,4.77577554862667,1.23905183731862,7.47148624325824
25.5703142483776,8.34789363214331,781.164806355603,1063.2018863845,4.69954366259622,1.38815852307025,7.47125607387986
24.3419944357418,8.32237979982075,781.235592520985,1061.1683359435,4.62967578762219,1.52481744390196,7.47102590706021
22.8459698685679,8.30148358423236,781.293590026912,1059.61312264922,4.62469965089739,1.56084805394471,7.47079575533179
21.2964453058922,8.28151018555447,781.34903175745,1058.15350360482,4.63269193421591,1.57676839667502,7.4705656066193
19.3018730805489,8.26430052675249,781.396809699224,1056.91498641676,4.69856844097565,1.57447148254659,7.47033547213051
17.1867762989299,8.24783932379054,781.442512189721,1055.73634641796,4.78012073019835,1.56724110401954,7.47010534149369
14.8730234521226,8.23262870548531,781.484750383227,1054.64890138916,4.89325044386542,1.55542588532975,7.46987522424527
12.4896017826566,8.21785666810429,781.525773645326,1053.5934385009,5.01745438263381,1.54200275995,7.46964511169217
10.1730672593914,8.20317813169445,781.566546909223,1052.54664860662,5.14904004747614,1.52454117065198,7.4694150117719
7.88605047543344,8.18854085788063,781.607209847263,1051.50368616186,5.28388331678007,1.50529738055887,7.46918491742658
5.89033850996269,8.17300261639774,781.650384932791,1050.39844483239,5.40507923794744,1.48265681501687,7.46895483452301
4.06914649257595,8.15692460756172,781.695065039249,1049.25589238742,5.51809906885773,1.45798125026656,7.46872475847417
2.53062814026854,8.13984469513629,781.742534180433,1048.04316985369,5.61340788273653,1.43139412176755,7.46849468927662
1.4759438710601,8.12101208380326,781.794881195928,1046.70746790715,5.67707841807811,1.40194522017979,7.46826463054661
1.04051268840651,8.09961165381139,781.85437256514,1045.19759353546,5.69357232338847,1.36488435498762,7.46803458275257
0.849282199330366,8.07520071479348,781.922247821188,1043.53209595749,5.66157865299741,1.28302019264968,7.46780454394178
0.706938509770679,8.04820661243206,781.997321280218,1041.74360507775,5.59124146680322,1.15055525403573,7.46757451255371
0.576378496055462,8.01844141986547,782.080119664093,1039.81738669602,5.48162339268658,0.961014674956859,7.46734448982168
0.457918598391651,7.98633467108915,782.169448966312,1037.75943129878,5.34060919722148,0.723928307397135,7.46711447577212
0.35341353187894,7.95215004571866,782.264578851157,1035.56150628488,5.17443075536352,0.445675351427612,7.46688447148134
0.267187449447856,7.91622632944747,782.364574033865,1033.19908901696,4.99272188264198,0.135070557329237,7.46665447957153
0.183088780878742,7.8801542470082,782.464985188042,1030.81856138141,4.81016409853065,-0.178113273672235,7.4664244890806
0.124320486662737,7.84320266872525,782.567882340938,1028.23937605622,4.63323408889234,-0.502532530819522,7.46619451512107
0.0681534086492168,7.80630145874223,782.670643548067,1025.64247513433,4.45937763598386,-0.825017286641465,7.46596454280166
0.0325099816394443,7.76992682084531,782.7719729397,1022.90825497674,4.31206288796401,-1.12940338489893,7.46573458337002
0.00770366432962209,7.7342014072312,782.871514064796,1020.10858668313,4.18534734408297,-1.41608482986567,7.46550463059175
0.000173117791052511,7.70000000000051,782.966844964164,1017.20414486583,4.1004997178657,-1.66359769215348,7.46527468831406
0,7.66577510314072,783.062276727262,1013.82287329419,4.03684673218974,-1.90015517636411,7.46504475488832
0,7.63018994529332,783.161534400516,1009.69597210556,3.97490161666508,-2.15106361222785,7.46481483051917
0,7.5937221106457,783.263281234631,1005.03691285599,3.91490147222233,-2.41031210189915,7.46458491472286
0,7.55679012368409,783.366347548979,1000.01486636762,3.85766368013317,-2.6722320959747,7.46435500767313
0,7.51983083878326,783.469511590279,994.812955364308,3.80390230965076,-2.93104385277435,7.46412510921241
0,7.48351293411173,783.570909807702,989.65970417818,3.75578819313396,-3.17683849557865,7.46389522172565
0,7.44792524373642,783.67028264036,984.679795969932,3.71163573545615,-3.41024466581377,7.46366534072
0,7.41362396507525,783.76608065313,980.058064250735,3.67335618146586,-3.62291626692,7.46343546843648
0,7.38158942477681,783.855568222806,976.156795422207,3.64355021029198,-3.80089959750835,7.46320560695377
0,7.35232209712182,783.937343700754,973.200495251746,3.62271162186911,-3.9378927060981,7.46297575530127
0,7.32536771795086,784.012670993264,971.050492160934,3.60902144600047,-4.04096632736227,7.46274591102003
0,7.30001248489634,784.083538727921,969.470790954985,3.60013326615768,-4.12076394767911,7.46251607130257
0,7.2773540433057,784.146896133854,969.044316847983,3.6112604317914,-4.15435434577735,7.46228624490065
0,7.25432098816014,784.211314019953,968.677411166213,3.63876404770373,-4.18555874855465,7.4620564270911
0,7.23126776357722,784.275798078051,968.353456037272,3.67852466860998,-4.21471975436374,7.46182661700906
0,7.20871785525692,784.338884469895,968.07618486169,3.7301987247785,-4.24108050817784,7.46159681694542
0,7.18711280250072,784.399334487621,967.831025655507,3.7884610164956,-4.26485500000549,7.46136702561808
0,7.1669554139138,784.455739733399,967.611074910011,3.84999999896134,-4.28582096946474,7.46113724332417
0,7.14835195393468,784.507800650975,967.406483699761,3.91173132785616,-4.30433507482397,7.46090746860436
0,7.13254621015485,784.552036338331,967.213513097269,3.96925175835112,-4.31920622571416,7.46067770461201
0,7.11884892466096,784.590373024846,967.022118262401,4.02155702779167,-4.33167752089111,7.46044794740094
0,7.10988933537131,784.615451603813,966.82069223522,4.05828536271911,-4.33940949543897,7.46021820296434
0,7.10223958326949,784.636864254663,966.614547194308,4.09015399975094,-4.3459248131613,7.45998846170642
0,7.10012430455973,784.642785613728,966.382024837053,4.09970919569917,-4.34399511397607,7.45975873259561
0,7.10218221896964,784.637025960262,966.149912513247,4.1,-4.20906696474041,7.45952901240085
0,7.10751831563269,784.622091301419,965.935134748461,4.1,-3.86996302618497,7.45929930058571
0,7.11571424172981,784.59915255651,965.731011252596,4.1,-3.34911960914382,7.45906959788019
0,7.12607946488299,784.570142386455,965.527587435334,4.1,-2.69041939863436,7.45883990462464
0,7.13772895578502,784.53753780987,965.31541451375,4.1,-1.95010517711705,7.458610220117
0,7.14999999992974,784.503193631059,965.085169102833,4.1,-1.1702918299418,7.45838054460556
0,7.16237736705092,784.468551875671,964.837816871413,4.1,-0.383721757325724,7.45815087545655
0,7.17376720683642,784.436674010217,964.540629210515,4.1,0.34009187924573,7.45792121904905
0,7.18371258968445,784.40883888854,964.201874212237,4.1,0.972111632104097,7.45769157049813
0,7.19179719553936,784.386211706548,963.816428544149,4.1,1.48588075215304,7.45746192970961
0,7.19740831420078,784.370507376542,963.369957500931,4.10026712892341,1.84870934077394,7.45723229692573
0,7.19841272799027,784.367696651025,962.797296129871,4.10216560159343,1.9569378774949,7.45700267505828
0,7.19204678265286,784.38551771675,961.847972497461,4.11596765541815,1.8831490890223,7.45677306219195
0,7.17943525469808,784.420824079525,960.560889048088,4.14065807792615,1.68952944224526,7.45654345650138
0,7.15921004757366,784.477447916042,958.844073984175,4.17939772544389,1.38313928428218,7.45631385912117
0,7.13003595455035,784.55913647006,956.659995010998,4.23189950119245,0.957430927843234,7.45608427386171
0,7.0964945804455,784.65306317615,954.273367060789,4.28926268871857,0.482412096598106,7.45585469610407
0,7.05939423898843,784.756964369523,951.727775588387,4.35014381866584,-0.0306569215025705,7.45562512483931
0,7.01761899959763,784.873984026531,949.043700556157,4.41051579621613,-0.56903649417539,7.45539556649148
0,6.97459016684715,784.994529057731,946.354954440477,4.46837709471503,-1.10278615483325,7.45516601363815
0,6.92993715065065,785.119656318018,943.722816237302,4.51840305846698,-1.60850068058337,7.45493647182328
0,6.88562030034726,785.243875118372,941.249325500916,4.55757710198723,-2.06003327476174,7.45470693839328
0,6.84151697643633,785.367516881686,938.876604717553,4.58985820536749,-2.47715050253323,7.4544774102892
0,6.8001009898492,785.483701157487,936.955690869983,4.59537781364215,-2.75622754250821,7.45424789630894
0,6.75851618706726,785.60039497864,935.238361412087,4.58645421136453,-2.99207390761452,7.45401838911376
0,6.71546575535876,785.721244546794,933.732968283183,4.55999334854959,-3.19427864918975,7.45378889100618
0,6.67051062065943,785.847481318321,932.370600673459,4.51964528223724,-3.37720896204737,7.45355940179404
0,6.6237698302828,785.978774888122,931.098879920655,4.46888222622548,-3.54481083830075,7.45332992148084
0,6.57515209660644,786.115392326135,929.863553002515,4.41070448911062,-3.70001933462033,7.45310045128048
0,6.52535736810553,786.255353596354,928.614324911341,4.35008187331047,-3.84977694635612,7.45287098789533
0,6.47413338965669,786.399380087547,927.315652406906,4.28844589231835,-3.994973858458,7.45264153320614
0,6.42119863948437,786.548287784701,925.852980321976,4.23189683099664,-4.14134320923549,7.45241209027921
0,6.36733946295798,786.699841122946,924.246410511755,4.18142189630317,-4.29184649438909,7.45218265442248
0,6.31261081786669,786.853887055213,922.475407226381,4.13841060386703,-4.44808071490302,7.45195322559174
0,6.25654170443906,787.011793982546,920.326457296599,4.11439829229513,-4.62103691732523,7.45172380920258
0,6.1999580340975,787.171188413989,917.985057514335,4.10011811784795,-4.80315542001038,7.45149439787972
0,6.1360493512366,787.351404908286,913.730817322141,4.11014114358671,-5.02273465554491,7.4512649978974
0,6.06116054715581,787.56278471955,906.67658154906,4.13741348789354,-5.28141616856103,7.45103560680084
0,5.9784508271659,787.796380265781,897.436477303528,4.17838881675255,-5.56803909853629,7.45080622450789
0,5.890923000162,788.043690182308,886.561356596462,4.22998965453964,-5.8720618103164,7.45057685137588
0,5.80213504671327,788.294643002897,874.685559216038,4.28869819083034,-6.18100466603604,7.45034748804837
0,5.71486919493085,788.541340323443,862.537636025489,4.34999999964666,-6.4849584785975,7.45011813201019
0,5.63183864951381,788.776109113317,850.526213681205,4.41176503516038,-6.77445381881382,7.44988878469776
0,5.55740844277622,788.986595620826,839.402353096203,4.4698483056457,-7.03419488251901,7.44965944719285
0,5.49804506764042,789.154498652355,830.276433894795,4.51811188270405,-7.2415222166784,7.4494301211025
0,5.44343592067101,789.308960203347,821.82726263048,4.56292344693512,-7.4322806171818,7.44920079800894
0,5.41241706547307,789.396708562984,816.908796887466,4.58928585570405,-7.54071194277596,7.44897148752552
0,5.40098507452971,789.42905009318,815.076776017407,4.59914808234721,-7.58068677032495,7.44874218587503
0,5.4,789.431836933171,814.918635861969,4.6,-7.58413151063161,7.44851289288731
0,5.4,789.431836933171,814.918635861969,4.6,-7.58413151063161,7.44828360880625
0,5.4,789.431836933171,814.918635861969,4.6,-7.58413151063161,7.44805433372013
0,5.4,789.431836933171,814.918635861969,4.6,-7.58413151063161,7.44782506709137
0,5.4,789.431836933171,814.918635861969,4.6,-7.58413151063161,7.44759581039184
0,5.4,789.431836933171,814.918635861969,4.6,-7.58413151063161,7.44736656097069
0,5.4,789.431836933171,814.918635861969,4.6,-7.58413151063161,7.44713732216552
0,5.4,789.431836933171,814.918635861969,4.6,-7.58413151063161,7.44690809078451
0,5.4,789.431836933171,814.918635861969,4.6,-7.58413151063161,7.44667886925845
0,5.4,789.431836933171,814.918635861969,4.6,-7.58413151063161,7.44644965720871
0,5.4,789.431836933171,814.918635861969,4.6,-7.58413151063161,7.44622045391409
0,5.39751718586392,789.438885675858,814.813395918754,4.61744587637238,-7.56284982329409,7.44599125956719
0,5.3855724470558,789.472797747843,814.302407827941,4.70095366571533,-7.46119509382156,7.44576207339596
0,5.35732156502189,789.553007074129,813.077423508121,4.89697103465679,-7.22333703812815,7.44553289605955
0,5.31303831952586,789.678741594256,811.119655055577,5.2008109120204,-6.85638778204454,7.44530372755756
0,5.25571602586943,789.841508934828,808.522863764813,5.58841945931777,-6.39121433817336,7.44507456790196
0,5.18811572281471,790.033477095833,805.365530845904,6.03687732769495,-5.85755092368879,7.44484541741379
0,5.11295720773344,790.246936829758,801.691226000968,6.52054543207791,-5.28996824045799,7.44461627770616
0,5.03536378627435,790.467341343388,797.726556055882,7.00430535110709,-4.73086143183118,7.44438714623656
0,4.9577007919865,790.687979851795,793.54557578243,7.46918500763722,-4.2045607381429,7.44415802299946
0,4.88232450286892,790.902167298323,789.221699727743,7.89626562761822,-3.73533658852442,7.44392890799752
0,4.81180412134507,791.10261524968,784.83061124447,8.26453827928776,-3.35030890004547,7.44369980139482
0,4.75183517641312,791.273176061412,780.483017898018,8.52227976312206,-3.11847899261225,7.44347070573604
0,4.70261874430348,791.41326548768,776.146739177196,8.67769515622409,-3.02696775355484,7.443241619215
0,4.65927045188694,791.536723588039,771.569100636652,8.7837468373482,-3.00510555725983,7.4430125403303
0,4.61960776069628,791.64973478183,766.599063687449,8.86497157561812,-3.02037099937969,7.44278346908573
0,4.58232347130523,791.756004305296,760.971550095923,8.93983063402137,-3.04918390711945,7.44255440904023
0,4.54689679749972,791.857009755896,754.921330928702,9.00808029591586,-3.08912827003157,7.44232535911795
0,4.51228485500549,791.955706794845,748.708706335829,9.07301604096346,-3.13409429658826,7.44209631398452
0,4.47968888821487,792.048693419119,742.192823036836,9.12797146115243,-3.19208435097831,7.44186728219696
0,4.44788737058735,792.139431202269,735.653927010959,9.17725004312566,-3.25579299037676,7.44163825713437
0,4.41696312759478,792.227685690869,729.089619061308,9.22025994686912,-3.32581640711871,7.44140923949786
0,4.38710416505838,792.312928143146,722.715860533182,9.25165443512542,-3.40485345905725,7.44118023424363
0,4.35760548353851,792.397152984752,716.475227398353,9.27787829408938,-3.48735648680632,7.44095123422124
0,4.32874557183506,792.479577022774,710.688837166796,9.29098781081538,-3.5773312174567,7.44072224679211
0,4.30067693378786,792.559748854934,705.198977342101,9.28715196345258,-3.68672770004729,7.44049326664862
0,4.27335573468457,792.637793248174,699.989220832344,9.26730948559167,-3.81447001488463,7.44026429338716
0,4.24931042814485,792.706486604406,695.006919900457,9.18550255691893,-4.03317159411101,7.44003533325713
0,4.22629049078996,792.772255598704,690.101280897274,9.08023187817495,-4.28544867676329,7.43980637864758
0,4.20516743865171,792.832619744293,685.348343469997,8.92345736815706,-4.60999811407385,7.43957743705733
0,4.18405579036708,792.892956040551,680.622540867873,8.75931749811207,-4.94351839995106,7.43934849818544
0,4.16301002307723,792.953131448939,676.05349836946,8.55262734092778,-5.32886401154062,7.43911957501775
0,4.14172043450644,793.014007398215,671.497683357125,8.34372399596503,-5.71560693900917,7.43889065348184
0,4.11791974097065,793.082098188204,667.07809765929,8.11202712454043,-6.11674076307186,7.43866174875155
0,4.09395276607377,793.150665738522,662.661927224297,7.88033247917201,-6.51699875076465,7.4384328445685
0,4.06450610465833,793.234944593687,658.358304399178,7.64871119193611,-6.8883941604927,7.43820395841947
0,4.0350594432429,793.319223448852,654.054681574058,7.4170899047002,-7.25978957022075,7.43797507227044
0,3.98810338043528,793.453770717923,649.50157815834,7.18131207709584,-7.59266643218355,7.43774620871246
0,3.94061321089481,793.589851374556,644.94086458736,6.94540745839528,-7.92436832446921,7.4375173458436
0,3.89312304135435,793.725932031189,640.38015101638,6.70950283969473,-8.25607021675487,7.43728848297473
0,3.8199211294133,793.935961610844,635.27315444687,6.42359879842803,-8.62078648776938,7.43705964191442
0,3.74273375462824,794.157453684189,630.081480979194,6.12994456902727,-8.99062017080879,7.43683080423456
0,3.66153123267925,794.390525398961,624.977672350873,5.83249206868659,-9.35388870019372,7.43660197354943
0,3.57328799003476,794.643902476827,620.027938222837,5.52837914875933,-9.70564497079538,7.43637315512983
0,3.4848465066546,794.897920216423,615.476657015932,5.23429733101774,-10.0283513615413,7.4361443453715
0,3.39623044112491,795.152502159446,611.276276279677,4.94904947656622,-10.3254747637505,7.43591554324076
0,3.31296510074577,795.391824569556,607.94008902088,4.69434428124495,-10.5597172884508,7.43568675252494
0,3.23198977270961,795.624616179125,604.97376073903,4.45271078451182,-10.7670479495096,7.4354579666945
0,3.16485335539481,795.817815184677,603.521489194073,4.27140469123686,-10.864220851396,7.43522919519605
0,3.10038990997339,796.00336359128,602.39871875842,4.100963044162,-10.9405360266296,7.43500042649462
0,3.05095406679281,796.145832991325,603.873722891607,3.97576123623138,-10.9080163595337,7.43477167409745
0,3.00284301712616,796.284495882045,605.827592239447,3.8518528997696,-10.8653908574071,7.4345429248573
0,2.95983916531204,796.408484337813,609.627529952081,3.73293101186651,-10.783806454573,7.43431418778769
0,2.91909323909066,796.525997624236,614.205168721473,3.61942868690454,-10.6860087895104,7.434085458818
0,2.87987903193497,796.63911832112,619.310380029068,3.50960285505255,-10.5772124613597,7.43385673534309
0,2.842717545588,796.746392023806,624.967784367628,3.41499013128928,-10.4568870335234,7.43362802733967
0,2.8055104868203,796.853823495077,630.504092792296,3.32728406744163,-10.3390788108162,7.43339932470294
0,2.76817796993608,796.961658821743,635.825648105141,3.2506962414536,-10.2257358608879,7.43317063061711
0,2.72758001109122,797.078998052753,639.481182729296,3.20239690846702,-10.1471171156875,7.43294195329254
0,2.68598089535024,797.199251100482,642.625929496346,3.16277058825816,-10.0791445180668,7.43271328110683
0,2.64438177960925,797.319504148211,645.770676263395,3.12314426804929,-10.011171920446,7.43248460892113
0,2.59581722682749,797.459987567949,646.784006839607,3.11002271607371,-10.0271107780842,7.43225595095083
0,2.54171880602766,797.616543519532,646.103979795524,3.11795854906819,-10.1097152183539,7.43202730427432
0,2.48762038522783,797.773099471116,645.423952751442,3.12589438206268,-10.1923196586235,7.43179865759782
0,2.42075867999082,797.966840537948,642.627573973846,3.16153743503573,-10.4783294701966,7.43157003434992
0,2.35363297457036,798.161350754547,639.787419846055,3.19775359371626,-10.7685465887212,7.43134141158662
0,2.28551692901325,798.358771114146,636.615125986719,3.23845718610114,-11.0848270238609,7.43111279472121
0,2.21621089506011,798.559722021937,632.796229493757,3.28793837668633,-11.446416757546,7.43088419063659
0,2.14855013489394,798.755949478886,628.712852878474,3.3411281249371,-11.8108441931466,7.43065559552916
0,2.08533328247527,798.93933873393,624.502367452353,3.39629629537154,-12.1497148653063,7.43042701114984
0,2.02822436260534,799.105050425202,620.352078482926,3.45096339979281,-12.4401500652289,7.43019843609973
0,1.97452322121284,799.260896164093,616.25853759592,3.50503299276861,-12.7022477796672,7.42996986571988
0,1.9355225268421,799.374150650101,612.640337003846,3.5533548168227,-12.8290014977345,7.42974131015474
0.0171769485376054,1.90243601308723,799.470260337392,609.168269967739,3.60007407140504,-12.9001702333819,7.42951276060445
0.0537528887540107,1.87577838649961,799.54773271321,605.853145087546,3.64508133526739,-12.9108684491903,7.42928421759481
0.213448770367768,1.85433332617126,799.610075424689,602.190732562277,3.69569751830518,-12.882306428365,7.42905568759683
0.454671822146312,1.83497063229778,799.666371385263,598.361335403735,3.74897356755769,-12.8412447465204,7.42882716579666
0.773990335277304,1.81731669392852,799.717705845913,594.444566214478,3.80370370257507,-12.7910578565889,7.42859865206622
1.16937282512562,1.80111082530639,799.764836585481,590.522783497041,3.8586524827113,-12.7341494705784,7.42837014648873
1.64548789005383,1.78616390196691,799.80831389703,586.698635055043,3.9122936187889,-12.6728921855328,7.4281416499415
2.21789833026388,1.77217087046442,799.849026088217,583.193785254987,3.96134139938961,-12.6119351413218,7.42791316490782
2.86251666314892,1.75842966790436,799.889012345978,580.099992856697,4.00437798719702,-12.5558463088134,7.42768468913598
3.53700475373028,1.74477562598669,799.928747774128,577.182539703525,4.04483374597977,-12.501941707504,7.42745621721847
4.32252310746507,1.73043090653402,799.970501018874,575.296299317183,4.07007649448795,-12.4663215423288,7.42722776100367
5.16925787972487,1.71560200119001,800.013665068694,573.733999955359,4.08793072054341,-12.4385820933537,7.42699930897025
6.20952518167345,1.6992136544678,800.061372149839,573.127884288548,4.08270401793094,-12.4351459918088,7.42677086891284
7.87248852502458,1.68123080247951,800.113729614902,572.734971124396,4.03237212588464,-12.4572670116181,7.42654243635733
10.1754205956119,1.66160921595966,800.170866458796,572.561174391372,3.93568389181196,-12.5056540702928,7.42631401151182
13.6157005777063,1.64032870740598,800.232846931988,572.399243150243,3.76972243502857,-12.5887085062761,7.42608559835335
17.4478330639542,1.61852667937504,800.296350417642,572.241675060985,3.58052761117879,-12.683389944306,7.42585718934066
22.4460770349959,1.59670211172913,800.359930064689,572.105501293834,3.34155726790885,-12.8029812485865,7.42562879631006
27.6718881088696,1.57553538114562,800.421595099825,571.977142210138,3.10125786008596,-12.923237675414,7.42540040797646
33.4367614744267,1.55592693886479,800.478724791009,571.867294594574,2.85781015633279,-13.0450696484427,7.4251720307692
39.3812009208705,1.53830619506537,800.530064784419,571.771683390901,2.63190810520149,-13.1581210027018,7.42494366076793
45.5630707973901,1.52331367650189,800.5737493764,571.694896217809,2.42920571308929,-13.2595622239084,7.42471530029475
51.7480568335075,1.51226935715208,800.605930612815,571.639862299055,2.27635970463606,-13.3360531108313,7.42448694927299
57.9354479554789,1.5042723008773,800.629233434349,571.601617778486,2.16199339509286,-13.3932870585123,7.42425860554593
64.123430702908,1.51615048879929,800.594804379302,572.744496530683,2.1208681091567,-13.3851447002929,7.42403027350983
70.3116692182911,1.53662102256896,800.535417027134,574.397991381373,2.11140594136085,-13.348739251317,7.42380194652789
77.0695870851531,1.60878871641236,800.326031333158,579.918128452744,2.12678618813776,-13.2034935876135,7.4235736303078
84.3343292748148,1.72479251268301,799.989502933165,588.636750526225,2.15568872330603,-12.970674940022,7.42334532378535
91.9871136893442,1.87481992431759,799.554350762594,599.679417380386,2.19353463508314,-12.6731995595804,7.42311702655799
99.9328512811109,2.05232146050867,799.039646623085,612.341756070045,2.23911428863686,-12.3274970395089,7.42288873982918
107.981902183049,2.24074090108885,798.49338526649,625.480904786536,2.28809620605471,-11.9651891277404,7.42266045919543
116.11869612537,2.44094355886345,797.913166816063,638.830929848182,2.34134651968143,-11.5896007184497,7.42243218862671
124.176142964989,2.64061338499856,797.334805071313,651.201133923957,2.39629629537805,-11.2293374297474,7.42220392866586
132.087384279219,2.83318379928002,796.777300253307,662.239006926298,2.45101775420786,-10.895308698737,7.42197567633984
139.79042599956,3.01398273845877,796.254232312414,671.50702266318,2.50450145044273,-10.5980942462806,7.42174743165039
147.078800599185,3.16899182184135,795.806434629358,677.427598583593,2.55423214857841,-10.3734341119253,7.42151919760502
153.811565247893,3.28804378921233,795.463409318369,678.738579553952,2.59760274467171,-10.2418829666017,7.42129097653804
160.415578020769,3.39876338937436,795.144662981175,678.981375918071,2.63949950994704,-10.1319080313062,7.42106275847855
166.862435971704,3.50043967363821,794.852209946708,677.585913350903,2.67936880469669,-10.0421233263959,7.42083454814098
173.109515453561,3.59207337868305,794.588943188102,674.188958439477,2.71711817733474,-9.97276736035902,7.42060635020694
179.229524813519,3.67883096736617,794.339859401061,669.853513429518,2.75432098686182,-9.91183029030482,7.42037816161588
185.249708474276,3.76228951423963,794.100386375497,664.989042404199,2.79149415026945,-9.85621272867069,7.42014998042936
191.10545260191,3.84153767887085,793.873219037323,659.733245566069,2.82953884560745,-9.8063776502592,7.41992181158912
196.889919151655,3.91946254076427,793.649940485173,654.504844199221,2.8683385673788,-9.75782747757702,7.41969364816156
202.546567902118,3.99554843833884,793.432097166443,649.535440602277,2.90889378547446,-9.71028121403392,7.41946549450529
208.087286255729,4.07079696671471,793.216791134985,645.127574491475,2.95166575531589,-9.66162328194318,7.41923734981267
213.506411098348,4.14605184376911,793.001598171036,641.656887732591,2.99742793106392,-9.6096455528015,7.4190092146293
218.802329002068,4.2222944811129,792.783693051907,639.522483718622,3.04695787168263,-9.5519147014085,7.41878108920085
224.020997615447,4.300274106417,792.56091069718,638.869970519323,3.10034573774331,-9.48671987940117,7.41855297255324
229.401036021093,4.38055274545646,792.331674765644,639.516172762687,3.15676822737843,-9.4111917460085,7.41832486387548
235.21438034242,4.4635571669269,792.094850289099,641.381099669652,3.2163780092772,-9.32118475640006,7.41809676529343
241.261657487653,4.54791401360703,791.854320633833,644.078332131686,3.27939961907692,-9.22202654303878,7.41786867570384
247.378403877313,4.6326098995951,791.612956226426,647.388873578813,3.3463527254751,-9.11749855953367,7.41764059492478
253.387708294171,4.71654529668144,791.373884814476,651.132076939752,3.41823668161466,-9.01126826529702,7.41741252368705
259.142778280741,4.79882473098316,791.139630102627,655.059124935076,3.49509437407302,-8.90709336869535,7.41718446094262
264.420867119145,4.87806002782552,790.91414620631,658.963894449253,3.57835999303541,-8.80943164659014,7.41695640798173
269.145035582808,4.95379221263065,790.698711863327,662.654753556756,3.6675721684037,-8.72069237759251,7.41672836323708
273.109303283432,5.02474143229265,790.496967297042,665.918131599991,3.76387841514174,-8.6451602234511,7.41650032752576
276.146203505505,5.08987387247238,790.311843511924,668.540615402137,3.86789760513255,-8.58660415460599,7.41627230085129
278.08826956585,5.14815571903319,790.146271511861,670.308625655916,3.98024861000715,-8.54879314088985,7.41604428321718
278.630351814588,5.19816095825967,790.004329036349,670.097596604054,4.13315222643833,-8.53768871164636,7.4158162790041
278.841488846753,5.24623801307677,789.867892349302,669.367860992012,4.29742439229812,-8.53289672102897,7.41558827810023
278.839403102047,5.29334262205213,789.734284533355,666.556573249338,4.53421518018364,-8.53090546861893,7.41536028866014
278.685721479081,5.33975584719128,789.602687971576,662.265355791749,4.82256483226541,-8.53090546861893,7.41513230737051
278.500366193663,5.38541992729303,789.473235706391,657.363469182369,5.13119065447647,-8.53090546861893,7.4149043310557
278.238076704422,5.42876807529607,789.350394880709,651.161972168161,5.48091640988817,-8.53090546861893,7.41467636701383
277.913954362905,5.46865876405418,789.237380036017,644.507122544875,5.83746261199315,-8.53090546861893,7.41444841344476
277.543147577611,5.50497661417479,789.134504712701,637.866892869463,6.18335311750602,-8.53090546861893,7.41422046814989
277.125717122428,5.53690096083819,789.044088913185,631.547555518666,6.50504818075834,-8.53090546861893,7.41399253143331
276.653502429092,5.56227567534671,788.972234912111,626.120356508041,6.7755329219622,-8.53090546861893,7.41376460532564
276.144455207944,5.58231099188385,788.915506346403,621.640620154377,6.99621745268876,-8.53090546861893,7.41353668670759
275.591362923974,5.59493206931604,788.879774896256,618.676229528052,7.14044669732316,-8.53090546861893,7.41330877743843
274.912882359297,5.59918723840837,788.867729183436,617.72390120658,7.18795725016908,-8.53003075275115,7.41308087840955
273.778801820823,5.6,788.865428440304,618.039097210575,7.18238935244192,-8.52463409696851,7.41285298760075
271.968825479841,5.6,788.865428440304,619.19581977316,7.14796381508409,-8.51258964412947,7.41262510500455
269.356602646167,5.6,788.865428440304,621.06900820808,7.09119718049353,-8.49333231206963,7.41239723221248
265.734653395908,5.6,788.865428440304,623.711148724947,7.00799890592842,-8.46692990199114,7.41216937448596
262.112704145649,5.6,788.865428440304,626.353289241815,6.92480063136331,-8.44052749191266,7.41194151675943
257.816734820609,5.6,788.865428440304,629.298524789751,6.82662921432697,-8.41241533106627,7.41171367340382
253.195612239576,5.6,788.865428440304,632.389976066141,6.72123462069825,-8.38347837130081,7.41148583698085
248.435831259589,5.6,788.865428440304,635.389589718352,6.61471882391674,-8.35643413857264,7.4112580066789
243.328209003125,5.6,788.865428440304,638.158817640854,6.50539035412878,-8.33413803934118,7.41103019173224
238.220586746661,5.6,788.865428440304,640.928045563355,6.39606188434083,-8.31184194010973,7.41080237678558
233.08798593763,5.59914276821311,788.867855457626,642.729343201327,6.29785339291419,-8.30670992989649,7.41057458169821
227.952468612825,5.59818544535723,788.870565855432,644.417624525201,6.20094327905392,-8.30358201244352,7.41034678892964
222.414308495036,5.58890902353674,788.896833995435,645.764223610545,6.09666559953549,-8.33447622146723,7.41011900885931
216.482868014735,5.57150694216491,788.946112102467,646.777085405726,5.98519166829381,-8.39860145925225,7.40989124119196
210.551427534433,5.55410486079309,788.995390209499,647.789947200908,5.87371773705213,-8.46272669703727,7.40966347352461
204.33664068839,5.53159526595352,789.059141510701,648.734269724665,5.76055705971718,-8.54267160395304,7.40943571375159
197.358978024673,5.49533430887995,789.161860136604,649.494058550259,5.64285502254604,-8.66520905653955,7.40920797523308
190.381315360956,5.45907335180638,789.264578762507,650.253847375853,5.5251529853749,-8.78774650912606,7.40898023671458
183.385937814063,5.42251132208702,789.368153151347,651.00624935762,5.40875497187486,-8.91043763372327,7.40875249926018
175.913096174838,5.37783456893904,789.494792669677,651.559555886825,5.32750392899313,-9.03727063531627,7.40852479048618
168.440254535614,5.33315781579105,789.621432188006,652.11286241603,5.24625288611139,-9.16410363690927,7.40829708171219
160.96741289639,5.28848106264307,789.748071706335,652.666168945235,5.16500184322966,-9.29093663850226,7.4080693729382
153.339455557949,5.24357671152549,789.875477172575,653.106822478337,5.13672901932272,-9.38409722908385,7.40784168763475
145.672893961342,5.19861571720016,790.003073263304,653.519439614307,5.12164109451238,-9.46887763342821,7.40761400817249
138.006332364736,5.15365472287484,790.130669354033,653.932056750276,5.10655316970204,-9.55365803777257,7.40738632871024
129.890140524358,5.10556417894475,790.267222545527,654.324972163691,5.1,-9.62824035865045,7.40715866015712
121.247025793032,5.0532123996579,790.415963239281,654.692902935624,5.1,-9.69313161932674,7.40693100491459
112.346785698553,4.99771940100043,790.573686152076,655.038815970811,5.1,-9.75494253506444,7.40670335870587
103.333071039878,4.93958078240442,790.73898703927,655.355148430277,5.1,-9.81429316470788,7.40647572153444
94.3316510443294,4.87945840094477,790.909982304892,655.638882632308,5.1,-9.87192564805775,7.40624809248917
85.5010896815071,4.8174870248376,791.086305055164,655.875192613976,5.1,-9.92816401308919,7.40602047322735
76.9842234173541,4.75433499634296,791.266055220364,656.059361652492,5.1,-9.98377826530135,7.4057928630484
68.936536379167,4.69050130944379,791.447820296033,656.182663105084,5.1,-10.0394068206184,7.40556526210622
61.5000589025529,4.62650735406079,791.630121823221,656.238172280179,5.1,-10.0956901755533,7.4053376702784
54.8775147246691,4.56291175330412,791.811382093334,656.213084831243,5.1,-10.1533803085879,7.40511008813445
49.0682760822001,4.50033439304638,791.989828658093,656.110691146971,5.09814267911309,-10.2124604764468,7.40488251497557
43.6557640520062,4.43981431676675,792.162465217664,655.955871643769,5.08374024898761,-10.2702450913385,7.40465495083367
38.2874985490858,4.38144273042951,792.329012003276,655.771402696429,5.04944890773445,-10.3249609982413,7.40442739569983
32.9705137695479,4.32440296914783,792.491814326418,655.559140698223,4.99516507748812,-10.3771917950723,7.40419985002338
27.7841253896744,4.26758413466407,792.654053839736,655.320423131223,4.92559969385521,-10.4283692159207,7.40397231277605
22.7983486200713,4.21017113490335,792.818070643384,655.054117017279,4.8430509422507,-10.4794816893382,7.40374478386753
18.1568094062819,4.15085607266268,792.987634608066,654.752809320719,4.74814101355172,-10.5319509880308,7.40351726491051
13.9286089864055,4.08866847825866,793.165525104038,654.417707299444,4.64500377342737,-10.5870288487173,7.40328975499614
10.2056257260532,4.02256344442901,793.354743036647,654.046987074459,4.5363773825474,-10.6459712420043,7.4030622541279
7.02592984418437,3.95196531337845,793.556935662673,653.641893747999,4.42500000157058,-10.709535994163,7.40283476160266
4.48270417004826,3.87586816240693,793.774994187372,653.199831401444,4.31304384787575,-10.7789073652457,7.4026072776897
2.94568390837603,3.79067597224271,794.019271722496,652.704967407022,4.20468531506826,-10.8581265932437,7.40237980540933
2.06380235397383,3.69598782440459,794.290988039032,652.061238206059,4.09869867195096,-10.9478780044243,7.40215234048284
1.69700006276764,3.56812873659533,794.658930227264,650.417259142835,3.98163413691663,-11.0749751867675,7.4019248857615
1.41396254745867,3.40167939949545,795.138963981521,647.44389234278,3.84577651455008,-11.2458037151699,7.40169743979984
1.15141125729347,3.20567295366651,795.704896961653,643.412767321542,3.69543336917707,-11.4503171240494,7.40147000148527
0.913878434298151,2.98349695301863,796.346948171395,638.397082794363,3.53320232637142,-11.6849805791525,7.40124257232805
0.70573172214762,2.74560187282694,797.034854241359,632.688404033698,3.365787022013,-11.9384339802624,7.40101515365217
0.523979360743085,2.50625084836531,797.727227559079,626.745992926484,3.20111694961594,-12.194748751964,7.40078774415897
0.367588388433346,2.27521349119828,798.395728902306,620.87533918262,3.04476192541693,-12.4430626547034,7.40056034331147
0.234848622369328,2.05917999740202,799.020942348521,615.291820652762,2.90039950549573,-12.675889777057,7.40033295039405
0.13690772788226,1.87977786401906,799.54025676561,610.57049564869,2.78219033405024,-12.8698199895465,7.40010556887827
0.0622203801030497,1.7337545902679,799.962996337739,606.693132261227,2.68666018554477,-13.0279065461177,7.3998781948186
0.0204780175003956,1.64539958615029,800.218817462935,604.323215757149,2.62932723963252,-13.1237240667869,7.39965083113275
0.00137297452925668,1.60547441380178,800.334414783862,603.247737227564,2.60382151817606,-13.1633810386618,7.39942347487481
0,1.6291105139213,800.265875486232,603.898458283292,2.62239270301639,-13.0958801620656,7.39919612847004
0,1.70291252488497,800.051901714078,605.926993394263,2.67916348068075,-12.9003528411716,7.39896879223344
0,1.80844768195328,799.745924202655,608.829414548661,2.76034437073329,-12.6207533254911,7.39874146425506
0,1.93919195297469,799.366858043175,612.427582868165,2.86091688690361,-12.274366056347,7.39851414454814
0,2.08938210844632,798.931412535838,616.564624340224,2.97644777572794,-11.8764598429448,7.39828683393563
0,2.24999999821752,798.465733954714,620.994378666294,3.09999999862886,-11.4509269168832,7.3980595342646
0,2.4087060495998,798.005598356315,625.375819392836,3.22208157661523,-11.0304591189025,7.3978322433592
0,2.5586342693259,797.570912277871,629.518615136974,3.33741097640454,-10.633246864837,7.39760496064252
0,2.69091450863514,797.187392893822,633.177097905425,3.43916500664241,-10.2827902788765,7.397377686985
0,2.79667661870368,796.88075737879,636.10443130352,3.52052047592591,-10.0025894853781,7.39715042239012
0,2.8670166300299,796.676820963504,638.052466330919,3.57462817694608,-9.81623421149489,7.39692316686817
0,2.89555995715153,796.594054258995,638.864592433477,3.59454155017163,-9.7446284023336,7.39669592026159
0,2.88430844509132,796.626577750051,638.740551216243,3.56798274754081,-9.80964079645586,7.39646868267933
0,2.8443770748349,796.742081388305,638.162945735089,3.48772949161061,-10.013088556322,7.39624145457673
0,2.78067517166303,796.926363668678,637.233657616757,3.3627079691936,-10.3323714271896,7.39601423636353
0,2.6996652420391,797.160746101746,636.040794958222,3.20799459572025,-10.7308985757077,7.39578702716793
0,2.6041331417529,797.437193405784,634.616194818267,3.03245859404518,-11.1887369506142,7.3955598280963
0,2.50117681947548,797.735171818031,633.063421055715,2.85000000308934,-11.6703640138784,7.39533263652841
0,2.39275972634826,798.0490121344,631.407029132495,2.66601571805247,-12.1632299800529,7.39510545270991
0,2.28163457000582,798.370797709943,629.669618730482,2.49254980662559,-12.6418819361036,7.39487827978542
0,2.17415199980967,798.682173110357,627.937215816177,2.34438299395694,-13.0704233511049,7.39465111687654
0,2.07262486202556,798.97643172439,626.249155798985,2.22380180551155,-13.4412153404402,7.39442396172692
0,1.97943907822751,799.246681079467,624.634458387782,2.13670732017061,-13.7400152148269,7.39419681445768
0,1.90338883267409,799.467554787204,623.182210358211,2.10998688815358,-13.9050282301846,7.39396967918142
0,1.83391742225903,799.669462027815,621.746901339294,2.1,-14.0258023419058,7.39374255142805
0,1.76963333626896,799.856417184033,620.298008785897,2.1,-14.1147676233041,7.39351543229206
0,1.70813015711688,800.035366201383,618.800752555144,2.1,-14.1918133065022,7.39328832290013
0,1.64875552161905,800.208199705722,617.276047093055,2.1,-14.2597437106926,7.39306122254476
0,1.59109145929331,800.376132640696,615.740052887351,2.1,-14.3203579255317,7.39283413122939
0,1.53488932329208,800.539902033468,614.213292515393,2.1,-14.3747355119868,7.39260705075852
0,1.4791986795983,800.702225904849,612.698326712199,2.1,-14.4269383539757,7.39237997549679
0,1.4241964229445,800.862656123577,611.2388279206,2.1,-14.4762480884058,7.39215291378802
0,1.36904754196939,801.023568711834,609.82792393007,2.1,-14.52622554941,7.39192585917581
0,1.31377086129203,801.184901739766,608.459375812373,2.1,-14.5767850097483,7.39169881074906
0,1.2570673110892,801.350500947738,607.236546483411,2.1,-14.6335635042441,7.39147177731647
0,1.1985647372891,801.521416834116,606.056816305822,2.09416337912277,-14.6941772288915,7.39124475044064
0,1.13735477367942,801.700330968878,604.935307358284,2.07926752531583,-14.7603735397752,7.39101773284921
0,1.07320031049325,801.887957247224,603.814773634701,2.04814096964772,-14.8298083090163,7.39079072381875
0,1.00606434046965,802.08440516571,602.695227391952,2.00057972030147,-14.9025222384287,7.39056372345685
0,0.937985767419926,802.283703604883,601.601944300944,1.94063390071087,-14.9762270267464,7.39033673347139
0,0.86928382058487,802.484887185332,600.526029879315,1.87249776534698,-15.050587102019,7.39010975034822
0,0.802869935945655,802.679449035954,599.521458364272,1.80029221164652,-15.12273665843,7.38988277942129
0,0.737404398324294,802.871266338048,598.546456776494,1.72639998144275,-15.1939700076792,7.38965581354941
0,0.680210765132796,803.038925116769,597.729584710193,1.66295412247442,-15.2570682930529,7.38942886421435
0,0.624931993906205,803.200991442395,596.94931802404,1.6019264924786,-15.3182833936619,7.38920191870739
0,0.575359216909308,803.346356262183,596.261486725193,1.55263462924876,-15.3738630175625,7.38897498008569
0,0.538945070304958,803.45320563077,595.786821274011,1.53040669406201,-15.4164466319853,7.38874805734215
0,0.502530923700608,803.560054999357,595.312155822829,1.50817875887527,-15.459030246408,7.3885211345986
0,0.475972505570856,803.638028384291,594.990092826125,1.51890859235464,-15.4918663223615,7.38829422362724
0,0.454948704277059,803.699770570745,594.756268732674,1.56771699952895,-15.51918090348,7.38806732452664
0,0.436609777814493,803.753633807909,594.564564843051,1.64322020017714,-15.5437097414043,7.38784043510524
0,0.420161503951781,803.801950342105,594.400635799785,1.73748777282893,-15.5661831244129,7.38761355433149
0,0.405232724266739,803.845811023839,594.256638645265,1.84679318940633,-15.586885475016,7.38738668283393
0,0.391240799179709,803.886926893397,594.121922510783,1.96531631561348,-15.606345873297,7.38715981998587
0,0.377744176431655,803.92659543149,593.987479431099,2.08862952905976,-15.6249184662591,7.38693296622684
0,0.36422765854758,803.966330091748,593.843324127879,2.21157611971568,-15.6430425439212,7.38670612156029
0,0.350176048048676,804.007644327815,593.679473937946,2.32899937751254,-15.661157396303,7.38647928598971
0,0.335074147448716,804.052051593355,593.485949141423,2.43574259230596,-15.6797023134264,7.38625245951857
0,0.318406759277557,804.101065341986,593.252773605805,2.52664905411633,-15.6991165853098,7.38602564215033
0,0.299902531843558,804.155482485327,592.972120507044,2.59970854657461,-15.7196698184485,7.38579883293579
0,0.27715767880735,804.222389582341,592.454445944663,2.65799790911684,-15.742879500582,7.38557203420657
0,0.249791323641925,804.302921313387,591.582852248465,2.7165816243142,-15.7688110201922,7.38534524487745
0,0.219242399312029,804.392838081246,590.446895750013,2.77470799882166,-15.7964589154322,7.38511846439279
0,0.186663016329193,804.488745333966,589.118353788101,2.83147007299305,-15.8250101700998,7.38489169249977
0,0.153151178919431,804.587409773678,587.650383764993,2.8853223178484,-15.8535682143562,7.38466493083032
0,0.120304114136036,804.684125208279,586.143676824858,2.9350663399676,-15.8810164628916,7.38443817887181
0,0.089041498293664,804.77618040311,584.66800429682,2.98054245969362,-15.906806773178,7.38421143487085
0,0.0601230673436503,804.861337055205,583.269194810767,3.02109118408601,-15.9303920419418,7.3839846988296
0,0.0363572855703397,804.931324375407,582.088507988341,3.05301604303267,-15.9495249027148,7.38375797421647
0,0.0171479567429735,804.987895119106,581.120824780377,3.07821930104224,-15.9648821649528,7.3835312572224
