0.000000000000000000e+00,1.140000000000000036e+01,1.217374309205354848e+03,7.539374988415074768e+02,3.600000000000000089e+00,5.171146599105611585e+00,1.120380900715518457e+01
0.000000000000000000e+00,1.134998371865838251e+01,1.212021615019515139e+03,7.540700441919960895e+02,3.574991859329192057e+00,5.116749273425306832e+00,1.120467947100179096e+01
0.000000000000000000e+00,1.129996743731687125e+01,1.206689385081346472e+03,7.542026361547279976e+02,3.549983718658435095e+00,5.062351947745113989e+00,1.120554989608820406e+01
0.000000000000000000e+00,1.124995115597525341e+01,1.201377552235267785e+03,7.543352747542958241e+02,3.524975577987627062e+00,5.007954622064809236e+00,1.120642028238643206e+01
0.000000000000000000e+00,1.119999999999999929e+01,1.196087020355150571e+03,7.544677872176927167e+02,3.500000000000000000e+00,4.953628126235685158e+00,1.120729062986846714e+01
0.000000000000000000e+00,1.119999999999999929e+01,1.192108313238858727e+03,7.544677872176927167e+02,3.500000000000000000e+00,4.953628126235685158e+00,1.120816093850629791e+01
0.000000000000000000e+00,1.119999999999999929e+01,1.188128881732492573e+03,7.544677872176927167e+02,3.500000000000000000e+00,4.953628126235685158e+00,1.120903120827193611e+01
0.000000000000000000e+00,1.119999999999999929e+01,1.184149450226126646e+03,7.544677872176927167e+02,3.500000000000000000e+00,4.953628126235685158e+00,1.120990143913737214e+01
0.000000000000000000e+00,1.120000101393767444e+01,1.180174210227758067e+03,7.544677845274445644e+02,3.499998986062324846e+00,4.953629229249171040e+00,1.121077163107460350e+01
0.000000000000000000e+00,1.122507326603711775e+01,1.178474656825848569e+03,7.544012660162100019e+02,3.474926733962881098e+00,4.980904112988437937e+00,1.121164178405563838e+01
0.000000000000000000e+00,1.125008140670792756e+01,1.176764100441972232e+03,7.543349292806879021e+02,3.449918593292073066e+00,5.008109253022372975e+00,1.121251189805247783e+01
0.000000000000000000e+00,1.127508954737868407e+01,1.175044271409329440e+03,7.542686042105111710e+02,3.424910452621316104e+00,5.035314393056252058e+00,1.121338197303712825e+01
2.276885052920148736e-05,1.129999544622989482e+01,1.173311937760678802e+03,7.542025618910780622e+02,3.399850052598182515e+00,5.062408308004356705e+00,1.121425200898159602e+01
2.510582872030014956e-01,1.124978834255940008e+01,1.168767910724928015e+03,7.543357065967508106e+02,3.324682513839099851e+00,5.007777403648937309e+00,1.121512200585788044e+01
5.011396939105664528e-01,1.119977206121788527e+01,1.164247270832465802e+03,7.544683920096969132e+02,3.249658091826829853e+00,4.953354135178509310e+00,1.121599196363799855e+01
7.512211006186488849e-01,1.114975577987627098e+01,1.159742202356964754e+03,7.546011241087965118e+02,3.174633669814405312e+00,4.898930866707969400e+00,1.121686188229395142e+01
1.002491479453209156e+00,1.109973949853465314e+01,1.155253574735750362e+03,7.547339029186932748e+02,3.100020199202993432e+00,4.844507458441260184e+00,1.121773176179775611e+01
2.759687398240073808e+00,1.104972321719314188e+01,1.151108641942189251e+03,7.548667284640492880e+02,3.225691957017148059e+00,4.790031968215351377e+00,1.121860160212142432e+01
4.510257245196650722e+00,1.099970693585152404e+01,1.146976170300238437e+03,7.549996007695442586e+02,3.350732660371189553e+00,4.735556609496538449e+00,1.121947140323696424e+01
6.260827092153227191e+00,1.094969065450990620e+01,1.142856922433663158e+03,7.551325198598746056e+02,3.475773363725230602e+00,4.681081250777725522e+00,1.122034116511639823e+01
8.020897317008374827e+00,1.090000000000000036e+01,1.138756973746869789e+03,7.552646199449073947e+02,3.600459781341295962e+00,4.626960549342300055e+00,1.122121088773173447e+01
1.756496255291212094e+01,1.090000000000000036e+01,1.136159823460084908e+03,7.552646199449073947e+02,3.650341908173221572e+00,4.626960549342300055e+00,1.122208057105498824e+01
2.706805600781925136e+01,1.090000000000000036e+01,1.133559028100249179e+03,7.552646199449073947e+02,3.700358189514838525e+00,4.626960549342300055e+00,1.122295021505818724e+01
3.657114946270672107e+01,1.090000000000000036e+01,1.130958232740419135e+03,7.552646199449073947e+02,3.750374470856351117e+00,4.626960549342300055e+00,1.122381981971334852e+01
4.610026023393420047e+01,1.090002716153083107e+01,1.128364909853711197e+03,7.552645477279392026e+02,3.799999999999999822e+00,4.626528212512307725e+00,1.122468938499248559e+01
6.465060240964612603e+01,1.097561055030937638e+01,1.127129067617984447e+03,7.550636314686040578e+02,3.799999999999999822e+00,3.423448647234788478e+00,1.122555891086762792e+01
8.315662650600593508e+01,1.105063497232164593e+01,1.125846159797310747e+03,7.548643067466907723e+02,3.799999999999999822e+00,2.229266294758161404e+00,1.122642839731079256e+01
1.016626506024040282e+02,1.112565939433407003e+01,1.124519166491241776e+03,7.546650872340807155e+02,3.799999999999999822e+00,1.035083942279064528e+00,1.122729784429401079e+01
1.201531188136104191e+02,1.120099177987450823e+01,1.123162416727428081e+03,7.544651557451678627e+02,3.799987701075208335e+00,-1.607818910229844855e-01,1.122816725178930142e+01
1.356463692608113547e+02,1.137665255617045013e+01,1.127203158310069512e+03,7.539993647976385773e+02,3.774763920547078211e+00,-1.759578763611738594e+00,1.122903661976869394e+01
1.511514164767124555e+02,1.155170954086610990e+01,1.131131921416158093e+03,7.535357467340982112e+02,3.749755779876270179e+00,-3.356389328631050883e+00,1.122990594820422494e+01
1.666564636926135563e+02,1.172676652556176613e+01,1.134981520924349070e+03,7.530726984578469683e+02,3.724747639205462146e+00,-4.953199893650363173e+00,1.123077523706791681e+01
1.821995783644113942e+02,1.190150623181321698e+01,1.138708574786653116e+03,7.526110566115548863e+02,3.700000000000000178e+00,-6.531589690989110686e+00,1.123164448633179546e+01
2.062578964506586487e+02,1.202634321068051371e+01,1.134758159763181311e+03,7.522815983963292865e+02,3.700000000000000178e+00,-3.716321864015388776e+00,1.123251369596790106e+01
2.302657114946345587e+02,1.215138391403455564e+01,1.130693912223823190e+03,7.519518915477563041e+02,3.700000000000000178e+00,-9.283085184285894131e-01,1.123338286594825597e+01
2.542735265386104686e+02,1.227642461738859581e+01,1.126476370730070812e+03,7.516224735776662556e+02,3.700000000000000178e+00,1.859704827158209950e+00,1.123425199624491277e+01
2.784140895335382879e+02,1.240202126209240774e+01,1.122096509682461374e+03,7.512918814547315378e+02,3.700040500661541110e+00,4.614935759871184651e+00,1.123512108682989741e+01
3.354337349397745811e+02,1.265301204819284031e+01,1.116150360418538867e+03,7.506321006133266565e+02,3.750602409638567725e+00,4.477133118870755268e+00,1.123599013767524646e+01
3.922022142625093011e+02,1.290309345490092241e+01,1.109674218733322277e+03,7.499758618382994655e+02,3.800618690980184233e+00,4.340817544531448746e+00,1.123685914875300185e+01
4.489706935851265825e+02,1.315317486160848759e+01,1.102646703176058509e+03,7.493207694921669599e+02,3.850634972321697269e+00,4.204501970192423776e+00,1.123772812003520016e+01
5.057889639933566741e+02,1.340342439812127040e+01,1.095157914597148874e+03,7.486663813173420294e+02,3.899975049310714148e+00,4.064581498638354162e+00,1.123859705149387622e+01
5.701077824813355619e+02,1.367867144252711853e+01,1.096963461645689677e+03,7.479479447309633997e+02,3.874666232497534946e+00,1.748842606647537323e+00,1.123946594310108793e+01
6.343787040051797703e+02,1.395376098990543845e+01,1.098411796944159960e+03,7.472312955973219459e+02,3.849658091826778428e+00,-5.424416939298493112e-01,1.124033479482886655e+01
6.986496255291568787e+02,1.422885053728432858e+01,1.099515282378483107e+03,7.465160184692073244e+02,3.824649951155970395e+00,-2.833725994511976598e+00,1.124120360664926466e+01
7.625490293300052826e+02,1.450327990686508173e+01,1.100265865996908587e+03,7.458038210383297155e+02,3.800060260347914554e+00,-5.091349667723039651e+00,1.124207237853432773e+01
7.906639531097220015e+02,1.470293064148475715e+01,1.101189624517708125e+03,7.452865420451373666e+02,3.850732660371189553e+00,-4.382685804891969461e+00,1.124294111045609412e+01
8.189231520677352592e+02,1.490299576685122318e+01,1.101926947711793673e+03,7.447689086663515354e+02,3.900748941712805617e+00,-3.683197895818880685e+00,1.124380980238662531e+01
8.471823510257486305e+02,1.510306089221768922e+01,1.102476717888666144e+03,7.442519938255508123e+02,3.950765223054422570e+00,-2.983709986745792797e+00,1.124467845429795787e+01
8.752154828040726215e+02,1.530290091637072969e+01,1.102843578092328471e+03,7.437363764115574440e+02,4.000000000000000000e+00,-2.281575073433228962e+00,1.124554706616215682e+01
8.846515792901348050e+02,1.547779225008143023e+01,1.106544707554052138e+03,7.432857162607158443e+02,4.000000000000000000e+00,-1.201857551157424320e+00,1.124641563795126942e+01
8.941546727450419212e+02,1.565284923477709000e+01,1.110126621508638664e+03,7.428351758432628458e+02,4.000000000000000000e+00,-1.253834341396265761e-01,1.124728416963734468e+01
9.036577661999294833e+02,1.582790621947238385e+01,1.113632091102922232e+03,7.423851812823984346e+02,4.000000000000000000e+00,9.510906828759438936e-01,1.124815266119244761e+01
9.130224670148872974e+02,1.600127040786448163e+01,1.117108741853316133e+03,7.419400751393478686e+02,4.000083829178359807e+00,2.034473241962177159e+00,1.124902111258862902e+01
9.137629436665587264e+02,1.605086291110391628e+01,1.131246089551782461e+03,7.418128463928379688e+02,4.050862911103913611e+00,4.125912157313917028e+00,1.124988952379793972e+01
9.145131878866814077e+02,1.610087919244542931e+01,1.145330376291205084e+03,7.416845746305133389e+02,4.100879192445426646e+00,6.207250100997002029e+00,1.125075789479245181e+01
9.152634321068056806e+02,1.615089547378704182e+01,1.159491476215702050e+03,7.415563472211558746e+02,4.150895473787043599e+00,8.288588044684393807e+00,1.125162622554421965e+01
9.159345067028398262e+02,1.619946635091202936e+01,1.173572495892889037e+03,7.414318680611661421e+02,4.201769813289397248e+00,1.033141590772165763e+01,1.125249451602530648e+01
8.816235753826331347e+02,1.591989579941404820e+01,1.177055822628480200e+03,7.421489349559095672e+02,4.429176164115778747e+00,1.003331278287012474e+01,1.125336276620777376e+01
8.478625854770419892e+02,1.564480625203515807e+01,1.180053337231901651e+03,7.428558639248004738e+02,4.654249430153053702e+00,9.739987705360187320e+00,1.125423097606368472e+01
8.141015955714508436e+02,1.536971670465626616e+01,1.182545992921872084e+03,7.435641409386171290e+02,4.879322696190327768e+00,9.446662627850248128e+00,1.125509914556510616e+01
7.799475380888882228e+02,1.509436455731022519e+01,1.184512702092517202e+03,7.442744479377337257e+02,5.099833260866128981e+00,9.153041128686281169e+00,1.125596727468410840e+01
6.887023770758705723e+02,1.479404102898078754e+01,1.183707053582775870e+03,7.450507207188868506e+02,5.023510257245196620e+00,8.831172077767126538e+00,1.125683536339275292e+01
5.981729078475448205e+02,1.449394334093108760e+01,1.182456285366765542e+03,7.458280289290670453e+02,4.948485835232771635e+00,8.509559103183047313e+00,1.125770341166311894e+01
5.076434386194062540e+02,1.419384565288200939e+01,1.180766556824277359e+03,7.466069607577802572e+02,4.873461413220502081e+00,8.187946128599632445e+00,1.125857141946726614e+01
4.178778607968994265e+02,1.389909154927230261e+01,1.178617674139901965e+03,7.473736082424915139e+02,4.798774836998290105e+00,7.872057213714671597e+00,1.125943938677727374e+01
3.778980788016671113e+02,1.387447085639855082e+01,1.170707169102100579e+03,7.474377172623863999e+02,4.748941712797101644e+00,7.845594390211691582e+00,1.126030731356521208e+01
3.376349723217491601e+02,1.384946271572779430e+01,1.162898251077379427e+03,7.475028464002568853e+02,4.698925431455588608e+00,7.818715336391975690e+00,1.126117519980315507e+01
2.973718658417478764e+02,1.382445457505698627e+01,1.155111157905125765e+03,7.475679868893720368e+02,4.648909150113972544e+00,7.791836282572203842e+00,1.126204304546318724e+01
2.575473228312133074e+02,1.379906299906655143e+01,1.147334389008508879e+03,7.476341377735982405e+02,4.599285613073285539e+00,7.764544724515834773e+00,1.126291085051737895e+01
2.431742103549444778e+02,1.372331488114626374e+01,1.138633256203953579e+03,7.478315485155301303e+02,4.574438293715420656e+00,7.683055528593268235e+00,1.126377861493780230e+01
2.286694887658757125e+02,1.364829045913383965e+01,1.129996044069563368e+03,7.480271760054996548e+02,4.549430153044613512e+00,7.602345401666800839e+00,1.126464633869655252e+01
2.141647671768069188e+02,1.357326603712141377e+01,1.121412584801375715e+03,7.482229058718095303e+02,4.524422012373805480e+00,7.521635274740332555e+00,1.126551402176570171e+01
1.995528879219268674e+02,1.349749638378250083e+01,1.112872395111601008e+03,7.484206840029249861e+02,4.500079551514846621e+00,7.440120897082190154e+00,1.126638166411732200e+01
1.749176164115955032e+02,1.334643438619344202e+01,1.103598383516877675e+03,7.488153063928305073e+02,4.525594268967759959e+00,7.277274306363482381e+00,1.126724926572352103e+01
1.504096385542034398e+02,1.319638554216859205e+01,1.094395091774354341e+03,7.492076943424797264e+02,4.550602409638567991e+00,7.115522870588992355e+00,1.126811682655636560e+01
1.259016606968620522e+02,1.304633669814405472e+01,1.085253835282453338e+03,7.496004937394509398e+02,4.575610550309323621e+00,6.953771434814837171e+00,1.126898434658795090e+01
1.015328161691775790e+02,1.289666552947907796e+01,1.076267345230527553e+03,7.499927149795072410e+02,4.599734630153315962e+00,6.792421619992169646e+00,1.126985182579036504e+01
8.559882774339781975e+01,1.277186584174529571e+01,1.072334438849673234e+03,7.503200731562538977e+02,4.523119505047177746e+00,6.657544222067166118e+00,1.127071926413568903e+01
6.959361771411366249e+01,1.264682513839151312e+01,1.068353284099047642e+03,7.506483502448551235e+02,4.448095083034907304e+00,6.522409947613679648e+00,1.127158666159601808e+01
5.358840768479638683e+01,1.252178443503747296e+01,1.064357280462174685e+03,7.509769147121921833e+02,4.373070661022483208e+00,6.387275673159913403e+00,1.127245401814344383e+01
3.775073415116369091e+01,1.239763115925817338e+01,1.060335332236018075e+03,7.513034320042354466e+02,4.300097813994130824e+00,6.253097266381669961e+00,1.127332133375006507e+01
3.055877564311958849e+01,1.232302181699778743e+01,1.055484621690063477e+03,7.514997877203159078e+02,4.325659394334070207e+00,6.172313763433650458e+00,1.127418860838796988e+01
2.330641484858519874e+01,1.224799739498536333e+01,1.050662945225395561e+03,7.516973393420188359e+02,4.350667535004878239e+00,6.091082406354334289e+00,1.127505584202925171e+01
1.605405405405080899e+01,1.217297297297294101e+01,1.045860094970508499e+03,7.518949948543836399e+02,4.375675675675687160e+00,6.009851049275018120e+00,1.127592303464601464e+01
8.919132293884572960e+00,1.209759398928796692e+01,1.041021198159404321e+03,7.520936892034593484e+02,4.400000000000000355e+00,5.928233528705605160e+00,1.127679018621034857e+01
6.944643438619872100e+00,1.199723217193099423e+01,1.031690832580417691e+03,7.523583997687103420e+02,4.400000000000000355e+00,5.819388200550175583e+00,1.127765729669435935e+01
4.943992184955212643e+00,1.189719960924776032e+01,1.022500617663698904e+03,7.526224274065483542e+02,4.400000000000000355e+00,5.710901959634360203e+00,1.127852436607014930e+01
2.943340931294692986e+00,1.179716704656473603e+01,1.013381213500580770e+03,7.528866404216363435e+02,4.400000000000000355e+00,5.602415718718770421e+00,1.127939139430981541e+01
9.881811678796790233e-01,1.169713448388150034e+01,1.004376565486622553e+03,7.531510390092781790e+02,4.399764252695513633e+00,5.493926058900728826e+00,1.128025838138546710e+01
7.427548029956718700e-01,1.159710192119826822e+01,9.978042171432707619e+02,7.534156233650494414e+02,4.348550960599134818e+00,5.385232247455665977e+00,1.128112532726920492e+01
4.926733962881068574e-01,1.149706935851524214e+01,9.912456611321094897e+02,7.536803936848019703e+02,4.298534679257621782e+00,5.276540892763656565e+00,1.128199223193313472e+01
2.425919895800244530e-01,1.139703679583201001e+01,9.847250112638207611e+02,7.539453501646634095e+02,4.248518397916004830e+00,5.167849538071422444e+00,1.128285909534936415e+01
0.000000000000000000e+00,1.129748730125560030e+01,9.781748418324738168e+02,7.542092121375849274e+02,4.198502116574388765e+00,5.059680166924813705e+00,1.128372591749000797e+01
0.000000000000000000e+00,1.122272875284915727e+01,9.669534928710806980e+02,7.544074856833523199e+02,4.148485835232772700e+00,4.978313463822780172e+00,1.128459269832717027e+01
0.000000000000000000e+00,1.114770433083688950e+01,9.558899028766941228e+02,7.546065691958568777e+02,4.098469553891258776e+00,4.896659044382686510e+00,1.128545943783296579e+01
0.000000000000000000e+00,1.107267990882446362e+01,9.449093054118973214e+02,7.548057578099353577e+02,4.048453272549642712e+00,4.815004624942422318e+00,1.128632613597950396e+01
0.000000000000000000e+00,1.100000000000000000e+01,9.343523663266449830e+02,7.549988220846415743e+02,3.997236366939865171e+00,4.735901906109745596e+00,1.128719279273890486e+01
0.000000000000000000e+00,1.100000000000000000e+01,9.346880250631480749e+02,7.549988220846415743e+02,3.845262129599539058e+00,4.735901906109745596e+00,1.128805940808327435e+01
0.000000000000000000e+00,1.100000000000000000e+01,9.350152851428788381e+02,7.549988220846415743e+02,3.695213285574689532e+00,4.735901906109745596e+00,1.128892598198473962e+01
0.000000000000000000e+00,1.100000000000000000e+01,9.353425452226100560e+02,7.549988220846415743e+02,3.545164441549840006e+00,4.735901906109745596e+00,1.128979251441541720e+01
0.000000000000000000e+00,1.099954615806584535e+01,9.356389572337349136e+02,7.550000280180336176e+02,3.400151280644717833e+00,4.735407246765515943e+00,1.129065900534742362e+01
0.000000000000000000e+00,1.092253337675022706e+01,9.322152679878554409e+02,7.552047103787657534e+02,3.425822207749924520e+00,4.651468128239875988e+00,1.129152545475287539e+01
0.000000000000000000e+00,1.084750895473780119e+01,9.288873706219386577e+02,7.554042149346532824e+02,3.450830348420732996e+00,4.569696197087177225e+00,1.129239186260390859e+01
0.000000000000000000e+00,1.077248453272553164e+01,9.255667795117445849e+02,7.556038249257551342e+02,3.475838489091489514e+00,4.487924265934648993e+00,1.129325822887262554e+01
0.000000000000000000e+00,1.069746011071310576e+01,9.222304561805160574e+02,7.558035404356746767e+02,3.499836710955615882e+00,4.406149944382148576e+00,1.129412455353117295e+01
0.000000000000000000e+00,1.062243568870068167e+01,9.176276607922168296e+02,7.560033615481041807e+02,3.474145229566893978e+00,4.324257951178156034e+00,1.129499083655166913e+01
0.000000000000000000e+00,1.054741126668841389e+01,9.130652814418961043e+02,7.562032883468233422e+02,3.449137088896137904e+00,4.242367577352527341e+00,1.129585707790623594e+01
0.000000000000000000e+00,1.047238684467598802e+01,9.085228545891745853e+02,7.564033209157023521e+02,3.424128948225328983e+00,4.160477203526728118e+00,1.129672327756701122e+01
0.000000000000000000e+00,1.039796022966680766e+01,9.041004947614966341e+02,7.566018641739932491e+02,3.400351457679788414e+00,4.079237538669718610e+00,1.129758943550612038e+01
0.000000000000000000e+00,1.034822533376752851e+01,9.029955256190550017e+02,7.567345969900781029e+02,3.451774666232470867e+00,4.024884304781716438e+00,1.129845555169568705e+01
0.000000000000000000e+00,1.029820905242591245e+01,9.018678116612750273e+02,7.568681277350086702e+02,3.501790947574087376e+00,3.970224456691960668e+00,1.129932162610786150e+01
0.000000000000000000e+00,1.024819277108429638e+01,9.007364091250402680e+02,7.570017056129941011e+02,3.551807228915703440e+00,3.915564608602204455e+00,1.130018765871476560e+01
1.131582288495116585e-02,1.019999999999999929e+01,8.996451372253072805e+02,7.571304580742929602e+02,3.599057014759587503e+00,3.862897567474135929e+00,1.130105364948853897e+01
1.555193747964997986e+00,1.019999999999999929e+01,8.999644334677595907e+02,7.571304580742929602e+02,3.470400521002916960e+00,3.862897567474135929e+00,1.130191959840132476e+01
3.055682188213492356e+00,1.019999999999999929e+01,9.002747561383747552e+02,7.571304580742929602e+02,3.345359817648875911e+00,3.862897567474135929e+00,1.130278550542525018e+01
4.556170628458882099e+00,1.019999999999999929e+01,9.005850788089893513e+02,7.571304580742929602e+02,3.220319114295093321e+00,3.862897567474135929e+00,1.130365137053245839e+01
6.119726768693580787e+00,1.020020189068584493e+01,9.008632283581818001e+02,7.571299186170680287e+02,3.100605672057537010e+00,3.863118255598619655e+00,1.130451719369509078e+01
1.222859003582348514e+01,1.022595245848259715e+01,8.982491964099012876e+02,7.570611176923424637e+02,3.177857375447793231e+00,3.891266381836596011e+00,1.130538297488529409e+01
1.823054379680504411e+01,1.025096059915335367e+01,8.956990818095767963e+02,7.569943123756363548e+02,3.252881797460063229e+00,3.918602955776775421e+00,1.130624871407520793e+01
2.423249755779902159e+01,1.027596873982416348e+01,8.931376657990813328e+02,7.569275188480884253e+02,3.327906219472487770e+00,3.945939529717011673e+00,1.130711441123697725e+01
3.031462482549314785e+01,1.030097688049497151e+01,8.905811215842830961e+02,7.568607371065776306e+02,3.402258270479922242e+00,3.973275786514625096e+00,1.130798006634275055e+01
4.039400846629093422e+01,1.032598502116572625e+01,8.886311455600898626e+02,7.567939671479856543e+02,3.451970042331454991e+00,4.000598858283636261e+00,1.130884567936467633e+01
5.039726473461422529e+01,1.035099316183653428e+01,8.866636653928694614e+02,7.567272089691933843e+02,3.501986323673071055e+00,4.027922132433155333e+00,1.130971125027489421e+01
6.040052100293752346e+01,1.037600130250734409e+01,8.846868660565813798e+02,7.566604625670842097e+02,3.552002605014687564e+00,4.055245406582675294e+00,1.131057677904557224e+01
7.049251609940742469e+01,1.040185877824330518e+01,8.827926578346759925e+02,7.565914617346286377e+02,3.599770257682564978e+00,4.083495603429946996e+00,1.131144226564884825e+01
8.456984695538878327e+01,1.047805275154672522e+01,8.840872432997679198e+02,7.563882105952264965e+02,3.573982416151091801e+00,4.166661632800038539e+00,1.131230771005688140e+01
9.857440573104139503e+01,1.055307717355915109e+01,8.853302905613328448e+02,7.561881860171278049e+02,3.548974275480282881e+00,4.248552006625837762e+00,1.131317311224182554e+01
1.125789645066650451e+02,1.062810159557142065e+01,8.865610037550693505e+02,7.559882672028519437e+02,3.523966134809526807e+00,4.330442380451467344e+00,1.131403847217583269e+01
1.267941756895523611e+02,1.070506044878336560e+01,8.878258357850115772e+02,7.557833037383328474e+02,3.498447795954961581e+00,4.414437093632144204e+00,1.131490378983106382e+01
1.507476392054852568e+02,1.088235102572462765e+01,8.917656978561674350e+02,7.553115499717171133e+02,3.447899706935820596e+00,4.607481630617152213e+00,1.131576906517967984e+01
1.745053728427039346e+02,1.105740801041992505e+01,8.955950641771747769e+02,7.548463173327468212e+02,3.397883425594307560e+00,4.798100166856088755e+00,1.131663429819383460e+01
1.982631064799717819e+02,1.123246499511558127e+01,8.993778378142094425e+02,7.543816574592094639e+02,3.347867144252691052e+00,4.988718703095420537e+00,1.131749948884569790e+01
2.219302489775033678e+02,1.140816171706240567e+01,9.031692013994255603e+02,7.539158744213751788e+02,3.299999999999999822e+00,5.180014795500119007e+00,1.131836463710742713e+01
2.423878215564797642e+02,1.160866167372175362e+01,9.094238718623772684e+02,7.533850385248825887e+02,3.299999999999999822e+00,5.397549219257407493e+00,1.131922974295118145e+01
2.628944969065425425e+02,1.180872679908822143e+01,9.156138990363310768e+02,7.528560985135526380e+02,3.299999999999999822e+00,5.614624390639218809e+00,1.132009480634913601e+01
2.834011722566052640e+02,1.200879192445468568e+01,9.217887802705466811e+02,7.523279007023769509e+02,3.299999999999999822e+00,5.831699562021030125e+00,1.132095982727344641e+01
3.029148628685590552e+02,1.220649622766071118e+01,9.281654598594169556e+02,7.518066632474467497e+02,3.299999999999999822e+00,6.046198252153855535e+00,1.132182480569629313e+01
2.949042657114958388e+02,1.233057635949200126e+01,9.457213208047213584e+02,7.514799011236405022e+02,3.299999999999999822e+00,6.180412355559616877e+00,1.132268974158984598e+01
2.871517421035453026e+02,1.245561706284604320e+01,9.632211209622656725e+02,7.511508964760454319e+02,3.299999999999999822e+00,6.315672018456967685e+00,1.132355463492626235e+01
2.793992184956107963e+02,1.258065776619982579e+01,9.809367385208236101e+02,7.508221797847583048e+02,3.299999999999999822e+00,6.450931681354037828e+00,1.132441948567772805e+01
2.721539223227723596e+02,1.270637492286436299e+01,9.987521161609998899e+02,7.504919747523939577e+02,3.300290419476929138e+00,6.586912511133260928e+00,1.132528429381641111e+01
2.858583523282383112e+02,1.285688700748949032e+01,1.012961446872484544e+03,7.500970257745333356e+02,3.326147834581581808e+00,6.749305184701001714e+00,1.132614905931447957e+01
2.991126668837392231e+02,1.300693585151402942e+01,1.027400665151119711e+03,7.497037059645880390e+02,3.351155975252338326e+00,6.911204957635553647e+00,1.132701378214412280e+01
3.123669814392675903e+02,1.315698469553887939e+01,1.042013722353588037e+03,7.493107984196994948e+02,3.376164115923146358e+00,7.073104730570441312e+00,1.132787846227751061e+01
3.254722624067783840e+02,1.330838873960829183e+01,1.056579963938798755e+03,7.489147596103985052e+02,3.399386784812945539e+00,7.225137352060922780e+00,1.132874309968682880e+01
3.341631390426488792e+02,1.350944317811768869e+01,1.064917195165523026e+03,7.483894928312182628e+02,3.347639205470577917e+00,7.032894658681293265e+00,1.132960769434425252e+01
3.429159882774317794e+02,1.370950830348415472e+01,1.073352341054144290e+03,7.478675417249372686e+02,3.297622924128960964e+00,6.847083751965639564e+00,1.133047224622196225e+01
3.516688375122146795e+02,1.390957342885062076e+01,1.081803921933419815e+03,7.473463181625055540e+02,3.247606642787344899e+00,6.661272845249985863e+00,1.133133675529214557e+01
3.604654391914154985e+02,1.410798459166472263e+01,1.090208136897178520e+03,7.468301205636370241e+02,3.200969591823491278e+00,6.473903671467713394e+00,1.133220122152698117e+01
3.707473135786358966e+02,1.425727775968735500e+01,1.096741030327445060e+03,7.464421811709667054e+02,3.278638879843677412e+00,6.231882514801172945e+00,1.133306564489866552e+01
3.810006512536672290e+02,1.440732660371220319e+01,1.103315202989490672e+03,7.460526839262298608e+02,3.353663301856101953e+00,5.990958289986411778e+00,1.133393002537938088e+01
3.912539889286774155e+02,1.455737544773674408e+01,1.109900797582326049e+03,7.456635929527005828e+02,3.428687723868371062e+00,5.750034065172149766e+00,1.133479436294131126e+01
4.016722580458056200e+02,1.470817856795534695e+01,1.116445034415677810e+03,7.452729548407457969e+02,3.505629898914555564e+00,5.479492308958899827e+00,1.133565865755665136e+01
4.180595897101978267e+02,1.488371865841751429e+01,1.121459599094390569e+03,7.448187534938155068e+02,3.657473135786441176e+00,3.501615323206022978e+00,1.133652290919759231e+01
4.343148811462231720e+02,1.505877564311317407e+01,1.126451579656049944e+03,7.443663532334818456e+02,3.807521979811290702e+00,1.577408239191536499e+00,1.133738711783632702e+01
4.505701725822149228e+02,1.523383262780846792e+01,1.131395724133383965e+03,7.439145022121597322e+02,3.957570823835830254e+00,-3.467988448189690542e-01,1.133825128344505018e+01
4.670954812735728865e+02,1.541235815073291526e+01,1.136472205564674141e+03,7.434542636644192726e+02,4.103452264533232530e+00,-2.168105877989181973e+00,1.133911540599595646e+01
4.930664278736824144e+02,1.571533702377105612e+01,1.148873602936749876e+03,7.426744846083652192e+02,4.152556170628510124e+00,-1.792138526249672292e+00,1.133997948546124590e+01
5.188248127645616705e+02,1.601543471182013434e+01,1.161078395751888365e+03,7.419037324054743294e+02,4.202572451970022271e+00,-1.429404834915499301e+00,1.134084352181311672e+01
5.445831976554941321e+02,1.631553239986983428e+01,1.173273446653745623e+03,7.411345783269058529e+02,4.252588733311639224e+00,-1.066671143580575132e+00,1.134170751502376184e+01
5.687973132288873330e+02,1.660208702855710072e+01,1.185586490923323936e+03,7.404016222578999304e+02,4.298123270637845827e+00,-7.289908837924541363e-01,1.134257146506538838e+01
5.547922500814124760e+02,1.662631064799738567e+01,1.202161164004331113e+03,7.403397289985945235e+02,4.168446760013078567e+00,-1.154701545086720627e+00,1.134343537191020168e+01
5.412878541191760178e+02,1.665131878866819193e+01,1.218693638106701655e+03,7.402758420564493917e+02,4.043406056659037517e+00,-1.565193470394450559e+00,1.134429923553039821e+01
5.277834581569395596e+02,1.667632692933900174e+01,1.235275108393262371e+03,7.402119661394840477e+02,3.918365353304996024e+00,-1.975685395702180935e+00,1.134516305589819218e+01
5.138850813713462458e+02,1.669999999999999929e+01,1.251058704943727207e+03,7.401515104203931514e+02,3.800393511979546002e+00,-2.364263038538410910e+00,1.134602683298578540e+01
4.860224682513779726e+02,1.669999999999999929e+01,1.251515177458174776e+03,7.401515104203931514e+02,3.826343210680565932e+00,-2.364263038538410910e+00,1.134689056676538144e+01
4.585135135134889310e+02,1.669999999999999929e+01,1.251988484556221920e+03,7.401515104203931514e+02,3.851351351351373964e+00,-2.364263038538410910e+00,1.134775425720919806e+01
4.310045587756567329e+02,1.669999999999999929e+01,1.252461791654268154e+03,7.401515104203931514e+02,3.876359492022130038e+00,-2.364263038538410910e+00,1.134861790428944062e+01
4.032148002891084388e+02,1.670247238841219684e+01,1.252511676940531288e+03,7.401451976031503364e+02,3.897939676323166847e+00,-2.361255553143469132e+00,1.134948150797833044e+01
3.670188863562047459e+02,1.685825464018247999e+01,1.227192891409168396e+03,7.397476170515388958e+02,3.768121133181266291e+00,-2.171757477243060563e+00,1.135034506824807288e+01
3.310071637903154169e+02,1.700830348420701910e+01,1.202201438766046522e+03,7.393650732005596637e+02,3.643080429827484146e+00,-1.989233685793057482e+00,1.135120858507088215e+01
2.949954412243515094e+02,1.715835232823186729e+01,1.176609532583892133e+03,7.389829247929910707e+02,3.518039726473442652e+00,-1.806709894342676481e+00,1.135207205841898492e+01
2.590486555640254664e+02,1.729956899884328081e+01,1.151911858123832189e+03,7.386236310810935493e+02,3.397953675144278929e+00,-1.634928055979320449e+00,1.135293548826458299e+01
2.248205796157796499e+02,1.727359166395312329e+01,1.153086994163544659e+03,7.386896982652335737e+02,3.373591663953123820e+00,-1.666421545504016999e+00,1.135379887457990833e+01
1.905594268967723508e+02,1.724858352328231703e+01,1.154211374082559814e+03,7.387533117156236813e+02,3.348583523282315788e+00,-1.696740037357722386e+00,1.135466221733718228e+01
1.562982741777650517e+02,1.722357538261150722e+01,1.155328998236396046e+03,7.388169361233060499e+02,3.323575382611507312e+00,-1.727058529211427773e+00,1.135552551650862085e+01
1.224813017244423747e+02,1.719232133155950848e+01,1.156989539232253264e+03,7.388964689828742394e+02,3.300900636520850639e+00,-1.765018224370831668e+00,1.135638877206645070e+01
9.914555519374604842e+01,1.685626831650925439e+01,1.186643308810011376e+03,7.397526837634152344e+02,3.352881797460114832e+00,-2.176325639699239201e+00,1.135725198398290203e+01
7.563790296318630624e+01,1.653116248778874819e+01,1.213517850966014294e+03,7.405828996712697290e+02,3.402898078801731341e+00,-2.574215482990845238e+00,1.135811515223018198e+01
5.213025073267519360e+01,1.620605665906891346e+01,1.238740424860176745e+03,7.414149811563205503e+02,3.452914360143244377e+00,-2.972105326281627935e+00,1.135897827678054384e+01
2.943894555352624565e+01,1.588095083034840549e+01,1.262074443086573638e+03,7.422489345138492354e+02,3.500000000000000000e+00,-3.370271190988325394e+00,1.135984135760620006e+01
2.258743080429318795e+01,1.555584500162789752e+01,1.277438259063935220e+03,7.430847660674870667e+02,3.500000000000000000e+00,-3.775471236039757095e+00,1.136070439467938975e+01
1.558515141648137003e+01,1.523073917290806278e+01,1.291675745908637509e+03,7.439224821693818512e+02,3.500000000000000000e+00,-4.180527400853693898e+00,1.136156738797233956e+01
8.582872028655062380e+00,1.490563334418755659e+01,1.304717076482174662e+03,7.447620892003627660e+02,3.500000000000000000e+00,-4.585583565668468253e+00,1.136243033745728503e+01
1.952573783540217489e+00,1.458370664290502283e+01,1.316024548898836656e+03,7.455953551353883313e+02,3.498529752252549141e+00,-4.920994823379929883e+00,1.136329324310646172e+01
1.469879518072638280e+00,1.433493975903631856e+01,1.316935655108097080e+03,7.462405351569642562e+02,3.420481927710895320e+00,-2.511808040881814641e+00,1.136415610489210337e+01
9.697167046564734161e-01,1.408485835232823646e+01,1.317472563631996536e+03,7.468902504590870421e+02,3.345457505698471223e+00,-1.959479007900028769e-01,1.136501892278644732e+01
4.695538912403086629e-01,1.383477694562015436e+01,1.317613969943764459e+03,7.475410980980432214e+02,3.270433083686046682e+00,2.119912239301808832e+00,1.136588169676174154e+01
0.000000000000000000e+00,1.358802697325296194e+01,1.317332918102961003e+03,7.481843879772098944e+02,3.195408661673777129e+00,4.245234327314106437e+00,1.136674442679021269e+01
0.000000000000000000e+00,1.341422989254315645e+01,1.315437913591537153e+03,7.486381512996134688e+02,3.120384239661352144e+00,1.756637574742240693e+00,1.136760711284411407e+01
0.000000000000000000e+00,1.323917290784749667e+01,1.313443778075421278e+03,7.490957605592930122e+02,3.045359817648927159e+00,-6.344423067142743733e-01,1.136846975489568656e+01
0.000000000000000000e+00,1.306411592315220105e+01,1.311305611136870311e+03,7.495539295935791415e+02,2.970335395636658049e+00,-3.025522188165842952e+00,1.136933235291716215e+01
0.000000000000000000e+00,1.289262250124438403e+01,1.308941128448793961e+03,7.500033155170748387e+02,2.893474549734889489e+00,-5.319113552691804969e+00,1.137019490688080836e+01
0.000000000000000000e+00,1.279371540214907910e+01,1.304038275243838825e+03,7.502627396221436129e+02,2.767144252686347450e+00,-5.899383214034303435e+00,1.137105741675886250e+01
0.000000000000000000e+00,1.269368283946605125e+01,1.299206313720249909e+03,7.505252981778705816e+02,2.642103549332564860e+00,-6.494417225329774723e+00,1.137191988252356722e+01
0.000000000000000000e+00,1.259365027678281912e+01,1.294375252105890013e+03,7.507880405655406548e+02,2.517062845978523811e+00,-7.089451236626477026e+00,1.137278230414718472e+01
0.000000000000000000e+00,1.249777859140272795e+01,1.289684279504892856e+03,7.510400268014797120e+02,2.389161080882762356e+00,-7.649802462720397322e+00,1.137364468160195941e+01
0.000000000000000000e+00,1.247339628785413979e+01,1.287610041448126140e+03,7.511041395192374921e+02,2.187170302833120417e+00,-7.681016890310230494e+00,1.137450701486014104e+01
0.000000000000000000e+00,1.244838814718333175e+01,1.285504362833313735e+03,7.511699092110815172e+02,1.987105177466654160e+00,-7.713444023611414124e+00,1.137536930389399892e+01
0.000000000000000000e+00,1.242338000651252372e+01,1.283401708689053066e+03,7.512356904220499700e+02,1.787040052100188348e+00,-7.745871156912599531e+00,1.137623154867577391e+01
0.000000000000000000e+00,1.239744645568448078e+01,1.281037362408524814e+03,7.513039180316649208e+02,1.584889865085913119e+00,-7.779502854492746700e+00,1.137709374917773175e+01
0.000000000000000000e+00,1.234672745034191799e+01,1.269738663745054509e+03,7.514373884816800455e+02,1.333637251709588023e+00,-7.845415979422427633e+00,1.137795590537213286e+01
0.000000000000000000e+00,1.229671116900030192e+01,1.258812145446386239e+03,7.515690561533060645e+02,1.083555845001505480e+00,-7.910413219003567420e+00,1.137881801723122877e+01
0.000000000000000000e+00,1.224669488765878889e+01,1.247941898679303222e+03,7.517007699749217409e+02,8.334744382939405227e-01,-7.975410458584572204e+00,1.137968008472728698e+01
5.959465092126990660e-03,1.219565675967507801e+01,1.236954648557755036e+03,7.518352224009223619e+02,6.029797325460635182e-01,-8.041749078873960954e+00,1.138054210783256792e+01
2.666883751222243193e-01,1.211999348746333283e+01,1.221970755819056421e+03,7.520346345322118395e+02,7.333441875611120819e-01,-8.140445464765337036e+00,1.138140408651934088e+01
5.167697818297892765e-01,1.204496906545106327e+01,1.207202370588393251e+03,7.522324674882904674e+02,8.583848909148947826e-01,-8.238301220524789414e+00,1.138226602075987515e+01
7.668511885378717086e-01,1.196994464343863740e+01,1.192546078965280685e+03,7.524304045570662538e+02,9.834255942689358321e-01,-8.336156976284444298e+00,1.138312791052642758e+01
1.106615981491895662e+00,1.189287752468421644e+01,1.178150975671133210e+03,7.526338395600989770e+02,1.107250841585383450e+00,-8.436712753125943820e+00,1.138398975579127459e+01
4.738196027349267148e+00,1.176649299902324053e+01,1.166837002243605411e+03,7.529676960332599265e+02,1.206805600781407861e+00,-8.602559331357145567e+00,1.138485155652668546e+01
8.239335721262420975e+00,1.164145229566920037e+01,1.155562741703538222e+03,7.532982944748770251e+02,1.306838163464640656e+00,-8.766623096689050598e+00,1.138571331270492237e+01
1.174047541517557391e+01,1.151641159231515843e+01,1.144385486466187103e+03,7.536291833495063202e+02,1.406870726147873452e+00,-8.930686862020955630e+00,1.138657502429827773e+01
1.570173683364536998e+01,1.140128162136504208e+01,1.133403205677344431e+03,7.539341031963127762e+02,1.500000000000000000e+00,-9.081743167661461058e+00,1.138743669127900837e+01
3.371377401497318260e+01,1.145346792575706552e+01,1.124375949253208091e+03,7.537958580016844508e+02,1.500000000000000000e+00,-9.013117412246058890e+00,1.138829831361940492e+01
5.121947248453895440e+01,1.150348420709868336e+01,1.115234967411677189e+03,7.536634090144078755e+02,1.500000000000000000e+00,-8.947345268958164510e+00,1.138915989129173667e+01
6.872517095406850274e+01,1.155350048844019639e+01,1.106019831401667943e+03,7.535310065640080666e+02,1.500000000000000000e+00,-8.881573125670408686e+00,1.139002142426827646e+01
8.682150379519909222e+01,1.161028641988419885e+01,1.097003878843300981e+03,7.533807418535715215e+02,1.501327541074353400e+00,-8.806983138666289790e+00,1.139088291252131668e+01
1.187258222077600607e+02,1.186766525561714403e+01,1.092412639992483037e+03,7.527004163161175256e+02,1.553533051123428654e+00,-8.471555682063883097e+00,1.139174435602313729e+01
1.502360794529784584e+02,1.211774666232522613e+01,1.087256367717405510e+03,7.520405577055859112e+02,1.603549332465045163e+00,-8.145604238776366302e+00,1.139260575474601289e+01
1.817463366981316426e+02,1.236782806903279130e+01,1.081594115159935654e+03,7.513818550184574860e+02,1.653565613806557977e+00,-7.819652795489524522e+00,1.139346710866223944e+01
2.136666902776615302e+02,1.262457933602432192e+01,1.075293427035254126e+03,7.507067856204826057e+02,1.709796367547621765e+00,-7.485405475112240303e+00,1.139432841774409688e+01
2.541465320742818506e+02,1.302878541191832795e+01,1.065534616435953922e+03,7.496464665840186399e+02,1.941191794204059962e+00,-6.968642843551879906e+00,1.139518968196387405e+01
2.944096385541998302e+02,1.342891566265043224e+01,1.054487359878027974e+03,7.485997872498423931e+02,2.166265060240868401e+00,-6.456890396379089125e+00,1.139605090129385623e+01
3.346727450342010570e+02,1.382904591338336608e+01,1.042030527960321706e+03,7.475560266518601793e+02,2.391338326278142468e+00,-5.945137949205238748e+00,1.139691207570633757e+01
3.749987821679176818e+02,1.423283445416637605e+01,1.028450137529122003e+03,7.465056708085473929e+02,2.609006009322200725e+00,-5.429408863618488290e+00,1.139777320517361758e+01
4.165405405405215333e+02,1.470980136763247614e+01,1.019250853513414313e+03,7.452687533170541201e+02,2.707326603712100432e+00,-4.834621501921684938e+00,1.139863428966797976e+01
4.580540540540632151e+02,1.518495604037783231e+01,1.008256810767942284e+03,7.440406055563640848e+02,2.807359166395333006e+00,-4.241770908321107925e+00,1.139949532916171826e+01
4.995675675676048968e+02,1.566011071312318848e+01,9.954915680142440806e+02,7.428164989294546103e+02,2.907391729078566023e+00,-3.648920314720531799e+00,1.140035632362713436e+01
5.407873395208245029e+02,1.613261229046490541e+01,9.805703259835945573e+02,7.416032143186781695e+02,3.010851756140349167e+00,-3.060086239991596457e+00,1.140121727303652222e+01
5.766844676001369407e+02,1.655669163139050681e+01,9.574952745466426904e+02,7.405176390206146380e+02,3.188049495278443501e+00,-2.544138382823859956e+00,1.140207817736218132e+01
6.126961901661009051e+02,1.698183002279424869e+01,9.325206854967523213e+02,7.394325375416264023e+02,3.363106479974101504e+00,-2.026616259614715698e+00,1.140293903657641827e+01
6.487079127319901772e+02,1.740696841419710594e+01,9.053923666369762486e+02,7.383506114695135238e+02,3.538163464669397129e+00,-1.509094136406642361e+00,1.140379985065152546e+01
6.842881235311028831e+02,1.782343756579526683e+01,8.767643376832058948e+02,7.372938120804076334e+02,3.725978557030536376e+00,-1.002520582902619140e+00,1.140466061955982191e+01
7.123933572126578611e+02,1.809586453923825999e+01,8.586334988018345484e+02,7.366041596324461125e+02,4.211038749593361885e+00,-6.771558570359413887e-01,1.140552134327359823e+01
7.406525561706126837e+02,1.837095408661658524e+01,8.393586681256039128e+02,7.359090737319997970e+02,4.686193422337735726e+00,-3.484780228014872638e-01,1.140638202176516103e+01
7.689117551286259413e+02,1.864604363399547537e+01,8.191262814892927508e+02,7.352152984104300231e+02,5.161348095083091891e+00,-1.980018856635318639e-02,1.140724265500682399e+01
7.966133343633407549e+02,1.891173874805056698e+01,7.991337631073374723e+02,7.345464561721300925e+02,5.599216271835514291e+00,2.975374219539325127e-01,1.140810324297089551e+01
8.151970042331377044e+02,1.903464669488758432e+01,7.950890026415703460e+02,7.342374684025609213e+02,5.573070661022482497e+00,4.428306907575045304e-01,1.140896378562968572e+01
8.339531097362438459e+02,1.915968739824162270e+01,7.907964250693671602e+02,7.339233851770095498e+02,5.548062520351674465e+00,5.906758308401541813e-01,1.140982428295551010e+01
8.527092152393501010e+02,1.928472810159566464e+01,7.863826412051622583e+02,7.336095705460103318e+02,5.523054379680867321e+00,7.385209709228038877e-01,1.141068473492067703e+01
8.707530075688698616e+02,1.941109800384233353e+01,7.819927161616100193e+02,7.332926926882794305e+02,5.495856262797090608e+00,8.878733673509315860e-01,1.141154514149750554e+01
8.783581895148164449e+02,1.956177140996419084e+01,7.797045997944544524e+02,7.329152300980813379e+02,5.419114295017905647e+00,1.064738673976640904e+00,1.141240550265830578e+01
8.861107131227670379e+02,1.971182025398903903e+01,7.772607290159824061e+02,7.325397182510640732e+02,5.344089873005480662e+00,1.240899104854757518e+00,1.141326581837540743e+01
8.938632367307014874e+02,1.986186909801357814e+01,7.746951324110990527e+02,7.321645909967858188e+02,5.269065450993211996e+00,1.417059535732509756e+00,1.141412608862112243e+01
9.008832312133317828e+02,2.000512490825729728e+01,7.718369359012579025e+02,7.318068047976983053e+02,5.201668125523831954e+00,1.585219228550218462e+00,1.141498631336777159e+01
8.972207749918568425e+02,2.005398892868775818e+01,7.653498015590164414e+02,7.316848453502077518e+02,5.253988928687758353e+00,1.642288333009119583e+00,1.141584649258768280e+01
8.937196352979509584e+02,2.010400521002927476e+01,7.589317681602743733e+02,7.315600519819050760e+02,5.304005210029272277e+00,1.700708467722635620e+00,1.141670662625317512e+01
8.902184956040377983e+02,2.015402149137088728e+01,7.524659020415737132e+02,7.314353011749024063e+02,5.354021491370888342e+00,1.759128602436272448e+00,1.141756671433656933e+01
8.862399052686922687e+02,2.020536116047354724e+01,7.454997855475966162e+02,7.313072938789493946e+02,5.399140277969097568e+00,1.819080785449933790e+00,1.141842675681020403e+01
8.713243243243348388e+02,2.028108108108102670e+01,7.291076956207238027e+02,7.311185798891942795e+02,5.372972972972990924e+00,1.907236383723906581e+00,1.141928675364639467e+01
8.568196027352661304e+02,2.035610550309345257e+01,7.128599266238054497e+02,7.309316953649871493e+02,5.347964832302182892e+00,1.994588384833787531e+00,1.142014670481748517e+01
8.423148811461973082e+02,2.043112992510587844e+01,6.964443318636411959e+02,7.307449063571606303e+02,5.322956691631374859e+00,2.081940385943668037e+00,1.142100661029580522e+01
8.272704510451555961e+02,2.050263432090783056e+01,6.802650415711242431e+02,7.305669700007230176e+02,5.299999999999999822e+00,2.165187488651860281e+00,1.142186647005367028e+01
8.022110061869118454e+02,2.052705958971018774e+01,6.700071996376805146e+02,7.305062084013992489e+02,5.299999999999999822e+00,2.193552860111688929e+00,1.142272628406343493e+01
7.774529469228116341e+02,2.055206773038099755e+01,6.596032129457242945e+02,7.304440072662085868e+02,5.299999999999999822e+00,2.222596445404922072e+00,1.142358605229742352e+01
7.526948876587626955e+02,2.057707587105175762e+01,6.491654623678341522e+02,7.303818167227198046e+02,5.299999999999999822e+00,2.251640030698095263e+00,1.142444577472797462e+01
7.273770191609727362e+02,2.060338668869248835e+01,6.395733743594682892e+02,7.303163981471956276e+02,5.296351961625560989e+00,2.313396530028388742e+00,1.142530545132743214e+01
6.923419081732139375e+02,2.065418430478674239e+01,6.397304237245591594e+02,7.301901291943436263e+02,5.191631390426515225e+00,3.243615877674197900e+00,1.142616508206813286e+01
6.575805926408623918e+02,2.070420058612825898e+01,6.398744057885778602e+02,7.300658451280897907e+02,5.091598827743488265e+00,4.134710548863850477e+00,1.142702466692241714e+01
6.228192771084388824e+02,2.075421686746987149e+01,6.400124708959529016e+02,7.299416033628743889e+02,4.991566265060256136e+00,5.025805220055347355e+00,1.142788420586263420e+01
5.877748758510098241e+02,2.079906136807891670e+01,6.402691300683350164e+02,7.298302444165698262e+02,4.900000000000000355e+00,5.824915966724198313e+00,1.142874369886111374e+01
5.481429501791287748e+02,2.077287528492349722e+01,6.437013948956356444e+02,7.298952661897669714e+02,4.900000000000000355e+00,5.362762221998796264e+00,1.142960314589021920e+01
5.086300879192518209e+02,2.074786714425269096e+01,6.469784866552353151e+02,7.299573738997315786e+02,4.900000000000000355e+00,4.921397784597509428e+00,1.143046254692229091e+01
4.691172256593747534e+02,2.072285900358188471e+01,6.502438314012582623e+02,7.300194921802425370e+02,4.900000000000000355e+00,4.480033347196222593e+00,1.143132190192967457e+01
4.294504433680667717e+02,2.069319954051279709e+01,6.534322165747738609e+02,7.300931782760686701e+02,4.895172153491382794e+00,4.031265134022652852e+00,1.143218121088472827e+01
3.873757733637343108e+02,2.056421361120158764e+01,6.556445107121018054e+02,7.304138014217270438e+02,4.764213611201590481e+00,3.461821408268953792e+00,1.143304047375980126e+01
3.453620970367764471e+02,2.043917290784754925e+01,6.577981776381551526e+02,7.307248873332566745e+02,4.639172907847549432e+00,2.895695588075630766e+00,1.143389969052723387e+01
3.033484207099055538e+02,2.031413220449376666e+01,6.598755731077287692e+02,7.310362383429487636e+02,4.514132204493766842e+00,2.329569767883478804e+00,1.143475886115940199e+01
2.617435053502371716e+02,2.018474125909049022e+01,6.627923633844521873e+02,7.313587015077187061e+02,4.397025712881553083e+00,1.787750193806513010e+00,1.143561798562865306e+01
2.261185281667056302e+02,1.998248127645709360e+01,6.863759670098520473e+02,7.318633348346752427e+02,4.372810159557136700e+00,1.557787251965884412e+00,1.143647706390734520e+01
1.903568870075238522e+02,1.978241615109104146e+01,7.083682320714711977e+02,7.323631782175223179e+02,4.347802018886380182e+00,1.323206686374616359e+00,1.143733609596783651e+01
1.545952458482680640e+02,1.958235102572457720e+01,7.297031505287700384e+02,7.328637048267285081e+02,4.322793878215572150e+00,1.088626120782862916e+00,1.143819508178248689e+01
1.197435910545693361e+02,1.936966411547142997e+01,7.519057715900659105e+02,7.333965639170792201e+02,4.288667611091633525e+00,8.388345911334808003e-01,1.143905402132366156e+01
9.722761315534667403e+01,1.893721914685812635e+01,7.991201353851056410e+02,7.344823779758942237e+02,4.054998371866066265e+00,3.233170328378516811e-01,1.143991291456372039e+01
7.447020514491117638e+01,1.851208075545438447e+01,8.424116294087383494e+02,7.355529890607436982e+02,3.829925105828791754e+00,-1.833228997318568088e-01,1.144077176147503749e+01
5.171279713447567872e+01,1.808694236405064615e+01,8.828167381257271700e+02,7.366267258333629115e+02,3.604851839791517687e+00,-6.899628323015655207e-01,1.144163056202997630e+01
3.019321662705126030e+01,1.766871372897536574e+01,9.194518487469233605e+02,7.376860733127871299e+02,3.403144725794702286e+00,-1.188931951082951466e+00,1.144248931620090026e+01
2.336860957343131417e+01,1.734568544448073979e+01,9.410222759543913753e+02,7.385063739142938175e+02,3.481764897427521710e+00,-1.581803161007784286e+00,1.144334802396017992e+01
1.636633018560500474e+01,1.702057961576023004e+01,9.615356217513356114e+02,7.393337931758354671e+02,3.556789319439946251e+00,-1.977014701725659185e+00,1.144420668528019291e+01
9.364050797778698865e+00,1.669547378703972385e+01,9.807779562816511998e+02,7.401630685907349516e+02,3.631813741452371236e+00,-2.372226242443534083e+00,1.144506530013329737e+01
2.902514055806215243e+00,1.637563701987849640e+01,9.987341265706636477e+02,7.409807204440203350e+02,3.694617951532057631e+00,-2.761384449082925130e+00,1.144592386849188692e+01
2.181374145229347139e+00,1.612712471507644807e+01,1.014925620272008132e+03,7.416172831040655637e+02,3.563562357538224923e+00,-3.068353855190293800e+00,1.144678239032832323e+01
1.431129925105099954e+00,1.587704330836836775e+01,1.030346565616465796e+03,7.422589694019105764e+02,3.438521654184183429e+00,-3.377146637014915243e+00,1.144764086561499639e+01
6.808857049824048602e-01,1.562696190166080257e+01,1.044994829865110660e+03,7.429017671029008625e+02,3.313480950830400840e+00,-3.685939418838898085e+00,1.144849929432427516e+01
0.000000000000000000e+00,1.537862067407827382e+01,1.058310127305344622e+03,7.435411943951772855e+02,3.190215721131492987e+00,-3.992843861242614700e+00,1.144935767642854074e+01
0.000000000000000000e+00,1.515411917942017439e+01,1.064083155294460539e+03,7.441201877585407374e+02,3.090719635297854762e+00,-4.273811218665586331e+00,1.145021601190017435e+01
0.000000000000000000e+00,1.492904591338336395e+01,1.069553897587209576e+03,7.447015613896973036e+02,2.990687072614828690e+00,-4.555404750649675094e+00,1.145107430071156607e+01
0.000000000000000000e+00,1.470397264734608989e+01,1.074621834191423886e+03,7.452838441739281734e+02,2.890654509931595673e+00,-4.836998282634346502e+00,1.145193254283509532e+01
0.000000000000000000e+00,1.448252889596136583e+01,1.078751536928561791e+03,7.458576261375080776e+02,2.790621947248362655e+00,-5.114238834806045020e+00,1.145279073824315219e+01
0.000000000000000000e+00,1.430853142298933811e+01,1.075863833360688432e+03,7.463090910308386583e+02,2.690589384565337028e+00,-5.334454144656896268e+00,1.145364888690811611e+01
0.000000000000000000e+00,1.413347443829368189e+01,1.073016272894652957e+03,7.467638565525319336e+02,2.590556821882104011e+00,-5.555950577719250383e+00,1.145450698880238960e+01
0.000000000000000000e+00,1.395841745359802388e+01,1.070080135123277842e+03,7.472191766374224926e+02,2.490524259198870993e+00,-5.777447010781604497e+00,1.145536504389835031e+01
0.000000000000000000e+00,1.378163105916447506e+01,1.066522863232888312e+03,7.476795589476276973e+02,2.396894299729579902e+00,-6.001315805401512549e+00,1.145622305216839365e+01
0.000000000000000000e+00,1.358091826766522381e+01,1.053574140643557030e+03,7.482029374142448432e+02,2.372614783458153020e+00,-6.258076709662874215e+00,1.145708101358492037e+01
0.000000000000000000e+00,1.338085314229875777e+01,1.041126977477467790e+03,7.487253569471914716e+02,2.347606642787344988e+00,-6.513943044695985840e+00,1.145793892812032588e+01
0.000000000000000000e+00,1.318078801693270563e+01,1.028804357759901222e+03,7.492485065303702640e+02,2.322598502116588470e+00,-6.769809379728568111e+00,1.145879679574699495e+01
0.000000000000000000e+00,1.298072289156623960e+01,1.016605295988147645e+03,7.497723876951570219e+02,2.295992447070902109e+00,-7.025890266789259542e+00,1.145965461643733896e+01
0.000000000000000000e+00,1.278065776619977534e+01,1.004528811795287083e+03,7.502970019772083106e+02,2.245164441549943657e+00,-7.284815010754828180e+00,1.146051239016374979e+01
0.000000000000000000e+00,1.258059264083372142e+01,9.925739299478689190e+02,7.508223509164835150e+02,2.195148160208430621e+00,-7.543666659347151970e+00,1.146137011689862817e+01
0.000000000000000000e+00,1.238052751546725538e+01,9.807396803433398418e+02,7.513484360572606420e+02,2.145131878866814112e+00,-7.802518307940012221e+00,1.146222779661438729e+01
1.221690903250931270e-02,1.218638071265820244e+01,9.691169036299195341e+02,7.518596635440873115e+02,2.093405702488286391e+00,-8.053845631884305689e+00,1.146308542928342256e+01
2.745034190815769937e-01,1.206274829045921138e+01,9.587685422524579053e+02,7.521855757894513772e+02,2.017648974275526808e+00,-8.215376933178646368e+00,1.146394301487814005e+01
5.245848257896593703e-01,1.193770758710516944e+01,9.484889130047303070e+02,7.525154876409498002e+02,1.942624552263102045e+00,-8.378711727613675109e+00,1.146480055337095472e+01
7.746662324977418024e-01,1.181266688375112928e+01,9.383055986156400650e+02,7.528456890209706671e+02,1.867600130250677504e+00,-8.542046522048703849e+00,1.146565804473426375e+01
1.210676258529931104e+00,1.169400205857820652e+01,9.280543516669222299e+02,7.531593212936446662e+02,1.796913661490708636e+00,-8.697086784861705056e+00,1.146651548894048389e+01
5.122435688700837098e+00,1.164503419081732183e+01,9.157211525665736644e+02,7.532888201681578266e+02,1.772517095408660870e+00,-8.761391079177837327e+00,1.146737288596203186e+01
8.873656789322073024e+00,1.159501790947570576e+01,9.035181942574214418e+02,7.534211375159293311e+02,1.747508954737852838e+00,-8.827065181223263224e+00,1.146823023577131551e+01
1.262487788993554894e+01,1.154500162813419273e+01,8.913844433509302689e+02,7.535535013557129105e+02,1.722500814067096320e+00,-8.892739283268552342e+00,1.146908753834075156e+01
1.720004659180134254e+01,1.150897274575002882e+01,8.801698833332766299e+02,7.536488796697666430e+02,1.702563641642865555e+00,-8.940090759851052837e+00,1.146994479364275143e+01
3.526082709216409228e+01,1.169260827092164057e+01,8.774506944413774363e+02,7.531630067482836921e+02,1.755030934549040245e+00,-8.699859448616757973e+00,1.147080200164974251e+01
5.276652556169364061e+01,1.186766525561693619e+01,8.744480110493526581e+02,7.527004163161182078e+02,1.805047215890553058e+00,-8.470850552136777623e+00,1.147165916233413618e+01
7.027222403125941241e+01,1.204272224031259420e+01,8.712439338672928670e+02,7.522383937784310319e+02,1.855063497232169789e+00,-8.241841655656322985e+00,1.147251627566835630e+01
8.874205986351383046e+01,1.222823098651651108e+01,8.684730102729135979e+02,7.517494075364216997e+02,1.914426715263639389e+00,-7.999559739251178136e+00,1.147337334162482847e+01
1.204350374470620153e+02,1.255812438944944454e+01,8.740142093762864306e+02,7.508813960184077132e+02,2.120384239661197157e+00,-7.574412471587221418e+00,1.147423036017597475e+01
1.516952132855723221e+02,1.288323021816995073e+01,8.790664856002999841e+02,7.500279430180792133e+02,2.320449365027662747e+00,-7.155299617220626907e+00,1.147508733129422254e+01
1.829553891240826147e+02,1.320833604689045870e+01,8.838845796342901622e+02,7.491764278872659588e+02,2.520514490394128782e+00,-6.736186762854031507e+00,1.147594425495199566e+01
2.147647864325718103e+02,1.353726958218407184e+01,8.880485483667623612e+02,7.483168536533438555e+02,2.711928986824779564e+00,-6.312861540386458081e+00,1.147680113112172151e+01
2.534741126668794777e+02,1.391370888961246166e+01,8.881075495422131780e+02,7.473355518368471166e+02,2.810322370563323346e+00,-5.837450736776284010e+00,1.147765795977583636e+01
2.919866492999241814e+02,1.428883099967458570e+01,8.875740228850610265e+02,7.463602414093919606e+02,2.910354933246556808e+00,-5.363471384509662876e+00,1.147851474088676937e+01
3.304991859328891906e+02,1.466395310973593347e+01,8.864180668809140116e+02,7.453874733222360192e+02,3.010387495929582435e+00,-4.889492032244022290e+00,1.147937147442694972e+01
3.691892102286162753e+02,1.503706443852237129e+01,8.847538501741339587e+02,7.444224313136024875e+02,3.119184282660910412e+00,-4.386493244148062409e+00,1.148022816036881899e+01
4.100094431781396338e+02,1.538658417453616778e+01,8.839364434468832314e+02,7.435206731551912753e+02,3.348518397916108391e+00,-3.497924231086386282e+00,1.148108479868480991e+01
4.507727124714727438e+02,1.573669814392675903e+01,8.825511309512202160e+02,7.426195691034130277e+02,3.573591663952916608e+00,-2.622185696972992197e+00,1.148194138934736053e+01
4.915359817648901526e+02,1.608681211331807148e+01,8.805971880231995783e+02,7.417206465797315786e+02,3.798664929990191119e+00,-1.746447162857785340e+00,1.148279793232891066e+01
5.318658296335178193e+02,1.642842938916055218e+01,8.793954804248089658e+02,7.408456336333633772e+02,4.009760986226187818e+00,-8.830493569249985297e-01,1.148365442760190014e+01
5.672569195701410081e+02,1.667645718007141298e+01,8.990970308274736453e+02,7.402116334812727700e+02,4.082937154021424320e+00,-1.591071617198586974e-01,1.148451087513877589e+01
6.027684793226886768e+02,1.692653858677949685e+01,9.182302284755455730e+02,7.395734806424925409e+02,4.157961576033849305e+00,5.681540254862486039e-01,1.148536727491198128e+01
6.382800390752363455e+02,1.717661999348757718e+01,9.377159159399925556e+02,7.389364271872938161e+02,4.232985998046273401e+00,1.295415212692355933e+00,1.148622362689395615e+01
6.731757313251879395e+02,1.742461538842466595e+01,9.557366420095692092e+02,7.383057702282940227e+02,4.313554520843370987e+00,1.979009201820735253e+00,1.148707993105715097e+01
7.012764571800646536e+02,1.764910452621290560e+01,9.577156807169416197e+02,7.377358181514368880e+02,4.466069684141936946e+00,2.234331023945008265e+00,1.148793618737400735e+01
7.295356561380780249e+02,1.787417779225017966e+01,9.596190709562595202e+02,7.371652655213300704e+02,4.616118528166785140e+00,2.495726516438475429e+00,1.148879239581699174e+01
7.577948550960328475e+02,1.809925105828698477e+01,9.613589325324211359e+02,7.365955947210896966e+02,4.766167372191325136e+00,2.757122008931401247e+00,1.148964855635854754e+01
7.851666797219658065e+02,1.832637761362909146e+01,9.622973931332879829e+02,7.360216191080719454e+02,4.903584049456942040e+00,2.982536561036678080e+00,1.149050466897112166e+01
8.032289156626578688e+02,1.857710843373503806e+01,9.536064082179274237e+02,7.353890299984973353e+02,4.927710843373504623e+00,2.844410807294450283e+00,1.149136073362718236e+01
8.214848583523100842e+02,1.882718984044260324e+01,9.447812728544211041e+02,7.347591618803753590e+02,4.952718984044261141e+00,2.712779649579905250e+00,1.149221675029917478e+01
8.397408010420001574e+02,1.907727124715068712e+01,9.354154816083155310e+02,7.341303718156749483e+02,4.977727124715068285e+00,2.581148491865087991e+00,1.149307271895955473e+01
8.569751729550611117e+02,1.931573357679343061e+01,9.256002532644421308e+02,7.335317971096906149e+02,4.996998169065099304e+00,2.438283968613123243e+00,1.149392863958079403e+01
8.643230218169900354e+02,1.943871703028316844e+01,9.165341742123762288e+02,7.332234731154944711e+02,4.944513187886733441e+00,2.153496757201191159e+00,1.149478451213534314e+01
8.718254640182325375e+02,1.956375773363721038e+01,9.072377876655913269e+02,7.329102566151705105e+02,4.894496906545116488e+00,1.873683587781767246e+00,1.149564033659567031e+01
8.793279062194749258e+02,1.968879843699125232e+01,8.977347790737222795e+02,7.325973075986069034e+02,4.844480625203499535e+00,1.593870418362343111e+00,1.149649611293424023e+01
8.857546764701421580e+02,1.981593357422847390e+01,8.890471854297696837e+02,7.322793907564364417e+02,4.782160186330214557e+00,1.355771585015585146e+00,1.149735184112351227e+01
8.815558450016296774e+02,1.996665581243888710e+01,8.886321553368436525e+02,7.319028483752470038e+02,4.550016281341668467e+00,1.539684853277770271e+00,1.149820752113596001e+01
8.775545424943003354e+02,2.011670465646373884e+01,8.881038500091804053e+02,7.315283729418155190e+02,4.324943015304393512e+00,1.714946143698012238e+00,1.149906315294404280e+01
8.735532399869709934e+02,2.026675350048858704e+01,8.874794165366224661e+02,7.311542805104128320e+02,4.099869749267119445e+00,1.890207434118253982e+00,1.149991873652024310e+01
8.686818004937612159e+02,2.041218916837366848e+01,8.866434079019845740e+02,7.307920541319919039e+02,3.889747067684213189e+00,2.060007731934142328e+00,1.150077427183703094e+01
8.522025398892826615e+02,2.051123412569198479e+01,8.842496269209468664e+02,7.305455755305011962e+02,3.816574405731012476e+00,2.174945195440592727e+00,1.150162975886687455e+01
8.361973298599654072e+02,2.061126668837521692e+01,8.818469050414057619e+02,7.302968077235638020e+02,3.741549983718587935e+00,2.291046367137556494e+00,1.150248519758225108e+01
8.201921198306812357e+02,2.071129925105823943e+01,8.793768191324654708e+02,7.300482092814348789e+02,3.666525561706317937e+00,2.407147538834280009e+00,1.150334058795563763e+01
8.033789323014310639e+02,2.080357347643397858e+01,8.778017546101904145e+02,7.298190416479870919e+02,3.606394993750754896e+00,2.514232493559545034e+00,1.150419592995950069e+01
7.773236730706375965e+02,2.082784109410617646e+01,8.888486497031052522e+02,7.297587957545280233e+02,3.711364376424708400e+00,2.542308114913348405e+00,1.150505122356634402e+01
7.515652881797584541e+02,2.085284923477693653e+01,8.994068288438058971e+02,7.296967218301851972e+02,3.811396939107734028e+00,2.571241944741478935e+00,1.150590646874862522e+01
7.258069032888258789e+02,2.087785737544774278e+01,9.099950345572567585e+02,7.296346584650693785e+02,3.911429501790967489e+00,2.600175774569668530e+00,1.150676166547884272e+01
6.993345565953802634e+02,2.089999999999999858e+01,9.214068924009648072e+02,7.295797153387210301e+02,4.003605708437659061e+00,2.735346022616127470e+00,1.150761681372947898e+01
6.650918267665430221e+02,2.089999999999999858e+01,9.420070925349303934e+02,7.295797153387210301e+02,4.027873656789306978e+00,4.449123542948375309e+00,1.150847191347301113e+01
6.310807554542438993e+02,2.089999999999999858e+01,9.622944711706071530e+02,7.295797153387210301e+02,4.052881797460115010e+00,6.085007750697548623e+00,1.150932696468192873e+01
5.970696841419446628e+02,2.089999999999999858e+01,9.825818498062839126e+02,7.295797153387210301e+02,4.077889938130922154e+00,7.720891958446721048e+00,1.151018196732873200e+01
5.626327463034227776e+02,2.089000866494074415e+01,1.001825293323368328e+03,7.296045078081249358e+02,4.104974253408822271e+00,9.046675748058785160e+00,1.151103692138589629e+01
5.237453598176439300e+02,2.073256268316507445e+01,1.011351875511993171e+03,7.299953877380569338e+02,4.155812438944975540e+00,7.147407701948291781e+00,1.151189182682592538e+01
4.849827417778911922e+02,2.058251383914022625e+01,1.020772199972228123e+03,7.303682949203155204e+02,4.205828720286591604e+00,5.337371195470408836e+00,1.151274668362130349e+01
4.462201237382186036e+02,2.043246499511568359e+01,1.029923862455059634e+03,7.307415832853645270e+02,4.255845001628104640e+00,3.527334688996270895e+00,1.151360149174453085e+01
4.072735665526308253e+02,2.026780140747166570e+01,1.040145942718311289e+03,7.311516728009495409e+02,4.315724097713586893e+00,1.872397109865291620e+00,1.151445625116810767e+01
3.664597850862595578e+02,1.993679583197630478e+01,1.065303651134405982e+03,7.319774153808697292e+02,4.495571475089682245e+00,1.502719671613264696e+00,1.151531096186452530e+01
3.256965157929264478e+02,1.961169000325646650e+01,1.088413243818541332e+03,7.327902612290713478e+02,4.670628459784978759e+00,1.120785426907571880e+00,1.151616562380628928e+01
2.849332464995090390e+02,1.928658417453596030e+01,1.110126010726712366e+03,7.336049143814040008e+02,4.845685444480635873e+00,7.388511822010888075e-01,1.151702023696589983e+01
2.449427468425576535e+02,1.895023484232838484e+01,1.129466258834912423e+03,7.344496533426637370e+02,5.003886104484268849e+00,3.427753707526165483e-01,1.151787480131585539e+01
2.123575382611740281e+02,1.849651579290162928e+01,1.138354448840068699e+03,7.355922449891021415e+02,5.027971344838798373e+00,-2.013969219484527395e-01,1.151872931682866863e+01
1.795968739824152181e+02,1.804636926082708115e+01,1.145919854272663542e+03,7.367293618389560379e+02,5.052979485509606405e+00,-7.410256301223019371e-01,1.151958378347684331e+01
1.468362097036564364e+02,1.759622272875252946e+01,1.152074804665147212e+03,7.378699997609101047e+02,5.077987626180414438e+00,-1.280654338296151273e+00,1.152043820123287432e+01
1.151778723581554118e+02,1.714607619667891569e+01,1.156019663586395609e+03,7.390141751347739500e+02,5.091166239533190030e+00,-1.821534838003964873e+00,1.152129257006929031e+01
9.363660045587768366e+01,1.669592966460436756e+01,1.150340373877223101e+03,7.401619044421192939e+02,4.959980462390101152e+00,-2.374678981271378220e+00,1.152214688995859326e+01
7.187951807227450729e+01,1.624578313252981943e+01,1.144186229476674043e+03,7.413132042670572446e+02,4.834939759036060103e+00,-2.927495166248491376e+00,1.152300116087329762e+01
5.012243568871635802e+01,1.579563660045620033e+01,1.137352690790728502e+03,7.424680912970441113e+02,4.709899055682277513e+00,-3.480311351224460559e+00,1.152385538278591604e+01
2.997576898352324193e+01,1.535039165803638994e+01,1.131422104752183486e+03,7.436139471788503670e+02,4.580233498053928543e+00,-4.028268684966573865e+00,1.152470955566896293e+01
2.314978834255494888e+01,1.495141647671742646e+01,1.139608799091959327e+03,7.446437366360105443e+02,4.403744708563873900e+00,-4.530195966803946206e+00,1.152556367949495808e+01
1.614750895474313097e+01,1.455128622598532218e+01,1.146165335775061294e+03,7.456793749849202868e+02,4.228687723868578274e+00,-5.033285931849930783e+00,1.152641775423641413e+01
9.145229566916823316e+00,1.415115597525238833e+01,1.151560605934020032e+03,7.467178980436468692e+02,4.053630739172921160e+00,-5.536375896896956306e+00,1.152727177986586504e+01
2.878529453916447878e+00,1.376383425256289961e+01,1.156026621530041893e+03,7.477259345129239136e+02,3.881069134592468384e+00,-6.024082800728061571e+00,1.152812575635582171e+01
2.157929013351288727e+00,1.349124063822880615e+01,1.161455908752126334e+03,7.484370177078383222e+02,3.731585802670257745e+00,-6.373625758113598216e+00,1.152897968367880921e+01
1.407684793227041764e+00,1.321615109084991424e+01,1.166237474423866615e+03,7.491559825703353681e+02,3.581536958645408220e+00,-6.726207262723002067e+00,1.152983356180735619e+01
6.574405731027945787e-01,1.294106154347102411e+01,1.170439213534699775e+03,7.498763300675609571e+02,3.431488114620559138e+00,-7.078788767332405918e+00,1.153068739071398774e+01
0.000000000000000000e+00,1.267928092474472024e+01,1.174294468513316360e+03,7.505631136833626442e+02,3.281439270596019586e+00,-7.414588425272249594e+00,1.153154117037122361e+01
0.000000000000000000e+00,1.253139042657117130e+01,1.179910324196144984e+03,7.509516632323042131e+02,3.131390426571170504e+00,-7.606548426790266326e+00,1.153239490075161200e+01
0.000000000000000000e+00,1.238134158254632133e+01,1.185225750086962989e+03,7.513462939175454949e+02,2.981341582546320979e+00,-7.801255339724169069e+00,1.153324858182766732e+01
0.000000000000000000e+00,1.223129273852178223e+01,1.190310605173515569e+03,7.517413395835826577e+02,2.831292738521782315e+00,-7.995962252657669467e+00,1.153410221357193244e+01
0.000000000000000000e+00,1.208940132373091281e+01,1.194931110362617574e+03,7.521152906487003520e+02,2.696002108475047176e+00,-8.180161207776174948e+00,1.153495579595694309e+01
0.000000000000000000e+00,1.201559752523604097e+01,1.197420048006865727e+03,7.523099460704253261e+02,2.671865841745347581e+00,-8.276581412080815880e+00,1.153580932895522437e+01
0.000000000000000000e+00,1.194057310322377141e+01,1.199889495370910254e+03,7.525079239209857178e+02,2.646857701074591063e+00,-8.374581954841463727e+00,1.153666281253932091e+01
0.000000000000000000e+00,1.186554868121134731e+01,1.202302156032362973e+03,7.527060059986587248e+02,2.621849560403782586e+00,-8.472582497602312301e+00,1.153751624668177733e+01
0.000000000000000000e+00,1.178806165710921761e+01,1.204310693974826791e+03,7.529106995846140080e+02,2.594494814006153227e+00,-8.573864818144375732e+00,1.153836963135512761e+01
0.000000000000000000e+00,1.168733311624887072e+01,1.203565386991532932e+03,7.531769552406072989e+02,2.543666558124435095e+00,-8.706143506859996606e+00,1.153922296653191815e+01
0.000000000000000000e+00,1.158730055356563682e+01,1.202804387612492519e+03,7.534415578087997574e+02,2.493650276782819031e+00,-8.837492051273370564e+00,1.154007625218468824e+01
0.000000000000000000e+00,1.148726799088240647e+01,1.201995116554787046e+03,7.537063463601782587e+02,2.443633995441202522e+00,-8.968840595686746298e+00,1.154092948828599141e+01
0.000000000000000000e+00,1.138990582235932614e+01,1.201040618716067229e+03,7.539642450087425232e+02,2.391155619455825221e+00,-9.096739957814776290e+00,1.154178267480836517e+01
0.000000000000000000e+00,1.131540214913710862e+01,1.199080706192921525e+03,7.541617141295707825e+02,2.315402149137109511e+00,-9.195093163081121901e+00,1.154263581172436659e+01
0.000000000000000000e+00,1.124037772712468453e+01,1.197142007114047374e+03,7.543606679308865068e+02,2.240377727124684970e+00,-9.294121392875702270e+00,1.154348889900654740e+01
0.000000000000000000e+00,1.116535330511226043e+01,1.195189601908376289e+03,7.545597267310621419e+02,2.165353305112259985e+00,-9.393149622670279086e+00,1.154434193662745578e+01
2.011723032116342208e-02,1.108779773895306420e+01,1.192886934539721778e+03,7.547656119209434564e+02,2.100000000000000089e+00,-9.495587365587100592e+00,1.154519492455963814e+01
2.823184630414470875e-01,1.098707261478342190e+01,1.187173892185285695e+03,7.550331722682389000e+02,2.100000000000000089e+00,-9.629258588026440080e+00,1.154604786277566575e+01
5.323998697495294641e-01,1.088704005210018622e+01,1.181606235066771433e+03,7.552990809086015815e+02,2.100000000000000089e+00,-9.761994227773989508e+00,1.154690075124807791e+01
7.824812764570945323e-01,1.078700748941716370e+01,1.176054074694021210e+03,7.555651769111040039e+02,2.100000000000000089e+00,-9.894729867521263600e+00,1.154775358994944767e+01
1.309225475012243400e+00,1.069268168265652186e+01,1.170137167893715059e+03,7.558162641146743681e+02,2.106142791752569465e+00,-9.753951275708871549e+00,1.154860637885233565e+01
4.957017258225629774e+00,1.064347118202534936e+01,1.160709224911675847e+03,7.559473246576183101e+02,2.184793226961977641e+00,-6.473248272792740288e+00,1.154945911792929358e+01
8.458156952131540507e+00,1.059345490068383455e+01,1.151444339559675655e+03,7.560805776839574719e+02,2.259817648974247195e+00,-3.343795194340403398e+00,1.155031180715288919e+01
1.195929664604469345e+01,1.054343861934221849e+01,1.142226615790499864e+03,7.562138776963735154e+02,2.334842070986672180e+00,-2.143421158815908556e-01,1.155116444649568841e+01
1.663203526876000637e+01,1.050625104633823703e+01,1.134195431996844491e+03,7.563130185193035686e+02,2.409866492999096721e+00,2.245579937836084117e+00,1.155201703593025542e+01
3.339303158579600961e+01,1.058489091501136592e+01,1.133831931584277072e+03,7.561033985052304160e+02,2.484890915011366275e+00,-9.998203148786977135e-01,1.155286957542915616e+01
4.964832302182136914e+01,1.065991533702379179e+01,1.133416422126397720e+03,7.559035245142632675e+02,2.559915337023790816e+00,-4.096014170071404337e+00,1.155372206496497078e+01
6.590361445784672867e+01,1.073493975903621589e+01,1.132965067942348242e+03,7.557037561677211670e+02,2.634939759036215801e+00,-7.192208025264109850e+00,1.155457450451026347e+01
8.306654721804881092e+01,1.082674475733772645e+01,1.133315026335816356e+03,7.554594532403742733e+02,2.700000000000000178e+00,-9.809004885859792466e+00,1.155542689403761081e+01
1.083295343536366175e+02,1.108329534353636703e+01,1.142816575207596316e+03,7.547775676176757997e+02,2.700000000000000178e+00,-8.966039129971886013e+00,1.155627923351958231e+01
1.333376750244448488e+02,1.133337675024444913e+01,1.151829450731838278e+03,7.541140636969273601e+02,2.700000000000000178e+00,-8.161714050501256423e+00,1.155713152292875634e+01
1.583458156952013667e+02,1.158345815695201431e+01,1.160786851039683825e+03,7.534517252872159361e+02,2.700000000000000178e+00,-7.357388971032291280e+00,1.155798376223770774e+01
1.827315288563902129e+02,1.183626626622327827e+01,1.169039464851281991e+03,7.527833471672694259e+02,2.715095302833349322e+00,-6.671045381852336753e+00,1.155883595141901843e+01
2.021224356887178999e+02,1.211198306740499575e+01,1.172328730369657706e+03,7.520557523596071405e+02,2.898534679257724900e+00,-6.793900116653646570e+00,1.155968809044527568e+01
2.216287854119079839e+02,1.238707261478331745e+01,1.175375618072270072e+03,7.513312135996299048e+02,3.073591663953020081e+00,-6.911140917669583494e+00,1.156054017928905608e+01
2.411351351351383983e+02,1.266216216216220936e+01,1.178098606372971290e+03,7.506080695531442188e+02,3.248648648648678083e+00,-7.028381718685762003e+00,1.156139221792294336e+01
2.643170277353993924e+02,1.294001561207373996e+01,1.180253973309405637e+03,7.498790720396885945e+02,3.414847910731365399e+00,-7.096135416859384648e+00,1.156224420631953009e+01
3.218879843698814511e+02,1.324073591663936789e+01,1.180409028135004746e+03,7.490916722871772890e+02,3.513578638879789384e+00,-6.694592783459417440e+00,1.156309614445138401e+01
3.781563008791999891e+02,1.354083360468906605e+01,1.180067570386489251e+03,7.483075499761702076e+02,3.613611201563022401e+00,-6.311338432394171249e+00,1.156394803229112078e+01
4.344246173885185272e+02,1.384093129273876599e+01,1.179199463189601147e+03,7.475250675308661812e+02,3.713643764246254975e+00,-5.928084081328924171e+00,1.156479986981132058e+01
4.890938889531226437e+02,1.412925507530421498e+01,1.177395013584251728e+03,7.467748235393104324e+02,3.804132489774439740e+00,-5.560312720538212794e+00,1.156565165698456710e+01
5.313262780853184495e+02,1.432741777922502990e+01,1.171389157685490090e+03,7.462600608862657054e+02,3.828427222403128383e+00,-5.310899644025539601e+00,1.156650339378346715e+01
5.738401172256924383e+02,1.452748290459149416e+01,1.165161651065918022e+03,7.457410747941677300e+02,3.853435363073936415e+00,-5.059009594663245402e+00,1.156735508018061154e+01
6.163539563659785472e+02,1.472754802995754631e+01,1.158551767545906614e+03,7.452228100575104008e+02,3.878443503744692933e+00,-4.807119545301472563e+00,1.156820671614858931e+01
6.571699431164774978e+02,1.493320035220362918e+01,1.151635704665162848e+03,7.446908228716041549e+02,3.903451644415501409e+00,-4.548625627262657289e+00,1.156905830166001259e+01
6.851595571475299948e+02,1.518459785086309743e+01,1.144909585416216487e+03,7.440415298559311168e+02,3.928459785086309441e+00,-4.236151004432232803e+00,1.156990983668747042e+01
7.134187561054848175e+02,1.543467925757066261e+01,1.137611020901525080e+03,7.433967591324335444e+02,3.953467925757066403e+00,-3.925221225588780616e+00,1.157076132120357848e+01
7.416779550634981888e+02,1.568476066427874471e+01,1.129743533801769900e+03,7.427531049308460069e+02,3.978476066427874436e+00,-3.614291446744685388e+00,1.157161275518093468e+01
7.687286807167085954e+02,1.593770830889448753e+01,1.121786788689356854e+03,7.421032069158774220e+02,3.995391104531994753e+00,-3.300354282412817142e+00,1.157246413859213519e+01
7.867994138716906036e+02,1.621341582546383364e+01,1.116873603246515813e+03,7.413961252957810757e+02,3.943015304461121584e+00,-2.962580606175869491e+00,1.157331547140979566e+01
8.050553565613806768e+02,1.648850537284272022e+01,1.111324258071940903e+03,7.406919705623712389e+02,3.892999023119505075e+00,-2.625449929899952295e+00,1.157416675360652114e+01
8.233112992510706363e+02,1.676359492022161390e+01,1.105191445986069994e+03,7.399891521278466371e+02,3.842982741777888567e+00,-2.288319253624035099e+00,1.157501798515492730e+01
8.401668341942245206e+02,1.703868446759993560e+01,1.100236078065601987e+03,7.392876661919038952e+02,3.802341923569829252e+00,-1.951769804341542125e+00,1.157586916602762628e+01
8.472722240312599524e+02,1.731377401497882218e+01,1.109067499462864134e+03,7.385875089686318233e+02,3.828524910452620222e+00,-1.619709288489701304e+00,1.157672029619722132e+01
8.545245848257942498e+02,1.758886356235771586e+01,1.117416845110460599e+03,7.378886766864510491e+02,3.853533051123428699e+00,-1.287533253236738062e+00,1.157757137563634053e+01
8.617769456203136542e+02,1.786395310973604111e+01,1.125677839568849777e+03,7.371911655880443277e+02,3.878541191794184773e+00,-9.553572179844621592e-01,1.157842240431759251e+01
8.675954703487695951e+02,1.811993993660237834e+01,1.133933882370963374e+03,7.365432736828454381e+02,3.899999999999999911e+00,-6.464702712134192675e-01,1.157927338221359115e+01
8.631452295669137129e+02,1.824278736567901049e+01,1.142856231121260180e+03,7.362327572855330118e+02,3.899999999999999911e+00,-4.997259258583038322e-01,1.158012430929697167e+01
8.588938456528851475e+02,1.836782806903279308e+01,1.151822487162249445e+03,7.359169650665361360e+02,3.899999999999999911e+00,-3.503293179667499868e-01,1.158097518554034089e+01
8.546424617388477145e+02,1.849286877238683502e+01,1.160850252967398319e+03,7.356014436368183169e+02,3.899999999999999911e+00,-2.009327100748870276e-01,1.158182601091633224e+01
8.493679752714889446e+02,1.859758256740756721e+01,1.170811940908366523e+03,7.353374222505899525e+02,3.916922028147054924e+00,-7.581478422125793870e-02,1.158267678539757028e+01
8.352754802995879118e+02,1.857140996418106837e+01,1.187853746917531680e+03,7.354033950462953726e+02,4.100130250732518356e+00,-1.070033326246082328e-01,1.158352750895666894e+01
8.215210029306433626e+02,1.854640182351026212e+01,1.204605817111619444e+03,7.354664437210069536e+02,4.275187235428175470e+00,-1.368042507464910795e-01,1.158437818156626875e+01
8.077665255616988134e+02,1.852139368283945231e+01,1.221302408476064102e+03,7.355295032074069468e+02,4.450244220123833472e+00,-1.666051688683739262e-01,1.158522880319900139e+01
7.928046178725398931e+02,1.848832376391917620e+01,1.236138096013558652e+03,7.356129081730898633e+02,4.599999999999999645e+00,-2.060528348949241806e-01,1.158607937382748965e+01
7.682360794529510031e+02,1.838550960599154749e+01,1.239389668564517251e+03,7.358723319340784883e+02,4.599999999999999645e+00,-3.289799273498544285e-01,1.158692989342437585e+01
7.439781830022669737e+02,1.828547704330831891e+01,1.242648852918539887e+03,7.361249133833852056e+02,4.599999999999999645e+00,-4.485756171198345688e-01,1.158778036196228456e+01
7.197202865516331940e+02,1.818544448062529639e+01,1.245813229195030090e+03,7.363776682847735628e+02,4.599999999999999645e+00,-5.681713068895672958e-01,1.158863077941385811e+01
6.944186186464432922e+02,1.807950190369631471e+01,1.247942205774297008e+03,7.366455460087358915e+02,4.592519005414604116e+00,-6.949689026357090960e-01,1.158948114575173349e+01
6.611751872354125226e+02,1.792806903288824216e+01,1.242685624704142356e+03,7.370287840926665694e+02,4.514034516444120015e+00,-8.772439118056790663e-01,1.159033146094854594e+01
6.281644415500138621e+02,1.777802018886369950e+01,1.237631134954311165e+03,7.374089135727839448e+02,4.439010094431849573e+00,-1.057826852812670193e+00,1.159118172497694665e+01
5.951536958645469895e+02,1.762797134483884776e+01,1.232548702582288115e+03,7.377894353659014541e+02,4.363985672419424588e+00,-1.238409793820035132e+00,1.159203193780957442e+01
5.613488133034636576e+02,1.747792250081399956e+01,1.227439184586456577e+03,7.381703500796626258e+02,4.299999999999999822e+00,-1.419172814830393925e+00,1.159288209941907155e+01
5.216733962878915918e+02,1.732787365678946401e+01,1.222303427520982950e+03,7.385516583229660910e+02,4.299999999999999822e+00,-1.601240265994798406e+00,1.159373220977808572e+01
4.821605340280145811e+02,1.717782481276461226e+01,1.217142267580230282e+03,7.389333607059721771e+02,4.299999999999999822e+00,-1.783274291273666989e+00,1.159458226885926635e+01
4.426476717681375703e+02,1.702777596873976051e+01,1.211956530682826951e+03,7.393154578401004073e+02,4.299999999999999822e+00,-1.965308316552535794e+00,1.159543227663525755e+01
4.031662413401415961e+02,1.687772712471522141e+01,1.207277863385232422e+03,7.396979503380354117e+02,4.299999999999999822e+00,-2.147527936420643879e+00,1.159628223307871764e+01
3.639091501139813545e+02,1.672767828069037321e+01,1.205870712701900402e+03,7.400808388137335214e+02,4.299999999999999822e+00,-2.331074431360639743e+00,1.159713213816229427e+01
3.246463692608123779e+02,1.657762943666552857e+01,1.204332143822818125e+03,7.404641238824196989e+02,4.299999999999999822e+00,-2.514587043197979099e+00,1.159798199185864576e+01
2.853835884077246874e+02,1.642758059264098591e+01,1.202701410900819610e+03,7.408478061605948142e+02,4.299999999999999822e+00,-2.698099655034939204e+00,1.159883179414042687e+01
2.469273379249384845e+02,1.627439840466043108e+01,1.201629330551754947e+03,7.412399112134240795e+02,4.289562731405514917e+00,-2.885680042494673359e+00,1.159968154498029769e+01
2.140462390100831840e+02,1.609873005535650137e+01,1.205360876635756085e+03,7.416900853956852870e+02,4.184988603060857848e+00,-3.102482272126202645e+00,1.160053124435091121e+01
1.810354933246163114e+02,1.592367307066084336e+01,1.208678990506503396e+03,7.421392374355402808e+02,4.084956040377624831e+00,-3.318486931691681630e+00,1.160138089222493640e+01
1.480247476392177362e+02,1.574861608596555129e+01,1.211757085690664553e+03,7.425889337992323362e+02,3.984923477694599203e+00,-3.534491591256713861e+00,1.160223048857502981e+01
1.164772854107519180e+02,1.556421975970503979e+01,1.214091603844460906e+03,7.430632126502745223e+02,3.881740903523515307e+00,-3.762462236018201622e+00,1.160308003337386396e+01
9.466883751218932730e+01,1.531214588082033323e+01,1.212999623533948352e+03,7.437125403067141178e+02,3.756072940410166261e+00,-4.077258719651734253e+00,1.160392952659409360e+01
7.266167372192359153e+01,1.506206447411276805e+01,1.211635637241054837e+03,7.443578591576280132e+02,3.631032237056383671e+00,-4.389487358305690812e+00,1.160477896820839661e+01
5.065450993161234550e+01,1.481198306740468595e+01,1.209970467130087854e+03,7.450042988665418306e+02,3.505991533702343066e+00,-4.701715996960293964e+00,1.160562835818944016e+01
3.073098271080888466e+01,1.455867984528333459e+01,1.207308408895126149e+03,7.456602127455033724e+02,3.399999999999999911e+00,-5.018619897315718781e+00,1.160647769650988792e+01
2.364278736568211414e+01,1.428300227938794187e+01,1.198858741964351566e+03,7.463753765019039292e+02,3.399999999999999911e+00,-5.368045565652194817e+00,1.160732698314242306e+01
1.639042657114772439e+01,1.400791273200905351e+01,1.190500264384646016e+03,7.470903840130788467e+02,3.399999999999999911e+00,-5.716610836829328690e+00,1.160817621805971278e+01
9.138065776613336411e+00,1.373282318463016161e+01,1.182018627437029181e+03,7.478067627537361659e+02,3.399999999999999911e+00,-6.065176108006463451e+00,1.160902540123444027e+01
2.857527207562446492e+00,1.346104463666807227e+01,1.174237407056386701e+03,7.485158691631909278e+02,3.402726462499274795e+00,-6.410187485706662081e+00,1.160987453263927627e+01
2.134483881471678668e+00,1.321149462715722578e+01,1.171263899204196377e+03,7.491681644373059044e+02,3.428850537284277245e+00,-6.731300353917478496e+00,1.161072361224690397e+01
1.384239661347431483e+00,1.296141322044914368e+01,1.167979142416088735e+03,7.498229898646266065e+02,3.453858677955085277e+00,-7.052988835401749590e+00,1.161157264002999945e+01
6.339954412247365001e-01,1.271133181374157850e+01,1.164457093479371224e+03,7.504789610199320578e+02,3.478866818625842239e+00,-7.374677316885354550e+00,1.161242161596125477e+01
0.000000000000000000e+00,1.247150518257010532e+01,1.161175311742506665e+03,7.511091118921664247e+02,3.491702513539594044e+00,-7.683571785356750006e+00,1.161327054001334602e+01
0.000000000000000000e+00,1.229781830022778877e+01,1.160438404788734942e+03,7.515661411351544530e+02,3.413350700097623758e+00,-7.909843592332567397e+00,1.161411941215896881e+01
0.000000000000000000e+00,1.212276131553249670e+01,1.159527100931636596e+03,7.520273379976218848e+02,3.338326278085354648e+00,-8.137838941892605149e+00,1.161496823237080100e+01
0.000000000000000000e+00,1.194770433083683692e+01,1.158466812573086600e+03,7.524891012324663961e+02,3.263301856072930107e+00,-8.365834291453115412e+00,1.161581700062153466e+01
0.000000000000000000e+00,1.178316754167111213e+01,1.157493489775954686e+03,7.529236313313535902e+02,3.184999725152350081e+00,-8.519342768972475000e+00,1.161666571688386185e+01
0.000000000000000000e+00,1.168433734939764790e+01,1.157785462959208417e+03,7.531848768366360218e+02,3.084337349397647809e+00,-8.157635687683132630e+00,1.161751438113047286e+01
0.000000000000000000e+00,1.158430478671441577e+01,1.158003844509687724e+03,7.534494849717908664e+02,2.984304786714414792e+00,-7.811197045553861962e+00,1.161836299333407396e+01
0.000000000000000000e+00,1.148427222403118186e+01,1.158163293371128930e+03,7.537142790960022012e+02,2.884272224031181775e+00,-7.464758403424591293e+00,1.161921155346734658e+01
0.000000000000000000e+00,1.138423966134815579e+01,1.157841016474582375e+03,7.539792594054317760e+02,2.777673569175157287e+00,-7.242289166488024676e+00,1.162006006150299342e+01
0.000000000000000000e+00,1.128420709866492366e+01,1.154061986959796741e+03,7.542444260965189642e+02,2.626310647997384340e+00,-7.878920907674913821e+00,1.162090851741371900e+01
0.000000000000000000e+00,1.118417453598168798e+01,1.150432647915423786e+03,7.545097793659775789e+02,2.476261803972534814e+00,-8.488845097463283196e+00,1.162175692117221537e+01
0.000000000000000000e+00,1.108414197329866369e+01,1.146794947023759960e+03,7.547753194107990566e+02,2.326212959947996151e+00,-9.098769287250391358e+00,1.162260527275119237e+01
0.000000000000000000e+00,1.099132950016394972e+01,1.143744690011488501e+03,7.550218605674881474e+02,2.195250347142680525e+00,-9.455850189528295147e+00,1.162345357212335628e+01
0.000000000000000000e+00,1.094203842396609794e+01,1.143880179429699638e+03,7.551528599164461184e+02,2.171019211983049590e+00,-8.045104502578706018e+00,1.162430181926140271e+01
0.000000000000000000e+00,1.089202214262458668e+01,1.143994724628441645e+03,7.552858329801237005e+02,2.146011071312293073e+00,-6.693165647265495899e+00,1.162515001413805216e+01
0.000000000000000000e+00,1.084200586128296884e+01,1.144094468033773637e+03,7.554188528818673376e+02,2.121002930641484596e+00,-5.341226791949490682e+00,1.162599815672600911e+01
2.924803906100252940e-02,1.078541970138033790e+01,1.143920825701773765e+03,7.555694025010183168e+02,2.100000000000000089e+00,-3.892726452241269453e+00,1.162684624699797986e+01
2.901335070007998174e-01,1.068394659719967876e+01,1.141710738876873393e+03,7.558395247197239541e+02,2.100000000000000089e+00,-1.801393181871435045e+00,1.162769428492668489e+01
5.402149137088821940e-01,1.058391403451644841e+01,1.139563297934214688e+03,7.561060017282701438e+02,2.100000000000000089e+00,2.711002534418044396e-01,1.162854227048483402e+01
7.902963204169646261e-01,1.048388147183321450e+01,1.137388165763966981e+03,7.563726667001011492e+02,2.100000000000000089e+00,2.343593688755044369e+00,1.162939020364514597e+01
1.286153444121827860e+00,1.040000000000000036e+01,1.135916023174342627e+03,7.565964214260304743e+02,2.100000000000000089e+00,4.081465788155810515e+00,1.163023808438034123e+01
3.614132204493507583e+00,1.040000000000000036e+01,1.139195769049218143e+03,7.565964214260304743e+02,2.100000000000000089e+00,4.081465788155810515e+00,1.163108591266313141e+01
5.864864864866249583e+00,1.040000000000000036e+01,1.142340600007838475e+03,7.565964214260304743e+02,2.100000000000000089e+00,4.081465788155810515e+00,1.163193368846624942e+01
8.115597525234333531e+00,1.040000000000000036e+01,1.145485430966452441e+03,7.565964214260304743e+02,2.100000000000000089e+00,4.081465788155810515e+00,1.163278141176240155e+01
1.132779322096524766e+01,1.041502577783289674e+01,1.148986325000070337e+03,7.565563320427410190e+02,2.118030933399476901e+00,3.996137947762552045e+00,1.163362908252432959e+01
2.134060566591254116e+01,1.054539238033221160e+01,1.154841619713008640e+03,7.562086697824843213e+02,2.274470856398654650e+00,3.255816829323129991e+00,1.163447670072475582e+01
3.109378052750757604e+01,1.067043308368599419e+01,1.160631071458376937e+03,7.558755124304060473e+02,2.424519700423193758e+00,2.545740233150341592e+00,1.163532426633640071e+01
4.084695538912279034e+01,1.079547378704003613e+01,1.166427037121638023e+03,7.555426485024771637e+02,2.574568544448043284e+00,1.835663636976084145e+00,1.163617177933200253e+01
5.199087775826504298e+01,1.092748669860918653e+01,1.172272144289481957e+03,7.551915428881147818e+02,2.717257481190131774e+00,8.887958972854822504e-01,1.163701923968429064e+01
7.228883099965750603e+01,1.110377727124700264e+01,1.178365691087360574e+03,7.547231820621841507e+02,2.816444154998287264e+00,-1.687217077323640346e+00,1.163786664736598908e+01
9.229534353630411658e+01,1.127883425594266065e+01,1.184415811479540480e+03,7.542586737261100325e+02,2.916476717681520725e+00,-4.203663625245014579e+00,1.163871400234984854e+01
1.123018560729507129e+02,1.145389124063831865e+01,1.190427794921230770e+03,7.537947368188265500e+02,3.016509280364753298e+00,-6.720110173166387924e+00,1.163956130460859661e+01
1.341866797795805724e+02,1.164292484570491304e+01,1.196098905702255706e+03,7.532944015783467648e+02,3.133586576284165481e+00,-8.776212685975503192e+00,1.164040855411496977e+01
1.680524259198891457e+02,1.192057961576028546e+01,1.199831164103984975e+03,7.525607012288480746e+02,3.362292412894777982e+00,-8.402894268689401258e+00,1.164125575084171871e+01
2.015633344187721718e+02,1.219566916313917204e+01,1.203286082698517930e+03,7.518351896649849095e+02,3.587365678932052049e+00,-8.044610411869165034e+00,1.164210289476157278e+01
2.350742429175858774e+02,1.247075871051749552e+01,1.206420582823131326e+03,7.511110756231282721e+02,3.812438944968860266e+00,-7.686326555049670439e+00,1.164294998584727736e+01
2.712008305567886737e+02,1.275660289826421412e+01,1.208939809413962621e+03,7.503601303662272812e+02,4.000000000000000000e+00,-7.315197126992770471e+00,1.164379702407158135e+01
3.236864213611434025e+02,1.310846629762308169e+01,1.209400394912275033e+03,7.494378002860553352e+02,4.000000000000000000e+00,-6.865349027374699986e+00,1.164464400940723188e+01
3.757033539563169029e+02,1.345858026701367116e+01,1.209179926038546228e+03,7.485223055621185040e+02,4.000000000000000000e+00,-6.417571044240077960e+00,1.164549094182697786e+01
4.277202865515980648e+02,1.380869423640498717e+01,1.208229254436591873e+03,7.476090448007545319e+02,4.000000000000000000e+00,-5.969793061104530452e+00,1.164633782130356821e+01
4.787704184443993540e+02,1.416247442037387039e+01,1.207105227162599476e+03,7.466884822960564634e+02,3.990497596609364983e+00,-5.518753723909736841e+00,1.164718464780975360e+01
5.241598827743903257e+02,1.453813090198673308e+01,1.208701596593424711e+03,7.457134732069994243e+02,3.912373819602652958e+00,-5.048291464543232188e+00,1.164803142131829006e+01
5.696746987951670462e+02,1.491325301204808085e+01,1.209481247633764951e+03,7.447423892223342818e+02,3.837349397590383848e+00,-4.578299162497988739e+00,1.164887814180192116e+01
6.151895148160381268e+02,1.528837512211020311e+01,1.209491585338663981e+03,7.437738310809997984e+02,3.762324975577959307e+00,-4.108306860451771847e+00,1.164972480923342601e+01
6.582134359894497493e+02,1.565975880723565616e+01,1.209974698765327275e+03,7.428174035041663501e+02,3.695254458603880021e+00,-3.644307392958175740e+00,1.165057142358554820e+01
6.872123086942266355e+02,1.600937805275142978e+01,1.218600575956972534e+03,7.419192721330771292e+02,3.670758710517755485e+00,-3.215132961373148746e+00,1.165141798483104907e+01
7.164718332790722570e+02,1.635949202214274578e+01,1.226561150217393106e+03,7.410220431699775645e+02,3.645750569846946565e+00,-2.785174758937059458e+00,1.165226449294269884e+01
7.457313578639179923e+02,1.670960599153405823e+01,1.234187743651646088e+03,7.401269816864942186e+02,3.620742429176138089e+00,-2.355216556500970171e+00,1.165311094789325352e+01
7.734060281428761527e+02,1.705594359391736248e+01,1.241085170232067185e+03,7.392436988011717176e+02,3.606498761272642462e+00,-1.930989311296597899e+00,1.165395734965547447e+01
7.922481276457239119e+02,1.738056007815054116e+01,1.245495229150676550e+03,7.384177252735233878e+02,3.658547704330852302e+00,-1.539671512123953701e+00,1.165480369820214257e+01
8.112543145555382580e+02,1.770566590687104735e+01,1.249530746551241464e+03,7.375923540167233341e+02,3.708563985672469254e+00,-1.147618988063409784e+00,1.165564999350601738e+01
8.302605014653131548e+02,1.803077173559088564e+01,1.253136840012956782e+03,7.367688258280977607e+02,3.758580267013981846e+00,-7.555664640036772184e-01,1.165649623553987091e+01
8.475496239780827636e+02,1.835206301415677999e+01,1.256550724804256788e+03,7.359567645952600969e+02,3.808596548355597466e+00,-3.690207298282638382e-01,1.165734242427648226e+01
8.556711169000404880e+02,1.865167697818328918e+01,1.261083748637334338e+03,7.352011047948514033e+02,3.858612829697214419e+00,-1.372313095323830431e-02,1.165818855968861278e+01
8.639238033213900962e+02,1.895177466623236739e+01,1.265242117591522629e+03,7.344457784978709469e+02,3.908629111038727899e+00,3.422660629129536947e-01,1.165903464174904691e+01
8.721764897427568712e+02,1.925187235428206378e+01,1.269053559794095463e+03,7.336920026128177597e+02,3.958645392380344852e+00,6.982552567798820942e-01,1.165988067043056198e+01
8.786001880633793917e+02,1.952798316261083045e+01,1.272243163604467782e+03,7.329998406680495009e+02,4.000000000000000000e+00,1.025442272414692546e+00,1.166072664570593531e+01
8.754793226961916162e+02,1.967603386519041919e+01,1.273824192013915535e+03,7.326292422282247117e+02,4.000000000000000000e+00,1.198997765469690169e+00,1.166157256754795313e+01
8.724783458156945244e+02,1.982608270921527094e+01,1.275332859411640584e+03,7.322540233029164938e+02,4.000000000000000000e+00,1.374932403170759931e+00,1.166241843592938565e+01
8.694773689351975463e+02,1.997613155324011913e+01,1.276745323632966802e+03,7.318791885205416747e+02,4.000000000000000000e+00,1.550867040871829694e+00,1.166326425082303153e+01
8.648466629308420579e+02,2.012226712084052238e+01,1.278697314043409961e+03,7.315144979509881296e+02,4.006746257360347840e+00,1.722050792384212548e+00,1.166411001220167165e+01
8.499645066753474794e+02,2.024685770107459248e+01,1.284594146747955847e+03,7.312038614739573177e+02,4.058743080429835892e+00,1.867093687401312652e+00,1.166495572003808512e+01
8.354597850862786572e+02,2.037189840442863442e+01,1.290350080189150958e+03,7.308923676957045927e+02,4.108759361771452845e+00,2.012680720918418764e+00,1.166580137430507946e+01
8.209550634972399621e+02,2.049693910778241701e+01,1.296108656375484316e+03,7.305811391979369773e+02,4.158775643112965881e+00,2.158267754435223562e+00,1.166664697497542846e+01
8.049017137963926416e+02,2.061392390802373598e+01,1.302273668208948720e+03,7.302902017094152143e+02,4.200000000000000178e+00,2.356339864493711467e+00,1.166749252202193432e+01
7.798899381308816601e+02,2.068821230869430039e+01,1.310772759781734521e+03,7.301055693531496900e+02,4.200000000000000178e+00,2.874166041383747316e+00,1.166833801541739746e+01
7.551318788668327215e+02,2.076323673070656639e+01,1.319256991606170686e+03,7.299192022845619476e+02,4.200000000000000178e+00,3.380980318414958941e+00,1.166918345513459698e+01
7.303738196027325102e+02,2.083826115271899226e+01,1.327788064686352072e+03,7.297329303359729238e+02,4.200000000000000178e+00,3.887794595447218615e+00,1.167002884114634220e+01
7.043377038832156813e+02,2.089654382157079482e+01,1.335057220947280030e+03,7.295882907726098665e+02,4.200000000000000178e+00,4.553148979986270994e+00,1.167087417342543887e+01
6.711436014327779276e+02,2.087056333441877243e+01,1.336050406430862495e+03,7.296527591892997862e+02,4.200000000000000178e+00,6.165390643994519415e+00,1.167171945194467675e+01
6.381328557473110550e+02,2.084555519374796262e+01,1.337068308662200707e+03,7.297148256339119143e+02,4.200000000000000178e+00,7.746018013686885695e+00,1.167256467667686870e+01
6.051221100618441824e+02,2.082054705307714926e+01,1.338079565675137019e+03,7.297769026385368534e+02,4.200000000000000178e+00,9.326645383379252863e+00,1.167340984759481337e+01
5.713614079425798309e+02,2.076678545270647192e+01,1.338369831719705417e+03,7.299103936111456505e+02,4.206995719340290485e+00,1.079594466211317361e+01,1.167425496467132007e+01
5.335014653207408628e+02,2.053477694562030820e+01,1.334292331056649573e+03,7.304870123897314897e+02,4.258938456528819749e+00,1.168981634703540173e+01,1.167510002787919632e+01
4.957391729078203184e+02,2.030970367958303768e+01,1.330185535704424865e+03,7.310472702227997388e+02,4.308954737870437590e+00,1.259317483301789586e+01,1.167594503719125321e+01
4.579768804949779906e+02,2.008463041354622902e+01,1.325907670295990556e+03,7.316083881115848726e+02,4.358971019211949738e+00,1.349653331899852127e+01,1.167678999258030537e+01
4.201343179312667644e+02,1.985161925696409924e+01,1.321548590033730989e+03,7.321902045996570223e+02,4.396460358822046111e+00,1.419668939591409185e+01,1.167763489401916566e+01
3.818622598501853531e+02,1.957548029957649760e+01,1.317407001258080754e+03,7.328809062873410767e+02,4.370498209052408711e+00,1.389684618260167248e+01,1.167847974148064694e+01
3.435998046239279233e+02,1.930039075219817235e+01,1.312971691483264522e+03,7.335702809066541477e+02,4.345490068381652193e+00,1.360802105354945191e+01,1.167932453493756739e+01
3.053373493975913107e+02,1.902530120481928222e+01,1.308262448512054789e+03,7.342609536490560913e+02,4.320481927710844161e+00,1.331919592449662915e+01,1.168016927436274521e+01
2.683480991382895127e+02,1.874218264892688524e+01,1.303415605367383705e+03,7.349731453887914085e+02,4.295473787040035241e+00,1.254400909980055800e+01,1.168101395972900214e+01
2.379680885705206776e+02,1.841605340280063174e+01,1.298884969808016649e+03,7.357952436217665309e+02,4.270465646369279611e+00,8.807527445383835030e+00,1.168185859100916524e+01
2.074581569521346296e+02,1.809094757408012200e+01,1.293930440472471219e+03,7.366165955794454021e+02,4.245457505698471579e+00,5.187582146829486263e+00,1.168270316817604915e+01
1.769482253337485815e+02,1.776584174535961580e+01,1.288582892006832026e+03,7.374397833003971527e+02,4.220449365027662658e+00,1.567636848275135275e+00,1.168354769120249159e+01
1.470150376418229996e+02,1.743666210233537939e+01,1.283724523756043936e+03,7.382751634224148347e+02,4.195441224356906140e+00,-1.085803741293386304e+00,1.168439216006131076e+01
1.200677303809858927e+02,1.708606317160537102e+01,1.282419710370170378e+03,7.391669834237846999e+02,4.170433083686098108e+00,1.109520603804080352e+00,1.168523657472533905e+01
9.305893845651299046e+01,1.673594920221405857e+01,1.280453471623801988e+03,7.400597230937195263e+02,4.145424943015290076e+00,3.225701629945655124e+00,1.168608093516740887e+01
6.605014653209596531e+01,1.638583523282347088e+01,1.277881697334387127e+03,7.409546218099013686e+02,4.120416802344533558e+00,5.341882656082852954e+00,1.168692524136035260e+01
4.203990347571836139e+01,1.602347030728027022e+01,1.274770653531641756e+03,7.418831183620351339e+02,4.069029707602391355e+00,7.140092194003706538e+00,1.168776949327700088e+01
3.245620319113756125e+01,1.559680885704958975e+01,1.271147474036049289e+03,7.429793463156829603e+02,3.863204168023334439e+00,7.466229297408363053e+00,1.168861369089020030e+01
2.270302832954252636e+01,1.517167046564672539e+01,1.266685607867572116e+03,7.440748902046595958e+02,3.663139042657282296e+00,7.801380801419639965e+00,1.168945783417277795e+01
1.294985346792731384e+01,1.474653207424298529e+01,1.261433501892487357e+03,7.451736696850041426e+02,3.463073917290816706e+00,8.136532305431609657e+00,1.169030192309758576e+01
4.733406668803370465e+00,1.434697749630728403e+01,1.255910677214925954e+03,7.462092874209826050e+02,3.280282808235235326e+00,8.365879426011355591e+00,1.169114595763744724e+01
3.518397915989367242e+00,1.407404754151765935e+01,1.252251731317515123e+03,7.469183626219196412e+02,3.181471833279149397e+00,8.059375992568286406e+00,1.169198993776522144e+01
2.267990882448955414e+00,1.379895799413877278e+01,1.248248941680558573e+03,7.476344113427059028e+02,3.081439270595916380e+00,7.763704685105864201e+00,1.169283386345375320e+01
1.017583848908543365e+00,1.352386844675988087e+01,1.243949491164697520e+03,7.483518342907251508e+02,2.981406707912683363e+00,7.468033377643441106e+00,1.169367773467588378e+01
0.000000000000000000e+00,1.327046148481433896e+01,1.240014183694083385e+03,7.490139284839838183e+02,2.890082729025661212e+00,7.195554336191199774e+00,1.169452155140446159e+01
0.000000000000000000e+00,1.312201237381963637e+01,1.238901362259108510e+03,7.494023377151154364e+02,2.840670791273211648e+00,7.035370278284934997e+00,1.169536531361234211e+01
0.000000000000000000e+00,1.297196352979478640e+01,1.237654155651305700e+03,7.497953412898724537e+02,2.790654509931595584e+00,6.873470505350047333e+00,1.169620902127236661e+01
0.000000000000000000e+00,1.282191468577024729e+01,1.236299559632798264e+03,7.501887572808766436e+02,2.740638228590082992e+00,6.711570732415494511e+00,1.169705267435740126e+01
0.000000000000000000e+00,1.267186584174539909e+01,1.234542848704584685e+03,7.505825863376529696e+02,2.686470975435307551e+00,6.549594722966986637e+00,1.169789627284029798e+01
0.000000000000000000e+00,1.252181699772055090e+01,1.231128183020861343e+03,7.509768291110868859e+02,2.610908498860274651e+00,6.387237225528889617e+00,1.169873981669391583e+01
0.000000000000000000e+00,1.237176815369601179e+01,1.227693030742696692e+03,7.513714862534336589e+02,2.535884076848005098e+00,6.224887801211744787e+00,1.169958330589110851e+01
0.000000000000000000e+00,1.222171930967116005e+01,1.224193030970192240e+03,7.517665584183221199e+02,2.460859654835580557e+00,6.062538376894261560e+00,1.170042674040474395e+01
0.000000000000000000e+00,1.208040410741208426e+01,1.221244820037737554e+03,7.521390151050266013e+02,2.390202053706042662e+00,5.909593252982293876e+00,1.170127012020767587e+01
0.000000000000000000e+00,1.198108108108118230e+01,1.220938437803724355e+03,7.524010166900932290e+02,2.340540540540590353e+00,5.801872192902401970e+00,1.170211344527277753e+01
0.000000000000000000e+00,1.188104851839794662e+01,1.220568422557767690e+03,7.526650742454236251e+02,2.290524259198974288e+00,5.693385951986586591e+00,1.170295671557290795e+01
0.000000000000000000e+00,1.178101595571471449e+01,1.220144411482797295e+03,7.529293172095193540e+02,2.240507977857357780e+00,5.584899711070771211e+00,1.170379993108094752e+01
0.000000000000000000e+00,1.168536168468476788e+01,1.219720371576018351e+03,7.531821681049532344e+02,2.200000000000000178e+00,5.481137839681355928e+00,1.170464309176974993e+01
0.000000000000000000e+00,1.161071312276134293e+01,1.219502894884903071e+03,7.533796110521220726e+02,2.200000000000000178e+00,5.400044655917894509e+00,1.170548619761219911e+01
0.000000000000000000e+00,1.153568870074891883e+01,1.219251225121421385e+03,7.535781523631839036e+02,2.200000000000000178e+00,5.318545486872030992e+00,1.170632924858116475e+01
0.000000000000000000e+00,1.146066427873649296e+01,1.218968743619789620e+03,7.537767983466909527e+02,2.200000000000000178e+00,5.237046317826165698e+00,1.170717224464951300e+01
3.919694535272116170e-02,1.138563985672422341e+01,1.218331882252028208e+03,7.539755490854410027e+02,2.200000000000000178e+00,5.155526908301141908e+00,1.170801518579013489e+01
2.979485509606699112e-01,1.131061543471179931e+01,1.215924489415828020e+03,7.541744046623200575e+02,2.200000000000000178e+00,5.073909436974179066e+00,1.170885807197590367e+01
5.480299576687521768e-01,1.123559101269937344e+01,1.213568615043636100e+03,7.543733651603004091e+02,2.200000000000000178e+00,4.992293982857269441e+00,1.170970090317969614e+01
7.981113643763171339e-01,1.116056659068710566e+01,1.211202698811128357e+03,7.545724306624423434e+02,2.200000000000000178e+00,4.910678528740527682e+00,1.171054367937439800e+01
1.451565588818609864e+00,1.111584925855260586e+01,1.210397596897757467e+03,7.546911321729526207e+02,2.211886943914454395e+00,4.585831303641461965e+00,1.171138640053289492e+01
4.281015955717301757e+00,1.121930967111699218e+01,1.217676380055248728e+03,7.544165562151052882e+02,2.289482253337745021e+00,2.935463969250448280e+00,1.171222906662806373e+01
7.031911429500517841e+00,1.131934223380002003e+01,1.224748378902080503e+03,7.541512685013007058e+02,2.364506675350014131e+00,1.334630781332626359e+00,1.171307167763280255e+01
9.782806903289424483e+00,1.141937479648325215e+01,1.231854101755502370e+03,7.538861672967422010e+02,2.439531097362439116e+00,-2.662024065885074675e-01,1.171391423351999705e+01
1.378894465187135587e+01,1.151491844977416967e+01,1.237448126181796397e+03,7.536331362337535893e+02,2.535735308884321082e+00,-1.269618145663016007e+00,1.171475673426253650e+01
2.424259198957484784e+01,1.158957994138713232e+01,1.236404732799600424e+03,7.534355263834830794e+02,2.738879843699021599e+00,5.821210658127082826e-01,1.171559917983331545e+01
3.449592966460622989e+01,1.166460436339955820e+01,1.235350412719467613e+03,7.532370602092613581e+02,2.938944969065487633e+00,2.373209582855429822e+00,1.171644157020522314e+01
4.474926733963759773e+01,1.173962878541198229e+01,1.234251625826437703e+03,7.530386985654153023e+02,3.139010094431952780e+00,4.164298099898150696e+00,1.171728390535116660e+01
5.690340365252711052e+01,1.181905952518047975e+01,1.232746981416219342e+03,7.528288007882740658e+02,3.299999999999999822e+00,5.629956937542973883e+00,1.171812618524403327e+01
7.840866167372506368e+01,1.191957017258223672e+01,1.229354626374284408e+03,7.525633660775223461e+02,3.299999999999999822e+00,5.735178706154167472e+00,1.171896840985673194e+01
9.966558124391205808e+01,1.201960273526546708e+01,1.225910400645934260e+03,7.522993798694266161e+02,3.299999999999999822e+00,5.843614002531301921e+00,1.171981057916216074e+01
1.209225008140550699e+02,1.211963529794849492e+01,1.222360878695259316e+03,7.520355787999765198e+02,3.299999999999999822e+00,5.952049298908212549e+00,1.172065269313321956e+01
1.434680503350531922e+02,1.224139207993114198e+01,1.219822968520850054e+03,7.517147394575763428e+02,3.308181135454832500e+00,5.586948455141927283e+00,1.172149475174281896e+01
1.721146206447637326e+02,1.246932595245866260e+01,1.222158445126153083e+03,7.511148434369594042e+02,3.359850211657480212e+00,2.730915528040139595e+00,1.172233675496386418e+01
2.006239010094261346e+02,1.269439921849546771e+01,1.224179688569615791e+03,7.505234172224058966e+02,3.409866492998993248e+00,-3.375837172716911194e-02,1.172317870276925156e+01
2.291331813741475401e+02,1.291947248453274355e+01,1.225959938067260509e+03,7.499329216505276463e+02,3.459882774340610201e+00,-2.798432271500197910e+00,1.172402059513191652e+01
2.633107724383053778e+02,1.316680964338173609e+01,1.228111657144187348e+03,7.492850889457765788e+02,3.495866560259722533e+00,-4.456559367820508655e+00,1.172486243202475897e+01
3.247971344838431378e+02,1.351940735916617342e+01,1.232919410877169184e+03,7.483634799808397702e+02,3.470042331488130571e+00,-9.618079678695374835e-01,1.172570421342068592e+01
3.855669163139071429e+02,1.386952132855748943e+01,1.237125701789119603e+03,7.474506065034164521e+02,3.445034190817322095e+00,2.422503540229331787e+00,1.172654593929262568e+01
4.463366981439711481e+02,1.421963529794880365e+01,1.240797656404860390e+03,7.465399574068425181e+02,3.420026050146513619e+00,5.806815048328201279e+00,1.172738760961348881e+01
5.021333775197608134e+02,1.456515511763996784e+01,1.244148102748736164e+03,7.456434301382779495e+02,3.399999999999999911e+00,8.090739407662850269e+00,1.172822922435618942e+01
5.360866167372196287e+02,1.488987300553566051e+01,1.248092993084378122e+03,7.448028394708663882e+02,3.399999999999999911e+00,5.456616559161637348e+00,1.172907078349366472e+01
5.703477694562268425e+02,1.521497883425616671e+01,1.251558477397919205e+03,7.439631406095882085e+02,3.399999999999999911e+00,2.904712088847853479e+00,1.172991228699882349e+01
6.046089221751632294e+02,1.554008466297600322e+01,1.254549274079502766e+03,7.431253329874550673e+02,3.399999999999999911e+00,3.528076185393480002e-01,1.173075373484459938e+01
6.386388553145200149e+02,1.588344641123053691e+01,1.257985918360820961e+03,7.422425284698776977e+02,3.387341957974934203e+00,-1.674941274464588847e+00,1.173159512700391538e+01
6.716300879192663160e+02,1.631038749592994463e+01,1.265344313288780768e+03,7.411477513425450070e+02,3.309931618365303585e+00,-1.598830331335634014e+00,1.173243646344969981e+01
7.046408336046648628e+02,1.673552588733280899e+01,1.271912666922058634e+03,7.400608037902892420e+02,3.234907196353034475e+00,-1.525065256206727504e+00,1.173327774415487568e+01
7.376515792901317354e+02,1.716066427873654732e+01,1.277781462621137280e+03,7.389770397458438538e+02,3.159882774340609490e+00,-1.451300181077668006e+00,1.173411896909239083e+01
7.678001966256891819e+02,1.758113598221408580e+01,1.283188250663840790e+03,7.379082890937787624e+02,3.104262376964018078e+00,-1.233681307555769990e+00,1.173496013823517181e+01
7.856398567241802766e+02,1.798088570498178385e+01,1.289163104108280095e+03,7.368950730728990948e+02,3.130055356561361357e+00,-3.032781682026935433e-01,1.173580125155615228e+01
8.036457180071622588e+02,1.838101595571471591e+01,1.294484835396517610e+03,7.358836746479804560e+02,3.155063497232170278e+00,6.029655098417215919e-01,1.173664230902826766e+01
8.216515792901441273e+02,1.878114620644764798e+01,1.299146824883542195e+03,7.348750487337077857e+02,3.180071637902978310e+00,1.509209187886136672e+00,1.173748331062446582e+01
8.373637417944928529e+02,1.912742688800910074e+01,1.302414426481121382e+03,7.340043920274208631e+02,3.244462395959808454e+00,2.264104820285969488e+00,1.173832425631767684e+01
8.435219798111356795e+02,1.925043959622271572e+01,1.302561261241225111e+03,7.336955976933569445e+02,3.500879192445427446e+00,2.405982271871906608e+00,1.173916514608085038e+01
8.497740149788377266e+02,1.937548029957675766e+01,1.302626962496229680e+03,7.333819777875306727e+02,3.750960599153509545e+00,2.551112788688768784e+00,1.174000597988693251e+01
8.560260501465269272e+02,1.950052100293054025e+01,1.302604340777864309e+03,7.330686258822776153e+02,4.001042005861074280e+00,2.696243305505331200e+00,1.174084675770886221e+01
8.603911997889507575e+02,1.963025744663921301e+01,1.303441165553106202e+03,7.327437895910367160e+02,4.205737242610338100e+00,3.198914877649494670e+00,1.174168747951959624e+01
8.567831325301186780e+02,1.978072289156634156e+01,1.308865039648388574e+03,7.323674115765733177e+02,4.230120481927723830e+00,5.436153131991360077e+00,1.174252814529208244e+01
8.532819928362127939e+02,1.993077173559088067e+01,1.314098277413633696e+03,7.319924607298919454e+02,4.255128622598480348e+00,7.615154214112934028e+00,1.174336875499926514e+01
8.497808531422996339e+02,2.008082057961573241e+01,1.319301332609545625e+03,7.316178936146399110e+02,4.280136763269289268e+00,9.794155296239017261e+00,1.174420930861410817e+01
8.443274077387821990e+02,2.022118215225681226e+01,1.324140377835872187e+03,7.312678554817334771e+02,4.314304955889491033e+00,1.126537592787212283e+01,1.174504980610956117e+01
8.298127645718135454e+02,2.032061217844341172e+01,1.327551396387686282e+03,7.310200967070093157e+02,4.390459133832560035e+00,9.743205437217898890e+00,1.174589024745858090e+01
8.155581243894528143e+02,2.042064474112664385e+01,1.330968690092082852e+03,7.307710056791546549e+02,4.465483555844984132e+00,8.265537886649333643e+00,1.174673063263413297e+01
8.013034842070921968e+02,2.052067730380987953e+01,1.334371255236101433e+03,7.305220843462390121e+02,4.540507977857410005e+00,6.787870336080766620e+00,1.174757096160917058e+01
7.853506899192403807e+02,2.061585062928373802e+01,1.338056566865569948e+03,7.302854120414779118e+02,4.620285560607496400e+00,6.044850957419083848e+00,1.174841123435666113e+01
7.619273852165478047e+02,2.069055682188210099e+01,1.343045428267281522e+03,7.300997439417280930e+02,4.720742429176138621e+00,8.534168807871852280e+00,1.174925145084956490e+01
7.386698143926961393e+02,2.076558124389452686e+01,1.348020396919094537e+03,7.299133798467426004e+02,4.820774991859371639e+00,1.095170577079815111e+01,1.175009161106085287e+01
7.154122435688444739e+02,2.084060566590695629e+01,1.353009081811871056e+03,7.297271108694800432e+02,4.920807554542604656e+00,1.336924273372444993e+01,1.175093171496349420e+01
6.905269079872897464e+02,2.089999999999999858e+01,1.356968196186351861e+03,7.295797153387210301e+02,5.005649148510863178e+00,1.471631008686028252e+01,1.175177176253045275e+01
6.586229241289358924e+02,2.089999999999999858e+01,1.356968196186351861e+03,7.295797153387210301e+02,5.030218169977215936e+00,1.145831209670463657e+01,1.175261175373470124e+01
6.268625854770093611e+02,2.089999999999999858e+01,1.356968196186351861e+03,7.295797153387210301e+02,5.055226310648023968e+00,8.292948731738679413e+00,1.175345168854921951e+01
5.951022468251486544e+02,2.089999999999999858e+01,1.356968196186351861e+03,7.295797153387210301e+02,5.080234451318779598e+00,5.127585366779266352e+00,1.175429156694696964e+01
5.624190943831233653e+02,2.088643571521396325e+01,1.354508993727576581e+03,7.296133723385792109e+02,5.099999999999999645e+00,2.605202323407765252e+00,1.175513138890094389e+01
5.258339303158203393e+02,2.080924780201881319e+01,1.340568981472992164e+03,7.298049539160563199e+02,5.099999999999999645e+00,2.520663610373144792e+00,1.175597115438411855e+01
4.893220449365158515e+02,2.073422338000654008e+01,1.327113791221974225e+03,7.299912626406945719e+02,5.099999999999999645e+00,2.433752580894243067e+00,1.175681086336946457e+01
4.528101595571358189e+02,2.065919895799411066e+01,1.313750367377310567e+03,7.301776665135073472e+02,5.099999999999999645e+00,2.346841551415160598e+00,1.175765051582997600e+01
4.152700920186723579e+02,2.056976993884950033e+01,1.301083382118962845e+03,7.303999848516378961e+02,5.058917508932601059e+00,2.243056089076820747e+00,1.175849011173863445e+01
3.734268967763106843e+02,2.041830022793884325e+01,1.290970510477024163e+03,7.307768418074381316e+02,4.827450341908261500e+00,2.066572404927294215e+00,1.175932965106841621e+01
3.316633018560609685e+02,2.026825138391399150e+01,1.280882995633394785e+03,7.311505480095440817e+02,4.602377075870987433e+00,1.891756683810543960e+00,1.176016913379232065e+01
2.898997069358112526e+02,2.011820253988914331e+01,1.270858242565641149e+03,7.315246366205385584e+02,4.377303809833712478e+00,1.716940962693793482e+00,1.176100855988333294e+01
2.497848689167167322e+02,1.994387877148923849e+01,1.263866801419880176e+03,7.319597285406019864e+02,4.194132540667804498e+00,1.973001725414361252e+00,1.176184792931444711e+01
2.163767502442116211e+02,1.966652556170621224e+01,1.268343244567032798e+03,7.326530320780736929e+02,4.169684141973292846e+00,4.169827729072596689e+00,1.176268724205865723e+01
1.828658417453285665e+02,1.939143601432731856e+01,1.272135550792504546e+03,7.333419778688854649e+02,4.144676001302484813e+00,6.306863763288801827e+00,1.176352649808895556e+01
1.493549332465148609e+02,1.911634646694900042e+01,1.275391725434754107e+03,7.340322205711471497e+02,4.119667860631726519e+00,8.443899797500586502e+00,1.176436569737834326e+01
1.181234270134495290e+02,1.881172479922302543e+01,1.279771698399277284e+03,7.347980855138177958e+02,4.094659719960920263e+00,9.653393865857372802e+00,1.176520483989981258e+01
9.598990556819880737e+01,1.838407684793188679e+01,1.290150341677548340e+03,7.358759484135830462e+02,4.069651579290110455e+00,7.050224052107564532e+00,1.176604392562637180e+01
7.373266037122553485e+01,1.795893845652902598e+01,1.298812852225639745e+03,7.369506289735114706e+02,4.044643438619353937e+00,4.516841286953838797e+00,1.176688295453102029e+01
5.147541517420619783e+01,1.753380006512528766e+01,1.306016335497582531e+03,7.380284530726719368e+02,4.019635297948546793e+00,1.983458521794869478e+00,1.176772192658675920e+01
3.223281671388566849e+01,1.711370574049570337e+01,1.311349120034249836e+03,7.390965901296823404e+02,3.980136070054077546e+00,-2.167661445666077547e-01,1.176856084176660566e+01
2.458189514816427845e+01,1.671390426571170096e+01,1.313648139458540072e+03,7.401160066439074399e+02,3.878476066427925861e+00,-1.133454088312853658e+00,1.176939970004355551e+01
1.682937154021372450e+01,1.631377401497877244e+01,1.314930841601035127e+03,7.411390804441356295e+02,3.778443503744693288e+00,-2.061813227835077811e+00,1.177023850139062056e+01
9.076847932263174101e+00,1.591364376424584215e+01,1.315214134266319888e+03,7.421649865810135225e+02,3.678410941061460715e+00,-2.990172367357301297e+00,1.177107724578082504e+01
2.821351966842754244e+00,1.553399121755602330e+01,1.314752960826622939e+03,7.431410172946639250e+02,3.568368309873147126e+00,-3.803216826927974914e+00,1.177191593318716656e+01
2.087593617714010197e+00,1.523503744708560248e+01,1.314346279882822046e+03,7.439113942751429249e+02,3.417518723542801951e+00,-4.174168976494290639e+00,1.177275456358266759e+01
1.337349397589763011e+00,1.493493975903590609e+01,1.313414145320820808e+03,7.446863257579291258e+02,3.267469879517952425e+00,-4.549369398149541333e+00,1.177359313694035059e+01
5.871051774670680290e-01,1.463484207098682610e+01,1.311980571937388277e+03,7.454628734144125701e+02,3.117421035493413761e+00,-4.924569819804016646e+00,1.177443165323322205e+01
0.000000000000000000e+00,1.435021427188212151e+01,1.309945651314069437e+03,7.462008876148317995e+02,2.988467607462292008e+00,-5.098157159250625625e+00,1.177527011243431687e+01
0.000000000000000000e+00,1.412598502116557064e+01,1.307107875601102251e+03,7.467833250299175916e+02,2.939107782481237940e+00,-4.453918944040451855e+00,1.177610851451665219e+01
0.000000000000000000e+00,1.390091175512876198e+01,1.304055525813599388e+03,7.473688691097416950e+02,2.889091501139725349e+00,-3.826159237088519571e+00,1.177694685945324515e+01
0.000000000000000000e+00,1.367583848909149147e+01,1.300784839388570845e+03,7.479553321466537454e+02,2.839075219798108396e+00,-3.198399530135288771e+00,1.177778514721713599e+01
0.000000000000000000e+00,1.346640207533658007e+01,1.298390730266668243e+03,7.485018777976260935e+02,2.794314263663552733e+00,-2.921309533057709462e+00,1.177862337778134716e+01
0.000000000000000000e+00,1.331712797134493975e+01,1.299934187524200979e+03,7.488919123621417384e+02,2.769521328557489781e+00,-4.055663246513307563e+00,1.177946155111890114e+01
0.000000000000000000e+00,1.316707912732008978e+01,1.301269319887040865e+03,7.492843806217789506e+02,2.744513187886681305e+00,-5.161469184922750308e+00,1.178029966720284172e+01
0.000000000000000000e+00,1.301703028329523981e+01,1.302440735932684902e+03,7.496772604550948245e+02,2.719505047215873272e+00,-6.267275123332193942e+00,1.178113772600619136e+01
0.000000000000000000e+00,1.287219600125363250e+01,1.303269490752196361e+03,7.500568775877799226e+02,2.689416992582428723e+00,-6.478101166258108279e+00,1.178197572750199917e+01
0.000000000000000000e+00,1.274744382937154263e+01,1.303320907368703047e+03,7.503841672099307516e+02,2.638977531748616823e+00,-3.045693389911320548e+00,1.178281367166329474e+01
0.000000000000000000e+00,1.262240312601750247e+01,1.303277773632862136e+03,7.507125003975558002e+02,2.588961250406999870e+00,3.017479423999002708e-01,1.178365155846311652e+01
0.000000000000000000e+00,1.249736242266371988e+01,1.303137956542441998e+03,7.510411210375997371e+02,2.538944969065487278e+00,3.649189274704196073e+00,1.178448938787451006e+01
0.000000000000000000e+00,1.238292509385357398e+01,1.302753022264628726e+03,7.513421269486366327e+02,2.500000000000000000e+00,5.547289924773641800e+00,1.178532715987051560e+01
0.000000000000000000e+00,1.230836860957338352e+01,1.301701572035947493e+03,7.515383638612870527e+02,2.500000000000000000e+00,1.850636795278812752e+00,1.178616487442417160e+01
0.000000000000000000e+00,1.223334418756111219e+01,1.300640664541511342e+03,7.517359357676965601e+02,2.500000000000000000e+00,-1.756035082029149708e+00,1.178700253150853960e+01
0.000000000000000000e+00,1.215831976554868810e+01,1.299555013935119632e+03,7.519336115807724354e+02,2.500000000000000000e+00,-5.362706959344575530e+00,1.178784013109665629e+01
4.955155929950379873e-02,1.208861833720098922e+01,1.298524438080331493e+03,7.521173553967249745e+02,2.500000000000000000e+00,-8.085415395105021830e+00,1.178867767316158321e+01
3.057635949200226411e-01,1.203884728101599499e+01,1.297775683702484002e+03,7.522486147011107960e+02,2.500000000000000000e+00,-7.667032981470421227e+00,1.178951515767636060e+01
5.558450016281049066e-01,1.198883099967437893e+01,1.297012553644094169e+03,7.523805668390212986e+02,2.500000000000000000e+00,-7.258661601530125296e+00,1.179035258461405000e+01
8.059264083361873388e-01,1.193881471833276287e+01,1.296238767834212013e+03,7.525125652765754012e+02,2.500000000000000000e+00,-6.850290221589830253e+00,1.179118995394770231e+01
1.560883385227074482e+00,1.188355898146672018e+01,1.295229011378938594e+03,7.526584451798373721e+02,2.465009999234239579e+00,-6.450011766538717772e+00,1.179202726565038084e+01
4.366981439270182008e+00,1.180817323347445047e+01,1.293322892777314792e+03,7.528575610273088614e+02,2.285737544773715602e+00,-6.080159602737284175e+00,1.179286451969514182e+01
7.117876913059087762e+00,1.173314881146202460e+01,1.291418640472245215e+03,7.530558272414017438e+02,2.110680560078058043e+00,-5.709871333763922863e+00,1.179370171605505213e+01
9.868772386842303845e+00,1.165812438944975682e+01,1.289497952862236616e+03,7.532541979104369148e+02,1.935623575382762640e+00,-5.339583064791328937e+00,1.179453885470316443e+01
1.437343656070633990e+01,1.160504198300279199e+01,1.289250872738163707e+03,7.533946153088995743e+02,1.805041983002793726e+00,-5.236058397056593705e+00,1.179537593561255804e+01
2.578866818626411117e+01,1.163064148485836391e+01,1.295618169210910764e+03,7.533268911003473249e+02,1.830641484858364754e+00,-6.166987326295781280e+00,1.179621295875629094e+01
3.704233148810453713e+01,1.165564962552912043e+01,1.301855235884946296e+03,7.532607431679292631e+02,1.855649625529121050e+00,-7.076411335725249607e+00,1.179704992410742470e+01
4.829599478996824757e+01,1.168065776619993024e+01,1.308108916237372796e+03,7.531946068510922032e+02,1.880657766199929304e+00,-7.985835345156599985e+00,1.179788683163905105e+01
6.228972258666615147e+01,1.174681342122411998e+01,1.313578407877661903e+03,7.530197119437189031e+02,1.926394469255300113e+00,-8.534420516248582445e+00,1.179872368132422977e+01
8.675382611524936749e+01,1.197606642787344811e+01,1.316038196437710894e+03,7.524142495390540262e+02,2.053370237707470292e+00,-7.755510402074397902e+00,1.179956047313603307e+01
1.110117225659333542e+02,1.220113969391072040e+01,1.318269005649449582e+03,7.518207760637477577e+02,2.178410941061511785e+00,-6.994271104951077511e+00,1.180039720704754558e+01
1.352696190166173267e+02,1.242621295994799624e+01,1.320239670572664409e+03,7.512282380656090481e+02,2.303451644415553279e+00,-6.233031807827756232e+00,1.180123388303183951e+01
1.629999062189728534e+02,1.267273356896575720e+01,1.320455420844866239e+03,7.505803094662619515e+02,2.433880078422930193e+00,-5.655795205945766568e+00,1.180207050106199240e+01
2.037447085639741147e+02,1.299918593292077951e+01,1.314307874556704746e+03,7.497240105573519031e+02,2.584239661348052497e+00,-5.708375467076592713e+00,1.180290706111109778e+01
2.442578964506834609e+02,1.332429176164128748e+01,1.307345453671411633e+03,7.488731850111394124e+02,2.734288505372902023e+00,-5.759784622428369083e+00,1.180374356315222961e+01
2.847710843373089915e+02,1.364939759036112221e+01,1.299413320393656477e+03,7.480242883974622146e+02,2.884337349397440242e+00,-5.811193777780037095e+00,1.180458000715848144e+01
3.256654703822744636e+02,1.397994466711751116e+01,1.290672617589760648e+03,7.471631552219494097e+02,3.017751966241966954e+00,-5.759780154474295699e+00,1.180541639310293434e+01
3.679492022142776477e+02,1.433034842070999204e+01,1.281545757279037844e+03,7.462524533377661555e+02,3.092217518723570091e+00,-5.309744174055362365e+00,1.180625272095867473e+01
4.102129599478561772e+02,1.468046239010058329e+01,1.271236595225561814e+03,7.453447196446887801e+02,3.167241940735839201e+00,-4.869545534618795912e+00,1.180708899069880324e+01
4.524767176815221319e+02,1.503057635949189752e+01,1.259712601293537773e+03,7.444391915842751359e+02,3.242266362748264186e+00,-4.429346895181317301e+00,1.180792520229640630e+01
4.923070232198464851e+02,1.538069032888321530e+01,1.250036025460313795e+03,7.435358611273350107e+02,3.322741198450263500e+00,-3.991009248524110209e+00,1.180876135572458985e+01
5.234646694887973126e+02,1.573080429827453131e+01,1.249819713435424092e+03,7.426347202836005863e+02,3.423086942364151231e+00,-3.559376352750822647e+00,1.180959745095643676e+01
5.547248453272428605e+02,1.608091826766512256e+01,1.248874611853396345e+03,7.417357611014941767e+02,3.523119505047177302e+00,-3.127651505472276661e+00,1.181043348796505121e+01
5.859850211657532100e+02,1.643103223705643146e+01,1.247175056929244874e+03,7.408389756678883487e+02,3.623152067730409875e+00,-2.695926658192837166e+00,1.181126946672354094e+01
6.177969153346871281e+02,1.679216541889676151e+01,1.247281026514776613e+03,7.399162355566926408e+02,3.750305589769531878e+00,-2.252789777424870188e+00,1.181210538720499414e+01
6.515858026701258723e+02,1.719286877238667799e+01,1.256451333980606478e+03,7.388950732712255558e+02,3.977238684467505614e+00,-1.768703495332132336e+00,1.181294124938252743e+01
6.853467925757170178e+02,1.759299902311960651e+01,1.264964441131629201e+03,7.378781811296203159e+02,4.202311950504778792e+00,-1.285204838690602092e+00,1.181377705322924676e+01
7.191077824813080497e+02,1.799312927385253857e+01,1.272994301113398024e+03,7.368640841033154629e+02,4.427385216542052859e+00,-8.017061820490715141e-01,1.181461279871825276e+01
7.497135364937847726e+02,1.835950225492553400e+01,1.279460060286834050e+03,7.359379823794267850e+02,4.606249938334052274e+00,-3.601715266690829198e-01,1.181544848582266205e+01
7.693611201563053328e+02,1.860836860957348549e+01,1.281952127414420829e+03,7.353102374329336044e+02,4.630836860957347589e+00,-6.462327131835295113e-02,1.181628411451558414e+01
7.891175512862438381e+02,1.885845001628156581e+01,1.284193515839003794e+03,7.346805042230425897e+02,4.655845001628156510e+00,2.324189321452279355e-01,1.181711968477013386e+01
8.088739824161415299e+02,1.910853142298913099e+01,1.286150378483128634e+03,7.340518487203881932e+02,4.680853142298913916e+00,5.294611356081944109e-01,1.181795519655942250e+01
8.261211254354744824e+02,1.936977271966365777e+01,1.288323880832975874e+03,7.333962880474158510e+02,4.705861282969721948e+00,8.386414765626709622e-01,1.181879064985657557e+01
8.348042982741853848e+02,1.967043308368635479e+01,1.291998973325008819e+03,7.326432552404517082e+02,4.730869423640529092e+00,1.190674401227733714e+00,1.181962604463471145e+01
8.435571475089501519e+02,1.997053077173543301e+01,1.295268410754188608e+03,7.318931728546032218e+02,4.755877564311285610e+00,1.542099477555296971e+00,1.182046138086694675e+01
8.523099967437329951e+02,2.027062845978513650e+01,1.298152096745178142e+03,7.311446247711709248e+02,4.780885704982094531e+00,1.893524553883587203e+00,1.182129665852640521e+01
8.581916848619931670e+02,2.058196990891551081e+01,1.302046514552707094e+03,7.303696481674495544e+02,4.789222464826575099e+00,2.256617738419616437e+00,1.182213187758621764e+01
8.543647020514511041e+02,2.093262780853122607e+01,1.310693030316782142e+03,7.294987701042541630e+02,4.738196027352681305e+00,2.660487652265272729e+00,1.182296703801950066e+01
8.506134809508298531e+02,2.128274177792254207e+01,1.318920842211085983e+03,7.286313132157132486e+02,4.688179746011065241e+00,3.063797599318003773e+00,1.182380213979939221e+01
8.468622598502086021e+02,2.163285574731385452e+01,1.326814345765253847e+03,7.277659168864523735e+02,4.638163464669449176e+00,3.467107546370735704e+00,1.182463718289902488e+01
8.409506392256686240e+02,2.194848995937633518e+01,1.334128056479090446e+03,7.269875053239746876e+02,4.616296022561986234e+00,3.829969326818711828e+00,1.182547216729152062e+01
8.272953435363061772e+02,2.214747639205472396e+01,1.340472216726489933e+03,7.264976250949197265e+02,4.692803647020522106e+00,4.056050817732198333e+00,1.182630709295002980e+01
8.137909475740697189e+02,2.234754151742118822e+01,1.346757249092602251e+03,7.260057535290967508e+02,4.767828069032946203e+00,4.283386400293506036e+00,1.182714195984767613e+01
8.002865516118612277e+02,2.254760664278724036e+01,1.352970906417310289e+03,7.255145475509848438e+02,4.842852491045215757e+00,4.510721982854343892e+00,1.182797676795759578e+01
7.847457715290356646e+02,2.271853658242932639e+01,1.359433984964766751e+03,7.250954012026465989e+02,4.900000000000000355e+00,4.704813966406133474e+00,1.182881151725294089e+01
7.621295994789804809e+02,2.279290133507006644e+01,1.367001157393600579e+03,7.249131988891811034e+02,4.900000000000000355e+00,4.788743471649680394e+00,1.182964620770684938e+01
7.396222728752997000e+02,2.286792575708233244e+01,1.374590518000016800e+03,7.247294728745600878e+02,4.900000000000000355e+00,4.873421902350284718e+00,1.183048083929245919e+01
7.171149462715723075e+02,2.294295017909475831e+01,1.382217013989220959e+03,7.245458399654180539e+02,4.900000000000000355e+00,4.958100333051064901e+00,1.183131541198292780e+01
6.924364060140851507e+02,2.301217232789316469e+01,1.389232103535061015e+03,7.243764914266308779e+02,4.905518382481449891e+00,5.036189722037711647e+00,1.183214992575138957e+01
6.603204168023665943e+02,2.306199934874630131e+01,1.394105710068821509e+03,7.242546411591171136e+02,4.930999674373151009e+00,5.092256163083533238e+00,1.183298438057100377e+01
6.283099967437320856e+02,2.311201563008791737e+01,1.399015123579182728e+03,7.241323692444468634e+02,4.956007815043959930e+00,5.148537123100110691e+00,1.183381877641491542e+01
5.962995766850974633e+02,2.316203191142953344e+01,1.403939852991831231e+03,7.240101386077932375e+02,4.981015955714767962e+00,5.204818083116688143e+00,1.183465311325628555e+01
5.626735564905936826e+02,2.318887697691627992e+01,1.407869057207235983e+03,7.239445513739660782e+02,5.000000000000000000e+00,5.235025567895141840e+00,1.183548739106826631e+01
5.235897101921215153e+02,2.313793552588733604e+01,1.408556645394789030e+03,7.240690206118997594e+02,5.000000000000000000e+00,5.177703558108685655e+00,1.183632160982401693e+01
4.845770107456606866e+02,2.308791924454571642e+01,1.409235449246076769e+03,7.241912711324880547e+02,5.000000000000000000e+00,5.121422598092108203e+00,1.183715576949668957e+01
4.455643112992805754e+02,2.303790296320420694e+01,1.409895804191339494e+03,7.243135629411665377e+02,5.000000000000000000e+00,5.065141638075647101e+00,1.183798987005945769e+01
4.061438150611626270e+02,2.294807914725450715e+01,1.409066185738340209e+03,7.245332917636370667e+02,5.000000000000000000e+00,4.963682810469834727e+00,1.183882391148546276e+01
3.653643764245929333e+02,2.272041680234437777e+01,1.402999746385343769e+03,7.250907935100153736e+02,5.000000000000000000e+00,4.705770458863091754e+00,1.183965789374789779e+01
3.246011071312597664e+02,2.249534353630756911e+01,1.396910905765064172e+03,7.256428013688791907e+02,5.000000000000000000e+00,4.450800283910126609e+00,1.184049181681991136e+01
2.838378378378423577e+02,2.227027027027029860e+01,1.390697704227913391e+03,7.261956503495233619e+02,5.000000000000000000e+00,4.195830108956635662e+00,1.184132568067467695e+01
2.446053354780982545e+02,2.203350430295832396e+01,1.383997684649575376e+03,7.267781306463065221e+02,4.966114172556365780e+00,4.026428401514009714e+00,1.184215948528536977e+01
2.103966134809790276e+02,2.175792901335092466e+01,1.375932525667649543e+03,7.274572644184096362e+02,4.813415825464142372e+00,4.132261908312417020e+00,1.184299323062515441e+01
1.761354607619717854e+02,2.148283946597203808e+01,1.367720639022868227e+03,7.281364687120284316e+02,4.663366981439292402e+00,4.236259074336788721e+00,1.184382691666720078e+01
1.418743080429645147e+02,2.120774991859314795e+01,1.359353434168068361e+03,7.288169424949114727e+02,4.513318137414442432e+00,4.340256240361159534e+00,1.184466054338470187e+01
1.107106406205007261e+02,2.090332894589654700e+01,1.351892848399569175e+03,7.295714579425253987e+02,4.357379669441364456e+00,4.217121001175240025e+00,1.184549411075082226e+01
8.953956366004939582e+01,2.050192119830681037e+01,1.347335243602121182e+03,7.305687441781584539e+02,4.182090524259230335e+00,3.315557429167486969e+00,1.184632761873875317e+01
6.828264408986240142e+01,2.010179094757387475e+01,1.342076269488226899e+03,7.315655757877492533e+02,4.007033539563572333e+00,2.429273911080154225e+00,1.184716106732167340e+01
4.702572451971936829e+01,1.970166069684177401e+01,1.336174013342052149e+03,7.325651313872305082e+02,3.831976554868277596e+00,1.542990392994655569e+00,1.184799445647275640e+01
2.921735251150511203e+01,1.929559286362470161e+01,1.331851515648787426e+03,7.335823163147853165e+02,3.681032024556674553e+00,7.478114083764054731e-01,1.184882778616520049e+01
2.227450341907847076e+01,1.887023770758690233e+01,1.333516743871316748e+03,7.346508481037949423e+02,3.606512536632983768e+00,2.434948559609480534e-01,1.184966105637218803e+01
1.527222403126665107e+01,1.844509931618404863e+01,1.334025144729962221e+03,7.357219507407666015e+02,3.531488114620714214e+00,-2.631450766077121917e-01,1.185049426706690667e+01
8.269944643440345189e+00,1.801996092478030675e+01,1.333492777850836319e+03,7.367961812199853284e+02,3.456463692608289673e+00,-7.697850091774207648e-01,1.185132741822256008e+01
2.804462307198172244e+00,1.763706675555114245e+01,1.334089815139269149e+03,7.377663571910348992e+02,3.387461997804403158e+00,-1.227392035997887598e+00,1.185216050981232705e+01
2.064148485834399693e+00,1.738804949527813193e+01,1.341072770775141407e+03,7.383986905262041773e+02,3.337609899055626439e+00,-1.529536042805679896e+00,1.185299354180941300e+01
1.313904265711704822e+00,1.713796808857056675e+01,1.347355318307403422e+03,7.390348167303102400e+02,3.287593617714113847e+00,-1.832929479967111197e+00,1.185382651418700917e+01
5.636600455874576365e-01,1.688788668186248643e+01,1.353071847594423616e+03,7.396720399175584362e+02,3.237577336372497339e+00,-2.136322917129169774e+00,1.185465942691831387e+01
0.000000000000000000e+00,1.663780527515440255e+01,1.357309420562256946e+03,7.403103629279748930e+02,3.205819280087780943e+00,-2.440711050675965943e+00,1.185549227997653787e+01
0.000000000000000000e+00,1.638772386844683737e+01,1.358228276043986625e+03,7.409497886113975937e+02,3.231227613155316369e+00,-2.748271286656152057e+00,1.185632507333487595e+01
0.000000000000000000e+00,1.613764246173875705e+01,1.358750854679450867e+03,7.415903198275226487e+02,3.256235753826124402e+00,-3.055798225712146543e+00,1.185715780696653532e+01
0.000000000000000000e+00,1.588756105503067140e+01,1.358874103235668144e+03,7.422319594459396512e+02,3.281243894496932434e+00,-3.363325164768141917e+00,1.185799048084473029e+01
0.000000000000000000e+00,1.564354695179551946e+01,1.357774513906681250e+03,7.428591030034771165e+02,3.306252035167688952e+00,-3.553686351062675719e+00,1.185882309494265385e+01
0.000000000000000000e+00,1.541865841745352483e+01,1.353611512748615496e+03,7.434380312535537314e+02,3.331260175838497428e+00,-3.379150239887682261e+00,1.185965564923352744e+01
0.000000000000000000e+00,1.519358515141625077e+01,1.349308086179216161e+03,7.440183390336026150e+02,3.356268316509305460e+00,-3.207294136550027375e+00,1.186048814369057069e+01
0.000000000000000000e+00,1.496851188537944033e+01,1.344816567870336030e+03,7.445995534667252969e+02,3.381276457180061978e+00,-3.035438033212728204e+00,1.186132057828698017e+01
0.000000000000000000e+00,1.476183659328081532e+01,1.341543293702829715e+03,7.451340582045081646e+02,3.399999999999999911e+00,-3.058163398968216651e+00,1.186215295299598971e+01
0.000000000000000000e+00,1.461224356886992659e+01,1.342346976655904427e+03,7.455214159949615578e+02,3.399999999999999911e+00,-3.709093968521198992e+00,1.186298526779081186e+01
0.000000000000000000e+00,1.446219472484538926e+01,1.342982659721883920e+03,7.459103585666510980e+02,3.399999999999999911e+00,-4.350285454197269530e+00,1.186381752264465739e+01
0.000000000000000000e+00,1.431214588082054107e+01,1.343466666118504008e+03,7.462997071770782895e+02,3.399999999999999911e+00,-4.991476939874665675e+00,1.186464971753076547e+01
0.000000000000000000e+00,1.416824611687000157e+01,1.342590014100277585e+03,7.466734819912024932e+02,3.405947383522629046e+00,-5.512194574666622771e+00,1.186548185242234865e+01
0.000000000000000000e+00,1.404337349397595780e+01,1.337709455559489925e+03,7.469981381720524496e+02,3.431325301204807943e+00,-5.669440587415361499e+00,1.186631392729263723e+01
0.000000000000000000e+00,1.391833279062191586e+01,1.332879612243275460e+03,7.473235142652397371e+02,3.456333441875615975e+00,-5.828101885266677940e+00,1.186714594211486329e+01
0.000000000000000000e+00,1.379329208726787570e+01,1.328030161441060955e+03,7.476491739354030415e+02,3.481341582546424451e+00,-5.986763183117994380e+00,1.186797789686225002e+01
5.989949100188288883e-02,1.368699217575107419e+01,1.321875080881405665e+03,7.479262477527041710e+02,3.500000000000000000e+00,-6.121725505996051808e+00,1.186880979150803483e+01
3.135786388798927349e-01,1.363728427222402040e+01,1.311710156650206272e+03,7.480558834390724314e+02,3.500000000000000000e+00,-6.185116486206684527e+00,1.186964162602544270e+01
5.636600455879751115e-01,1.358726799088240433e+01,1.301646551908889478e+03,7.481863686521996897e+02,3.500000000000000000e+00,-6.248898846646470773e+00,1.187047340038772703e+01
8.137414522955400686e-01,1.353725170954088952e+01,1.291632705042984526e+03,7.483168993949769856e+02,3.500000000000000000e+00,-6.312681207086124680e+00,1.187130511456810922e+01
1.851072290037913293e+00,1.348106304868578853e+01,1.277480034495232530e+03,7.484635930048646060e+02,3.493967558077764934e+00,-6.271531771141841460e+00,1.187213676853983380e+01
5.394659719963868838e+00,1.340582872028648787e+01,1.250404997738058910e+03,7.486600996860590840e+02,3.468609573428829584e+00,-5.898865616312475524e+00,1.187296836227615060e+01
8.895799413869779571e+00,1.333080429827421831e+01,1.223732781662041134e+03,7.488561609593444928e+02,3.443601432758073067e+00,-5.531340840498168987e+00,1.187379989575029171e+01
1.239693910778293429e+01,1.325577987626179421e+01,1.197286920554720837e+03,7.490523249497174447e+02,3.418593292087264590e+00,-5.163816064683103058e+00,1.187463136893550697e+01
1.908794453618226328e+01,1.321214971801111560e+01,1.176277808948656912e+03,7.491664507723762654e+02,3.412149718011113109e+00,-4.987606145695403725e+00,1.187546278180504444e+01
3.573917290783797540e+01,1.326284597850859726e+01,1.170669225279387547e+03,7.490338450512401778e+02,3.462845978508599654e+00,-5.392521875386478314e+00,1.187629413433215220e+01
5.224454575057141881e+01,1.331286225985021687e+01,1.164960197936382201e+03,7.489030640933424365e+02,3.512862259850216162e+00,-5.792006548558349621e+00,1.187712542649008718e+01
6.874991859330485511e+01,1.336287854119183471e+01,1.159200061988522748e+03,7.487723287960601510e+02,3.562878541191832671e+00,-6.191491221730221817e+00,1.187795665825210101e+01
8.849782613767669659e+01,1.343769382590084405e+01,1.157742392174873657e+03,7.485768583746366858e+02,3.649994263414673590e+00,-6.441245354791957922e+00,1.187878782959144530e+01
1.181175512862277941e+02,1.358873331162488540e+01,1.169614668321999943e+03,7.481825451959384736e+02,3.851644415499849039e+00,-6.247647858313349900e+00,1.187961894048138056e+01
1.476271572777815493e+02,1.373878215564973715e+01,1.181438021381589806e+03,7.477912300487139419e+02,4.051709540866316850e+00,-6.056573358508122062e+00,1.188044999089515841e+01
1.771367632692742120e+02,1.388883099967427626e+01,1.193366950322843877e+03,7.474003240195552280e+02,4.251774666232368993e+00,-5.865498858703289464e+00,1.188128098080605177e+01
2.087882105156295438e+02,1.408892472370970594e+01,1.206909584745037591e+03,7.468796798362773188e+02,4.426347255701382544e+00,-5.612252853241751716e+00,1.188211191018731938e+01
2.468619342234068199e+02,1.444083360468927602e+01,1.225103946940302649e+03,7.459657618651330040e+02,4.525952458482649376e+00,-5.170452340453532969e+00,1.188294277901222351e+01
2.848743080429566703e+02,1.479094757407986549e+01,1.243373787589823905e+03,7.450587250712470677e+02,4.625985021165676336e+00,-4.730871848596462037e+00,1.188377358725403177e+01
3.228866818625851920e+02,1.514106154347118327e+01,1.261761729813413922e+03,7.441538913720412438e+02,4.726017583848908465e+00,-4.291291356738481610e+00,1.188460433488601886e+01
3.614707907038082908e+02,1.552915340098526897e+01,1.280928836218030483e+03,7.431534750645254235e+02,4.787596748016678561e+00,-3.807701042397058977e+00,1.188543502188144529e+01
4.017482904591049078e+02,1.603041354607583813e+01,1.302033416386296722e+03,7.418653036166579113e+02,4.736958645392416400e+00,-3.193029473548496089e+00,1.188626564821359288e+01
4.420113969391060778e+02,1.653057635949200233e+01,1.322976438107397826e+03,7.405843981376095826e+02,4.686942364050799448e+00,-2.579616863098615376e+00,1.188709621385573811e+01
4.822745034191073614e+02,1.703073917290817008e+01,1.343748109939617962e+03,7.393079082602994276e+02,4.636926082709182495e+00,-1.966204252648733997e+00,1.188792671878114504e+01
5.211925770406747915e+02,1.752450371755903902e+01,1.364281210314654800e+03,7.380520563680646546e+02,4.574221454772131601e+00,-1.364480669398467683e+00,1.188875716296310969e+01
5.561745359817623466e+02,1.799951155975248440e+01,1.384519176776977247e+03,7.368479313121632686e+02,4.473787040052108033e+00,-7.970061120579753355e-01,1.188958754637489967e+01
5.911859329208938334e+02,1.847466623249784590e+01,1.404578279770162453e+03,7.356473581844204546e+02,4.373754477368874127e+00,-2.292669770223071390e-01,1.189041786898980035e+01
6.261973298599529016e+02,1.894982090524221618e+01,1.424431680433492602e+03,7.344506909675419593e+02,4.273721914685848944e+00,3.384721580121862194e-01,1.189124813078109710e+01
6.594033139988713401e+02,1.943782434601460807e+01,1.444480850506096203e+03,7.332257109024129704e+02,4.173689352002615927e+00,9.174577771168880291e-01,1.189207833172207707e+01
6.873760989905728138e+02,1.996330185607324026e+01,1.465464130748190883e+03,7.319112231920876184e+02,4.073656789319382909e+00,1.529228139101817874e+00,1.189290847178603450e+01
7.153852165418201139e+02,2.048847281015912358e+01,1.486052443983138119e+03,7.306022035949232531e+02,3.973624226636356838e+00,2.140733544303292657e+00,1.189373855094625121e+01
7.433943340931253942e+02,2.101364376424610114e+01,1.506213866939157469e+03,7.292978579884774035e+02,3.873591663953123820e+00,2.752238949506034427e+00,1.189456856917602146e+01
7.689342936596466416e+02,2.151937536531908890e+01,1.524757699799589318e+03,7.280461866754367293e+02,3.799999999999999822e+00,3.337831787354939017e+00,1.189539852644864482e+01
7.873975903614299341e+02,2.196913057635910604e+01,1.539522264925115451e+03,7.269366607185850171e+02,3.799999999999999822e+00,3.848841725864631691e+00,1.189622842273740311e+01
8.059036144578280982e+02,2.241927710843365418e+01,1.553806693795490673e+03,7.258295496546015784e+02,3.799999999999999822e+00,4.360366317321577867e+00,1.189705825801561900e+01
8.244096385542261487e+02,2.286942364050820231e+01,1.567555064791299856e+03,7.247258056818715204e+02,3.799999999999999822e+00,4.871890908778524043e+00,1.189788803225657610e+01
8.402929733396802021e+02,2.330001460145595971e+01,1.579238572327447400e+03,7.236731474005174505e+02,3.819108221960527683e+00,5.464540928953423027e+00,1.189871774543357397e+01
8.487613155323981573e+02,2.367476392054697598e+01,1.586099175650069355e+03,7.227594910267533805e+02,3.894952784109394717e+00,6.291553798062508029e+00,1.189954739751992818e+01
8.572640833604729096e+02,2.404988603060909824e+01,1.592373076601089451e+03,7.218472327181701758e+02,3.969977206121819702e+00,7.116452182208034216e+00,1.190037698848893832e+01
8.657668511885301541e+02,2.442500814067044601e+01,1.598011098112969648e+03,7.209372743894413134e+02,4.045001628134088811e+00,7.941350566351854212e+00,1.190120651831390930e+01
8.712306666679403406e+02,2.479358246431396040e+01,1.600728007631028504e+03,7.200454309612737234e+02,4.087177777799006151e+00,8.539973100202836065e+00,1.190203598696816201e+01
8.681979811136424132e+02,2.514356887007504682e+01,1.596203291577235177e+03,7.192006053231167471e+02,4.036633018560707775e+00,8.515973898740330839e+00,1.190286539442499603e+01
8.651970042331516879e+02,2.549368283946563807e+01,1.590735672847925571e+03,7.183574527865432628e+02,3.986616737219194295e+00,8.492225624331481981e+00,1.190369474065773936e+01
8.621960273526547098e+02,2.584379680885695407e+01,1.584251360596461836e+03,7.175162748694048105e+02,3.936600455877577787e+00,8.468477349922583386e+00,1.190452402563969692e+01
8.570479257005504223e+02,2.614755085681332858e+01,1.576660995649387132e+03,7.167880744309164811e+02,3.945168986056549087e+00,8.499953700122205191e+00,1.190535324934418782e+01
8.457277759687509615e+02,2.632201237381943315e+01,1.568291245055193713e+03,7.163705001840295381e+02,4.122012373819429421e+00,8.691226997145982125e+00,1.190618241174453296e+01
8.344741126668872084e+02,2.649706935851508405e+01,1.559560544333567805e+03,7.159519889669647910e+02,4.297069358515087423e+00,8.880568125775997856e+00,1.190701151281406212e+01
8.232204493650235690e+02,2.667212634321074205e+01,1.550460845497029823e+03,7.155339664617413291e+02,4.472126343210745425e+00,9.069909254406011812e+00,1.190784055252608553e+01
8.101221114864767969e+02,2.682723055711328541e+01,1.538746003260720272e+03,7.151639971547474488e+02,4.640556514413183287e+00,9.237487450157187752e+00,1.190866953085394364e+01
7.918235102572514279e+02,2.692699446434382793e+01,1.520387265984573787e+03,7.149262331099577068e+02,4.790491696515740472e+00,9.344710345663969520e+00,1.190949844777095201e+01
7.735675675675613547e+02,2.702702702702706006e+01,1.501809318212978496e+03,7.146879873523267861e+02,4.940540540540590442e+00,9.452225078920273305e+00,1.191032730325045108e+01
7.553116248779091393e+02,2.712705958971008968e+01,1.482954504978102932e+03,7.144499003303232030e+02,5.090589384565129549e+00,9.559739812176356821e+00,1.191115609726576352e+01
7.308443339577445386e+02,2.724035329685597873e+01,1.458300793118407455e+03,7.141804422002163619e+02,5.200000000000000178e+00,9.681266032520026599e+00,1.191198482979021911e+01
6.889254314555394103e+02,2.739068707261482771e+01,1.417527818622860877e+03,7.138232010613484135e+02,5.200000000000000178e+00,9.841924843232364495e+00,1.191281350079717249e+01
6.471618365352895808e+02,2.754073591663967946e+01,1.376047623354179677e+03,7.134669933922598375e+02,5.200000000000000178e+00,1.000228329940808614e+01,1.191364211025994813e+01
6.053982416151262669e+02,2.769078476066421857e+01,1.333716515501632557e+03,7.131111410509845427e+02,5.200000000000000178e+00,1.016264175558347738e+01,1.191447065815188289e+01
5.645051094387309831e+02,2.782064553260602580e+01,1.295505950285539257e+03,7.128034526206408827e+02,5.252614964160131628e+00,1.030131484648776308e+01,1.191529914444632787e+01
5.260068381634281423e+02,2.789544122435695783e+01,1.270435027573798834e+03,7.126263544229133231e+02,5.454509931618554575e+00,1.038084276528268290e+01,1.191612756911662174e+01
4.874943015304631331e+02,2.797046564636922739e+01,1.245055243174921770e+03,7.124488029561388203e+02,5.654575056984606718e+00,1.046061553749006556e+01,1.191695593213610671e+01
4.489817648974184294e+02,2.804549006838165326e+01,1.219426668641036485e+03,7.122713399415264348e+02,5.854640182351072752e+00,1.054038830969760809e+01,1.191778423347814098e+01
4.096623518613109809e+02,2.808676393693247064e+01,1.202973502395954029e+03,7.121737483817748853e+02,5.973527873864938442e+00,1.058428235010109120e+01,1.191861247311606498e+01
3.681351351351549965e+02,2.803630739172909969e+01,1.211795240281475344e+03,7.122930559267591661e+02,5.872614783458204535e+00,1.053066256002612988e+01,1.191944065102323513e+01
3.266216216216132580e+02,2.798629111038748363e+01,1.220477492511353375e+03,7.124113619925989269e+02,5.772582220774971518e+00,1.047751063503684854e+01,1.192026876717300254e+01
2.851081081080715762e+02,2.793627482904587112e+01,1.229097904160548296e+03,7.125297073643120029e+02,5.672549658091738500e+00,1.042435871004756720e+01,1.192109682153872008e+01
2.456272185150970131e+02,2.785941059642243189e+01,1.242225017495319889e+03,7.127116557361051719e+02,5.545598593759081041e+00,1.034248283918225297e+01,1.192192481409374949e+01
2.116447411266631207e+02,2.770872679908821823e+01,1.267542485628261829e+03,7.130686138900493916e+02,5.344969065450960066e+00,1.018162564143739068e+01,1.192275274481145075e+01
1.776336698143639694e+02,2.755867795506337004e+01,1.292207260970752714e+03,7.134244237787171414e+02,5.144903940084494032e+00,1.002144854800151030e+01,1.192358061366518740e+01
1.436225985021350766e+02,2.740862911103883093e+01,1.316334414709329849e+03,7.137805889315976628e+02,4.944838814718441888e+00,9.861271454565960326e+00,1.192440842062831585e+01
1.130237954669080267e+02,2.719775753671405383e+01,1.341967991694472175e+03,7.142817302652830449e+02,4.724416906812618500e+00,9.634865432058163037e+00,1.192523616567420675e+01
9.155617062844231668e+01,2.682132855747283173e+01,1.371612797850036031e+03,7.151780682741066357e+02,4.448974275480075846e+00,9.228163549350085759e+00,1.192606384877622894e+01
7.004916965159172548e+01,2.644620644741148396e+01,1.399218127184899231e+03,7.160735372428957817e+02,4.173884728101755037e+00,8.822889664396379672e+00,1.192689146990774773e+01
4.854216867469665431e+01,2.607108433734936170e+01,1.424884408825282208e+03,7.169712514425655172e+02,3.898795180722864462e+00,8.417615779441836921e+00,1.192771902904213377e+01
3.089099536192149031e+01,2.567547385183463504e+01,1.447365395155598435e+03,7.179204393827053536e+02,3.658040678170829896e+00,7.987633247531297442e+00,1.192854652615276834e+01
2.341680234451778375e+01,2.522500814067106845e+01,1.464361782290988458e+03,7.190043047915312400e+02,3.508336046890355941e+00,7.491480493186564615e+00,1.192937396121301674e+01
1.591436014327531012e+01,2.477486160859652031e+01,1.479345377468955576e+03,7.200906770150544389e+02,3.358287202865506416e+00,6.995716075556570601e+00,1.193020133419626916e+01
8.411917942032838269e+00,2.432471507652196863e+01,1.492384044916961102e+03,7.211803370923961438e+02,3.208238358840656890e+00,6.499951657926576587e+00,1.193102864507589445e+01
2.786358961693855996e+00,2.391593036530997551e+01,1.502811955321282767e+03,7.221727340079348778e+02,3.071976788436659334e+00,6.048092890277922073e+00,1.193185589382527567e+01
2.040703353956341726e+00,2.361628134158253545e+01,1.510086571637771613e+03,7.229019224337693004e+02,2.972093780527512497e+00,5.712105588790121757e+00,1.193268308041779946e+01
1.290459133832094540e+00,2.331618365353283551e+01,1.516570845883671609e+03,7.236336794015811620e+02,2.872061217844279035e+00,5.375636857903699273e+00,1.193351020482685065e+01
5.402149137093995579e-01,2.301608596548375729e+01,1.522278667636856653e+03,7.243669193114611744e+02,2.772028655161253408e+00,5.039168127017974008e+00,1.193433726702581410e+01
0.000000000000000000e+00,2.269528361759628510e+01,1.527405130540969367e+03,7.251523932553352552e+02,2.685878737917526848e+00,4.677558202313704783e+00,1.193516426698808530e+01
0.000000000000000000e+00,2.231986323673045192e+01,1.532011544204771326e+03,7.260737624651317219e+02,2.635981764897393997e+00,4.249614551612006075e+00,1.193599120468704911e+01
0.000000000000000000e+00,2.194474112666910415e+01,1.535539130311503868e+03,7.269967417117162540e+02,2.585965483555880517e+00,3.822035774673311792e+00,1.193681808009610457e+01
0.000000000000000000e+00,2.156961901660698189e+01,1.538031124523905419e+03,7.279220705129312137e+02,2.535949202214264453e+00,3.394456997733733328e+00,1.193764489318863831e+01
0.000000000000000000e+00,2.121536937334880335e+01,1.537500639169216583e+03,7.287980772215612433e+02,2.479002049658159290e+00,2.989051442069420972e+00,1.193847164393805826e+01
0.000000000000000000e+00,2.091549983718680750e+01,1.531027803520349835e+03,7.295412600734523494e+02,2.403874959296702141e+00,2.641425366535505415e+00,1.193929833231776172e+01
0.000000000000000000e+00,2.061540214913710756e+01,1.524257412793424010e+03,7.302865270241661619e+02,2.328850537284277600e+00,2.293554626809720887e+00,1.194012495830114773e+01
0.000000000000000000e+00,2.031530446108741472e+01,1.517160144900849446e+03,7.310333181951914412e+02,2.253826115271853059e+00,1.945683887083935248e+00,1.194095152186162068e+01
0.000000000000000000e+00,2.005023628289072946e+01,1.506502328698524479e+03,7.316942098704355431e+02,2.213805402993553884e+00,1.637726021483492556e+00,1.194177802297258673e+01
0.000000000000000000e+00,1.987548029957670082e+01,1.487377171176126922e+03,7.321305815317550696e+02,2.264148485835227653e+00,1.432682507801310345e+00,1.194260446160744493e+01
0.000000000000000000e+00,1.970042331488104281e+01,1.468522063451938266e+03,7.325682266973507240e+02,2.314164767176844162e+00,1.227293389323549366e+00,1.194343083773962100e+01
0.000000000000000000e+00,1.952536633018574719e+01,1.449879202322862511e+03,7.330063953975636650e+02,2.364181048518356754e+00,1.021904270846213159e+00,1.194425715134251398e+01
0.000000000000000000e+00,1.933628731984579474e+01,1.431925243038707322e+03,7.334802507060016978e+02,2.393057161039504610e+00,7.992952835944961976e-01,1.194508340238954247e+01
0.000000000000000000e+00,1.911103874959284710e+01,1.415373374389170976e+03,7.340455512414748682e+02,2.367893194399204759e+00,5.322635024597535125e-01,1.194590959085412685e+01
0.000000000000000000e+00,1.888596548355603488e+01,1.398966042493795612e+03,7.346112830319551676e+02,2.342885053728448241e+00,2.654479903324677981e-01,1.194673571670967682e+01
0.000000000000000000e+00,1.866089221751876082e+01,1.382707521460002226e+03,7.351778875184547815e+02,2.317876913057639765e+00,-1.367521795369890840e-03,1.194756177992961099e+01
6.982835056309577570e-02,1.845703456325276193e+01,1.367361061602997324e+03,7.356918380866430880e+02,2.306982835056309078e+00,-2.435298182737664907e-01,1.194838778048735328e+01
3.213936828392454648e-01,1.830716379029645324e+01,1.354089292685819601e+03,7.360701397949080729e+02,2.332139368283924430e+00,-4.229521011295342414e-01,1.194921371835632939e+01
5.714750895473278414e-01,1.815711494627160150e+01,1.340924283779740335e+03,7.364492808042782599e+02,2.357147508954732462e+00,-6.025825375740748724e-01,1.195003959350997036e+01
8.215564962554101625e-01,1.800706610224675330e+01,1.327872483205599110e+03,7.368288125970213969e+02,2.382155649625540939e+00,-7.822129740186156699e-01,1.195086540592169477e+01
1.985810084053656777e+00,1.786411691056610707e+01,1.316098161520842268e+03,7.371907506110202348e+02,2.421279715645963559e+00,-9.536548656656135270e-01,1.195169115556493189e+01
5.504070335394806612e+00,1.773914034516446847e+01,1.307338306040595626e+03,7.375074746372089294e+02,2.496515792901317088e+00,-1.104366290305352383e+00,1.195251684241312162e+01
9.005210029307960440e+00,1.761409964181042653e+01,1.298615774449831179e+03,7.378246336450475837e+02,2.571540214913742073e+00,-1.255151986395298458e+00,1.195334246643968967e+01
1.250634972322111338e+01,1.748905893845638460e+01,1.289939804463861265e+03,7.381420655534768684e+02,2.646564636926166614e+00,-1.405937682485244311e+00,1.195416802761807418e+01
1.947999588648845304e+01,1.740706239121158205e+01,1.284778818644999092e+03,7.383503726760350219e+02,2.714446290666115313e+00,-1.504794041760747270e+00,1.195499352592171860e+01
3.528883099968079762e+01,1.743220449365028557e+01,1.288308292805994824e+03,7.382864882217480726e+02,2.764408987300573717e+00,-1.474394565979010308e+00,1.195581896132405397e+01
5.104395962228998940e+01,1.745721263432109538e+01,1.291826466778550639e+03,7.382229551380869452e+02,2.814425268642190670e+00,-1.444157064221868847e+00,1.195664433379853264e+01
6.679908824486658148e+01,1.748222077499185190e+01,1.295352127875010183e+03,7.381594329881365866e+02,2.864441549983703261e+00,-1.413919562464789781e+00,1.195746964331859097e+01
8.641326472970993677e+01,1.757835417734238703e+01,1.301440330152152001e+03,7.379153518375202339e+02,2.914457831325319770e+00,-1.298431966988929709e+00,1.195829488985766709e+01
1.157173559101577780e+02,1.785460761966815113e+01,1.313969490935627391e+03,7.372148401709748669e+02,2.964474112666936279e+00,-9.670583263063579071e-01,1.195912007338922756e+01
1.449768804949428898e+02,1.812969716704646927e+01,1.326454313483314763e+03,7.365186018176819971e+02,3.014490394008449314e+00,-6.370787774078128241e-01,1.195994519388671051e+01
1.742364050797885398e+02,1.840478671442536296e+01,1.338926661338936583e+03,7.358236773024874537e+02,3.064506675350066267e+00,-3.070992285085850648e-01,1.196077025132356830e+01
2.061574178499886614e+02,1.873735941851308340e+01,1.350509379930964542e+03,7.349852907128811239e+02,3.171813901803278934e+00,8.867280229418772475e-02,1.196159524567326216e+01
2.446952132855603850e+02,1.921312276131535413e+01,1.359414946277237959e+03,7.337892456104831354e+02,3.422696190165976482e+00,6.483115662968265136e-01,1.196242017690923554e+01
2.832077499186050886e+02,1.968827743406071562e+01,1.367497714673078008e+03,7.325986109983786037e+02,3.672777596874059025e+00,1.207258727004415499e+00,1.196324504500496033e+01
3.217202865516497923e+02,2.016343210680607001e+01,1.374701643640728889e+03,7.314118339361680228e+02,3.922859003582141568e+00,1.766205887712004596e+00,1.196406984993388711e+01
3.608840366636711110e+02,2.063858677955044030e+01,1.379393452890919434e+03,7.302288957069981734e+02,4.136659289182080812e+00,2.321306350001321128e+00,1.196489459166947888e+01
4.016525561706395706e+02,2.111374145229579824e+01,1.379020730057737637e+03,7.290497777148988234e+02,4.261510908498894246e+00,2.866932928163847372e+00,1.196571927018520753e+01
4.424158254640570362e+02,2.158889612504115618e+01,1.377285097075972089e+03,7.278744614838228699e+02,4.386551611852935295e+00,3.412589290707163325e+00,1.196654388545453607e+01
4.831790947573900894e+02,2.206405079778552292e+01,1.374107142627844723e+03,7.267029286566735209e+02,4.511592315206717885e+00,3.958245653249349960e+00,1.196736843745092393e+01
5.224142316610245871e+02,2.252465325053290002e+01,1.373531482089811334e+03,7.255708694508037979e+02,4.636633018560758934e+00,4.484081662378604172e+00,1.196819292614785368e+01
5.579153370238034313e+02,2.294969065451032009e+01,1.382137943081753974e+03,7.245293462520642152e+02,4.761673721914799984e+00,4.961484643679350270e+00,1.196901735151878121e+01
5.934268967762776583e+02,2.337482904591318089e+01,1.390106389951587289e+03,7.234905622764326836e+02,4.886714425268582573e+00,5.439023555852806169e+00,1.196984171353720328e+01
6.289384565288253270e+02,2.379996743731691922e+01,1.397443151032462310e+03,7.224547527207138273e+02,5.011755128622624511e+00,5.916562468027249722e+00,1.197066601217658288e+01
6.622555697872268183e+02,2.420316458234963619e+01,1.405347695253344000e+03,7.214751372445410880e+02,5.114804533551156496e+00,6.367341293994682516e+00,1.197149024741039725e+01
6.902513839140203800e+02,2.455314229892525191e+01,1.415848551349871514e+03,7.206269763855474366e+02,5.164734614132178159e+00,6.753219860100974969e+00,1.197231441921213246e+01
7.182605014653255466e+02,2.490325626831657146e+01,1.426077096538362184e+03,7.197804780975847052e+02,5.214750895473795111e+00,7.139262905085617561e+00,1.197313852755526931e+01
7.462696190166308270e+02,2.525337023770788392e+01,1.436029656127603403e+03,7.189359661871584422e+02,5.264767176815412064e+00,7.525305950070259264e+00,1.197396257241328499e+01
7.715578012808077801e+02,2.557407457824748676e+01,1.443171261094648798e+03,7.181641303676531152e+02,5.307423186571035956e+00,7.877788910547945278e+00,1.197478655375967982e+01
7.902999023119531330e+02,2.582399869749270138e+01,1.443973862335418289e+03,7.175637889247324210e+02,5.332399869749271382e+00,8.149509212296109695e+00,1.197561047156793279e+01
8.090560078150592744e+02,2.607408010420078526e+01,1.444443731741579086e+03,7.169640732812769102e+02,5.357408010420079414e+00,8.421407521897426918e+00,1.197643432581154244e+01
8.278121133181266487e+02,2.632416151090835044e+01,1.444566702377775982e+03,7.163653592449796861e+02,5.382416151090835932e+00,8.693305831498182812e+00,1.197725811646398952e+01
8.430900893469425910e+02,2.657424291761643076e+01,1.438764265900750161e+03,7.157676443087000280e+02,5.429485137564032726e+00,8.964286729363371009e+00,1.197808184349877969e+01
8.500810810810866087e+02,2.682432432432451463e+01,1.418738704679229159e+03,7.151709259736624062e+02,5.529729729729807808e+00,9.233070961442495062e+00,1.197890550688940259e+01
8.570833604688983769e+02,2.707440573103207981e+01,1.397837860756642840e+03,7.145752017494163510e+02,5.629762292412833879e+00,9.501860652819969388e+00,1.197972910660935852e+01
8.640856398567246970e+02,2.732448713774016014e+01,1.375975120695819896e+03,7.139804691537991630e+02,5.729794855096066897e+00,9.770650344198001491e+00,1.198055264263215491e+01
8.680413326165935359e+02,2.755229988047252476e+01,1.350025712915879240e+03,7.134395558509398825e+02,5.814968702194371453e+00,1.001496886475600689e+01,1.198137611493129207e+01
8.647795506349743846e+02,2.772725496580906679e+01,1.315778910334965531e+03,7.130247027803079618e+02,5.864929990231162904e+00,1.020120455859527198e+01,1.198219952348026673e+01
8.615284923477693155e+02,2.790231195050472834e+01,1.280693373759945644e+03,7.126100906031965678e+02,5.914946271572778969e+00,1.038755159270226791e+01,1.198302286825259522e+01
8.582774340605642465e+02,2.807736893520037924e+01,1.244736151392051397e+03,7.121959603262376959e+02,5.964962552914395921e+00,1.057389862680926207e+01,1.198384614922178848e+01
8.523520388584080365e+02,2.823751109270556015e+01,1.217667810888813165e+03,7.118175351931812429e+02,5.955524348105933008e+00,1.074410235103984235e+01,1.198466936636133973e+01
8.400761966786062658e+02,2.836248778899381406e+01,1.213104995381337631e+03,7.115224874051867801e+02,5.805014653207424047e+00,1.087624534158543099e+01,1.198549251964478657e+01
8.278222077499101488e+02,2.848752849234785600e+01,1.208392362431506854e+03,7.112275331509133593e+02,5.654965809182574965e+00,1.100845733817740779e+01,1.198631560904562576e+01
8.155682188212394976e+02,2.861256919570163859e+01,1.203539223757832133e+03,7.109328233357538238e+02,5.504916965158035858e+00,1.114066933476911103e+01,1.198713863453738782e+01
8.007720007232478565e+02,2.871510507747921181e+01,1.204009236184013389e+03,7.106913375626794505e+02,5.377362756400160926e+00,1.124902389285107596e+01,1.198796159609358902e+01
7.799999999999865850e+02,2.876506024096388359e+01,1.217339841951664312e+03,7.105737458877616746e+02,5.302409638554167692e+00,1.130163823321509753e+01,1.198878449368774213e+01
7.592432432432586893e+02,2.881507652230539662e+01,1.230698153324156920e+03,7.104560493090792761e+02,5.227385216541898139e+00,1.135431718400238665e+01,1.198960732729337586e+01
7.384864864864878200e+02,2.886509280364701624e+01,1.244122154639626615e+03,7.103383917135161028e+02,5.152360794529474042e+00,1.140699613478978591e+01,1.199043009688402073e+01
7.131469904532831379e+02,2.887753431252516378e+01,1.253684711504355164e+03,7.103091306051835545e+02,5.062309762531795876e+00,1.142008681768639455e+01,1.199125280243319835e+01
6.771097362422942751e+02,2.880231195050478021e+01,1.254171396118755638e+03,7.104860827510954095e+02,4.937186584174632742e+00,1.134081584059598846e+01,1.199207544391443925e+01
6.410980136763304245e+02,2.872728752849235789e+01,1.254628681446120481e+03,7.106626571735790776e+02,4.812145880820590804e+00,1.126175345703302177e+01,1.199289802130127924e+01
6.050862911103665738e+02,2.865226310647993202e+01,1.255055562405160117e+03,7.108393193846291069e+02,4.687105177466549755e+00,1.118269107347005509e+01,1.199372053456724885e+01
5.684700994609784175e+02,2.854706061287643237e+01,1.250353119237754527e+03,7.110871909129988353e+02,4.599999999999999645e+00,1.107151509239501763e+01,1.199454298368587857e+01
5.304552263106530745e+02,2.837183327906221564e+01,1.233881979098576494e+03,7.115004341884523456e+02,4.599999999999999645e+00,1.088582178937361888e+01,1.199536536863071667e+01
4.924428524910244960e+02,2.819677629436655408e+01,1.217639135610601215e+03,7.119137557515707613e+02,4.599999999999999645e+00,1.070031006611679736e+01,1.199618768937530255e+01
4.544304786714745887e+02,2.802171930967126201e+01,1.201582409042534664e+03,7.123275578035385251e+02,4.599999999999999645e+00,1.051479834286035597e+01,1.199700994589316849e+01
4.153554354564501523e+02,2.783907246194387142e+01,1.185187213616580493e+03,7.127598139998115130e+02,4.584872432387113506e+00,1.032069773388888478e+01,1.199783213815786631e+01
3.738378378378165507e+02,2.763897753174851246e+01,1.167801053820676998e+03,7.132339657383449776e+02,4.534744382937128115e+00,1.010685185114775564e+01,1.199865426614294428e+01
3.323243243243607026e+02,2.743891240638246032e+01,1.150640351466534185e+03,7.137086780011106839e+02,4.484728101595615080e+00,9.893039829774798122e+00,1.199947632982194001e+01
2.908108108108190777e+02,2.723884728101599251e+01,1.133700609721808860e+03,7.141840226000595067e+02,4.434711820253999015e+00,9.679227808401405397e+00,1.200029832916841244e+01
2.514334244527465501e+02,2.701591424832216504e+01,1.118731685903881271e+03,7.147144467357040867e+02,4.369459235472327840e+00,9.440000016579729092e+00,1.200112026415591515e+01
2.169286877238998841e+02,2.674073591663977822e+01,1.107848368460678785e+03,7.153702652388179786e+02,4.269358515141739474e+00,9.142704006529450922e+00,1.200194213475799465e+01
1.824174535981845224e+02,2.646564636926089165e+01,1.096986107856295121e+03,7.160270763394984215e+02,4.169325952458506457e+00,8.845507124728756665e+00,1.200276394094822052e+01
1.479062194724691324e+02,2.619055682188200151e+01,1.086151338971037603e+03,7.166850946395661595e+02,4.069293389775273440e+00,8.548310242928062408e+00,1.200358568270014104e+01
1.171515921532194682e+02,2.586187594973630510e+01,1.083366138328203078e+03,7.174728921652128975e+02,3.915706202929459145e+00,8.190682914853079311e+00,1.200440735998731689e+01
9.490328883100558244e+01,2.541152718984056236e+01,1.097716402251166301e+03,7.185551243477526668e+02,3.640377727124787910e+00,7.695854684350504016e+00,1.200522897278331058e+01
7.264604363398625253e+01,2.496138065776601422e+01,1.110438854910730470e+03,7.196401386018744688e+02,3.365288179745897335e+00,7.201255951412016465e+00,1.200605052106169168e+01
5.038879843701297290e+01,2.451123412569240045e+01,1.121627768754695126e+03,7.207284345423386185e+02,3.090198632367576081e+00,6.706657218474551208e+00,1.200687200479602801e+01
3.252408987186831268e+01,2.405339189042912551e+01,1.136772251387459391e+03,7.218387177420006537e+02,2.853621454258313150e+00,6.200018471057111569e+00,1.200769342395988737e+01
2.452784109410312752e+01,2.357821556496237037e+01,1.162025000555006500e+03,7.229946599007649866e+02,2.703647020514433841e+00,5.666258797878704456e+00,1.200851477852683757e+01
1.652523607946104889e+01,2.310306089221800008e+01,1.184822173204240698e+03,7.241542573408265753e+02,2.553598176489894733e+00,5.132533365215837584e+00,1.200933606847045176e+01
8.522631064802411061e+00,2.262790621947264569e+01,1.205288503936895950e+03,7.253175804691899202e+02,2.403549332465045207e+00,4.598807932551867594e+00,1.201015729376430663e+01
2.766558238636056988e+00,2.220689804923927468e+01,1.221164732159238156e+03,7.263514638229363527e+02,2.292222949120350961e+00,4.123905854755700595e+00,1.201097845438197886e+01
2.017258222078283758e+00,2.190690328883131244e+01,1.230492279686180837e+03,7.270899711346340837e+02,2.267241940735942762e+00,3.780475120525698340e+00,1.201179955029705226e+01
1.267014001954036351e+00,2.160680560078161250e+01,1.239036948056281972e+03,7.278302357025612537e+02,2.242233800065134730e+00,3.436931263344028764e+00,1.201262058148310174e+01
5.167697818297892765e-01,2.130670791273191966e+01,1.246816821665439647e+03,7.285720091624878023e+02,2.217225659394326254e+00,3.093387406162358744e+00,1.201344154791371643e+01
0.000000000000000000e+00,2.103768574081744092e+01,1.251807513843065635e+03,7.292382573333160281e+02,2.200000000000000178e+00,2.784522301451401116e+00,1.201426244956248190e+01
0.000000000000000000e+00,2.083767502442209363e+01,1.251874715177182907e+03,7.297343852170989749e+02,2.200000000000000178e+00,2.552672522739702021e+00,1.201508328640297485e+01
0.000000000000000000e+00,2.063760989905562582e+01,1.251732415142378841e+03,7.302313238092773418e+02,2.200000000000000178e+00,2.320761569393194890e+00,1.201590405840880038e+01
0.000000000000000000e+00,2.043754477368915801e+01,1.251383203605337940e+03,7.307289396787006126e+02,2.200000000000000178e+00,2.088850616046688202e+00,1.201672476555354763e+01
0.000000000000000000e+00,2.023747964832310586e+01,1.253037603797707106e+03,7.312272342109030205e+02,2.192215186066819754e+00,1.856200649388594526e+00,1.201754540781079861e+01
0.000000000000000000e+00,2.003741452295663805e+01,1.259265857446503333e+03,7.317262087952038883e+02,2.167176815369580734e+00,1.621918808037725812e+00,1.201836598515416199e+01
0.000000000000000000e+00,1.983734939759017379e+01,1.265121557122918830e+03,7.322258648247134261e+02,2.142168674698772257e+00,1.387638406069177321e+00,1.201918649755723223e+01
0.000000000000000000e+00,1.963728427222412520e+01,1.270619622089800714e+03,7.327262036963502396e+02,2.117160534028015739e+00,1.153358004101112666e+00,1.202000694499360733e+01
0.000000000000000000e+00,1.943721914685765739e+01,1.276294857016723881e+03,7.332272268108570188e+02,2.060850838263546425e+00,9.183173934879694800e-01,1.202082732743688887e+01
0.000000000000000000e+00,1.923715402149118958e+01,1.282757497743918293e+03,7.337289355728063356e+02,1.935721263431995576e+00,6.816089741725116502e-01,1.202164764486068371e+01
0.000000000000000000e+00,1.903708889612514099e+01,1.288841011238502006e+03,7.342313313906184931e+02,1.810680560078213430e+00,4.449018550969455199e-01,1.202246789723860232e+01
0.000000000000000000e+00,1.883702377075866963e+01,1.294553750411316969e+03,7.347344156765761909e+02,1.685639856724172159e+00,2.081947360208895870e-01,1.202328808454425157e+01
0.000000000000000000e+00,1.866844825224236359e+01,1.298747253145115565e+03,7.351588515917835593e+02,1.568468965878192733e+00,8.452074791861845585e-03,1.202410820675123482e+01
0.000000000000000000e+00,1.856844676001307448e+01,1.300252536953301160e+03,7.354108650929432542e+02,1.468446760013078833e+00,-1.107933371204376516e-01,1.202492826383317315e+01
0.000000000000000000e+00,1.846841419732984590e+01,1.301683350044292411e+03,7.356631297987329390e+02,1.368414197329845816e+00,-2.300754119113102014e-01,1.202574825576367168e+01
0.000000000000000000e+00,1.836838163464661378e+01,1.303039680102873035e+03,7.359155676303807923e+02,1.268381634646612799e+00,-3.493574867021828623e-01,1.202656818251636217e+01
7.892574808373128969e-02,1.830000000000000071e+01,1.307560424055560816e+03,7.360882322708901029e+02,1.278925748083731273e+00,-4.308979675161025980e-01,1.202738804406485507e+01
3.292087267991155031e-01,1.830000000000000071e+01,1.319082966222286586e+03,7.360882322708901029e+02,1.529208726799115681e+00,-4.308979675161025980e-01,1.202820784038276791e+01
5.792901335071978242e-01,1.830000000000000071e+01,1.330598085661859386e+03,7.360882322708901029e+02,1.779290133507198002e+00,-4.308979675161025980e-01,1.202902757144373425e+01
8.293715402147627813e-01,1.830000000000000071e+01,1.342113205101408312e+03,7.360882322708901029e+02,2.029371540214762959e+00,-4.308979675161025980e-01,1.202984723722137161e+01
2.189533093461029090e+00,1.828414386563076732e+01,1.355604457795730468e+03,7.361282808270625537e+02,2.136575462523081725e+00,-4.498799795054807538e-01,1.203066683768930112e+01
5.943015304463915349e+00,1.823409312927380910e+01,1.373267631785142612e+03,7.362547247909393491e+02,1.936372517095257706e+00,-5.097977157885834609e-01,1.203148637282117228e+01
9.694236405077390373e+00,1.818407684793230317e+01,1.390803000017405566e+03,7.363811251209405100e+02,1.736307391729206007e+00,-5.696742045960401235e-01,1.203230584259059732e+01
1.344545750569862719e+01,1.813406056659068710e+01,1.408213712609462164e+03,7.365075688592522738e+02,1.536242266362739972e+00,-6.295506934036207980e-01,1.203312524697122221e+01
2.125935335407699256e+01,1.815574338441836133e+01,1.425797954038750049e+03,7.364527483446153155e+02,1.344148223891079796e+00,-6.038117800105952115e-01,1.203394458593667871e+01
3.777075871050668354e+01,1.833090198632355694e+01,1.444112983287718862e+03,7.360101942645178497e+02,1.169098013676443726e+00,-3.948088526753859018e-01,1.203476385946060212e+01
5.427613155324011984e+01,1.850595897101921139e+01,1.462636375061551689e+03,7.355684281309961534e+02,9.940410289807868338e-01,-1.859271771315784694e-01,1.203558306751664198e+01
7.078150439597355614e+01,1.868101595571486939e+01,1.481370435039757695e+03,7.351271919908131167e+02,8.189840442851288316e-01,2.295449841222896303e-02,1.203640221007842648e+01
9.160831370735397172e+01,1.894409230013674517e+01,1.499837933824516540e+03,7.344650953912966997e+02,7.399919608245640879e-01,3.341055576664607174e-01,1.203722128711960693e+01
1.216222728752841533e+02,1.939433409312925960e+01,1.517128076383944062e+03,7.333347130457703997e+02,8.650928036470172389e-01,8.627214157026863450e-01,1.203804029861383640e+01
1.516320416802540478e+02,1.984448062520381129e+01,1.534044468955919228e+03,7.322080430920459548e+02,9.901335070010583994e-01,1.391227094051563862e+00,1.203885924453475198e+01
1.816418104851618409e+02,2.029462715727742861e+01,1.550556112741451898e+03,7.310848297807399376e+02,1.115174210354840989e+00,1.919732772399347809e+00,1.203967812485601208e+01
2.144646970908700325e+02,2.069653922635501786e+01,1.565906521514375981e+03,7.300848798455540418e+02,1.336640168266370221e+00,2.389470970747164635e+00,1.204049693955126976e+01
2.532292412895062057e+02,2.099661348095101943e+01,1.579508534828614756e+03,7.293400823370150192e+02,1.761869098013939539e+00,2.735134248522237854e+00,1.204131568859416923e+01
2.919918593291787943e+02,2.129671116900009409e+01,1.593008758053398651e+03,7.285967448697974760e+02,2.187007489416799455e+00,3.080825751223566833e+00,1.204213437195837955e+01
3.307544773689315889e+02,2.159680885704979403e+01,1.606399319938828739e+03,7.278549210668398928e+02,2.612145880820539556e+00,3.426517253925611239e+00,1.204295298961755734e+01
3.699206764167324195e+02,2.190497807203543346e+01,1.618568596468568558e+03,7.270947153620116978e+02,2.940398803116134996e+00,3.779649896685205235e+00,1.204377154154536100e+01
4.099338977531426167e+02,2.223008791924427996e+01,1.628162068626340897e+03,7.262944391634257499e+02,3.065418430478570766e+00,4.148399994117831113e+00,1.204459002771545606e+01
4.499469228264358662e+02,2.255519374796479326e+01,1.637414858165245050e+03,7.254959325408448194e+02,3.190459133832611371e+00,4.517146414455567971e+00,1.204540844810150624e+01
4.899599478997290021e+02,2.288029957668529946e+01,1.646311305829877256e+03,7.246991797870917935e+02,3.315499837186652421e+00,4.885892834793304829e+00,1.204622680267717705e+01
5.282708484714419228e+02,2.322161527592467678e+01,1.656680067597167408e+03,7.238645816313786554e+02,3.424328766311903305e+00,5.270705737828802917e+00,1.204704509141614466e+01
5.630315858026646083e+02,2.359674373168343209e+01,1.670554400322226911e+03,7.229495178195797962e+02,3.499348746336686133e+00,5.689032097016955447e+00,1.204786331429207280e+01
5.977929013350880041e+02,2.397186584174555435e+01,1.684090976768179189e+03,7.220367800517799424e+02,3.574373168349110674e+00,6.107352216223548069e+00,1.204868147127864475e+01
6.325542168674395498e+02,2.434698795180690212e+01,1.697270909738138471e+03,7.211263440761430275e+02,3.649397590361380228e+00,6.525672335429276494e+00,1.204949956234953312e+01
6.647925142559070082e+02,2.470583276076288115e+01,1.710181020619704213e+03,7.202575598564629900e+02,3.740697914853508443e+00,7.184640999862454969e+00,1.205031758747841053e+01
6.918007163790426830e+02,2.503093454900699300e+01,1.723034556723025844e+03,7.194722748448954235e+02,3.865744057310382953e+00,8.342618370571093678e+00,1.205113554663896203e+01
7.188095083034597792e+02,2.535604037772682773e+01,1.735656138790344357e+03,7.186886906003070408e+02,3.990784760664164654e+00,9.500501212651348837e+00,1.205195343980486555e+01
7.458183002279325819e+02,2.568114620644733748e+01,1.748033604876891104e+03,7.179068113172546646e+02,4.115825464018207036e+00,1.065838405473399852e+01,1.205277126694981682e+01
7.701303331079469672e+02,2.598990833356657859e+01,1.753278383447149054e+03,7.171658121086795745e+02,4.249037755350585144e+00,1.178552754340383402e+01,1.205358902804749377e+01
7.888860306089433152e+02,2.626499511559783429e+01,1.743722453319539682e+03,7.165069178065855340e+02,4.399088244871546927e+00,1.284933325254646519e+01,1.205440672307158323e+01
8.076421361120106894e+02,2.654008466297615598e+01,1.733330270666011302e+03,7.158492264987985436e+02,4.549137088896086034e+00,1.391314439539339887e+01,1.205522435199578268e+01
8.263982416151169446e+02,2.681517421035504256e+01,1.722079189168449147e+03,7.151927414910721836e+02,4.699185932920935116e+00,1.497695553824252990e+01,1.205604191479378073e+01
8.431851427504350340e+02,2.708205887682161617e+01,1.706792097667001144e+03,7.145569866774661705e+02,4.865644172672300094e+00,1.539631323635308568e+01,1.205685941143926954e+01
8.559391077824775493e+02,2.733213936828386892e+01,1.684034461241263216e+03,7.139622865650931089e+02,5.065711494627097800e+00,1.449579567234563982e+01,1.205767684190595546e+01
8.686932595245897346e+02,2.758222077499195279e+01,1.660193220080456285e+03,7.133685733523865338e+02,5.265776619993563834e+00,1.359534731281712716e+01,1.205849420616753065e+01
8.814474112667019199e+02,2.783230218170003312e+01,1.635244451805455810e+03,7.127758467534065403e+02,5.465841745360029869e+00,1.269489895328861984e+01,1.205931150419770148e+01
8.904119618918447259e+02,2.806590782191030087e+01,1.611042015902987941e+03,7.122230590221480497e+02,5.624716535725350575e+00,1.254165753596290678e+01,1.206012873597016899e+01
8.916623249755783718e+02,2.826597199609254574e+01,1.589791428757281210e+03,7.117503225679496381e+02,5.699739498534705184e+00,1.390964670083479682e+01,1.206094590145863776e+01
8.929127320091188267e+02,2.846603712145901710e+01,1.567798632121847277e+03,7.112782110089185608e+02,5.774763920547130169e+00,1.527757733283496933e+01,1.206176300063681595e+01
8.941631390426566668e+02,2.866610224682506924e+01,1.545051194398839471e+03,7.108067253479603096e+02,5.849788342559400611e+00,1.664550796483230855e+01,1.206258003347841523e+01
8.905339528978191765e+02,2.883308430466551897e+01,1.522220394079204652e+03,7.104136835651897854e+02,5.875188627210107484e+00,1.721280497296082856e+01,1.206339699995715087e+01
8.770293064148351050e+02,2.893311624877900101e+01,1.500309120861485326e+03,7.101784368467432387e+02,5.800162813415751017e+00,1.615984353392580175e+01,1.206421390004673455e+01
8.635249104526266137e+02,2.903314881146202353e+01,1.478087098034884093e+03,7.099433444225647918e+02,5.725138391403480576e+00,1.510690162807268244e+01,1.206503073372087798e+01
8.500205144903901555e+02,2.913318137414525566e+01,1.455551853910307727e+03,7.097084075935302963e+02,5.650113969391056479e+00,1.405395972221738354e+01,1.206584750095330882e+01
8.302885616958384389e+02,2.923321393682849134e+01,1.431362060419956833e+03,7.094736262052213078e+02,5.575089547378631494e+00,1.338521029825895603e+01,1.206666420171773879e+01
7.980280039075358900e+02,2.933324649951151031e+01,1.404129617267363983e+03,7.092390001034236775e+02,5.500065125366361940e+00,1.348936752967488495e+01,1.206748083598789378e+01
7.657675024421931766e+02,2.943327906219475310e+01,1.376529637453345458e+03,7.090045291341249367e+02,5.425040703353936955e+00,1.359352431738812328e+01,1.206829740373750504e+01
7.335070009768505770e+02,2.953331162487798167e+01,1.348559213670204599e+03,7.087702131435189585e+02,5.350016281341512858e+00,1.369768110510135983e+01,1.206911390494029135e+01
7.001628134158419243e+02,2.960833604689025123e+01,1.327594041956923093e+03,7.085945777629216309e+02,5.274991859329244193e+00,1.377577714888528782e+01,1.206993033956998573e+01
6.646512536632941419e+02,2.963334418756106103e+01,1.321246919870783586e+03,7.085360519780017512e+02,5.199967437316819208e+00,1.380175170481108893e+01,1.207074670760032298e+01
6.291396939107464732e+02,2.965835232823186729e+01,1.314878499707628634e+03,7.084775358600611526e+02,5.124943015304394223e+00,1.382772626073689004e+01,1.207156300900502899e+01
5.936281341582722462e+02,2.968336046890262381e+01,1.308488739655371319e+03,7.084190294067052491e+02,5.049918593292124669e+00,1.385370081666263964e+01,1.207237924375784210e+01
5.562754802995692671e+02,2.969163139042656141e+01,1.301868497237051770e+03,7.083996817424778101e+02,5.000000000000000000e+00,1.386229135989851891e+01,1.207319541183250777e+01
5.152621295994438242e+02,2.966662324975575871e+01,1.294836817183610719e+03,7.084581850000004124e+02,5.000000000000000000e+00,1.383631680397271779e+01,1.207401151320275368e+01
4.742487788994031348e+02,2.964161510908500219e+01,1.287822262610024609e+03,7.085166979213159948e+02,5.000000000000000000e+00,1.381034224804696997e+01,1.207482754784233414e+01
4.332354281992776350e+02,2.961660696841419238e+01,1.280824803419836826e+03,7.085752205088185747e+02,5.000000000000000000e+00,1.378436769212116886e+01,1.207564351572498218e+01
3.914659719960567372e+02,2.956639531097353668e+01,1.273730477499207609e+03,7.086927520888527852e+02,5.025203516769844114e+00,1.461111511790802808e+01,1.207645941682445745e+01
3.482018886356480039e+02,2.946636274829051771e+01,1.266440935044243133e+03,7.089270168572958255e+02,5.100227938782112780e+00,1.712347576334974164e+01,1.207727525111448941e+01
3.049378052751497989e+02,2.936633018560728203e+01,1.259187708755661561e+03,7.091614365536081550e+02,5.175252360794537765e+00,1.963583640879664927e+01,1.207809101856884837e+01
2.616737219146515372e+02,2.926629762292404990e+01,1.251970646670569522e+03,7.093960113315291665e+02,5.250276782806962750e+00,2.214819705424355689e+01,1.207890671916128156e+01
2.229638554217045225e+02,2.913253012048204837e+01,1.251163846238488759e+03,7.097099366273122314e+02,5.232530120482047131e+00,2.374485525495480687e+01,1.207972235286553619e+01
1.932041680234427190e+02,2.893246499511558056e+01,1.262592412708108895e+03,7.101799679065110240e+02,5.032464995115581097e+00,2.354192834227538356e+01,1.208053791965537727e+01
1.634444806251809439e+02,2.873239986974911275e+01,1.273573025420229214e+03,7.106506221890172128e+02,4.832399869749115062e+00,2.333900142959596380e+01,1.208135341950456620e+01
1.336847932269807302e+02,2.853233474438306061e+01,1.284113346419119125e+03,7.111219007142918827e+02,4.632334744383062919e+00,2.313607451691696326e+01,1.208216885238684846e+01
1.069729729729719878e+02,2.832380332139367241e+01,1.293910633033505292e+03,7.116137884346878764e+02,4.423803321393672050e+00,2.292434034394981524e+01,1.208298421827601032e+01
8.621621621620116116e+01,2.809873005535639834e+01,1.302638832391119877e+03,7.121454595208720093e+02,4.198730055356397983e+00,2.269539813934354910e+01,1.208379951714580613e+01
6.545945945947326550e+01,2.787365678931958968e+01,1.310894771225100158e+03,7.126779256605011597e+02,3.973656789319589766e+00,2.246645593473776614e+01,1.208461474896999910e+01
4.470270270270243174e+01,2.764858352328231561e+01,1.318687881039923923e+03,7.132111886382793955e+02,3.748583523282315699e+00,2.223751373013150712e+01,1.208542991372237196e+01
2.862031911429017939e+01,2.738101595571450986e+01,1.327978533927284388e+03,7.138461719603808433e+02,3.566004558775574207e+00,2.133218562352641001e+01,1.208624501137668972e+01
2.161803972647835437e+01,2.703090198632391505e+01,1.340149611013236154e+03,7.146787616259642846e+02,3.465971996092548135e+00,1.911295846591936964e+01,1.208706004190671912e+01
1.461576033865204849e+01,2.668078801693260260e+01,1.351211653857436204e+03,7.155132957301084389e+02,3.365939433409315118e+00,1.689373130830773206e+01,1.208787500528625181e+01
7.613480950825741722e+00,2.633067404754129015e+01,1.361199680386326690e+03,7.163497810923676070e+02,3.265906870726082101e+00,1.467450415069610337e+01,1.208868990148905631e+01
2.744057310322920440e+00,2.603174861608610868e+01,1.366293534684612951e+03,7.170655171570721222e+02,3.200000000000000178e+00,1.377750106783208039e+01,1.208950473048892071e+01
1.993813090198673255e+00,2.583168349071964798e+01,1.363506733568113077e+03,7.175453452218253005e+02,3.200000000000000178e+00,1.543410631253154541e+01,1.209031949225962421e+01
1.243568870074426069e+00,2.563161836535318017e+01,1.360573175386914272e+03,7.180258158753860016e+02,3.200000000000000178e+00,1.709071155723101754e+01,1.209113418677494955e+01
4.933246499517311423e-01,2.543155323998712802e+01,1.357496222229805880e+03,7.185069304094566860e+02,3.200000000000000178e+00,1.874731680192705596e+01,1.209194881400868837e+01
0.000000000000000000e+00,2.528287202865516292e+01,1.343605038703512491e+03,7.188648952678098567e+02,3.319895799413841164e+00,1.981903183821423298e+01,1.209276337393462875e+01
0.000000000000000000e+00,2.523285574731354686e+01,1.309300186808801527e+03,7.189853946468988397e+02,3.670009768805155836e+00,1.976766871766252009e+01,1.209357786652656230e+01
0.000000000000000000e+00,2.518283946597203737e+01,1.275185140902083049e+03,7.191059344300600742e+02,4.020123738195747087e+00,1.971630559711091024e+01,1.209439229175828423e+01
0.000000000000000000e+00,2.513282318463041776e+01,1.241259183316911049e+03,7.192265146376189477e+02,4.370237707587062204e+00,1.966494247655919736e+01,1.209520664960358793e+01
0.000000000000000000e+00,2.498824487137722272e+01,1.214825543522382986e+03,7.195752942998128674e+02,4.617193096711196709e+00,1.951616077246392678e+01,1.209602094003627748e+01
0.000000000000000000e+00,2.466313904265738799e+01,1.202377740859507867e+03,7.203608141164725112e+02,4.667209378052708857e+00,1.918139813615010070e+01,1.209683516303014805e+01
0.000000000000000000e+00,2.433803321393688179e+01,1.189904504382514006e+03,7.211480508228401050e+02,4.717225659394326698e+00,1.884663549983557829e+01,1.209764931855899839e+01
0.000000000000000000e+00,2.401292738521637204e+01,1.177410763690482099e+03,7.219370100539121040e+02,4.767241940735942762e+00,1.851187286352106298e+01,1.209846340659664321e+01
0.000000000000000000e+00,2.369645066753526308e+01,1.167514551191766486e+03,7.227066882993505033e+02,4.756854444806360327e+00,1.818550612622683005e+01,1.209927742711688659e+01
0.000000000000000000e+00,2.339635297948556669e+01,1.162409656910155036e+03,7.234380498693634536e+02,4.631813741452319277e+00,1.787507575575030927e+01,1.210009138009353080e+01
0.000000000000000000e+00,2.309625529143587030e+01,1.157067120339621397e+03,7.241708931790599308e+02,4.506773038098277340e+00,1.756464538527378849e+01,1.210090526550039769e+01
0.000000000000000000e+00,2.279615760338679209e+01,1.151495865152463466e+03,7.249052227360150482e+02,4.381732334744494750e+00,1.725421501479790720e+01,1.210171908331128954e+01
0.000000000000000000e+00,2.248739824161518186e+01,1.150733078958681972e+03,7.256623031164002668e+02,4.248029957668545187e+00,1.693427583617139121e+01,1.210253283350002818e+01
0.000000000000000000e+00,2.216229241289467566e+01,1.158830378233501960e+03,7.264611762093499010e+02,4.097981113643695217e+00,1.659639146321664427e+01,1.210334651604043543e+01
0.000000000000000000e+00,2.183718658417484093e+01,1.166116658041400569e+03,7.272618101808084248e+02,3.947932269619156997e+00,1.625850709026259366e+01,1.210416013090632426e+01
0.000000000000000000e+00,2.151208075545433118e+01,1.172617049410750951e+03,7.280642108592040813e+02,3.797883425594307472e+00,1.592062271730784317e+01,1.210497367807152180e+01
8.694236405090322028e-02,2.122175187235419003e+01,1.178901309428526702e+03,7.287822759174831617e+02,3.673917290784729062e+00,1.548822631424540219e+01,1.210578715750985346e+01
3.370237707584682330e-01,2.099667860631737781e+01,1.185667215179163804e+03,7.293399208579178321e+02,3.598892868772459508e+00,1.487848711311711369e+01,1.210660056919513217e+01
5.871051774665505540e-01,2.077160534028010375e+01,1.191999332076895598e+03,7.298984198421923111e+02,3.523868446760034523e+00,1.426874791198756576e+01,1.210741391310120640e+01
8.371865841746329862e-01,2.054653207424282968e+01,1.197906975497641042e+03,7.304577748337853791e+02,3.448844024747610426e+00,1.365900871085801604e+01,1.210822718920188734e+01
2.570823835879564090e+00,2.033018560729423641e+01,1.202388396687948898e+03,7.309962505694247739e+02,3.391273200911780084e+00,1.331973180264312440e+01,1.210904039747102878e+01
7.072289156625047646e+00,2.013012048192777570e+01,1.204672566027532412e+03,7.314949098589539744e+02,3.366265060240972051e+00,1.348504872449202452e+01,1.210985353788245256e+01
1.157375447737052987e+01,1.993005535656131144e+01,1.206697554071275590e+03,7.319942499476809417e+02,3.341256919570163575e+00,1.365036564634092642e+01,1.211066661040999648e+01
1.607521979810670132e+01,1.972999023119525575e+01,1.208468644155696893e+03,7.324942722307580425e+02,3.316248778899407057e+00,1.381568256818948903e+01,1.211147961502750547e+01
2.521914685769472442e+01,1.960875936177139778e+01,1.211931333808557156e+03,7.327975967757319040e+02,3.273721914685796985e+00,1.295993963887143252e+01,1.211229255170882091e+01
4.297492673396858009e+01,1.963376750244220759e+01,1.218925773086280515e+03,7.327350048310361217e+02,3.198697492673372444e+00,1.021011170682607450e+01,1.211310542042777705e+01
6.073070661024242867e+01,1.965877564311301740e+01,1.225938597933695974e+03,7.326724235780152412e+02,3.123673070660947459e+00,7.460283774780716470e+00,1.211391822115823480e+01
7.848648648647953507e+01,1.968378378378377391e+01,1.232969843434229688e+03,7.326098530139304330e+02,3.048648648648677906e+00,4.710455842741047228e+00,1.211473095387403198e+01
9.958319765549461522e+01,1.982308694236414581e+01,1.237481546170092997e+03,7.322615108928262089e+02,2.973624226636253365e+00,3.901001194685018714e+00,1.211554361854902417e+01
1.268420709866756226e+02,2.017320091175546892e+01,1.236863475689782035e+03,7.313874750735855059e+02,2.898599804623828380e+00,6.670457270430770080e+00,1.211635621515706518e+01
1.541009443178002130e+02,2.052331488114605662e+01,1.235556909792053375e+03,7.305155232853744565e+02,2.823575382611559270e+00,9.439913346170790476e+00,1.211716874367200170e+01
1.813598176489811635e+02,2.087342885053737263e+01,1.233535485661995835e+03,7.296456480833901423e+02,2.748550960599134285e+00,1.220936942191654140e+01,1.211798120406769819e+01
2.135604037773096877e+02,2.123236730706645403e+01,1.229665211935368916e+03,7.287559960124050349e+02,2.691175512862236552e+00,1.316935943024411948e+01,1.211879359631801734e+01
2.548238358840579281e+02,2.160748941712780180e+01,1.222825764797870534e+03,7.278285471883409627e+02,2.666167372191480478e+00,1.081088214889352628e+01,1.211960592039680940e+01
2.960872679908915188e+02,2.198261152718992406e+01,1.214930531910173613e+03,7.269034559929898478e+02,2.641159231520671558e+00,8.452404867538053423e+00,1.212041817627794948e+01
3.373507000977251096e+02,2.235773363725204632e+01,1.205940113938566356e+03,7.259807134479225397e+02,2.616151090849863525e+00,6.093927586182581457e+00,1.212123036393529674e+01
3.789684141973090163e+02,2.275942689677607333e+01,1.198709900979001986e+03,7.249952039215961577e+02,2.635428199283571526e+00,5.035748101383405562e+00,1.212204248334271917e+01
4.212321719309749710e+02,2.320957342885062147e+01,1.195609302389112372e+03,7.238939940870695864e+02,2.735460761966804544e+00,6.348699892651294974e+00,1.212285453447409012e+01
4.634959296646409257e+02,2.365971996092516960e+01,1.191320113503049470e+03,7.227961244786527004e+02,2.835493324650037117e+00,7.661651683919185274e+00,1.212366651730327938e+01
5.057596873982193983e+02,2.410986649299878692e+01,1.185787473134224683e+03,7.217015799218346501e+02,2.935525887333064077e+00,8.974603475184357748e+00,1.212447843180416562e+01
5.456232497557853094e+02,2.451556496255296480e+01,1.175837359386450998e+03,7.207179484208717213e+02,3.097785737544815898e+00,1.048854949050297769e+01,1.212529027795062575e+01
5.811348095083329781e+02,2.484067079127346744e+01,1.159037563328169654e+03,7.199316499596719723e+02,3.372875284923706030e+00,1.236693558239723956e+01,1.212610205571653132e+01
6.166463692608072051e+02,2.516577661999330218e+01,1.141078267066997569e+03,7.191470653214282720e+02,3.647964832302027727e+00,1.424532167428761653e+01,1.212691376507577345e+01
6.521579290133549875e+02,2.549088244871380837e+01,1.121925643598175384e+03,7.183641889090421273e+02,3.923054379680917858e+00,1.612370776618187662e+01,1.212772540600222548e+01
6.852605014653437365e+02,2.580706610224706665e+01,1.099197976617258519e+03,7.176044309385147244e+02,4.251676978183340339e+00,1.661673360685396261e+01,1.212853697846978207e+01
7.140198632367137179e+02,2.610716379029614487e+01,1.070905526089703699e+03,7.168848109704215403e+02,4.676815369586201143e+00,1.461206614788749469e+01,1.212934848245232899e+01
7.427792250081431575e+02,2.640726147834584125e+01,1.041211768002013969e+03,7.161666328387733529e+02,5.101953760989942133e+00,1.260739868891687721e+01,1.213015991792375026e+01
7.715385867795725972e+02,2.670735916639553764e+01,1.010081071392756485e+03,7.154498922145953657e+02,5.527092152393681346e+00,1.060273122994626327e+01,1.213097128485794940e+01
7.968056007814925579e+02,2.698954737870384690e+01,9.805741614775973858e+02,7.147772333535974667e+02,5.907456854444617989e+00,9.411690216889809335e+00,1.213178258322881220e+01
8.158117876913067903e+02,2.723962878541192723e+01,9.554877949677108973e+02,7.141821645533771061e+02,6.207554542494317040e+00,9.679259523229781337e+00,1.213259381301023510e+01
8.348179746011210227e+02,2.748971019212001110e+01,9.294251278903223010e+02,7.135880857464117071e+02,6.507652230544016092e+00,9.946828829569753339e+00,1.213340497417611985e+01
8.538241615108959195e+02,2.773979159882757628e+01,9.023659094466539727e+02,7.129949944642349919e+02,6.807749918593093419e+00,1.021439813590917289e+01,1.213421606670036468e+01
8.693253012048194250e+02,2.792696190166070025e+01,8.788291057874777152e+02,7.125517473682450600e+02,6.982025398892868218e+00,1.041444585820715929e+01,1.213502709055688200e+01
8.785783132530185640e+02,2.800198632367312257e+01,8.629485857455011910e+02,7.123742330717171853e+02,6.932009117551251265e+00,1.049412901764757500e+01,1.213583804571957181e+01
8.878313253011983761e+02,2.807701074568539212e+01,8.469106307576354311e+02,7.121968071995808032e+02,6.881992836209738229e+00,1.057381217708782550e+01,1.213664893216233231e+01
8.970843373493975150e+02,2.815203516769781444e+01,8.307143081335373154e+02,7.120194696857815870e+02,6.831976554868121276e+00,1.065349533652824121e+01,1.213745974985909193e+01
9.009254314555481642e+02,2.822705958971024387e+01,8.249939593461822369e+02,7.118422204643328541e+02,6.745880820579515991e+00,1.182280752735664286e+01,1.213827049878374353e+01
8.951735591012741224e+02,2.830208401172251342e+01,8.381397842900940987e+02,7.116650594693132916e+02,6.595831976554976883e+00,1.492355601568957191e+01,1.213908117891021732e+01
8.894216867469882573e+02,2.837710843373493574e+01,8.513823723803575376e+02,7.114879866348658197e+02,6.445783132530127801e+00,1.802430450402891893e+01,1.213989179021242570e+01
8.836698143927023921e+02,2.845213285574736162e+01,8.647222391194886768e+02,7.113110018952002065e+02,6.295734288505278720e+00,2.112505299236826417e+01,1.214070233266428112e+01
8.744780201888751208e+02,2.852715727775962762e+01,8.816633367793094749e+02,7.111341051845918173e+02,6.136633018560862851e+00,2.203838639742557604e+01,1.214151280623971019e+01
8.592230543796821394e+02,2.860218169977205704e+01,9.049351420192856494e+02,7.109572964373796822e+02,5.961576033865204849e+00,1.909620400820968200e+01,1.214232321091263955e+01
8.439680885704890443e+02,2.867720612178447936e+01,9.283902619976443020e+02,7.107805755879703611e+02,5.786519049169547735e+00,1.615402161899378797e+01,1.214313354665698341e+01
8.287131227613276678e+02,2.875223054379674892e+01,9.520296991236263011e+02,7.106039425708341923e+02,5.611462064474252109e+00,1.321183922978398506e+01,1.214394381344667551e+01
8.103692608270949904e+02,2.880000000000000071e+01,9.650347524905254204e+02,7.104915227532734434e+02,5.436405079778594107e+00,1.133849653664936064e+01,1.214475401125564957e+01
7.866115271898271430e+02,2.880000000000000071e+01,9.591354060667382555e+02,7.104915227532734434e+02,5.261348095082936105e+00,1.133849653664936064e+01,1.214556414005783935e+01
7.628537935526085221e+02,2.880000000000000071e+01,9.532360596429632551e+02,7.104915227532734434e+02,5.086291110387641368e+00,1.133849653664936064e+01,1.214637419982717148e+01
7.390960599153406747e+02,2.880000000000000071e+01,9.473367132191763176e+02,7.104915227532734434e+02,4.911234125691982477e+00,1.133849653664936064e+01,1.214718419053758325e+01
7.119648323021642682e+02,2.880911755128623852e+01,9.408566471993090090e+02,7.104700697070808246e+02,4.763529794855043242e+00,1.134809413757600360e+01,1.214799411216301905e+01
6.789540866167657214e+02,2.883412569195699149e+01,9.333481981562271130e+02,7.104112337156032027e+02,4.663497232172017171e+00,1.137441898583187161e+01,1.214880396467741264e+01
6.459433409312988488e+02,2.885913383262780130e+01,9.258158640655776708e+02,7.103524074680606191e+02,4.563464669488784153e+00,1.140074383408779113e+01,1.214961374805471017e+01
6.129325952458319762e+02,2.888414197329861111e+01,9.182595985321833041e+02,7.102935909620335906e+02,4.463432106805551136e+00,1.142706868234371065e+01,1.215042346226886494e+01
5.775428199283975346e+02,2.885424943015315336e+01,9.189887805425416900e+02,7.103638962039425451e+02,4.390849886030631311e+00,1.154156400509017644e+01,1.215123310729381423e+01
5.380299576685205238e+02,2.872920872679911142e+01,9.339264858296808143e+02,7.106581344245648779e+02,4.365841745359823278e+00,1.180886723202578104e+01,1.215204268310351132e+01
4.985170954086435131e+02,2.860416802344507303e+01,9.485955834200649406e+02,7.109526164976866767e+02,4.340833604689015246e+00,1.207617045896138741e+01,1.215285218967191305e+01
4.590042331487665024e+02,2.847912732009103109e+01,9.629987693236171253e+02,7.112473427265762211e+02,4.315825464018206326e+00,1.234347368589699201e+01,1.215366162697296026e+01
4.186649299902417170e+02,2.831735591012705200e+01,9.845430003424017968e+02,7.116290075510103179e+02,4.309182676652549837e+00,1.271236524624743147e+01,1.215447099498062578e+01
3.769013350699919442e+02,2.809228264408977793e+01,1.018032584275896625e+03,7.121607013873818914e+02,4.334190817323357869e+00,1.325633457269765358e+01,1.215528029366886287e+01
3.351377401497422284e+02,2.786720937805250387e+01,1.050465911459831204e+03,7.126931903282495568e+02,4.359198957994166790e+00,1.380030389914787925e+01,1.215608952301162660e+01
2.933741452295788577e+02,2.764213611201569165e+01,1.081861990786263732e+03,7.132264761584669941e+02,4.384207098664923308e+00,1.434427322559697870e+01,1.215689868298288800e+01
2.541908173233337607e+02,2.738941712797122463e+01,1.119462583831696293e+03,7.138262173577107887e+02,4.363139042657076416e+00,1.413306079199903742e+01,1.215770777355660393e+01
2.194295017909103080e+02,2.708931943992152824e+01,1.167686469606295304e+03,7.145397068430249874e+02,4.263106479973842511e+00,1.262763226785998860e+01,1.215851679470675073e+01
1.846681862585587623e+02,2.678922175187245003e+01,1.213850194922571973e+03,7.152546240612215342e+02,4.163073917290817327e+00,1.112220374372405729e+01,1.215932574640729946e+01
1.499068707261353381e+02,2.648912406382275009e+01,1.258003661030927788e+03,7.159709733020566773e+02,4.063041354607583422e+00,9.616775219585008472e+00,1.216013462863221228e+01
1.194920221426006606e+02,2.616128296971631784e+01,1.301504880372117441e+03,7.167551893359691348e+02,3.926017583848701697e+00,8.516429277708125412e+00,1.216094344135547622e+01
9.648453272550467830e+01,2.578616085965497007e+01,1.344800095169779524e+03,7.176546145451775374e+02,3.725952458482649110e+00,8.106435342220210671e+00,1.216175218455105700e+01
7.347704330836111808e+01,2.541103874959284425e+01,1.385493196721822642e+03,7.185562998904304095e+02,3.525887333116183520e+00,7.696441406731446833e+00,1.216256085819293631e+01
5.046955389121753655e+01,2.503591663953072199e+01,1.423665853949717757e+03,7.194602539015755838e+02,3.325822207749717485e+00,7.286447471242683882e+00,1.216336946225510296e+01
3.293747964832621022e+01,2.463295343536324822e+01,1.457838915602990255e+03,7.204338355181145062e+02,3.042233800065289984e+00,6.842425537662471413e+00,1.216417799671152267e+01
2.468479322695949563e+01,2.418280690328870008e+01,1.486711193416727838e+03,7.215245351823231204e+02,2.617095408661549438e+00,6.340735102051151095e+00,1.216498646153620022e+01
1.643210680559277392e+01,2.373266037121415195e+01,1.512892018394821662e+03,7.226185423800249055e+02,2.191957017257809337e+00,5.839044666439830777e+00,1.216579485670312089e+01
8.179420384243130115e+00,2.328251383914053463e+01,1.536489011885172431e+03,7.237158721791473681e+02,1.766818625854948976e+00,5.337354230829548740e+00,1.216660318218626280e+01
2.720612178443309936e+00,2.286030608922165541e+01,1.557913872354714385e+03,7.247481282989100464e+02,1.509312927385223047e+00,5.757438938836503262e+00,1.216741143795962898e+01
1.970367958319062973e+00,2.248518397915953315e+01,1.577840227430776395e+03,7.256677382164162964e+02,1.534321068056031301e+00,7.731004832941357208e+00,1.216821962399721535e+01
1.220123738196368102e+00,2.211006186909818538e+01,1.595986694246550087e+03,7.265896848266013421e+02,1.559329208726787597e+00,9.704570727042126421e+00,1.216902774027300005e+01
4.698795180721208609e-01,2.173493975903605957e+01,1.612414677502952600e+03,7.275139770469644418e+02,1.584337349397596295e+00,1.167813662114698126e+01,1.216983578676100741e+01
0.000000000000000000e+00,2.150934549006840513e+01,1.597265056145149401e+03,7.280709693376477389e+02,1.693454900684041808e+00,1.248750776469037227e+01,1.217064376343522270e+01
0.000000000000000000e+00,2.153435363073915809e+01,1.531321870703579862e+03,7.280091822050933388e+02,1.943536307391606988e+00,1.134573718343295567e+01,1.217145167026965780e+01
0.000000000000000000e+00,2.155936177140996790e+01,1.465173321470630981e+03,7.279474055586752002e+02,2.193617714099689753e+00,1.020396660217317830e+01,1.217225950723831751e+01
0.000000000000000000e+00,2.158436991208078126e+01,1.398818995145269810e+03,7.278856393957245245e+02,2.443699120807772296e+00,9.062196020913399153e+00,1.217306727431520130e+01
0.000000000000000000e+00,2.157186584174540300e+01,1.337143545454742252e+03,7.279165211669331939e+02,2.637512211006134866e+00,8.466378721837306998e+00,1.217387497147432462e+01
0.000000000000000000e+00,2.149684141973297358e+01,1.283859731541770543e+03,7.281018668370606974e+02,2.737544773689367883e+00,8.780483559730736687e+00,1.217468259868970826e+01
0.000000000000000000e+00,2.142181699772055126e+01,1.231031060653702070e+03,7.282873069184722681e+02,2.837577336372600456e+00,9.094588397624168152e+00,1.217549015593535344e+01
0.000000000000000000e+00,2.134679257570828170e+01,1.178654871453010628e+03,7.284728414833225543e+02,2.937609899055626972e+00,9.408693235516947695e+00,1.217629764318528807e+01
0.000000000000000000e+00,2.119648323021813852e+01,1.137576918469139173e+03,7.288448393913970449e+02,3.000000000000000000e+00,8.871346517985719160e+00,1.217710506041352758e+01
0.000000000000000000e+00,2.092139368283924483e+01,1.114898736008202604e+03,7.295266384418475809e+02,3.000000000000000000e+00,6.922770405822515016e+00,1.217791240759409277e+01
0.000000000000000000e+00,2.064630413546092313e+01,1.092621592882541108e+03,7.302097142666438003e+02,3.000000000000000000e+00,4.974194293663340538e+00,1.217871968470100619e+01
0.000000000000000000e+00,2.037121458808203300e+01,1.070739336674417245e+03,7.308940704555864158e+02,3.000000000000000000e+00,3.025618181500135950e+00,1.217952689170829395e+01
0.000000000000000000e+00,2.004890915011365848e+01,1.060075695893274315e+03,7.316975220583547070e+02,2.915011396938934851e+00,1.634756231113719815e+00,1.218033402858999104e+01
0.000000000000000000e+00,1.964877889938155775e+01,1.066647235864145614e+03,7.326974384994742877e+02,2.689938130902126634e+00,1.163161071516986889e+00,1.218114109532012002e+01
0.000000000000000000e+00,1.924864864864862568e+01,1.072184199464170206e+03,7.337000915935741432e+02,2.464864864864852567e+00,6.915659119192784088e-01,1.218194809187271765e+01
0.000000000000000000e+00,1.884851839791569361e+01,1.076727700432918482e+03,7.347054925908903442e+02,2.239791598827578056e+00,2.199707523215700400e-01,1.218275501822182250e+01
9.475740801025592241e-02,1.847681536958666726e+01,1.080231282925301684e+03,7.356419368481853098e+02,2.090524259198974555e+00,-2.208950439695301360e-01,1.218356187434146065e+01
3.448388147183383268e-01,1.815170954086616106e+01,1.082878800498453757e+03,7.364629463846467843e+02,2.065516118528166523e+00,-6.113900282449619139e-01,1.218436866020568132e+01
5.949202214264206479e-01,1.782660371214565487e+01,1.084926896068667929e+03,7.372857905358663402e+02,2.040507977857357602e+00,-1.001885012520393525e+00,1.218517537578852661e+01
8.450016281339856050e-01,1.750149788342581658e+01,1.086395895329805853e+03,7.381104754581222096e+02,2.015499837186601528e+00,-1.392379996795017449e+00,1.218598202106403505e+01
2.521328557473089482e+00,1.722393357212634513e+01,1.087221293887945421e+03,7.388160247588574521e+02,2.009508303484206948e+00,-1.727060142266381160e+00,1.218678859600626119e+01
6.522631064802407508e+00,1.702386844675988087e+01,1.087596819749870292e+03,7.393254135656693506e+02,2.034516444155014980e+00,-1.970754454618681706e+00,1.218759510058924889e+01
1.052393357212344682e+01,1.682380332139382517e+01,1.087770219243151587e+03,7.398355052700134138e+02,2.059524584825771942e+00,-2.214448766970477767e+00,1.218840153478704025e+01
1.452523607945276574e+01,1.662373819602736091e+01,1.087746985426573929e+03,7.403463013277719256e+02,2.084532725496579530e+00,-2.458143079322777869e+00,1.218920789857370401e+01
2.377401497884549997e+01,1.651908173233477584e+01,1.087701605798689798e+03,7.406137859531293088e+02,2.147704330836940123e+00,-2.585528282113132903e+00,1.219001419192328761e+01
4.152979485508262059e+01,1.656909801367628887e+01,1.087868527354558410e+03,7.404859284948616960e+02,2.272745034190722713e+00,-2.524357761211340812e+00,1.219082041480984913e+01
5.928557473135646916e+01,1.661911429501790494e+01,1.088024195416610155e+03,7.403581151748699085e+02,2.397785737544763762e+00,-2.463187240309420822e+00,1.219162656720745197e+01
7.704135460763032484e+01,1.666913057635952100e+01,1.088168545699820243e+03,7.402303459703025510e+02,2.522826440898804812e+00,-2.402016719407501721e+00,1.219243264909015423e+01
9.987105177464168548e+01,1.680530771735568862e+01,1.088594776854248266e+03,7.398826977310396842e+02,2.705307717355692532e+00,-2.236591090294345552e+00,1.219323866043202464e+01
1.308811462064439297e+02,1.708039726473458231e+01,1.089252974831247229e+03,7.391814135156354268e+02,2.980397264734583107e+00,-1.903080694880361579e+00,1.219404460120711953e+01
1.618912406382461597e+02,1.735548681211347599e+01,1.089558534528499649e+03,7.384814574400846823e+02,3.255486812113473682e+00,-1.569570299466377605e+00,1.219485047138952538e+01
1.929013350699841851e+02,1.763057635949179769e+01,1.089502870893353702e+03,7.377828257349763135e+02,3.530576359491795380e+00,-1.236059904053083525e+00,1.219565627095330207e+01
2.276577661999288864e+02,1.799211983067397469e+01,1.092424052826798970e+03,7.368666389463716087e+02,3.738423966134794441e+00,-8.024479159470907508e-01,1.219646199987252544e+01
2.684210354933463236e+02,1.849228264409014244e+01,1.100112691494547562e+03,7.356029220123710957e+02,3.838456528818027902e+00,-2.083340521007536195e-01,1.219726765812127312e+01
3.091843047866794905e+02,1.899244545750526925e+01,1.107052675492897379e+03,7.343435321744653947e+02,3.938489091501053529e+00,3.857798117443541619e-01,1.219807324567361917e+01
3.499475740800968993e+02,1.949260827092143700e+01,1.113195726038477233e+03,7.330884472460044208e+02,4.038521654184286547e+00,9.798936755906911822e-01,1.219887876250364656e+01
3.910000000000206910e+02,2.003132530120511845e+01,1.115765025407056100e+03,7.317414063632662646e+02,4.196385542168798999e+00,1.612183361265881576e+00,1.219968420858543645e+01
4.325135135134764823e+02,2.063152067730327488e+01,1.112380437556324523e+03,7.302464593441811758e+02,4.446466948876364178e+00,2.305348006072072575e+00,1.220048958389307892e+01
4.740270270270182209e+02,2.123171605340267121e+01,1.106973733239638932e+03,7.287576082219470663e+02,4.696548355584446277e+00,2.998512650879697539e+00,1.220129488840065513e+01
5.155405405405598458e+02,2.183191142950207109e+01,1.099416612456394887e+03,7.272748157868705903e+02,4.946629762292528376e+00,3.691677295687322946e+00,1.220210012208226225e+01
5.546362748290132458e+02,2.236440898730015903e+01,1.086157892887404842e+03,7.259643143308466051e+02,5.206382285900103213e+00,4.301903695841856390e+00,1.220290528491198145e+01
5.898977531748529373e+02,2.278954737870389735e+01,1.065478830798480658e+03,7.249214145104444924e+02,5.481471833278994232e+00,4.780601768620296177e+00,1.220371037686391702e+01
6.251592315206925150e+02,2.321468577010763568e+01,1.042899046171424288e+03,7.238815067924979303e+02,5.756561380657885252e+00,5.259299841398736852e+00,1.220451539791215723e+01
6.604207098664592195e+02,2.363982416151050003e+01,1.018344659811731731e+03,7.228445783188433325e+02,6.031650928036206061e+00,5.737997914176186320e+00,1.220532034803080457e+01
6.929651579290053860e+02,2.401644415499828611e+01,9.934756726595485361e+02,7.219284664033370973e+02,6.374666232497431473e+00,6.159800688822181236e+00,1.220612522719396331e+01
7.212243568870186436e+02,2.431654184304798605e+01,9.698767329266536308e+02,7.212001523470316897e+02,6.824812764571979606e+00,6.491869268426867734e+00,1.220693003537573240e+01
7.494835558449735800e+02,2.461663953109706426e+01,9.450602744850419867e+02,7.204733063219670157e+02,7.274959296645596929e+00,6.823937848030868558e+00,1.220773477255021433e+01
7.777427548029868376e+02,2.491673721914676065e+01,9.189946953605555109e+02,7.197479238940389905e+02,7.725105828720145063e+00,7.156006427635555056e+00,1.220853943869152936e+01
8.023995441224426486e+02,2.515841745359822923e+01,8.984652871181087903e+02,7.191648064329979206e+02,8.038944969065486390e+00,7.422751491836985238e+00,1.220934403377376753e+01
8.214057310322175454e+02,2.530846629762277189e+01,8.880497177075720856e+02,7.188032490973760105e+02,8.138977531748512462e+00,7.587032580372141233e+00,1.221014855777105979e+01
8.404119179420318915e+02,2.545851514164762008e+01,8.773675697531093647e+02,7.184420551221899132e+02,8.239010094431748144e+00,7.751313668907636512e+00,1.221095301065751926e+01
8.594181048518461239e+02,2.560856398567247183e+01,8.664154180475302383e+02,7.180812239599571285e+02,8.339042657114980273e+00,7.915594757443131790e+00,1.221175739240725022e+01
8.739306414848504119e+02,2.572930641484850511e+01,8.575644908577399974e+02,7.177911307033625690e+02,8.341387170302992260e+00,8.047621742496200881e+00,1.221256170299438182e+01
8.814330836860929139e+02,2.580433083686093099e+01,8.522886443253676134e+02,7.176109966188157614e+02,8.191338326278142290e+00,8.129332326117275187e+00,1.221336594239303786e+01
8.889355258873353023e+02,2.587935525887335331e+01,8.469469581153375657e+02,7.174309529230906719e+02,8.041289482253294096e+00,8.211042909738349493e+00,1.221417011057732971e+01
8.964379680885623429e+02,2.595437968088562286e+01,8.415390132797306251e+02,7.172509995481710803e+02,7.891240638228754101e+00,8.292753493359253270e+00,1.221497420752139185e+01
8.991377401497902611e+02,2.604900683816341456e+01,8.403128264878082518e+02,7.170241558034036871e+02,7.721589058938540084e+00,8.395567294175641848e+00,1.221577823319935341e+01
8.943861934223367598e+02,2.617404754151745294e+01,8.456767954050220624e+02,7.167246235556609690e+02,7.521523933572074050e+00,8.531122631305120052e+00,1.221658218758534886e+01
8.896346466948831448e+02,2.629908824487149488e+01,8.510682365420832411e+02,7.164253414587749376e+02,7.321458808205607127e+00,8.666677968434598256e+00,1.221738607065350735e+01
8.848830999674394207e+02,2.642412894822527747e+01,8.564872457645077475e+02,7.161263091995109562e+02,7.121393682839554984e+00,8.802233305563795795e+00,1.221818988237795445e+01
8.760013025073230892e+02,2.653933572126345197e+01,8.658435728059041594e+02,7.158510154491608546e+02,6.891826766525498194e+00,8.926907567976735791e+00,1.221899362273284240e+01
8.607463366981299941e+02,2.663936828394668765e+01,8.813439266489590409e+02,7.156121530372458892e+02,6.616737219146608950e+00,9.034791827681377896e+00,1.221979729169229856e+01
8.454913708889686177e+02,2.673940084662971017e+01,8.969927437990711496e+02,7.153734499775400764e+02,6.341647671768286365e+00,9.142676087385792627e+00,1.222060088923047694e+01
8.302364050797755226e+02,2.683943340931294230e+01,9.127910761260060326e+02,7.151349061106327554e+02,6.066558124389396234e+00,9.250560347090434732e+00,1.222140441532151733e+01
8.111335070009549781e+02,2.688026701400190888e+01,9.251817301742850077e+02,7.150375774766050654e+02,5.890133507000954616e+00,9.294623434706382525e+00,1.222220786993956665e+01
7.861253663301985171e+02,2.683025073266039229e+01,9.321228114829636979e+02,7.151567970604193079e+02,5.865125366330198986e+00,9.240743139414307805e+00,1.222301125305877001e+01
7.611172256593902148e+02,2.678023445131877978e+01,9.390143669277761092e+02,7.152760564062823505e+02,5.840117225659390066e+00,9.186862844122121174e+00,1.222381456465328853e+01
7.361090849885820262e+02,2.673021816997716016e+01,9.458565974136857903e+02,7.153953555340888215e+02,5.815109084988582033e+00,9.132982548829934544e+00,1.222461780469725845e+01
7.081312276131732233e+02,2.668020188863565068e+01,9.488650314556383591e+02,7.155146944637477873e+02,5.760403777271302594e+00,9.079053301177756552e+00,1.222542097316485510e+01
6.756206447411224190e+02,2.663018560729403461e+01,9.460870091009441012e+02,7.156340732151812745e+02,5.660371214588069577e+00,9.025049336765299302e+00,1.222622407003022715e+01
6.431100618690717283e+02,2.658016932595241144e+01,9.433160755295527906e+02,7.157534918083248385e+02,5.560338651904835672e+00,8.971045372352847380e+00,1.222702709526753573e+01
6.105994789970883403e+02,2.653015304461090196e+01,9.405522155169536518e+02,7.158729502631267678e+02,5.460306089221810488e+00,8.917041407940505593e+00,1.222783004885094549e+01
5.756059915336987842e+02,2.646027352653857889e+01,9.418140670739840061e+02,7.160399166898000658e+02,5.360273526538577471e+00,8.841442158865186585e+00,1.222863293075462288e+01
5.368433734939459328e+02,2.636024096385534676e+01,9.490928050684356094e+02,7.162790647991251944e+02,5.260240963855344454e+00,8.733060559629494790e+00,1.222943574095272723e+01
4.980807554542734010e+02,2.626020840117231714e+01,9.562497056154506936e+02,7.165183727065964376e+02,5.160208401172318382e+00,8.624678960394025040e+00,1.223023847941943920e+01
4.593181374145206632e+02,2.616017583848908501e+01,9.632857978718562890e+02,7.167578405724339063e+02,5.060175838489085365e+00,8.516297361158331469e+00,1.223104114612892346e+01
4.195591012699141515e+02,2.600035818951463540e+01,9.811005130756489052e+02,7.171407602308207743e+02,4.980071637902926618e+00,8.342259712301094865e+00,1.223184374105535888e+01
3.782956691631659396e+02,2.575027678280707022e+01,1.014469211112317566e+03,7.177407716194223894e+02,4.930055356561413582e+00,8.069094302251304640e+00,1.223264626417292078e+01
3.370322370563323489e+02,2.550019537609898634e+01,1.046621463111448293e+03,7.183417878738812306e+02,4.880039075219796629e+00,7.795928892200952198e+00,1.223344871545578805e+01
2.957688049494987581e+02,2.525011396939090247e+01,1.077582190625724252e+03,7.189438115206521616e+02,4.830022793878179677e+00,7.522763482150597980e+00,1.223425109487814488e+01
2.570045587756670784e+02,2.499003581895166803e+01,1.109234866852731329e+03,7.195709717618335617e+02,4.770009768805000938e+00,7.237186393629097658e+00,1.223505340241416306e+01
2.219931618365355348e+02,2.471494627157277790e+01,1.142330864249795695e+03,7.202355227786839578e+02,4.694985346792576841e+00,6.932971572939338856e+00,1.223585563803804455e+01
1.869817648974040196e+02,2.443985672419389132e+01,1.174021726724493874e+03,7.209013024062170416e+02,4.619960924780151856e+00,6.628756752249580053e+00,1.223665780172397355e+01
1.519703679583449514e+02,2.416476717681556963e+01,1.204339770007441757e+03,7.215683140547348557e+02,4.544936502767881414e+00,6.324541931560450081e+00,1.223745989344613250e+01
1.216727450341917631e+02,2.386961901660697905e+01,1.229770694312423984e+03,7.222853359170049998e+02,4.479941387170304878e+00,5.996058295376665015e+00,1.223826191317872158e+01
9.841517421034009772e+01,2.354451318788646930e+01,1.248614896758217128e+03,7.230767869289664986e+02,4.429925105828688814e+00,5.631329025662791921e+00,1.223906386089593390e+01
7.515760338653655026e+01,2.321940735916664167e+01,1.266212210996826116e+03,7.238699743234998323e+02,4.379908824487174890e+00,5.266599755949673778e+00,1.223986573657196431e+01
5.190003256268489196e+01,2.289430153044613192e+01,1.282598757195042253e+03,7.246649038211180596e+02,4.329892543145558825e+00,4.901870486235800684e+00,1.224066754018102188e+01
3.447834581568992718e+01,2.258931943992168101e+01,1.293359226293877327e+03,7.254122167510174677e+02,4.249690654509855392e+00,4.557887154306517807e+00,1.224146927169729970e+01
2.572549658092515301e+01,2.231422989254335576e+01,1.296795854352981451e+03,7.260876058444496266e+02,4.124649951156072802e+00,4.244720603747183851e+00,1.224227093109500331e+01
1.697264734614226711e+01,2.203914034516447273e+01,1.299720604717819242e+03,7.267642537408308954e+02,3.999609247802031753e+00,3.931554053187202413e+00,1.224307251834834886e+01
8.219798111359384762e+00,2.176405079778557905e+01,1.302147526839638658e+03,7.274421639627138347e+02,3.874568544447990703e+00,3.618387502627219643e+00,1.224387403343152947e+01
2.697167046565251969e+00,2.148896125040725735e+01,1.297916672334989016e+03,7.281213400458061642e+02,3.749527841094208114e+00,3.303480258274708703e+00,1.224467547631876663e+01
1.946922826441004784e+00,2.121387170302836722e+01,1.284451380556936101e+03,7.288017855390361319e+02,3.624487137740167064e+00,2.986001279220651394e+00,1.224547684698427652e+01
1.196678606316757598e+00,2.093878215564948064e+01,1.271029350937149502e+03,7.294835040046075392e+02,3.499446434386126459e+00,2.668522300166594530e+00,1.224627814540227355e+01
4.464343861925105239e-01,2.066369260827058696e+01,1.257652650264114982e+03,7.301664990180649966e+02,3.374405731032084965e+00,2.351043321112537221e+00,1.224707937154697390e+01
0.000000000000000000e+00,2.041898404428528480e+01,1.242540925066760565e+03,7.307751395937260668e+02,3.269619016606981621e+00,2.067497448586018471e+00,1.224788052539259375e+01
0.000000000000000000e+00,2.021891891891881698e+01,1.224980876607576647e+03,7.312734971581750187e+02,3.194594594594557080e+00,1.833814694010013735e+00,1.224868160691336705e+01
0.000000000000000000e+00,2.001885379355234917e+01,1.207641490024870336e+03,7.317725349038055356e+02,3.119570172582132095e+00,1.600131939434008777e+00,1.224948261608351174e+01
0.000000000000000000e+00,1.981878866818629703e+01,1.190520356243503784e+03,7.322722542240801431e+02,3.044545750569862541e+00,1.366449184858487875e+00,1.225028355287724935e+01
0.000000000000000000e+00,1.960856398567231551e+01,1.187409431563106864e+03,7.327980858173979186e+02,2.928883099967354742e+00,1.119727193071625049e+00,1.225108441726882624e+01
0.000000000000000000e+00,1.938349071963503789e+01,1.204010918453688646e+03,7.333618956502998572e+02,2.753826115271697184e+00,8.539478545919853003e-01,1.225188520923246394e+01
0.000000000000000000e+00,1.915841745359823278e+01,1.219895677147703509e+03,7.339265737340813303e+02,2.578769130576402002e+00,5.881685161128954453e-01,1.225268592874240170e+01
0.000000000000000000e+00,1.893334418756095516e+01,1.235078353170377113e+03,7.344921220759127891e+02,2.403712145880744000e+00,3.223891776332556969e-01,1.225348657577287703e+01
0.000000000000000000e+00,1.869807880169298286e+01,1.249436170077538463e+03,7.350842129103862135e+02,2.289807880169298038e+00,2.201071319354915012e-01,1.225428715029812743e+01
0.000000000000000000e+00,1.844799739498541769e+01,1.262852788947780255e+03,7.357146386871592085e+02,2.264799739498541520e+00,3.554968696735342770e-01,1.225508765229238506e+01
0.000000000000000000e+00,1.819791598827733381e+01,1.275516083624369912e+03,7.363461467285139861e+02,2.239791598827733488e+00,4.908866074118571343e-01,1.225588808172991229e+01
0.000000000000000000e+00,1.794783458156925349e+01,1.287443750481957295e+03,7.369787398237621119e+02,2.214783458156925011e+00,6.262763451501800471e-01,1.225668843858494306e+01
0.000000000000000000e+00,1.767730380983402227e+01,1.289783108660558128e+03,7.376642855913880794e+02,2.189775317486168937e+00,3.798584987679644032e-01,1.225748872283173263e+01
0.000000000000000000e+00,1.737720612178432589e+01,1.279010564841600171e+03,7.384262498480850354e+02,2.164767176815360461e+00,-4.185996125535200174e-01,1.225828893444452738e+01
0.000000000000000000e+00,1.707710843373462595e+01,1.268133834931204774e+03,7.391897898618713043e+02,2.139759036144551985e+00,-1.217057723875004660e+00,1.225908907339758436e+01
0.000000000000000000e+00,1.677701074568554773e+01,1.257159731497751636e+03,7.399549105258497548e+02,2.114750895473795467e+00,-2.015515835194837457e+00,1.225988913966515170e+01
1.025724519701260301e-01,1.655897101921194903e+01,1.242587341081283057e+03,7.405118127361139386e+02,2.058971019211949915e+00,-2.536796887523181887e+00,1.226068913322149889e+01
3.526538586782084206e-01,1.645893845652871690e+01,1.223080467428369730e+03,7.407675896976951435e+02,1.958938456528716676e+00,-2.659470931204341859e+00,1.226148905404088119e+01
6.027352653857733777e-01,1.635890589384569083e+01,1.203764539491112600e+03,7.410235434139416384e+02,1.858905893845690604e+00,-2.782144974885248701e+00,1.226228890209756095e+01
8.528166720938558099e-01,1.625887333116245514e+01,1.184638125801149727e+03,7.412796740681372967e+02,1.758873331162457587e+00,-2.904819018566408673e+00,1.226308867736580055e+01
2.749267339632950335e+00,1.616913057635941797e+01,1.171734743063075484e+03,7.415096086732144158e+02,1.669130576359418638e+00,-2.831856729112542048e+00,1.226388837981987301e+01
7.000651253661555273e+00,1.609410615434715197e+01,1.167525981238372879e+03,7.417019421680845426e+02,1.594106154347149085e+00,-2.479060190998720881e+00,1.226468800943403892e+01
1.125203516769895629e+01,1.601908173233472255e+01,1.163327469992522310e+03,7.418943754641455826e+02,1.519081732334724322e+00,-2.126263652884170074e+00,1.226548756618258373e+01
1.550341908173635730e+01,1.594405731032229845e+01,1.159139208352193009e+03,7.420869086390968050e+02,1.444057310322299559e+00,-1.773467114769618602e+00,1.226628705003977515e+01
2.543210680559277392e+01,1.591032237056332121e+01,1.156701855168516204e+03,7.421735142892722479e+02,1.451611852816616643e+00,-1.737332735752858071e+00,1.226708646097988620e+01
4.343796808857470637e+01,1.593533051123413102e+01,1.156741734690230714e+03,7.421093104792253143e+02,1.576652556170657915e+00,-2.151717706114553152e+00,1.226788579897720588e+01
6.144382937155663882e+01,1.596033865190494083e+01,1.156778441174625641e+03,7.420451177764805379e+02,1.701693259524698743e+00,-2.566102676476247346e+00,1.226868506400600900e+01
7.944969065450132462e+01,1.598534679257569735e+01,1.156811965635930392e+03,7.419809361781552752e+02,1.826733962878481110e+00,-2.980487646837084004e+00,1.226948425604057569e+01
1.028401172256655798e+02,1.609319439921853956e+01,1.157296982865018663e+03,7.417042801679502873e+02,1.982839465972035864e+00,-3.109079566915355475e+00,1.227028337505519673e+01
1.338502116574678382e+02,1.631826766525581363e+01,1.158257230291898395e+03,7.411275751421534324e+02,2.182904591338501898e+00,-2.833247359233931117e+00,1.227108242102416291e+01
1.648603060892058920e+02,1.654334093129262229e+01,1.158975791622161069e+03,7.405517662424703076e+02,2.382969716704554042e+00,-2.557415151553077415e+00,1.227188139392176325e+01
1.958704005210080652e+02,1.676841419732989635e+01,1.159446372992754505e+03,7.399768513818214615e+02,2.583034842071020076e+00,-2.281582943871653502e+00,1.227268029372229385e+01
2.308277434060908888e+02,1.701426245522654312e+01,1.154968223887554814e+03,7.393498891975165179e+02,2.876587430804657508e+00,-1.982163332688002155e+00,1.227347912040004374e+01
2.713409312927163910e+02,1.728935200260486482e+01,1.143248415765722939e+03,7.386496141660128387e+02,3.301725822207518313e+00,-1.649543896512953189e+00,1.227427787392931791e+01
3.118541191794257657e+02,1.756444154998375140e+01,1.130722544969692990e+03,7.379506644098561310e+02,3.726864213611258414e+00,-1.316924460337216107e+00,1.227507655428440358e+01
3.523673070661350835e+02,1.783953109736264508e+01,1.117369089239043660e+03,7.372530361704658617e+02,4.152002605014998515e+00,-9.843050241614790252e-01,1.227587516143962532e+01
3.924636926082480386e+02,1.816672093780504227e+01,1.109796311446106756e+03,7.364249968375571598e+02,4.420840117225631083e+00,-5.922437785045070457e-01,1.227667369536927033e+01
4.319765548681250493e+02,1.856685118853797434e+01,1.110743111540893551e+03,7.354148874886112708e+02,4.470856398567247147e+00,-1.169639995718596143e-01,1.227747215604765429e+01
4.714894171280019464e+02,1.896698143927090641e+01,1.110946272822524861e+03,7.344075453550806287e+02,4.520872679908863212e+00,3.583157793607877339e-01,1.227827054344908397e+01
5.110022793877972163e+02,1.936711169000301425e+01,1.110356429664510642e+03,7.334029590812563129e+02,4.570888961250376248e+00,8.335955582924517993e-01,1.227906885754787325e+01
5.486336698143949206e+02,1.977769456203193954e+01,1.106072078004930745e+03,7.323749828984497299e+02,4.725431455551956539e+00,1.316862315588698706e+00,1.227986709831832535e+01
5.836450667535265211e+02,2.020283295343568142e+01,1.096588471381051704e+03,7.313135964478775577e+02,5.025529143601655591e+00,1.811251126867911676e+00,1.228066526573477901e+01
6.186564636925855893e+02,2.062797134483854222e+01,1.085726406344136421e+03,7.302552819507704953e+02,5.325626831650733806e+00,2.305639938146101908e+00,1.228146335977153925e+01
6.536678606317170761e+02,2.105310973624227699e+01,1.073427899109512964e+03,7.292000260897401631e+02,5.625724519700432857e+00,2.800028749425315322e+00,1.228226138040292703e+01
6.855337023770953238e+02,2.145727775968766693e+01,1.060412476766805185e+03,7.281996457342985423e+02,5.873396287854243170e+00,3.266406061931891980e+00,1.228305932760327401e+01
7.130426571149274650e+02,2.183239986974901115e+01,1.047172999698265130e+03,7.272736115445489986e+02,6.048453272549538795e+00,3.693984838870586263e+00,1.228385720134689585e+01
7.405516118528165634e+02,2.220752197981113696e+01,1.032687381142335198e+03,7.263499295948686267e+02,6.223510257245195909e+00,4.121563615810163839e+00,1.228465500160813306e+01
7.680605665907056618e+02,2.258264408987325922e+01,1.016911626853373491e+03,7.254285909341615479e+02,6.398567241940853911e+00,4.549142392749743635e+00,1.228545272836130664e+01
7.917831325301071956e+02,2.288414197329845834e+01,1.000621690636930225e+03,7.246897735015350008e+02,6.457929013350772074e+00,4.891460224230725906e+00,1.228625038158075178e+01
8.102891566265053598e+02,2.308420709866491904e+01,9.846826276634042188e+02,7.242003460589469341e+02,6.357896450667538168e+00,5.116313285654278786e+00,1.228704796124081255e+01
8.287951807229034102e+02,2.328427222403139041e+01,9.681916257389452767e+02,7.237115792509201810e+02,6.257863887984305151e+00,5.341166347077832555e+00,1.228784546731582239e+01
8.473012048192632619e+02,2.348433734939744255e+01,9.511390543096578085e+02,7.232234717407595781e+02,6.157831325301279080e+00,5.566019408500920029e+00,1.228864289978011293e+01
8.615871051774660145e+02,2.367385216541841686e+01,9.344589738310794473e+02,7.227617111302525927e+02,6.015597525236093368e+00,5.778268766076479324e+00,1.228944025860804246e+01
8.700898730055408805e+02,2.384890915011407841e+01,9.185886577056064652e+02,7.223357011958523799e+02,5.815532399869627334e+00,5.973246381341801303e+00,1.229023754377393907e+01
8.785926408335981250e+02,2.402396613480937049e+01,9.022670851948055315e+02,7.219101931628514421e+02,5.615467274503575190e+00,6.168223996606719162e+00,1.229103475525216282e+01
8.870954086616728773e+02,2.419902311950502849e+01,8.854874994042467051e+02,7.214851861448012187e+02,5.415402149137110044e+00,6.363201611872040253e+00,1.229183189301706491e+01
8.909417127971330501e+02,2.433174861608600636e+01,8.756573617307215045e+02,7.211632857927550049e+02,5.310582872028669854e+00,6.510820323259431497e+00,1.229262895704298941e+01
8.884408987300573699e+02,2.440677303809827592e+01,8.757851599158212821e+02,7.209814554208879827e+02,5.335591012699425484e+00,6.593885205668502003e+00,1.229342594730429816e+01
8.859400846629765738e+02,2.448179746011070534e+01,8.758942525971909845e+02,7.207997167174420383e+02,5.360599153370234404e+00,6.676950088077744816e+00,1.229422286377534590e+01
8.834392705958956640e+02,2.455682188212312766e+01,8.759844906234762902e+02,7.206180696131146988e+02,5.385607294041043325e+00,6.760014970486987629e+00,1.229501970643048203e+01
8.764799739498645295e+02,2.463184630413539722e+01,8.760557240139268060e+02,7.204365140386721578e+02,5.389384565288200868e+00,6.842954799207006999e+00,1.229581647524408439e+01
8.634757408010441395e+02,2.470687072614781954e+01,8.761078018068204756e+02,7.202550499249497307e+02,5.364376424617392836e+00,6.925725076606459751e+00,1.229661317019051125e+01
8.504715076522238633e+02,2.478189514816024541e+01,8.761405716479955572e+02,7.200736772028542418e+02,5.339368283946584803e+00,7.008495354005911615e+00,1.229740979124412625e+01
8.374672745034305308e+02,2.485691957017251852e+01,8.761537782350850421e+02,7.198923958033606141e+02,5.314360143275827397e+00,7.091265631405192948e+00,1.229820633837930188e+01
8.195649625529193827e+02,2.492129599478995772e+01,8.795969978618021514e+02,7.197369158924337853e+02,5.278704005210039796e+00,7.162219388128987951e+00,1.229900281157040531e+01
7.950569846955273761e+02,2.497131227613157378e+01,8.877144613976697656e+02,7.196161644983038741e+02,5.228687723868422843e+00,7.217237103207599702e+00,1.229979921079181260e+01
7.705490068381859601e+02,2.502132855747309037e+01,8.958714239548180558e+02,7.194954536146802866e+02,5.178671442526909807e+00,7.272254818286097766e+00,1.230059553601789979e+01
7.460410289807938398e+02,2.507134483881470288e+01,9.040680275422073464e+02,7.193747832211795412e+02,5.128655161185292854e+00,7.327272533364708629e+00,1.230139178722305182e+01
7.181152718983901195e+02,2.507863887984368034e+01,9.079688487579903722e+02,7.193571888372071044e+02,5.067958319765515363e+00,7.335295950146990762e+00,1.230218796438163942e+01
6.856046890264066178e+02,2.502862259850216020e+01,9.060667100900187734e+02,7.194778533276000871e+02,4.992933897753245809e+00,7.280278235068492698e+00,1.230298406746804751e+01
6.530941061543559272e+02,2.497860631716054414e+01,9.041668519263748749e+02,7.195985583051450476e+02,4.917909475740821712e+00,7.225260519989880947e+00,1.230378009645666815e+01
6.205835232823052365e+02,2.492859003581893163e+01,9.022692772481594830e+02,7.197193037902230799e+02,4.842885053728396727e+00,7.170242804911269197e+00,1.230457605132188803e+01
5.856089221752248477e+02,2.488928687723870681e+01,9.019522982546075127e+02,7.198142149082386823e+02,4.821426245522581588e+00,7.126988641649940170e+00,1.230537193203808322e+01
5.473464669488882919e+02,2.486427873656790055e+01,9.037365883166302183e+02,7.198746187761995543e+02,4.871442526864197653e+00,7.099431132637020525e+00,1.230616773857966706e+01
5.090840117225516792e+02,2.483927059589709074e+01,9.055133355979070302e+02,7.199350327827030469e+02,4.921458808205815494e+00,7.071873623624100880e+00,1.230696347092102449e+01
4.708215564962941926e+02,2.481426245522633067e+01,9.072825562318818129e+02,7.199954569303013159e+02,4.971475089547327642e+00,7.044316114611238078e+00,1.230775912903655644e+01
4.307323347443973489e+02,2.476776294366658249e+01,9.108858598277379315e+02,7.201078350468047802e+02,4.935525887333167105e+00,6.992992289673975570e+00,1.230855471290065850e+01
3.882184956040233033e+02,2.469273852165415661e+01,9.168783108053091837e+02,7.202892249788849313e+02,4.785477043308317135e+00,6.910124081782504923e+00,1.230935022248773691e+01
3.457046564637373081e+02,2.461771409964189061e+01,9.227969865687549600e+02,7.204707063156009781e+02,4.635428199283778916e+00,6.827255873891204807e+00,1.231014565777219083e+01
3.031908173233633192e+02,2.454268967762946474e+01,9.286423576714508954e+02,7.206522791260611029e+02,4.485379355258928946e+00,6.744387665999734160e+00,1.231094101872843716e+01
2.638026701400087290e+02,2.442455226310642402e+01,9.359507595371761681e+02,7.209383788492350504e+02,4.367665255617040110e+00,6.613402024643045607e+00,1.231173630533087149e+01
2.285411917942420814e+02,2.424949527841112840e+01,9.450464774211586700e+02,7.213627417037662326e+02,4.292640833604770556e+00,6.418889741521507375e+00,1.231253151755392139e+01
1.932797134484024753e+02,2.407443829371547395e+01,9.538388664018212921e+02,7.217876044342987143e+02,4.217616411592345571e+00,6.224377458399565022e+00,1.231332665537198956e+01
1.580182351025628407e+02,2.389938130901981594e+01,9.623325888498592349e+02,7.222129679245915668e+02,4.142591989579921474e+00,6.029865175277624445e+00,1.231412171875949824e+01
1.276216216215988055e+02,2.367027027026998454e+01,9.761937577316642773e+02,7.227704330974688673e+02,4.035135135134992446e+00,5.773634110755385684e+00,1.231491670769086255e+01
1.036138065776725625e+02,2.337017258222090632e+01,9.966153211276396178e+02,7.235019237548292494e+02,3.885086291110453338e+00,5.436350670660179851e+00,1.231571162214050830e+01
7.960599153369665260e+01,2.307007489417120993e+01,1.015954413195392704e+03,7.242348965443875386e+02,3.735037447085604256e+00,5.099067230564275910e+00,1.231650646208285771e+01
5.559817648972074267e+01,2.276997720612150999e+01,1.034239254837693125e+03,7.249693559753116006e+02,3.584988603060754730e+00,4.761783790468371969e+00,1.231730122749234191e+01
3.798795180723328713e+01,2.243734939759054114e+01,1.051770993644868213e+03,7.257851722428936228e+02,3.369879518072431246e+00,4.384889933022769526e+00,1.231809591834337603e+01
2.873493975903424769e+01,2.206222728752841533e+01,1.068378638898638656e+03,7.267074174620876192e+02,3.069781830022732638e+00,3.956252737596057667e+00,1.231889053461040540e+01
1.948192771083519759e+01,2.168710517746629307e+01,1.083636696695039518e+03,7.276320094318537031e+02,2.769684141973033586e+00,3.527615542169347584e+00,1.231968507626785403e+01
1.022891566265529306e+01,2.131198306740494530e+01,1.097591187227891396e+03,7.285589571209337691e+02,2.469586453923955371e+00,3.098978346743524348e+00,1.232047954329015660e+01
4.456203191142735776e+00,2.094773689351996282e+01,1.108613418737492566e+03,7.294612925669119932e+02,2.104233148811384790e+00,2.679578848280141923e+00,1.232127393565176554e+01
3.205796157602323948e+00,2.059762292412865037e+01,1.116449290866351021e+03,7.303307279894545445e+02,1.654086616736836213e+00,2.272182824314024074e+00,1.232206825332710842e+01
1.955389124064498940e+00,2.024750895473805912e+01,1.123386965076144634e+03,7.312022384227070688e+02,1.203940084663219556e+00,1.864786800348749773e+00,1.232286249629063413e+01
7.049820905240868907e-01,1.989739498534674311e+01,1.129456946868664090e+03,7.320758313039362974e+02,7.537935525886713117e-01,1.457390776382631925e+00,1.232365666451678798e+01
0.000000000000000000e+00,1.959091501139673497e+01,1.136767765838188325e+03,7.328422652740524654e+02,5.218169977206529309e-01,1.098802496083599367e+00,1.232445075798001000e+01
0.000000000000000000e+00,1.934083360468916979e+01,1.146101262583763855e+03,7.334688497804311282e+02,5.718332790621659667e-01,8.033000456592167549e-01,1.232524477665475793e+01
0.000000000000000000e+00,1.909075219798108947e+01,1.154844542956960595e+03,7.340965066706837661e+02,6.218495604037824753e-01,5.077975952342227428e-01,1.232603872051548421e+01
0.000000000000000000e+00,1.884067079127300559e+01,1.163011633950045507e+03,7.347252387002044998e+02,6.718658417453988729e-01,2.122951448092287585e-01,1.232683258953664307e+01
0.000000000000000000e+00,1.857964832302198133e+01,1.174245387466455668e+03,7.353826274722891867e+02,7.109410615434559322e-01,-9.810061872219866252e-02,1.232762638369269403e+01
0.000000000000000000e+00,1.830455877564308764e+01,1.189329395133653634e+03,7.360767187741768112e+02,7.359492022142641865e-01,-4.276449276776512765e-01,1.232842010295808954e+01
0.000000000000000000e+00,1.802946922826420462e+01,1.203514877928653277e+03,7.367721215508230443e+02,7.609573428850724408e-01,-7.571892366331037794e-01,1.232921374730730157e+01
0.000000000000000000e+00,1.775437968088588292e+01,1.216824929633965894e+03,7.374688395227584579e+02,7.859654835558289587e-01,-1.086733545587874827e+00,1.233000731671478434e+01
0.000000000000000000e+00,1.752318463041354235e+01,1.229180381779849768e+03,7.380554059987548499e+02,8.768153695864603359e-01,-1.364800627115186460e+00,1.233080081115501336e+01
0.000000000000000000e+00,1.734812764571788080e+01,1.240861602074633311e+03,7.385001653332111573e+02,1.051872354282118005e+00,-1.577031848044420315e+00,1.233159423060246240e+01
0.000000000000000000e+00,1.717307066102258517e+01,1.252120473191551582e+03,7.389454610234428173e+02,1.226929338977413408e+00,-1.789263068973215409e+00,1.233238757503159100e+01
0.000000000000000000e+00,1.699801367632692717e+01,1.262963901545602994e+03,7.393912940402616414e+02,1.401986323673071189e+00,-2.001494289902449708e+00,1.233318084441688001e+01
0.000000000000000000e+00,1.684496906545090411e+01,1.274961860827404280e+03,7.397815071989457465e+02,1.522012373819636721e+00,-2.187579839543786875e+00,1.233397403873281206e+01
0.000000000000000000e+00,1.671992836209712152e+01,1.288613868308077826e+03,7.401006255031829824e+02,1.572028655161149979e+00,-2.340403144647003053e+00,1.233476715795384671e+01
0.000000000000000000e+00,1.659488765874308314e+01,1.301961579724985995e+03,7.404200192412862407e+02,1.622044936502766266e+00,-2.493226449750534979e+00,1.233556020205448966e+01
0.000000000000000000e+00,1.646984695538904120e+01,1.315008463881548323e+03,7.407396887700035677e+02,1.672061217844382330e+00,-2.646049754854067348e+00,1.233635317100921291e+01
1.103874959294787322e-01,1.635584500162820731e+01,1.326031061258114732e+03,7.410313781199973846e+02,1.644806252035260430e+00,-2.785712796342481035e+00,1.233714606479249731e+01
3.604689026375611505e-01,1.625581243894497518e+01,1.334662899998136027e+03,7.412875141912026038e+02,1.519765548681219380e+00,-2.908721698920373022e+00,1.233793888337884681e+01
6.105503093456434716e-01,1.615577987626173950e+01,1.343125608818563933e+03,7.415438273895124439e+02,1.394724845327178109e+00,-3.031730601498265454e+00,1.233873162674274049e+01
8.606317160532084287e-01,1.605574731357871698e+01,1.351420765892876034e+03,7.418003178987247566e+02,1.269684141973395519e+00,-3.154739504075902978e+00,1.233952429485867697e+01
2.771409964180654661e+00,1.597785737544774243e+01,1.358865564049421437e+03,7.420001560651022601e+02,1.111429501790967223e+00,-3.250631886941897530e+00,1.234031688770115309e+01
6.772712471509972687e+00,1.592784109410612636e+01,1.365361734258944580e+03,7.421285370175160097e+02,9.113643764245012990e-01,-3.312389356758742576e+00,1.234110940524466393e+01
1.077401497883101200e+01,1.587782481276461155e+01,1.371801150179251181e+03,7.422569624025910571e+02,7.112992510584492667e-01,-3.374146826575460612e+00,1.234190184746371344e+01
1.477531748616032914e+01,1.582780853142299726e+01,1.378184071052331319e+03,7.423854322434000323e+02,5.112341256919834542e-01,-3.435904296392305657e+00,1.234269421433280556e+01
2.455063497233101089e+01,1.587772712471517345e+01,1.386175009433253763e+03,7.422572132769121254e+02,3.888961250406895998e-01,-3.374594766366468157e+00,1.234348650582644069e+01
4.155617062848062204e+01,1.605278410941083322e+01,1.396256530426956715e+03,7.418079184679944547e+02,3.638879843698814565e-01,-3.159180811317833903e+00,1.234427872191913522e+01
5.856170628459504002e+01,1.622784109410612530e+01,1.406368379741106764e+03,7.413591672542213473e+02,3.388798436991249385e-01,-2.943766856269645960e+00,1.234507086258538955e+01
7.556724194074463696e+01,1.640289807880178330e+01,1.416510031731030722e+03,7.409109586496551856e+02,3.138717030283166287e-01,-2.728352901221012150e+00,1.234586292779972716e+01
9.825236079456492178e+01,1.663363725170989937e+01,1.425004819388058195e+03,7.403210109789761191e+02,3.668186258549491208e-01,-2.446520585454474706e+00,1.234665491753666267e+01
1.280120481927651497e+02,1.693373493975897404e+01,1.431174293606519996e+03,7.395551334165712660e+02,5.168674698794881728e-01,-2.081956627391250425e+00,1.234744683177070534e+01
1.577717355910269532e+02,1.723383262780867398e+01,1.436992933403711504e+03,7.387908388492218137e+02,6.669163139043376987e-01,-1.717392669327272303e+00,1.234823867047638402e+01
1.875314229892886999e+02,1.753393031585837392e+01,1.442446971953772845e+03,7.380281223741485519e+02,8.169651579291871135e-01,-1.352828711263293959e+00,1.234903043362822039e+01
2.217587105177373985e+02,1.787870400520993641e+01,1.447257958296137076e+03,7.371538007862960740e+02,9.111690003256209813e-01,-7.473251028427786435e-01,1.234982212120072909e+01
2.615216541843224718e+02,1.827883425594286493e+01,1.451040782168942542e+03,7.361416925098778847e+02,9.361771409964292356e-01,1.567188886749073251e-01,1.235061373316845312e+01
3.012845978509075735e+02,1.867896450667580055e+01,1.453970705024655217e+03,7.351323596614511189e+02,9.611852816672374900e-01,1.060762880192593460e+00,1.235140526950591600e+01
3.410475415174104228e+02,1.907909475740790128e+01,1.456007789600718979e+03,7.341257908403802048e+02,9.861934223379941189e-01,1.964806871708409064e+00,1.235219673018765185e+01
3.808104851839955245e+02,1.953523282318484888e+01,1.452299854221163741e+03,7.329816855671423355e+02,9.887984369911979599e-01,2.546603866765060342e+00,1.235298811518819306e+01
4.205734288505806262e+02,2.006040377727181934e+01,1.440637703888175338e+03,7.316688375706913803e+02,9.637902963203897055e-01,2.731212703393167462e+00,1.235377942448207911e+01
4.603363725170834755e+02,2.058557473135770266e+01,1.426439399720129131e+03,7.303606840661208253e+02,9.387821556496329656e-01,2.915821540020893110e+00,1.235457065804384591e+01
5.000993161836685772e+02,2.111074568544468022e+01,1.409570452141492297e+03,7.290571999184639935e+02,9.137740149788248223e-01,3.100430376649000230e+00,1.235536181584803650e+01
5.376154347118570058e+02,2.155727775968776783e+01,1.382673304230271924e+03,7.279525532120946991e+02,9.786388798438840908e-01,4.277534901177288518e+00,1.235615289786920279e+01
5.723767502442085515e+02,2.190739172907835908e+01,1.344463114162303327e+03,7.270887675043732088e+02,1.153695864539179494e+00,6.671525443035407399e+00,1.235694390408188781e+01
6.071380657766319473e+02,2.225750569846967153e+01,1.303891003381851078e+03,7.262270292967103842e+02,1.328752849234837052e+00,9.065515984898482316e+00,1.235773483446063814e+01
6.418993813090554568e+02,2.260761966786098753e+01,1.260883840411465371e+03,7.253673313176966531e+02,1.503809833930495055e+00,1.145950652676155457e+01,1.235852568898000747e+01
6.756466948876468450e+02,2.289013350700090399e+01,1.225426053134050790e+03,7.246751065604337327e+02,1.690133507000903368e+00,1.337334662476940750e+01,1.235931646761455305e+01
7.081572777596975357e+02,2.309019863236736470e+01,1.200967824861382496e+03,7.241856989219251091e+02,1.890198632367369180e+00,1.470156970744879388e+01,1.236010717033882500e+01
7.406678606317482263e+02,2.329026375773383606e+01,1.175714055568735830e+03,7.236969518778939801e+02,2.090263757733834993e+00,1.602979279012817670e+01,1.236089779712739478e+01
7.731784435037317280e+02,2.349032888309988820e+01,1.149651057708413418e+03,7.232088640917537532e+02,2.290328883099887136e+00,1.735801587280481684e+01,1.236168834795481608e+01
8.048980788017017858e+02,2.369039400846635246e+01,1.130659591603566923e+03,7.227214342305179571e+02,2.433897753174882439e+00,1.697105121646133341e+01,1.236247882279564969e+01
8.356580918267959532e+02,2.389045913383282027e+01,1.120715093730392027e+03,7.222346609647953528e+02,2.508922175187306980e+00,1.450312391421377356e+01,1.236326922162447239e+01
8.664181048518264561e+02,2.409052425919886531e+01,1.110346086247386665e+03,7.217485429687726537e+02,2.583946597199576978e+00,1.203519661197132073e+01,1.236405954441584143e+01
8.971781178769205098e+02,2.429058938456533667e+01,1.099544904093849254e+03,7.212630789202012238e+02,2.658971019212001519e+00,9.567269309723766213e+00,1.236484979114433358e+01
9.124135460761934837e+02,2.441133181374147298e+01,1.090747312487319959e+03,7.209704096553708723e+02,2.722663627482950766e+00,8.045334168950514453e+00,1.236563996178453095e+01
9.089124063822875996e+02,2.443633995441222950e+01,1.084762484307415662e+03,7.209098217620324931e+02,2.772679908824463801e+00,7.665113705816617440e+00,1.236643005631099612e+01
9.054112666883744396e+02,2.446134809508303576e+01,1.078757061134725291e+03,7.208492440510379993e+02,2.822696190166080310e+00,7.284893242681933501e+00,1.236722007469832008e+01
9.019101269944612795e+02,2.448635623575384557e+01,1.072731000964492296e+03,7.207886765198206831e+02,2.872712471507696819e+00,6.904672779547251338e+00,1.236801001692108137e+01
8.977271247150790714e+02,2.453409312927381336e+01,1.067433743278173779e+03,7.206730901882176568e+02,2.911364376424604661e+00,6.734892350512103221e+00,1.236879988295385502e+01
8.927254965809173655e+02,2.460911755128623923e+01,1.062984388615742319e+03,7.204915068919748364e+02,2.936372517095412693e+00,6.817760558403574755e+00,1.236958967277123378e+01
8.877238684467557732e+02,2.468414197329866511e+01,1.058471081889490279e+03,7.203100150773989299e+02,2.961380657766221169e+00,6.900628766295046290e+00,1.237037938634781042e+01
8.827222403126045265e+02,2.475916639531093111e+01,1.053893401016973939e+03,7.201286146753745925e+02,2.986388798436977687e+00,6.983496974186345518e+00,1.237116902365817062e+01
8.689449690654474807e+02,2.481139693910778377e+01,1.053151530376779874e+03,7.200023811782351686e+02,3.011396939107786164e+00,7.041158483370152155e+00,1.237195858467691423e+01
8.446870726147635651e+02,2.483640507977859002e+01,1.057056941415853089e+03,7.199419558684732010e+02,3.036405079778594196e+00,7.068715992383071800e+00,1.237274806937862692e+01
8.204291761641296716e+02,2.486141322044934654e+01,1.060971341491146404e+03,7.198815407000989808e+02,3.061413220449351158e+00,7.096273501395934602e+00,1.237353747773791746e+01
7.961712797134457560e+02,2.488642136112015990e+01,1.064894746356309497e+03,7.198211356705595563e+02,3.086421361120158746e+00,7.123831010408854247e+00,1.237432680972938215e+01
7.748850537284132542e+02,2.488857049820903100e+01,1.069521130965607881e+03,7.198159450863427082e+02,3.225724519700639892e+00,7.126199233839626501e+00,1.237511606532761910e+01
7.571292738521761976e+02,2.486356235753827448e+01,1.074960683130729194e+03,7.198763492446950067e+02,3.500814067078961589e+00,7.098641724826763699e+00,1.237590524450724416e+01
7.393734939759023064e+02,2.483855421686746467e+01,1.080381418997855690e+03,7.199367635416630264e+02,3.775903614457851720e+00,7.071084215813843166e+00,1.237669434724286255e+01
7.216177140996284152e+02,2.481354607619665487e+01,1.085783376880677224e+03,7.199971879797991505e+02,4.050993161836742296e+00,7.043526706800923520e+00,1.237748337350908479e+01
6.972139368284151715e+02,2.475415174210361258e+01,1.085382065915157000e+03,7.201407366792008133e+02,4.268772386844580602e+00,6.977928006566520125e+00,1.237827232328052496e+01
6.649534353630725718e+02,2.465411917942038045e+01,1.078170554067824469e+03,7.203826323372632032e+02,4.418821230869430572e+00,6.867371534888248696e+00,1.237906119653179360e+01
6.326929338977299722e+02,2.455408661673714121e+01,1.071001557746664503e+03,7.206246905556912452e+02,4.568870074894278765e+00,6.756815063209977268e+00,1.237984999323751367e+01
6.004324324324541067e+02,2.445405405405411869e+01,1.063874860015415834e+03,7.208669114984069211e+02,4.718918918918818761e+00,6.646258591531934101e+00,1.238063871337230104e+01
5.655281667209375200e+02,2.431953760989905433e+01,1.057745463653157003e+03,7.211928892587616247e+02,4.799999999999999822e+00,6.497006262973579638e+00,1.238142735691078933e+01
5.275157929013090552e+02,2.414448062520339278e+01,1.052731793701447259e+03,7.216175518771593715e+02,4.799999999999999822e+00,6.302261638083058948e+00,1.238221592382759972e+01
4.895034190817591480e+02,2.396942364050810070e+01,1.047693407728590955e+03,7.220427149014645920e+02,4.799999999999999822e+00,6.107517013192941491e+00,1.238300441409735342e+01
4.514910452621306263e+02,2.379436665581243915e+01,1.042631239922777695e+03,7.224683792166886178e+02,4.799999999999999822e+00,5.912772388302420801e+00,1.238379282769468936e+01
4.118648648648377844e+02,2.361930967111678470e+01,1.041556014253050080e+03,7.228945457099280247e+02,4.719309671116785232e+00,5.717269652982459149e+00,1.238458116459423408e+01
3.703513513513819930e+02,2.344425268642148907e+01,1.045015425614495598e+03,7.233212152703745232e+02,4.544252686421489607e+00,5.520880313940336848e+00,1.238536942477062652e+01
3.288378378378403113e+02,2.326919570172583462e+01,1.048273953413847948e+03,7.237483887893224619e+02,4.369195701725832492e+00,5.324490974897807760e+00,1.238615760819850742e+01
2.873243243242986296e+02,2.309413871703017662e+01,1.051334951682967585e+03,7.241760671601703052e+02,4.194138717030175378e+00,5.128101635855279561e+00,1.238694571485251217e+01
2.490475415174476836e+02,2.289596222728770414e+01,1.054978490981562118e+03,7.246608387472090271e+02,4.007521979811290436e+00,4.904633915630418173e+00,1.238773374470728683e+01
2.145363073917323220e+02,2.267088896125042652e+01,1.059226989018652830e+03,7.252121919066119062e+02,3.807456854444824845e+00,4.649663740676926338e+00,1.238852169773747747e+01
1.800250732660169319e+02,2.244581569521315600e+01,1.063143698988802271e+03,7.257643846912714025e+02,3.607391729078358367e+00,4.394693565723433615e+00,1.238930957391772480e+01
1.455138391403729656e+02,2.222074242917634379e+01,1.066735810281059230e+03,7.263174190205766081e+02,3.407326603712306667e+00,4.139723390770467581e+00,1.239009737322268734e+01
1.165669163139071287e+02,2.198407684793230388e+01,1.075041834278343913e+03,7.268998469664647928e+02,3.126115271898452175e+00,3.870072693157734278e+00,1.239088509562701645e+01
9.405958971017972203e+01,2.173399544122422000e+01,1.088575473083981251e+03,7.275163067916013233e+02,2.750993161836328582e+00,3.583432177186520295e+00,1.239167274110535999e+01
7.155226310649887012e+01,2.148391403451665482e+01,1.101423588419951102e+03,7.281338131027853251e+02,2.375871051774980813e+00,3.296791661215898728e+00,1.239246030963238887e+01
4.904493650277144923e+01,2.123383262780857450e+01,1.113601648382071289e+03,7.287523685670138320e+02,2.000748941712857221e+00,3.010151145244685189e+00,1.239324780118275449e+01
3.316379029631614372e+01,2.094887658743063596e+01,1.129890871838091016e+03,7.294584657536889836e+02,1.625626831650734072e+00,2.681017202552962164e+00,1.239403521573112066e+01
2.491110387496650347e+01,2.062377075871080478e+01,1.150509045237065720e+03,7.302657236597065094e+02,1.250504721589386525e+00,2.302962255990550933e+00,1.239482255325215121e+01
1.665841745359978177e+01,2.029866492999029504e+01,1.169814814847414709e+03,7.310747702550733038e+02,8.753826115272629327e-01,1.924907309427357216e+00,1.239560981372051707e+01
8.405731032233063615e+00,1.997355910126978529e+01,1.187846690649533230e+03,7.318856114913397732e+02,5.002605014651393400e-01,1.546852362864163721e+00,1.239639699711088738e+01
3.533702377076778145e+00,1.964845327254995411e+01,1.211010185710507585e+03,7.326982533464882863e+02,2.650276782807583498e-01,1.165836711974461926e+00,1.239718410339793664e+01
2.533376750244448417e+00,1.932334744382944436e+01,1.239867961898438807e+03,7.335127018250866513e+02,1.900032562683336423e-01,7.814303103180709753e-01,1.239797113255633576e+01
1.533051123412119354e+00,1.899824161510894172e+01,1.267029807253547915e+03,7.343289629584262457e+02,1.149788342559089349e-01,3.970239086616798030e-01,1.239875808456076633e+01
5.327254965818594146e-01,1.867313578638910698e+01,1.292545138814060692e+03,7.351470428046736743e+02,3.995441224363943666e-02,1.261750700608404128e-02,1.239954495938589929e+01
0.000000000000000000e+00,1.842985998046242813e+01,1.320247992546653677e+03,7.357604030323833513e+02,0.000000000000000000e+00,-2.760667963287404825e-01,1.240033175700643042e+01
0.000000000000000000e+00,1.827981113643757993e+01,1.351318144713447055e+03,7.361392249433049528e+02,0.000000000000000000e+00,-4.556972327732812800e-01,1.240111847739704132e+01
0.000000000000000000e+00,1.812976229241304083e+01,1.381678407575208212e+03,7.365184371442301199e+02,0.000000000000000000e+00,-6.353276692174503193e-01,1.240190512053240823e+01
0.000000000000000000e+00,1.797971344838819263e+01,1.411338036675041621e+03,7.368980402386289370e+02,0.000000000000000000e+00,-8.149581056619910058e-01,1.240269168638723585e+01
0.000000000000000000e+00,1.787655486812111505e+01,1.430929161031928743e+03,7.371592444289719879e+02,0.000000000000000000e+00,-9.386027050218939127e-01,1.240347817493621285e+01
0.000000000000000000e+00,1.782653858677960201e+01,1.439658571845632878e+03,7.372859555526315489e+02,0.000000000000000000e+00,-9.987966890190996816e-01,1.240426458615401906e+01
0.000000000000000000e+00,1.777652230543798240e+01,1.448317487178237798e+03,7.374127102448125015e+02,0.000000000000000000e+00,-1.058990673016429573e+00,1.240505092001538046e+01
0.000000000000000000e+00,1.772650602409636988e+01,1.456906219247251556e+03,7.375395085279899376e+02,0.000000000000000000e+00,-1.119184657013759798e+00,1.240583717649497153e+01
0.000000000000000000e+00,1.767648974275485330e+01,1.460929562693116623e+03,7.376663504246536149e+02,0.000000000000000000e+00,-1.179453955735014548e+00,1.240662335556750762e+01
0.000000000000000000e+00,1.762647346141323723e+01,1.459859095774512070e+03,7.377932359573097756e+02,0.000000000000000000e+00,-1.239808166070488715e+00,1.240740945720769339e+01
0.000000000000000000e+00,1.757645718007162117e+01,1.458779176418516045e+03,7.379201651484798958e+02,0.000000000000000000e+00,-1.300162376405962661e+00,1.240819548139022999e+01
0.000000000000000000e+00,1.752644089873010813e+01,1.457689866179351156e+03,7.380471380207001175e+02,0.000000000000000000e+00,-1.360516586741312040e+00,1.240898142808983096e+01
0.000000000000000000e+00,1.742927385216547620e+01,1.452743809706414140e+03,7.382939342208427433e+02,1.178769130575361805e-02,-1.478225084849496884e+00,1.240976729728120986e+01
0.000000000000000000e+00,1.727922500814062801e+01,1.443501743914095186e+03,7.386753701847244429e+02,3.679583197656185328e-02,-1.660259110128365467e+00,1.241055308893907849e+01
0.000000000000000000e+00,1.712917616411577626e+01,1.434289115212902743e+03,7.390572004864033033e+02,6.180397264737010066e-02,-1.842293135407234050e+00,1.241133880303815928e+01
0.000000000000000000e+00,1.697912732009124070e+01,1.425106165147896718e+03,7.394394257377089161e+02,8.681211331812659082e-02,-2.024327160685726490e+00,1.241212443955316580e+01
1.182025398893488399e-01,1.684089873005532212e+01,1.412948794138417952e+03,7.397918908312146868e+02,1.709215239336093206e-01,-2.192554556506722818e+00,1.241290999845882759e+01
3.682839465974311888e-01,1.671585802670128373e+01,1.397554228634000765e+03,7.401110180957874718e+02,3.209703679584587355e-01,-2.345377861610255188e+00,1.241369547972986531e+01
6.183653533049962014e-01,1.659081732334750114e+01,1.382303798085202516e+03,7.404304208058285894e+02,4.710192119829977320e-01,-2.498201166713471366e+00,1.241448088334099431e+01
8.684467600130785225e-01,1.646577661999345921e+01,1.367196353777769900e+03,7.407500993181073454e+02,6.210680560078472023e-01,-2.651024471817003736e+00,1.241526620926696900e+01
2.659394334096254919e+00,1.632888309996729959e+01,1.355815233515627142e+03,7.411003973691065312e+02,6.762943666557678091e-01,-2.607669047792822603e+00,1.241605145748251005e+01
6.160534028002165208e+00,1.617883425594276403e+01,1.348451260166693373e+03,7.414847394904762723e+02,6.262780853142547732e-01,-2.346576792540021383e+00,1.241683662796234344e+01
9.661673721915319035e+00,1.602878541191791584e+01,1.341089932441799647e+03,7.418694804660776754e+02,5.762618039726382646e-01,-2.085484537286679707e+00,1.241762172068122361e+01
1.316281341582847197e+01,1.587873656789306587e+01,1.333731797669006937e+03,7.422546209171036935e+02,5.262455226310217560e-01,-1.824392282033338253e+00,1.241840673561387653e+01
2.189352002604243097e+01,1.584754151742098216e+01,1.330497766270196962e+03,7.423347415653316830e+02,4.524584825790176623e-01,-1.423226362443441362e+00,1.241919167273504776e+01
3.639824161511121048e+01,1.594757408010421607e+01,1.331781547551433732e+03,7.420778814142084912e+02,3.524259198957847561e-01,-8.674037668857632610e-01,1.241997653201948815e+01
5.090296320417998999e+01,1.604760664278744642e+01,1.333020710771050517e+03,7.418211989573577512e+02,2.523933572125516833e-01,-3.115811713280853268e-01,1.242076131344193968e+01
6.540768479321876328e+01,1.614763920547047249e+01,1.334214708383918151e+03,7.415646940104520581e+02,1.523607945295257227e-01,2.442414242284425552e-01,1.242154601697715499e+01
8.587137740150093634e+01,1.630726147834583983e+01,1.336905122119479984e+03,7.411557554288544907e+02,1.476717681537071392e-01,2.476931882375453531e-01,1.242233064259988851e+01
1.128801693259738386e+02,1.653233474438311390e+01,1.341141509938105628e+03,7.405799027567752546e+02,2.477043308369401009e-01,-3.555574365039378959e-01,1.242311519028488753e+01
1.398889612503908495e+02,1.675740801041992611e+01,1.345189447486303152e+03,7.400049442256406564e+02,3.477368935199661171e-01,-9.588080612441731709e-01,1.242389966000691359e+01
1.668977531748637659e+02,1.698248127645720018e+01,1.349043410485891172e+03,7.394308777545312523e+02,4.477694562031990788e-01,-1.562058685985656448e+00,1.242468405174072466e+01
2.021523933572461829e+02,1.733901009443216168e+01,1.346521790307699348e+03,7.385233445685574907e+02,6.075545424944720496e-01,-1.590511905160336692e+00,1.242546836546108757e+01
2.464168023444851769e+02,1.783917290784729204e+01,1.335617663522939210e+03,7.372539436829474653e+02,8.326278085312805999e-01,-9.909167329687165182e-01,1.242625260114276919e+01
2.906812113318157458e+02,1.833933572126345624e+01,1.322481914678778594e+03,7.359888990947390539e+02,1.057701074568554667e+00,-3.913215607758561143e-01,1.242703675876052749e+01
3.349456203191463715e+02,1.883949853467962043e+01,1.307000048111780643e+03,7.347281884176031781e+02,1.282774340605828955e+00,2.082736114170043729e-01,1.242782083828914175e+01
3.772927385216273706e+02,1.929172907847579665e+01,1.290296671878152665e+03,7.335920081288437586e+02,1.459915337023687476e+00,7.450883416167177753e-01,1.242860483970337704e+01
4.175558450016286542e+02,1.969185932920873228e+01,1.273014342144446346e+03,7.325896502186029693e+02,1.584956040377728526e+00,1.213663460956633244e+00,1.242938876297800732e+01
4.578189514816298242e+02,2.009198957994166079e+01,1.253956556499491398e+03,7.315900277537363081e+02,1.709996743731769575e+00,1.682238580296548269e+00,1.243017260808782432e+01
4.980820579615478323e+02,2.049211983067376508e+01,1.233055166368092841e+03,7.305931295519150126e+02,1.835037447085551721e+00,2.150813699635494292e+00,1.243095637500759310e+01
5.361823510257237331e+02,2.089225008140669360e+01,1.202268824685269919e+03,7.295989444916713182e+02,1.887984369912081073e+00,2.614887561721932929e+00,1.243174006371210361e+01
5.719439921849794928e+02,2.129238033213962922e+01,1.160269135484767048e+03,7.286074615119974851e+02,1.862976229241273041e+00,3.074094210680621053e+00,1.243252367417614224e+01
6.077056333441612423e+02,2.169251058287173350e+01,1.115366385121818439e+03,7.276186696119295902e+02,1.837968088570516523e+00,3.533300859638359270e+00,1.243330720637448650e+01
6.434672745034170021e+02,2.209264083360466557e+01,1.067457849227923816e+03,7.266325578501332529e+02,1.812959947899708268e+00,3.992507508597047394e+00,1.243409066028193344e+01
6.753734939759209510e+02,2.243253012048209882e+01,1.029321680761084735e+03,7.257970056887504597e+02,1.751807228915600145e+00,4.578025047595827068e+00,1.243487403587327655e+01
7.031325301204606149e+02,2.270761966786042052e+01,1.003355761950053193e+03,7.251221568543429612e+02,1.651774666232574296e+00,5.299412138582025200e+00,1.243565733312330934e+01
7.308915662650578042e+02,2.298270921523930710e+01,9.761949006745189763e+02,7.244485618082161409e+02,1.551742103549341278e+00,6.020799229569716360e+00,1.243644055200683241e+01
7.586506024096548799e+02,2.325779876261820078e+01,9.478105458140061046e+02,7.237762170595318594e+02,1.451709540866108261e+00,6.742186320557407520e+00,1.243722369249864457e+01
7.818189514815875327e+02,2.350872679908806617e+01,9.272792415229117751e+02,7.231640127702802374e+02,1.412080755454229175e+00,7.235030382548258032e+00,1.243800675457354288e+01
8.000748941712774922e+02,2.373380006512533669e+01,9.157961342660753417e+02,7.226157683520970068e+02,1.437088896125037651e+00,7.483314922946092018e+00,1.243878973820633682e+01
8.183308368609675654e+02,2.395887333116261431e+01,9.038085633950507827e+02,7.220683545732704260e+02,1.462097036795845684e+00,7.731599463343926892e+00,1.243957264337183410e+01
8.365867795506575249e+02,2.418394659719988482e+01,8.913064265384929286e+02,7.215217695474910897e+02,1.487105177466654160e+00,7.979884003741761767e+00,1.244035547004485132e+01
8.495128622598490438e+02,2.433633995441223163e+01,8.895081998577430795e+02,7.211521555182218890e+02,1.584793226961874302e+00,7.950422266088086332e+00,1.244113821820019261e+01
8.567652230543834548e+02,2.441136437642465395e+01,8.995782922857599715e+02,7.209703307582631169e+02,1.759850211657532082e+00,7.625295135670385527e+00,1.244192088781267458e+01
8.640175838489178659e+02,2.448638879843708338e+01,9.097184938744377405e+02,7.207885976624826299e+02,1.934907196353189640e+00,7.300168005252684722e+00,1.244270347885711736e+01
8.712699446434371566e+02,2.456141322044935293e+01,9.199291755070728414e+02,7.206069561615819339e+02,2.109964181048484821e+00,6.975040874835657156e+00,1.244348599130833577e+01
8.748785411917940564e+02,2.462429176164118516e+01,9.272951248665256117e+02,7.204547915341115640e+02,2.309312927385327008e+00,6.834636117144551548e+00,1.244426842514115883e+01
8.746284597850859654e+02,2.467430804298280123e+01,9.316039373035188191e+02,7.203337991618499245e+02,2.534386193422600630e+00,6.889848885531084655e+00,1.244505078033041556e+01
8.743783783783784429e+02,2.472432432432431426e+01,9.359291400929639622e+02,7.202128474214123344e+02,2.759459459459409292e+00,6.945061653917502298e+00,1.244583305685092434e+01
8.741282969716703519e+02,2.477434060566592677e+01,9.402707848424630583e+02,7.200919362923344806e+02,2.984532725496683359e+00,7.000274422304035404e+00,1.244661525467752305e+01
8.664493650276607468e+02,2.478782155649622609e+01,9.334943568271215781e+02,7.200593539100918861e+02,3.209605991533957869e+00,7.015163937103023883e+00,1.244739737378504429e+01
8.509443178117917341e+02,2.476281341582546958e+01,9.150313047389641952e+02,7.201197989289129282e+02,3.434679257570765643e+00,6.987573874593403289e+00,1.244817941414831353e+01
8.354392705958905481e+02,2.473780527515466332e+01,8.966208077338588964e+02,7.201802540966386914e+02,3.659752523608040153e+00,6.959983812083725851e+00,1.244896137574217931e+01
8.199342233799894757e+02,2.471279713448384996e+01,8.782627651396559259e+02,7.202407194158262200e+02,3.884825789645314220e+00,6.932393749574048414e+00,1.244974325854147956e+01
8.002774340605735688e+02,2.468778899381309699e+01,8.656166679675787918e+02,7.203011948890318763e+02,4.024422012373804591e+00,6.904787747920298813e+00,1.245052506252105573e+01
7.762696190165976304e+02,2.466278085314229074e+01,8.589284237449694501e+02,7.203616805188141825e+02,4.074438293715421544e+00,6.877165042043443144e+00,1.245130678765575993e+01
7.522618039726218058e+02,2.463777271247148093e+01,8.522579157709550373e+02,7.204221763077318883e+02,4.124454575057038497e+00,6.849542336166588363e+00,1.245208843392043185e+01
7.282539889286955486e+02,2.461276457180072441e+01,8.456051109495957689e+02,7.204826822583443118e+02,4.174470856398551533e+00,6.821919630289790426e+00,1.245287000128993071e+01
7.009404102897970006e+02,2.455102572451966125e+01,8.386377031429635736e+02,7.206320998499712687e+02,4.224487137740167597e+00,6.753565371974714182e+00,1.245365148973909619e+01
6.701803972647028331e+02,2.445099316183643268e+01,8.313680966234097696e+02,7.208743257744679340e+02,4.274503419081783662e+00,6.642746303670859831e+00,1.245443289924279640e+01
6.394203842396723303e+02,2.435096059915340305e+01,8.241515340460844072e+02,7.211167145924213173e+02,4.324519700423297586e+00,6.531927235367234630e+00,1.245521422977589054e+01
6.086603712145782765e+02,2.425092803647017092e+01,8.169876905028436340e+02,7.213592664682029181e+02,4.374535981764913650e+00,6.421108167063379391e+00,1.245599548131323253e+01
5.744630413545698957e+02,2.413861934223367456e+01,8.140547181420357674e+02,7.216317791445094372e+02,4.387723868446735231e+00,6.296323314614186373e+00,1.245677665382968868e+01
5.367007489417276247e+02,2.401357863887989197e+01,8.154150510565914374e+02,7.219354278811412087e+02,4.362715727775978714e+00,6.157054054736070370e+00,1.245755774730012710e+01
4.989384565288071371e+02,2.388853793552585003e+01,8.167041544215090880e+02,7.222393322644104501e+02,4.337707587105170681e+00,6.017784794857665709e+00,1.245833876169941057e+01
4.611761641158867064e+02,2.376349723217180809e+01,8.179228924238396985e+02,7.225434926173015810e+02,4.312699446434361761e+00,5.878515534979261048e+00,1.245911969700241606e+01
4.218137414523131383e+02,2.363845652881802550e+01,8.197865522370441340e+02,7.228479092633438086e+02,4.201530446108844075e+00,5.738833271145711734e+00,1.245990055318401346e+01
3.808003907521875817e+02,2.351341582546398357e+01,8.223024728491849373e+02,7.231525825266135143e+02,4.001465320742378928e+00,5.598724892119760099e+00,1.246068133021908331e+01
3.397870400520621388e+02,2.338837512210994518e+01,8.247290539503464970e+02,7.234575127317317538e+02,3.801400195375912450e+00,5.458616513093809353e+00,1.246146202808250436e+01
2.987736893520215062e+02,2.326333441875616259e+01,8.270673432897697239e+02,7.237627002038674391e+02,3.601335070009860306e+00,5.318508134068148152e+00,1.246224264674914828e+01
2.605988277433983171e+02,2.307658743080424202e+01,8.297048732722429349e+02,7.242189742521464950e+02,3.438293715402121364e+00,5.711664892502785307e+00,1.246302318619390803e+01
2.253373493975587110e+02,2.282650602409616170e+01,8.324934942499883164e+02,7.248308934287007332e+02,3.313253012048080315e+00,6.652157108647885231e+00,1.246380364639166949e+01
1.900758710517920633e+02,2.257642461738859652e+01,8.349886798924713958e+02,7.254438475456291826e+02,3.188212308694297725e+00,7.592649324791039156e+00,1.246458402731731319e+01
1.548143927059524287e+02,2.232634321068051264e+01,8.371976026570685008e+02,7.260578392307522790e+02,3.063171605340256676e+00,8.533141540936139080e+00,1.246536432894574808e+01
1.251211331813534144e+02,2.205151416476691750e+01,8.362360422633029202e+02,7.267337903138568436e+02,2.962878541191729553e+00,8.440390798135291917e+00,1.246614455125185117e+01
1.011133181374271715e+02,2.175141647671783929e+01,8.321293840828910788e+02,7.274733294212165902e+02,2.887854119179460000e+00,7.292644613046867619e+00,1.246692469421052607e+01
7.710550309345126152e+01,2.145131878866813935e+01,8.278630744542466573e+02,7.282143752019171643e+02,2.812829697167035459e+00,6.144898427956069220e+00,1.246770475779667464e+01
5.309768804947535159e+01,2.115122110061844296e+01,8.234433992443999841e+02,7.289569322650014556e+02,2.737805275154610474e+00,4.997152242865271710e+00,1.246848474198518808e+01
3.640963855422204887e+01,2.083871703028347611e+01,8.225079485873022804e+02,7.297317987657733056e+02,2.613155323998795243e+00,5.610945664385853959e+00,1.246926464675098245e+01
2.715662650602300232e+01,2.051361120156296636e+01,8.248742805340079940e+02,7.305396620901082088e+02,2.438098339303138129e+00,8.014019473725928933e+00,1.247004447206895961e+01
1.790361445782395577e+01,2.018850537284246371e+01,8.267848006680867456e+02,7.313493161174752686e+02,2.263041354607480571e+00,1.041709328306600213e+01,1.247082421791402496e+01
8.650602409644049473e+00,1.986339954412262543e+01,8.282545696919105467e+02,7.321607668083651106e+02,2.087984369912184945e+00,1.282016709240110686e+01,1.247160388426109989e+01
3.502442201237297326e+00,1.953829371540211923e+01,8.371715949480797008e+02,7.329740201497553471e+02,1.813415825463986719e+00,1.385797569092767212e+01,1.247238347108509160e+01
2.502116574404968041e+00,1.921318788668161304e+01,8.531599290287140320e+02,7.337890821552488205e+02,1.438293715401863127e+00,1.351622310784546777e+01,1.247316297836091437e+01
1.501790947574708657e+00,1.888808205796177475e+01,8.681330019056313176e+02,7.346059588652262846e+02,1.063171605340515580e+00,1.317447052476397040e+01,1.247394240606350024e+01
5.014653207423788173e-01,1.856297622924127211e+01,8.821208772393699746e+02,7.354246563470012461e+02,6.880494952783919871e-01,1.283271794168176783e+01,1.247472175416775997e+01
0.000000000000000000e+00,1.826281341582526352e+01,8.916021571115751385e+02,7.361821629621606462e+02,4.376424617387560945e-01,1.192903086067080309e+01,1.247550102264862382e+01
0.000000000000000000e+00,1.798772386844694182e+01,8.969143823455292477e+02,7.368777650823749354e+02,3.126017583849736159e-01,1.046047489793380869e+01,1.247628021148101496e+01
0.000000000000000000e+00,1.771263432106805169e+01,9.017521046011681847e+02,7.375746829637082556e+02,1.875610550309323721e-01,8.991918935193776719e+00,1.247705932063986367e+01
0.000000000000000000e+00,1.743754477368916156e+01,9.061282384095219413e+02,7.382729203429207701e+02,6.252035167689118378e-02,7.523362972453743858e+00,1.247783835010010733e+01
0.000000000000000000e+00,1.717495929664621812e+01,9.149189251521708002e+02,7.389406540005638817e+02,0.000000000000000000e+00,7.245390101523415005e+00,1.247861729983667445e+01
0.000000000000000000e+00,1.692487788993813780e+01,9.279562702833596859e+02,7.395777147469838155e+02,0.000000000000000000e+00,8.158000322401637305e+00,1.247939616982450772e+01
0.000000000000000000e+00,1.667479648323005392e+01,9.403318068359054678e+02,7.402158748958673868e+02,0.000000000000000000e+00,9.070610543279860494e+00,1.248017496003854987e+01
0.000000000000000000e+00,1.642471507652248874e+01,9.520609744075528624e+02,7.408551372955981833e+02,0.000000000000000000e+00,9.983220764156193638e+00,1.248095367045373294e+01
0.000000000000000000e+00,1.621224356887008256e+01,9.668436695178485252e+02,7.413991288199653127e+02,0.000000000000000000e+00,9.534837361729818994e+00,1.248173230104501030e+01
0.000000000000000000e+00,1.603718658417442455e+01,9.847334412341162988e+02,7.418479284278604382e+02,0.000000000000000000e+00,7.732530432741167914e+00,1.248251085178733177e+01
0.000000000000000000e+00,1.586212959947913248e+01,1.002093434301333673e+03,7.422972717188598608e+02,0.000000000000000000e+00,5.930223503756246295e+00,1.248328932265563118e+01
0.000000000000000000e+00,1.568707261478347270e+01,1.018932036508458054e+03,7.427471596815046269e+02,0.000000000000000000e+00,4.127916574767596103e+00,1.248406771362488499e+01
0.000000000000000000e+00,1.548687723868433430e+01,1.033375980297439355e+03,7.432623209748276167e+02,0.000000000000000000e+00,3.722713641339654433e+00,1.248484602467003768e+01
0.000000000000000000e+00,1.526180397264752564e+01,1.045386584517730398e+03,7.438423543708245234e+02,0.000000000000000000e+00,4.700136941856971617e+00,1.248562425576604262e+01
0.000000000000000000e+00,1.503673070661024980e+01,1.056815844853306999e+03,7.444232937766902296e+02,0.000000000000000000e+00,5.677560242376310740e+00,1.248640240688786918e+01
0.000000000000000000e+00,1.481165744057297751e+01,1.067676243218392983e+03,7.450051413168586123e+02,0.000000000000000000e+00,6.654983542895649862e+00,1.248718047801047426e+01
2.520351676974031396e-01,1.458658417453616885e+01,1.079230532809868691e+03,7.455878991224099082e+02,0.000000000000000000e+00,5.718185860398717679e+00,1.248795846910882368e+01
7.521979811135679483e-01,1.436151090849889478e+01,1.091417721710738988e+03,7.461715693311019777e+02,0.000000000000000000e+00,2.896845039578617165e+00,1.248873638015789211e+01
1.252360794529732591e+00,1.413643764246162071e+01,1.103002069799410947e+03,7.467561540873879267e+02,0.000000000000000000e+00,7.550421875851681675e-02,1.248951421113264537e+01
1.752523607944862505e+00,1.391136437642481027e+01,1.113996652090855605e+03,7.473416555424466878e+02,0.000000000000000000e+00,-2.745836602055746312e+00,1.249029196200805991e+01
4.526864213610275023e+00,1.373682839465974403e+01,1.132058368125826064e+03,7.477963226677866260e+02,0.000000000000000000e+00,-3.118481200797393438e+00,1.249106963275910687e+01
9.528492347771923221e+00,1.361178769130570387e+01,1.157095010682126485e+03,7.481223946277389132e+02,0.000000000000000000e+00,-1.092918159354046237e+00,1.249184722336077158e+01
1.453012048192322325e+01,1.348674698795192128e+01,1.181644187431646969e+03,7.484487510750610681e+02,0.000000000000000000e+00,9.326448820851100940e-01,1.249262473378802873e+01
1.953174861608487234e+01,1.336170628459787935e+01,1.205711387227235491e+03,7.487753923822260731e+02,0.000000000000000000e+00,2.958207923528457517e+00,1.249340216401586368e+01
3.137349397591211897e+01,1.341400195376109217e+01,1.232678512557032263e+03,7.486387467814855654e+02,0.000000000000000000e+00,4.085313453731836297e+00,1.249417951401926885e+01
4.987951807227193513e+01,1.363907521979790083e+01,1.263263909734902199e+03,7.480512119610231139e+02,0.000000000000000000e+00,4.337058066814411639e+00,1.249495678377322783e+01
6.838554216867002822e+01,1.386414848583517490e+01,1.294448718283220160e+03,7.474645986169513208e+02,0.000000000000000000e+00,4.588802679897508341e+00,1.249573397325273305e+01
8.689156626506812131e+01,1.408922175187245074e+01,1.326242551581442740e+03,7.468789045831355224e+02,0.000000000000000000e+00,4.840547292980604155e+00,1.249651108243278053e+01
1.112393357212344824e+02,1.447938782155596549e+01,1.348784031963661846e+03,7.458657716451562010e+02,0.000000000000000000e+00,5.475068602505012372e+00,1.249728811128836092e+01
1.412491045262043770e+02,1.502956691631374397e+01,1.361156544139013931e+03,7.444417992259953962e+02,0.000000000000000000e+00,6.480588863967813751e+00,1.249806505979447735e+01
1.712588733311742430e+02,1.557974601107152601e+01,1.372462262291110619e+03,7.430232536107391752e+02,0.000000000000000000e+00,7.486109125430615130e+00,1.249884192792614002e+01
2.012686421360820646e+02,1.612992510582816763e+01,1.382620122074021992e+03,7.416101038358106052e+02,0.000000000000000000e+00,8.491629386891336395e+00,1.249961871565833782e+01
2.367531748615955109e+02,1.673103223705612663e+01,1.365133206142021891e+03,7.400722759946158931e+02,0.000000000000000000e+00,9.533692537216166940e+00,1.250039542296609341e+01
2.775164441550129482e+02,1.738124389449713902e+01,1.317074042890913233e+03,7.384159872776085649e+02,0.000000000000000000e+00,1.061099013536969338e+01,1.250117204982440633e+01
3.182797134483461150e+02,1.803145555193680494e+01,1.262330260909101071e+03,7.367670955854587191e+02,0.000000000000000000e+00,1.168828773352099049e+01,1.250194859620828858e+01
3.590429827417635238e+02,1.868166720937782088e+01,1.200488548669786951e+03,7.351255514756317098e+02,0.000000000000000000e+00,1.276558533167452048e+01,1.250272506209275747e+01
3.991680234451447404e+02,1.921699772061231570e+01,1.157595112076056921e+03,7.337795201507633465e+02,1.276457180072444048e-02,1.211657654747858714e+01,1.250350144745283387e+01
4.386808857049400103e+02,1.964213611201517296e+01,1.136714403738928240e+03,7.327140617372151610e+02,3.777271247148093758e-02,9.811722865931674420e+00,1.250427775226353155e+01
4.781937479648169642e+02,2.006727450341891839e+01,1.113797996775933825e+03,7.316516929593408349e+02,6.278085314228917801e-02,7.506869184379999282e+00,1.250505397649988204e+01
5.177066102246939181e+02,2.049241289482265671e+01,1.088764207016922455e+03,7.305924003975268306e+02,8.778899381309743233e-02,5.202015502828320592e+00,1.250583012013690443e+01
5.536362748290774789e+02,2.085356561380686813e+01,1.079648630635927475e+03,7.296949438264769014e+02,1.383914034517171321e-01,5.643994563834187517e+00,1.250660618314962491e+01
5.861468577010608669e+02,2.115366330185594634e+01,1.087174444528181311e+03,7.289508832083839707e+02,2.134158254639866581e-01,8.706997234137823227e+00,1.250738216551307325e+01
6.186574405731116713e+02,2.145376098990564273e+01,1.094561824590333799e+03,7.282083384627991336e+02,2.884402474764113933e-01,1.176999990444779165e+01,1.250815806720228451e+01
6.511680234451623619e+02,2.175385867795534267e+01,1.101804008567326264e+03,7.274673049620137135e+02,3.634646694888362117e-01,1.483300257475776540e+01,1.250893388819230267e+01
6.797014001953648403e+02,2.209244545750552646e+01,1.098260099996338340e+03,7.266330386977789431e+02,3.871703028329647744e-01,1.575416339287450640e+01,1.250970962845815215e+01
7.044594594594650516e+02,2.246756756756764872e+01,1.083611100952797869e+03,7.257109821334144044e+02,3.621621621621565201e-01,1.464220529546339478e+01,1.251048528797488224e+01
7.292175187235651492e+02,2.284268967762977454e+01,1.067637911669176447e+03,7.247912626794994821e+02,3.371540214913483213e-01,1.353024719805227960e+01,1.251126086671753690e+01
7.539755779876140878e+02,2.321781178769112230e+01,1.050294265631933058e+03,7.238738714615720937e+02,3.121458808205918034e-01,1.241828910064346836e+01,1.251203636466115121e+01
7.760325626831687487e+02,2.351576033865195114e+01,1.036400073886617974e+03,7.231468675402775261e+02,3.771735591012985167e-01,1.276958884296541541e+01,1.251281178178078690e+01
7.955389124063992767e+02,2.374083360468922166e+01,1.026389340471715286e+03,7.225986491081832810e+02,5.272224031261478761e-01,1.450264852002350757e+01,1.251358711805149326e+01
8.150452621295893323e+02,2.396590687072603032e+01,1.015891449007337314e+03,7.220512612564135679e+02,6.772712471506869836e-01,1.623570819707801505e+01,1.251436237344831248e+01
8.345516118528197467e+02,2.419098013676330439e+01,1.004896468324947250e+03,7.215047020988345139e+02,8.273200911755363984e-01,1.796876787413610543e+01,1.251513754794631517e+01
8.390999674373089192e+02,2.440315858026718132e+01,9.949812311117765375e+02,7.209902133755336990e+02,9.515792901335905496e-01,1.891434520757150395e+01,1.251591264152055771e+01
8.295968739824214708e+02,2.460322370563323346e+01,9.861545815810806062e+02,7.205057685872237698e+02,1.051611852816616732e+00,1.912016640002902435e+01,1.251668765414609119e+01
8.200937805275143546e+02,2.480328883099970128e+01,9.769554228098432986e+02,7.200219743740933609e+02,1.151644415499849528e+00,1.932598759248697107e+01,1.251746258579798976e+01
8.105906870726072384e+02,2.500335395636616198e+01,9.673770745142121541e+02,7.195388294265075046e+02,1.251676978183082545e+00,1.953180878494491424e+01,1.251823743645131692e+01
7.994070335395712164e+02,2.513878215564957941e+01,9.599053693956550433e+02,7.192121465144667809e+02,1.416346466948744220e+00,1.967105482609673572e+01,1.251901220608114684e+01
7.866528817974590311e+02,2.521380657766200528e+01,9.546172125758436096e+02,7.190312985885220769e+02,1.641419732986018287e+00,1.974808580141898773e+01,1.251978689466254657e+01
7.738987300553467321e+02,2.528883099967443115e+01,9.492604367149705240e+02,7.188505415891571602e+02,1.866492999023292132e+00,1.982511677674123973e+01,1.252056150217058850e+01
7.611445783132609222e+02,2.536385542168670071e+01,9.438345998086394957e+02,7.186698754478159117e+02,2.091566265060100793e+00,1.990214775206333542e+01,1.252133602858035566e+01
7.461872354281983917e+02,2.545183979159883236e+01,9.390589738603322303e+02,7.184581161491784087e+02,2.161120156300875284e+00,1.999241926594730501e+01,1.252211047386692044e+01
7.291816997720487734e+02,2.555187235428206449e+01,9.348701326422340117e+02,7.182175110067584001e+02,2.086095734288450299e+00,2.009499982321780820e+01,1.252288483800537655e+01
7.121761641159343981e+02,2.565190491696509056e+01,9.305943593951184312e+02,7.179770669633718398e+02,2.011071312276180745e+00,2.019758038048810178e+01,1.252365912097080169e+01
6.951706284597847798e+02,2.575193747964832269e+01,9.262308829042793832e+02,7.177367838572744176e+02,1.936046890263755982e+00,2.030016093775861563e+01,1.252443332273828069e+01
6.617945294691943445e+02,2.581299251058288391e+01,9.265281020960003389e+02,7.175902057100151978e+02,1.887007489417110495e+00,2.036275939603092056e+01,1.252520744328291258e+01
6.132787365679266713e+02,2.583800065125364398e+01,9.312048118915645318e+02,7.175301845828487330e+02,1.861999348746353755e+00,2.038838192816202977e+01,1.252598148257978394e+01
5.647629436665587264e+02,2.586300879192445379e+01,9.358930495702571761e+02,7.174701734954912808e+02,1.836991208075545501e+00,2.041400446029319227e+01,1.252675544060398849e+01
5.162471507651906677e+02,2.588801693259526004e+01,9.405928358848558446e+02,7.174101724454245641e+02,1.811983067404737691e+00,2.043962699242435477e+01,1.252752931733062880e+01
4.832311950504857236e+02,2.591302507326601656e+01,9.444386909152125327e+02,7.173501814301300783e+02,1.800000000000000044e+00,2.046524483716484966e+01,1.252830311273480746e+01
4.644750895473795822e+02,2.593803321393682282e+01,9.474961472947019274e+02,7.172902004470910242e+02,1.800000000000000044e+00,2.049085836950603934e+01,1.252907682679162171e+01
4.457189840442733839e+02,2.596304135460763263e+01,9.505603039099698890e+02,7.172302294937906026e+02,1.800000000000000044e+00,2.051647190184722547e+01,1.252985045947618659e+01
4.269628785412060097e+02,2.598804949527839270e+01,9.536311721631810769e+02,7.171702685677139470e+02,1.800000000000000044e+00,2.054208543418835120e+01,1.253062401076359755e+01
4.006333441875636936e+02,2.596082709215239959e+01,9.550743453618320018e+02,7.172355390173017895e+02,1.826115271898400394e+00,2.051418992845398392e+01,1.253139748062897674e+01
3.673725170953887300e+02,2.588580267013997371e+01,9.550076560039718743e+02,7.174154846334490685e+02,1.876131553240016903e+00,2.043732231056559101e+01,1.253217086904743383e+01
3.341116900032825470e+02,2.581077824812770416e+01,9.549205590752250146e+02,7.175955205645592514e+02,1.926147834581529716e+00,2.036045469267735442e+01,1.253294417599408384e+01
3.008508629111075834e+02,2.573575382611528184e+01,9.548132135044121469e+02,7.177756468786435562e+02,1.976164115923146225e+00,2.028358707478896505e+01,1.253371740144405244e+01
2.685063497231993779e+02,2.562145880820570909e+01,9.610235346642251670e+02,7.180502319435698837e+02,2.013090198632381256e+00,2.016635595528870084e+01,1.253449054537245466e+01
2.369960924779809943e+02,2.547140996418086090e+01,9.727741355257332998e+02,7.184110319520752910e+02,2.038098339303189732e+00,2.001237597611198282e+01,1.253526360775441617e+01
2.054858352328278102e+02,2.532136112015632534e+01,9.842323145534749074e+02,7.187721947265348490e+02,2.063106479973946694e+00,1.985839599693558810e+01,1.253603658856506620e+01
1.739755779876094266e+02,2.517131227613147360e+01,9.954017887297042080e+02,7.191337208143395401e+02,2.088114620644754726e+00,1.970441601775886653e+01,1.253680948777952509e+01
1.474519700423048505e+02,2.498189514815993917e+01,1.010539452676045357e+03,7.195906200802044168e+02,2.100000000000000089e+00,1.950971062754798524e+01,1.253758230537294338e+01
1.254448062520391431e+02,2.475682188212312695e+01,1.028926683385727756e+03,7.201342820549373300e+02,2.100000000000000089e+00,1.927811993950278335e+01,1.253835504132043965e+01
1.034376424617279042e+02,2.453174861608585289e+01,1.046623055952009736e+03,7.206787661410496639e+02,2.100000000000000089e+00,1.904652925145709474e+01,1.253912769559715734e+01
8.143047867141665108e+01,2.430667535004857527e+01,1.063641810344197211e+03,7.212240742047137019e+02,2.100000000000000089e+00,1.881493856341141324e+01,1.253990026817824344e+01
6.389612504070624510e+01,2.406844676001307448e+01,1.114403908290583786e+03,7.218021547248509933e+02,2.152621295994769035e+00,1.856934275924099964e+01,1.254067275903882539e+01
5.039172907846980110e+01,2.381836535330499416e+01,1.193957803715871250e+03,7.224099948831916436e+02,2.252653858678001608e+00,1.831112848410577598e+01,1.254144516815405552e+01
3.688733311623334998e+01,2.356828394659691028e+01,1.270866203942478705e+03,7.230188596465538922e+02,2.352686421361234625e+00,1.805291420897055232e+01,1.254221749549908793e+01
2.338293715402484096e+01,2.331820253988934510e+01,1.345182581692193935e+03,7.236287516078078852e+02,2.452718984044260697e+00,1.779469993383586512e+01,1.254298974104906428e+01
1.488993813090026563e+01,2.306812113318126478e+01,1.408823315889733294e+03,7.242396733685840218e+02,2.526375773363746635e+00,1.753597921805377524e+01,1.254376190477914577e+01
1.088863562357094672e+01,2.281803972647318091e+01,1.463036750140532831e+03,7.248516275393019441e+02,2.576392054705362700e+00,1.727680458139559860e+01,1.254453398666448294e+01
6.887333116249906517e+00,2.256795831976561573e+01,1.515268018860611164e+03,7.254646167392114648e+02,2.626408336046876180e+00,1.701762994473795843e+01,1.254530598668023345e+01
2.886030608920588492e+00,2.231787691305753185e+01,1.565558503071562200e+03,7.260786435964337215e+02,2.676424617388493132e+00,1.675845530807978534e+01,1.254607790480156204e+01
8.677955063494543486e-01,2.209423640507955966e+01,1.603957776247081256e+03,7.266286309515234052e+02,2.673559101269891158e+00,1.652630907791759896e+01,1.254684974100362993e+01
6.177140996418893915e-01,2.189417127971351107e+01,1.632269505004666144e+03,7.271213471692860821e+02,2.623542819928377678e+00,1.631826206734086426e+01,1.254762149526160364e+01
3.676326929338069593e-01,2.169410615434704326e+01,1.659632281541637894e+03,7.276147320477408584e+02,2.573526538586761614e+00,1.611021505676369969e+01,1.254839316755066037e+01
1.175512862257245411e-01,2.149404102898057545e+01,1.686062591819940508e+03,7.281087869489608693e+02,2.523510257245144661e+00,1.590216804618652979e+01,1.254916475784595775e+01
0.000000000000000000e+00,2.130722891566270860e+01,1.700938026629272599e+03,7.285707200511508290e+02,2.407228915662711355e+00,1.570762386803706256e+01,1.254993626612268010e+01
0.000000000000000000e+00,2.113217193096705060e+01,1.705912926976216568e+03,7.290041183523553627e+02,2.232171930967053797e+00,1.552505640366175754e+01,1.255070769235599926e+01
0.000000000000000000e+00,2.095711494627139615e+01,1.710564714659020410e+03,7.294380325839535999e+02,2.057114946271395794e+00,1.534248893928645252e+01,1.255147903652109420e+01
0.000000000000000000e+00,2.078205796157610052e+01,1.714898937123592987e+03,7.298724636677618491e+02,1.882057961576100613e+00,1.515992147491152586e+01,1.255225029859315455e+01
0.000000000000000000e+00,2.060700097688043897e+01,1.714430141889200286e+03,7.303074125277963731e+02,1.640573103223616824e+00,1.497708830387094814e+01,1.255302147854736106e+01
0.000000000000000000e+00,2.043194399218478452e+01,1.709830578881104657e+03,7.307428800902748662e+02,1.340475415173917773e+00,1.479402068577278406e+01,1.255379257635889800e+01
0.000000000000000000e+00,2.025688700748948534e+01,1.705108418418918063e+03,7.311788672836255500e+02,1.040377727124840224e+00,1.461095306767499657e+01,1.255456359200296212e+01
0.000000000000000000e+00,2.008183002279383089e+01,1.700266438492966927e+03,7.316153750384962677e+02,7.402800390751408388e-01,1.442788544957683072e+01,1.255533452545473416e+01
0.000000000000000000e+00,1.990677303809817289e+01,1.692535384516357226e+03,7.320524042877557349e+02,5.334093129272675649e-01,1.424454684103167068e+01,1.255610537668942328e+01
0.000000000000000000e+00,1.973171605340287371e+01,1.682342627136249348e+03,7.324899559665029756e+02,4.083686095734850863e-01,1.406097037045640263e+01,1.255687614568222088e+01
0.000000000000000000e+00,1.955665906870721926e+01,1.672148796938836313e+03,7.329280310120770991e+02,2.833279062194438702e-01,1.387739389988074912e+01,1.255764683240832902e+01
0.000000000000000000e+00,1.938160208401156126e+01,1.661954966040340878e+03,7.333666303640576416e+02,1.582872028654026819e-01,1.369381742930509915e+01,1.255841743684295508e+01
0.000000000000000000e+00,1.925994789970696885e+01,1.642412587151228536e+03,7.336717400905015438e+02,1.534028003907037252e-01,1.356615837800434576e+01,1.255918795896129581e+01
0.000000000000000000e+00,1.918492347769455009e+01,1.614873299785927657e+03,7.338600285700042605e+02,2.534353630739367147e-01,1.348732478060649953e+01,1.255995839873856568e+01
0.000000000000000000e+00,1.910989905568212421e+01,1.587550097768240903e+03,7.340484137184948850e+02,3.534679257571697319e-01,1.340849118320864974e+01,1.256072875614997919e+01
0.000000000000000000e+00,1.903487463366985111e+01,1.560441744837309443e+03,7.342368956104384097e+02,4.535004884401957481e-01,1.332965758581096161e+01,1.256149903117073663e+01
1.338326278085716359e-01,1.894646694887657290e+01,1.534895937760185689e+03,7.344591241937171162e+02,5.669163139042858734e-01,1.323668140486218547e+01,1.256226922377607380e+01
3.839140345166540125e-01,1.884643438619334077e+01,1.510751534487558956e+03,7.347107362674522619e+02,6.919570172583269230e-01,1.313142079002609464e+01,1.256303933394119987e+01
6.339954412242190251e-01,1.874640182351031115e+01,1.486840431623708810e+03,7.349625207955260748e+02,8.169977206121095126e-01,1.302616017519022229e+01,1.256380936164133466e+01
8.840768479323013462e-01,1.864636926082707902e+01,1.463160910057984665e+03,7.352144779553000262e+02,9.420384239661505621e-01,1.292089956035412790e+01,1.256457930685171043e+01
2.609899055684606228e+00,1.858658417453596456e+01,1.456479425307703877e+03,7.353651442186053373e+02,1.067079127320191834e+00,1.285797551284969131e+01,1.256534916954754344e+01
5.610875936175386158e+00,1.856157603386520449e+01,1.464318150187551282e+03,7.354281863344547219e+02,1.192119830673974201e+00,1.283163354779685683e+01,1.256611894970407128e+01
8.611852816672374900e+00,1.853656789319439468e+01,1.472128457188664925e+03,7.354912392603060880e+02,1.317160534028015473e+00,1.280529158274397084e+01,1.256688864729653154e+01
1.161282969716936364e+01,1.851155975252358843e+01,1.479910407233086971e+03,7.355543029989391925e+02,1.442201237382056744e+00,1.277894961769108662e+01,1.256765826230014582e+01
1.945522631064057251e+01,1.850000000000000000e+01,1.491763238082095995e+03,7.355834572101865660e+02,1.607587105177342934e+00,1.276677331874088850e+01,1.256842779469016058e+01
3.145913383262852747e+01,1.850000000000000000e+01,1.507133041636738199e+03,7.355834572101865660e+02,1.807652230543808747e+00,1.276677331874088850e+01,1.256919724444181874e+01
4.346304135461648599e+01,1.850000000000000000e+01,1.522502845191379947e+03,7.355834572101865660e+02,2.007717355910274559e+00,1.276677331874088850e+01,1.256996661153035788e+01
5.546694887657960038e+01,1.850000000000000000e+01,1.537872648745989636e+03,7.355834572101865660e+02,2.207782481276327147e+00,1.276677331874088850e+01,1.257073589593102092e+01
6.908857049820944951e+01,1.862132855747314153e+01,1.549496691231084242e+03,7.352775762992496311e+02,2.246076196678603587e+00,1.289436557243295312e+01,1.257150509761906498e+01
8.409345490069439677e+01,1.884640182351041560e+01,1.557834486949244138e+03,7.347108182004916443e+02,2.146043633995370570e+00,1.313105844884736939e+01,1.257227421656974009e+01
9.909833930314829331e+01,1.907147508954722781e+01,1.566060447341736790e+03,7.341449331525352591e+02,2.046011071312344498e+00,1.336775132526129362e+01,1.257304325275829804e+01
1.141032237056332264e+02,1.929654835558449832e+01,1.574170338581004899e+03,7.335799191396207561e+02,1.945978508629111259e+00,1.360444420167570811e+01,1.257381220615998885e+01
1.231621621621648472e+02,1.956216216216236603e+01,1.568391142817315767e+03,7.329142517026663199e+02,1.886486486486469660e+00,1.388305468198534065e+01,1.257458107675008385e+01
1.271634646694858901e+02,1.986225985021143714e+01,1.549887962923729219e+03,7.321636146044554607e+02,1.861478345815712920e+00,1.419732037717382234e+01,1.257534986450383307e+01
1.311647671768151895e+02,2.016235753826113708e+01,1.530076017900645184e+03,7.314145135101101687e+02,1.836470205144904888e+00,1.451158607236295595e+01,1.257611856939650963e+01
1.351660696841445031e+02,2.046245522631083702e+01,1.508918203396725403e+03,7.306669437098399840e+02,1.811462064474096634e+00,1.482585176755208778e+01,1.257688719140337952e+01
1.451276457179958754e+02,2.074900683816325753e+01,1.484482652983023172e+03,7.299545432403733685e+02,1.610354933246763265e+00,1.512523011759445701e+01,1.257765573049970342e+01
1.601325301204807943e+02,2.102409638554215121e+01,1.457057179760619192e+03,7.292719445093007380e+02,1.260240963855447927e+00,1.541201148328300974e+01,1.257842418666076867e+01
1.751374145229657415e+02,2.129918593292103779e+01,1.428219766768281715e+03,7.285906212157907476e+02,9.101269944641328102e-01,1.569879284897156246e+01,1.257919255986184481e+01
1.901422989254196523e+02,2.157427548029935949e+01,1.397935475820892407e+03,7.279105697884432402e+02,5.600130250735416704e-01,1.598557421465952189e+01,1.257996085007819786e+01
2.067766199934854967e+02,2.179505047215888069e+01,1.382463381014965307e+03,7.273657074492986112e+02,3.592640833604770489e-01,1.621539072910310963e+01,1.258072905728512225e+01
2.247824812764674505e+02,2.197010745685454580e+01,1.380191942702996812e+03,7.269342544771023995e+02,2.842396613480523970e-01,1.639725841192314704e+01,1.258149718145789997e+01
2.427883425594121150e+02,2.214516444154983787e+01,1.377693946947951645e+03,7.265033130531168126e+02,2.092152393357827045e-01,1.657912609474281140e+01,1.258226522257181124e+01
2.607942038423940403e+02,2.232022142624549588e+01,1.374965383599326515e+03,7.260728822681106749e+02,1.341908173233579971e-01,1.676099377756285236e+01,1.258303318060215048e+01
2.715861282969742660e+02,2.246805600781510748e+01,1.383364412902801405e+03,7.257097830643990619e+02,2.088896125041775631e-01,1.691441981624108593e+01,1.258380105552420325e+01
2.763376750244179902e+02,2.259309671116889007e+01,1.401363863664766768e+03,7.254029516870510861e+02,4.089547378702296232e-01,1.704403108111612752e+01,1.258456884731326397e+01
2.810892217518715483e+02,2.271813741452293200e+01,1.419546601904209865e+03,7.250963796577455014e+02,6.090198632366955467e-01,1.717364234599143558e+01,1.258533655594463241e+01
2.858407684793251065e+02,2.284317811787697039e+01,1.437914144867031382e+03,7.247900666478024050e+02,8.090849886031613591e-01,1.730325361086674008e+01,1.258610418139360831e+01
2.817238684467702114e+02,2.291364376424614946e+01,1.455852590781784102e+03,7.246175604937913022e+02,1.091012699446123335e+00,1.737627907552984396e+01,1.258687172363548790e+01
2.702201237381983674e+02,2.293865190491695571e+01,1.473358810867920511e+03,7.245563580877930008e+02,1.441126668837438896e+00,1.740217221495678146e+01,1.258763918264558512e+01
2.587163790296265802e+02,2.296366004558776552e+01,1.490914128501249934e+03,7.244951660194359420e+02,1.791240638228754012e+00,1.742806535438371895e+01,1.258840655839919620e+01
2.472126343210786104e+02,2.298866818625852559e+01,1.508518638184453948e+03,7.244339842861011221e+02,2.141354607619344819e+00,1.745395849381060316e+01,1.258917385087164043e+01
2.489749267339597623e+02,2.302735265385866370e+01,1.526665622771446806e+03,7.243393641446809852e+02,2.327352653858665299e+00,1.749399612512110380e+01,1.258994106003821933e+01
2.617290784760720044e+02,2.307736893520027621e+01,1.545307065566634947e+03,7.242170636241243074e+02,2.377368935200282252e+00,1.754575347827800513e+01,1.259070818587426288e+01
2.744832302181578143e+02,2.312738521654179635e+01,1.564045318362554326e+03,7.240948043960700033e+02,2.427385216541795288e+00,1.759751083143480344e+01,1.259147522835508148e+01
2.872373819602699996e+02,2.317740149788341242e+01,1.582880742480945401e+03,7.239725864396083352e+02,2.477401497883411796e+00,1.764926818459170832e+01,1.259224218745599089e+01
2.975239335721296356e+02,2.319999999999999929e+01,1.597235590711690065e+03,7.239173790968479807e+02,2.568544448062570318e+00,1.767265334285400513e+01,1.259300906315232638e+01
3.057766199934793008e+02,2.319999999999999929e+01,1.607839106672713797e+03,7.239173790968479807e+02,2.693585151416352907e+00,1.767265334285400513e+01,1.259377585541940192e+01
3.140293064148460189e+02,2.319999999999999929e+01,1.618442622633759584e+03,7.239173790968479807e+02,2.818625854770393957e+00,1.767265334285400513e+01,1.259454256423254925e+01
3.222819928362127371e+02,2.319999999999999929e+01,1.629046138594805370e+03,7.239173790968479807e+02,2.943666558124435007e+00,1.767265334285400513e+01,1.259530918956710899e+01
3.258625854770435240e+02,2.324122435688693145e+01,1.632818912688067257e+03,7.238166911346544339e+02,3.137414522956435636e+00,1.771527318054983624e+01,1.259607573139839687e+01
3.256125040703354330e+02,2.331624877889935377e+01,1.630949147140557216e+03,7.236335204394438279e+02,3.387495929664517735e+00,1.779283724536140099e+01,1.259684218970177128e+01
3.253624226636273420e+02,2.339127320091177964e+01,1.629024858630550852e+03,7.234504424279624573e+02,3.637577336372600278e+00,1.787040131017296574e+01,1.259760856445255861e+01
3.251123412569197626e+02,2.346629762292405275e+01,1.627045649311108491e+03,7.232674570298820527e+02,3.887658743080165458e+00,1.794796537498437061e+01,1.259837485562610127e+01
3.276170628459767613e+02,2.355509605991529654e+01,1.621582161756812411e+03,7.230509962391380441e+02,4.041322044936474178e+00,1.803969626307591767e+01,1.259914106319774518e+01
3.323686095734303194e+02,2.365512862259853222e+01,1.613180831816011732e+03,7.228073055575110857e+02,4.116346466948899163e+00,1.814298165242421845e+01,1.259990718714284164e+01
3.371201563008838775e+02,2.375516118528176079e+01,1.604612250173368693e+03,7.225637790832239489e+02,4.191370888961324148e+00,1.824626704177252279e+01,1.260067322743673657e+01
3.418717030283276017e+02,2.385519374796479042e+01,1.595874924586095403e+03,7.223204166503602437e+02,4.266395310973593702e+00,1.834955243112061041e+01,1.260143918405478836e+01
3.368205796157567988e+02,2.389999999999999858e+01,1.590278158695205548e+03,7.222114637109946216e+02,4.355226310648023791e+00,1.839581567843287857e+01,1.260220505697234472e+01
3.238163464669365226e+02,2.389999999999999858e+01,1.587329224281103961e+03,7.222114637109946216e+02,4.455258873331256808e+00,1.839581567843287857e+01,1.260297084616477115e+01
3.108121133181431901e+02,2.389999999999999858e+01,1.584380289867008287e+03,7.222114637109946216e+02,4.555291436014282880e+00,1.839581567843287857e+01,1.260373655160742423e+01
2.978078801693228570e+02,2.389999999999999858e+01,1.581431355452906928e+03,7.222114637109946216e+02,4.655323998697516785e+00,1.839581567843287857e+01,1.260450217327566058e+01
2.888169977206069916e+02,2.385848257896443769e+01,1.575377705763246240e+03,7.223124182600204222e+02,4.713839140345188028e+00,1.835295608910905685e+01,1.260526771114486699e+01
2.830651253663330067e+02,2.378345815695216459e+01,1.566850160175520841e+03,7.224949206699158140e+02,4.738847281015943658e+00,1.827550629004882055e+01,1.260603316519039296e+01
2.773132530120470847e+02,2.370843373493974227e+01,1.558363403047323800e+03,7.226775153267298037e+02,4.763855421686751690e+00,1.819805649098843503e+01,1.260679853538761996e+01
2.715613806577612195e+02,2.363340931292731639e+01,1.549917265834418458e+03,7.228602023004198145e+02,4.788863562357559722e+00,1.812060669192803886e+01,1.260756382171192413e+01
2.444470856398794183e+02,2.354451318788673220e+01,1.543431199359904667e+03,7.230767869289662713e+02,4.689026375773464927e+00,1.802876283209614883e+01,1.260832902413867274e+01
2.001826766525488495e+02,2.344448062520350362e+01,1.538492574606794506e+03,7.233206593835742524e+02,4.488961250407000669e+00,1.792536317699667237e+01,1.260909414264325079e+01
1.559182676652182522e+02,2.334444806252026439e+01,1.533550705658159359e+03,7.235646963956419313e+02,4.288896125040533747e+00,1.782196352189719590e+01,1.260985917720104332e+01
1.116538586779792581e+02,2.324441549983723831e+01,1.528605784102378948e+03,7.238088981317825983e+02,4.088830999674481603e+00,1.771856386679793616e+01,1.261062412778743180e+01
8.727254965809069631e+01,2.321390426571149490e+01,1.516672936682645059e+03,7.238834156503985469e+02,3.916574405731012121e+00,1.768703360220348486e+01,1.261138899437781191e+01
7.876978183001588718e+01,2.323891240638230826e+01,1.499117172522580631e+03,7.238223371905435215e+02,3.766525561706162595e+00,1.771289786257914045e+01,1.261215377694756867e+01
7.026701400195868530e+01,2.326392054705306123e+01,1.481504670669122106e+03,7.237612690369436450e+02,3.616476717681624375e+00,1.773876212295473920e+01,1.261291847547208889e+01
6.176424617388389038e+01,2.328892868772387459e+01,1.463835316711402356e+03,7.237002111869902592e+02,3.466427873656774850e+00,1.776462638333039479e+01,1.261368308992677889e+01
5.144969065450079881e+01,2.330000000000000071e+01,1.432611460311953806e+03,7.236731836577868080e+02,3.469684141973396141e+00,1.777607670693419095e+01,1.261444762028703082e+01
3.969586453924524960e+01,2.330000000000000071e+01,1.390652640268280948e+03,7.236731836577868080e+02,3.594724845327177842e+00,1.777607670693419095e+01,1.261521206652825278e+01
2.794203842396537851e+01,2.330000000000000071e+01,1.348693820224521232e+03,7.236731836577868080e+02,3.719765548681218448e+00,1.777607670693419095e+01,1.261597642862584401e+01
1.618821230868551098e+01,2.330000000000000071e+01,1.306735000180761062e+03,7.236731836577868080e+02,3.844806252035259941e+00,1.777607670693419095e+01,1.261674070655521263e+01
9.603060892219138722e+00,2.321618365353314672e+01,1.294383594895256010e+03,7.238778481763309856e+02,3.872061217844382064e+00,1.768931029804683419e+01,1.261750490029176852e+01
7.102246825138314179e+00,2.306613480950830208e+01,1.305181872412770872e+03,7.242445298711141959e+02,3.822044936502766443e+00,1.753398022339506568e+01,1.261826900981092336e+01
4.601432758057490524e+00,2.291608596548344678e+01,1.315667575189982927e+03,7.246115832407837161e+02,3.772028655161149935e+00,1.737865014874329361e+01,1.261903303508808705e+01
2.100618690981839176e+00,2.276603712145891123e+01,1.325844865427911827e+03,7.249790088507292012e+02,3.722012373819636899e+00,1.722332007409184484e+01,1.261979697609868900e+01
8.599804623901017298e-01,2.261598827743406304e+01,1.344888074076119892e+03,7.253468072674908171e+02,3.685998046239010506e+00,1.706779407283921302e+01,1.262056083281813734e+01
6.098990556820192976e-01,2.246593943340921129e+01,1.370608461010404199e+03,7.257149790587554889e+02,3.660989905568202474e+00,1.691211406416543284e+01,1.262132460522186861e+01
3.598176489744542295e-01,2.231589058938467574e+01,1.395739732918797017e+03,7.260835247933640630e+02,3.635981764897444624e+00,1.675643405549197240e+01,1.262208829328529802e+01
1.097362422663718251e-01,2.216584174535982399e+01,1.420289375928109621e+03,7.264524450413158547e+02,3.610973624226636591e+00,1.660075404681819222e+01,1.262285189698385679e+01
0.000000000000000000e+00,2.208596548355583167e+01,1.431887072963602577e+03,7.266489871719237499e+02,3.670172582220855517e+00,1.651786082388426280e+01,1.262361541629297612e+01
0.000000000000000000e+00,2.206095734288507160e+01,1.433674247898667545e+03,7.267105436271890540e+02,3.795213285574637663e+00,1.649187977448706022e+01,1.262437885118809078e+01
0.000000000000000000e+00,2.203594920221426179e+01,1.435452287421819847e+03,7.267721105125747272e+02,3.920253988928678712e+00,1.646589872508980079e+01,1.262514220164463730e+01
0.000000000000000000e+00,2.201094106154345553e+01,1.437221212196891202e+03,7.268336878307318329e+02,4.045294692282720206e+00,1.643991767569254492e+01,1.262590546763806110e+01
0.000000000000000000e+00,2.188746336698159567e+01,1.456106371339239331e+03,7.271378788547427803e+02,4.128134158254600727e+00,1.631143488271894171e+01,1.262666864914379161e+01
0.000000000000000000e+00,2.168739824161513141e+01,1.487515182623807959e+03,7.276312861760642363e+02,4.178150439596216792e+00,1.610322851140771050e+01,1.262743174613728314e+01
0.000000000000000000e+00,2.148733311624866005e+01,1.517922506596710491e+03,7.281253635658835037e+02,4.228166720937834633e+00,1.589502214009648107e+01,1.262819475859397755e+01
0.000000000000000000e+00,2.128726799088219579e+01,1.547345565583418420e+03,7.286201123901012124e+02,4.278183002279450697e+00,1.568681576878524808e+01,1.262895768648933092e+01
0.000000000000000000e+00,2.105900358189517974e+01,1.586035406224388225e+03,7.291854181329773610e+02,4.511494627157225601e+00,1.544875013400609731e+01,1.262972052979879400e+01
0.000000000000000000e+00,2.080892217518709586e+01,1.631013612378542575e+03,7.298057623421897233e+02,4.886616737219349638e+00,1.518758322148536166e+01,1.263048328849782287e+01
0.000000000000000000e+00,2.055884076847901554e+01,1.674208820895870758e+03,7.304271629482888102e+02,5.261738847281472786e+00,1.492641630896462779e+01,1.263124596256187537e+01
0.000000000000000000e+00,2.030875936177145036e+01,1.715659500814668036e+03,7.310496226520128857e+02,5.636860957342820555e+00,1.466524939644443393e+01,1.263200855196641292e+01
0.000000000000000000e+00,2.007281015955703296e+01,1.752310893505585000e+03,7.316378803498025718e+02,5.870661022468313561e+00,1.441834224810636123e+01,1.263277105668689337e+01
0.000000000000000000e+00,1.984773689351975534e+01,1.785192684441267602e+03,7.321999056030787187e+02,5.995701725822355499e+00,1.418240920400101679e+01,1.263353347669879589e+01
0.000000000000000000e+00,1.962266362748295023e+01,1.816790213041921788e+03,7.327627949866163135e+02,6.120742429176137200e+00,1.394647615989616085e+01,1.263429581197758012e+01
0.000000000000000000e+00,1.939759036144567617e+01,1.847129107026696602e+03,7.333265504948892612e+02,6.245783132530179138e+00,1.371054311579081642e+01,1.263505806249872165e+01
0.000000000000000000e+00,1.927167046564630937e+01,1.873326516831314848e+03,7.336423287430549180e+02,6.427482904591597546e+00,1.357848213695000616e+01,1.263582022823769790e+01
0.000000000000000000e+00,1.922165418430479633e+01,1.896902177380332205e+03,7.337678335948188533e+02,6.652556170628406207e+00,1.352593701496673440e+01,1.263658230916997915e+01
0.000000000000000000e+00,1.917163790296318382e+01,1.920311449326597312e+03,7.338933813943858695e+02,6.877629436665680274e+00,1.347339189298335249e+01,1.263734430527105346e+01
0.000000000000000000e+00,1.912162162162156420e+01,1.943555037614944467e+03,7.340189721638040510e+02,7.102702702702954340e+00,1.342084677099997059e+01,1.263810621651639821e+01
8.518397915984193824e-01,1.898642136112020751e+01,1.957180286094677285e+03,7.343586749498759900e+02,7.412959947899604884e+00,1.327856840699535468e+01,1.263886804288149612e+01
2.352328231846913642e+00,1.878635623575375035e+01,1.963183731553004009e+03,7.348619338185631022e+02,7.788082057961728921e+00,1.306796106053382900e+01,1.263962978434184770e+01
3.852816672095408013e+00,1.858629111038727544e+01,1.968700988469491222e+03,7.353658829308138820e+02,8.163204168023851182e+00,1.285735371407231042e+01,1.264039144087293742e+01
5.353305112340797756e+00,1.838622598502122685e+01,1.973741837507745458e+03,7.358705237076552521e+02,8.538326278085198950e+00,1.264674636761122173e+01,1.264115301245025691e+01
9.557473135788718821e+00,1.824308042982737987e+01,1.956584331727452536e+03,7.362320168306613368e+02,8.628850537284224131e+00,1.249591047209495898e+01,1.264191449904930487e+01
1.580950830349077840e+01,1.814304786714414419e+01,1.923129114293732300e+03,7.364848452998343191e+02,8.503809833930182194e+00,1.239034768930840436e+01,1.264267590064557822e+01
2.206154347117990255e+01,1.804301530446112167e+01,1.890005910887549817e+03,7.367378474756438891e+02,8.378769130576399604e+00,1.228478490652206823e+01,1.264343721721458458e+01
2.831357863888196036e+01,1.794298274177788954e+01,1.857212235724774473e+03,7.369910235371709177e+02,8.253728427222359443e+00,1.217922212373551538e+01,1.264419844873182974e+01
3.499348746337410176e+01,1.782868772386832035e+01,1.833837506801218979e+03,7.372805100383757235e+02,8.085900358189311632e+00,1.205846788637881772e+01,1.264495959517281243e+01
4.199576685118592678e+01,1.770364702051453776e+01,1.817485344537666606e+03,7.375974738257948502e+02,7.885835232823259489e+00,1.192626803256546353e+01,1.264572065651304911e+01
4.899804623901223266e+01,1.757860631716049582e+01,1.801262959066396206e+03,7.379147102618223926e+02,7.685770107456793454e+00,1.179406817875184110e+01,1.264648163272805270e+01
5.600032562683854565e+01,1.745356561380645743e+01,1.785169454580398678e+03,7.382322196984031279e+02,7.485704982090327420e+00,1.166186832493821690e+01,1.264724252379333613e+01
6.228785411917707648e+01,1.735711494627160079e+01,1.769853865912241872e+03,7.384773186537208858e+02,7.342819928362138704e+00,1.111372846092860911e+01,1.264800332968442298e+01
6.803972647346296299e+01,1.728209052425917491e+01,1.755127411096791320e+03,7.386680821258331662e+02,7.242787365678905687e+00,1.025387045715787515e+01,1.264876405037682616e+01
7.379159882774885659e+01,1.720706610224675259e+01,1.740495638337659329e+03,7.388589441794572394e+02,7.142754802995671781e+00,9.394012453387142969e+00,1.264952468584607992e+01
7.954347118202286993e+01,1.713204168023448304e+01,1.725958053446806161e+03,7.390499048910287456e+02,7.042722240312645710e+00,8.534154449618192473e+00,1.265028523606770783e+01
9.518137414523502571e+01,1.718596548355588283e+01,1.719900134536999076e+03,7.389126419045099965e+02,6.914034516444119483e+00,8.705013022907042597e+00,1.265104570101723525e+01
1.181888635623786286e+02,1.733601432758073102e+01,1.719977499088848845e+03,7.385309609206259438e+02,6.763985672419269513e+00,9.644223953640784330e+00,1.265180608067019996e+01
1.411963529794745966e+02,1.748606317160527013e+01,1.719885293066987742e+03,7.381496740433087780e+02,6.613936828394731293e+00,1.058343488437258273e+01,1.265256637500212911e+01
1.642038423966181711e+02,1.763611201563011477e+01,1.719615994647236676e+03,7.377687806624668383e+02,6.463887984369882211e+00,1.152264581510632446e+01,1.265332658398856402e+01
1.903705633344439150e+02,1.782924128948245368e+01,1.720027656704835636e+03,7.372791074189429992e+02,6.328199283620860705e+00,1.184009911055520625e+01,1.265408670760505494e+01
2.188798436991063170e+02,1.805431455551925879e+01,1.720753810379096876e+03,7.367092607223348750e+02,6.203158580267079003e+00,1.169652123426348211e+01,1.265484674582712898e+01
2.473891240638277225e+02,1.827938782155653286e+01,1.721111631077638776e+03,7.361402942201227688e+02,6.078117876913037065e+00,1.155294335797145600e+01,1.265560669863034526e+01
2.758984044285490995e+02,1.850446108759380692e+01,1.721088771454690686e+03,7.355722058745376444e+02,5.953077173558996016e+00,1.140936548167943343e+01,1.265636656599024867e+01
3.118918918918694771e+02,1.874392705958958061e+01,1.715099781776912778e+03,7.349687520273569135e+02,5.885607294041043325e+00,1.082846156164569251e+01,1.265712634788237878e+01
3.534054054054111020e+02,1.899400846629766093e+01,1.704285470068102995e+03,7.343396033401788827e+02,5.860599153370233516e+00,9.925004948714740038e+00,1.265788604428231068e+01
3.949189189189527269e+02,1.924408987300574481e+01,1.692658962283582014e+03,7.337115308607229736e+02,5.835591012699425484e+00,9.021548335783785788e+00,1.265864565516558926e+01
4.364324324324085183e+02,1.949417127971330999e+01,1.680200320194204778e+03,7.330845318299450355e+02,5.810582872028669854e+00,8.118091722854696712e+00,1.265940518050777186e+01
4.822735265385918524e+02,1.977310322370566453e+01,1.672510570196471917e+03,7.323864622979629075e+02,5.814425268642137823e+00,8.809440218472312623e+00,1.266016462028443001e+01
5.312894822533759225e+02,2.007320091175536447e+01,1.668133252932565028e+03,7.316369053617752343e+02,5.839433409312947632e+00,1.067079246189782182e+01,1.266092397447112639e+01
5.803054379680586408e+02,2.037329859980443914e+01,1.662936322625459297e+03,7.308888811168933444e+02,5.864441549983704149e+00,1.253214470531948166e+01,1.266168324304341652e+01
6.293213936828428814e+02,2.067339628785413908e+01,1.656894356044932920e+03,7.301423848670523284e+02,5.889449690654511294e+00,1.439349694874499086e+01,1.266244242597688796e+01
6.740000000000309228e+02,2.094457831325320285e+01,1.651695928735653752e+03,7.294691269923456503e+02,5.871084337349360638e+00,1.375420684160057405e+01,1.266320152324710868e+01
7.155135135134867141e+02,2.119465971996076803e+01,1.647112687280041428e+03,7.288493546968281862e+02,5.821068056007847602e+00,1.129012366783180710e+01,1.266396053482965378e+01
7.570270270270284527e+02,2.144474112666884835e+01,1.641947235788818261e+03,7.282306346504219619e+02,5.771051774666231537e+00,8.826040494057941999e+00,1.266471946070010368e+01
7.985405405405703050e+02,2.169482253337693223e+01,1.636184848487293493e+03,7.276129641756397177e+02,5.721035493324614585e+00,6.361957320284077788e+00,1.266547830083403525e+01
8.284617388472665880e+02,2.195939433409294139e+01,1.627066160550927862e+03,7.269606437959694176e+02,5.757961576033797435e+00,6.197179097024725358e+00,1.266623705520703780e+01
8.499687398241616165e+02,2.223448388147183152e+01,1.615114816062898626e+03,7.262836303258092130e+02,5.857994138717030452e+00,7.701334579418253945e+00,1.266699572379469529e+01
8.714757408010567588e+02,2.250957342885072165e+01,1.602243435280517360e+03,7.256078766784033860e+02,5.958026701400263470e+00,9.205490061811781644e+00,1.266775430657260770e+01
8.929827417779073357e+02,2.278466297622904690e+01,1.588427957489672963e+03,7.249333793405039614e+02,6.058059264083289541e+00,1.070964554420219805e+01,1.266851280351635545e+01
8.929957668511889324e+02,2.291452295669162709e+01,1.576875696175633038e+03,7.246154086713484048e+02,6.012862259850216162e+00,1.089734179091415633e+01,1.266927121460154027e+01
8.774907196352878600e+02,2.293953109736243690e+01,1.567425438375296608e+03,7.245542066288272736e+02,5.862813415825367080e+00,1.013458988989021670e+01,1.267002953980376034e+01
8.619856724194188473e+02,2.296453923803319341e+01,1.557942612243597523e+03,7.244930149238554122e+02,5.712764571800827973e+00,9.371837988867859792e+00,1.267078777909861387e+01
8.464806252035176612e+02,2.298954737870399967e+01,1.548427150725182628e+03,7.244318335538132487e+02,5.562715727775978891e+00,8.609086087843921931e+00,1.267154593246170258e+01
8.215144903939890355e+02,2.305822207749924146e+01,1.539261913959295498e+03,7.242638769129811180e+02,5.339889286877069985e+00,9.686034892757449555e+00,1.267230399986864420e+01
7.897541517421283288e+02,2.315825464018227109e+01,1.530229520903329330e+03,7.240193681268377759e+02,5.064799739498748288e+00,1.208411105025079380e+01,1.267306198129503692e+01
7.579938130902019111e+02,2.325828720286550677e+01,1.521024763214563336e+03,7.237750243754890107e+02,4.789710192119858156e+00,1.448218720774910295e+01,1.267381987671649846e+01
7.262334744382753797e+02,2.335831976554873890e+01,1.511646109910157747e+03,7.235308454919025962e+02,4.514620644740968025e+00,1.688026336524741211e+01,1.267457768610864832e+01
6.934519700423585391e+02,2.341458808205793929e+01,1.505667051007258351e+03,7.233935672589160504e+02,4.297883425594410944e+00,1.789453808646716837e+01,1.267533540944708648e+01
6.599410615434754845e+02,2.343959622272874910e+01,1.502193597615863155e+03,7.233325714306038208e+02,4.122826440898753830e+00,1.792038321034870663e+01,1.267609304670745196e+01
6.264301530445925437e+02,2.346460436339955535e+01,1.498705865414549635e+03,7.232715858876401853e+02,3.947769456203095828e+00,1.794622833423024488e+01,1.267685059786536250e+01
5.929192445457788381e+02,2.348961250407031187e+01,1.495203823750565107e+03,7.232106106274233071e+02,3.772712471507800647e+00,1.797207345811172985e+01,1.267760806289644115e+01
5.525366330185682955e+02,2.344151742103550973e+01,1.491443052996531378e+03,7.233278859786275916e+02,3.597655486812141756e+00,1.792233513095623465e+01,1.267836544177631808e+01
5.072718984044053627e+02,2.334148485835227760e+01,1.487495133526469544e+03,7.235719278678212731e+02,3.422598502116484642e+00,1.781889720272975453e+01,1.267912273448062699e+01
4.620071637903360511e+02,2.324145229566924442e+01,1.483534143373679171e+03,7.238161344860267263e+02,3.247541517421189017e+00,1.771545927450348756e+01,1.267987994098500160e+01
4.167424291761731183e+02,2.314141973298601940e+01,1.479560346158628818e+03,7.240605060000900721e+02,3.072484532725531903e+00,1.761202134627700744e+01,1.268063706126507206e+01
3.656164115922888413e+02,2.293881471833266161e+01,1.471779485716432646e+03,7.245559596685022825e+02,2.897427548029873901e+00,1.740205114419948274e+01,1.268139409529648631e+01
3.103484207099168657e+02,2.266372517095433636e+01,1.461229455761744930e+03,7.252297545401913794e+02,2.722370563334578275e+00,1.711679813526783533e+01,1.268215104305488872e+01
2.550804298274306632e+02,2.238863562357544623e+01,1.450576908002197115e+03,7.259048037583798987e+02,2.547313578638920273e+00,1.683154512633559463e+01,1.268290790451592009e+01
1.998124389449444607e+02,2.211354607619655610e+01,1.439827370924660272e+03,7.265811108289941558e+02,2.372256593943263159e+00,1.654629211740335393e+01,1.268366467965522837e+01
1.636359492022358211e+02,2.189719960924796283e+01,1.427193022615563905e+03,7.271138840818422295e+02,2.255942689677700397e+00,1.632158789308907032e+01,1.268442136844846502e+01
1.408785411918003092e+02,2.172214262455230838e+01,1.413369737670885343e+03,7.275455503726786901e+02,2.180918267665275412e+00,1.613944234887134144e+01,1.268517797087128507e+01
1.181211331813647973e+02,2.154708563985665037e+01,1.399659088055492475e+03,7.279777295033288738e+02,2.105893845652850871e+00,1.595729680465361078e+01,1.268593448689934178e+01
9.536372517097638024e+01,2.137202865516135475e+01,1.386060357363950743e+03,7.284104223882519591e+02,2.030869423640581761e+00,1.577515126043625671e+01,1.268669091650829905e+01
7.805210029306822150e+01,2.121169000325631160e+01,1.383027511924640521e+03,7.288071871478169896e+02,1.926408336046928182e+00,1.560808936182492701e+01,1.268744725967381903e+01
6.454770433083176329e+01,2.106164115923146340e+01,1.387161099807424762e+03,7.291788810601232171e+02,1.801367632692886911e+00,1.545157266677916397e+01,1.268820351637156207e+01
5.104330836862325782e+01,2.091159231520692430e+01,1.391089070768945930e+03,7.295509542959673581e+02,1.676326929339104321e+00,1.529505597173372600e+01,1.268895968657720275e+01
3.753891240638680671e+01,2.076154347118207610e+01,1.394814420803983694e+03,7.299234074363118907e+02,1.551286225985063272e+00,1.513853927668796118e+01,1.268971577026640318e+01
2.801725822207517780e+01,2.065574731357860827e+01,1.391783857054780128e+03,7.301862446767597703e+02,1.440996418104817378e+00,1.502810170074393525e+01,1.269047176741484151e+01
2.126506024097092507e+01,2.058072289156634227e+01,1.384183009596911461e+03,7.303727481532393995e+02,1.340963855421791751e+00,1.494970589636089287e+01,1.269122767799818874e+01
1.451286225985269951e+01,2.050569846955391995e+01,1.376618951801942558e+03,7.305593469271416325e+02,1.240931292738558733e+00,1.487131009197768705e+01,1.269198350199213543e+01
7.760664278734475729e+00,2.043067404754149763e+01,1.369091529366465238e+03,7.307460410715254966e+02,1.140898730055325494e+00,1.479291428759448479e+01,1.269273923937235260e+01
4.260827092151158624e+00,2.032608270921511107e+01,1.373861357016645798e+03,7.310064701521744155e+02,1.100000000000000089e+00,1.468350114413212104e+01,1.269349489011452370e+01
3.010420058613332728e+00,2.020104200586132848e+01,1.386884854202008455e+03,7.313180612157648284e+02,1.100000000000000089e+00,1.455263547980916172e+01,1.269425045419434817e+01
1.760013025072920234e+00,2.007600130250729009e+01,1.399617444005441030e+03,7.316299180236322854e+02,1.100000000000000089e+00,1.442176981548593595e+01,1.269500593158750057e+01
5.096059915325081846e-01,1.995096059915324815e+01,1.412062368242004823e+03,7.319420409158860821e+02,1.100000000000000089e+00,1.429090415116270840e+01,1.269576132226968213e+01
0.000000000000000000e+00,1.987036795831978608e+01,1.434633018961856806e+03,7.321433550512324473e+02,1.203712145880744488e+00,1.420651407500001717e+01,1.269651662621659050e+01
0.000000000000000000e+00,1.982035167697816647e+01,1.464149490509528732e+03,7.322683475216960005e+02,1.378769130576402047e+00,1.415409511772543638e+01,1.269727184340391268e+01
0.000000000000000000e+00,1.977033539563655395e+01,1.493468471935478419e+03,7.323933826772025668e+02,1.553826115272059827e+00,1.410167616045085737e+01,1.269802697380736412e+01
0.000000000000000000e+00,1.972031911429504092e+01,1.522590783928433666e+03,7.325184605396210600e+02,1.728883099967355008e+00,1.404925720317638493e+01,1.269878201740264423e+01
0.000000000000000000e+00,1.968515141647671385e+01,1.539054767939085878e+03,7.326064314944122771e+02,1.814848583523287928e+00,1.401239081407034881e+01,1.269953697416544891e+01
0.000000000000000000e+00,1.966014327580590049e+01,1.546929355794323101e+03,7.326690014740252082e+02,1.839856724194095294e+00,1.398616565581647464e+01,1.270029184407150602e+01
0.000000000000000000e+00,1.963513513513514752e+01,1.554775465987804409e+03,7.327315821424238038e+02,1.864864864864852256e+00,1.395994049756265731e+01,1.270104662709651144e+01
0.000000000000000000e+00,1.961012699446433771e+01,1.562593159116396919e+03,7.327941735023478032e+02,1.889873005535660289e+00,1.393371533930878492e+01,1.270180132321619126e+01
0.000000000000000000e+00,1.955535656138059153e+01,1.567155924881504689e+03,7.329312924629144845e+02,1.855356561380593794e+00,1.387624200500466820e+01,1.270255593240625913e+01
0.000000000000000000e+00,1.948033213936832553e+01,1.569469553436986189e+03,7.331192010306618840e+02,1.780332139368324018e+00,1.379750350056589703e+01,1.270331045464243225e+01
0.000000000000000000e+00,1.940530771735589965e+01,1.571723832702150048e+03,7.333072059749327991e+02,1.705307717355899255e+00,1.371876499612696598e+01,1.270406488990044203e+01
0.000000000000000000e+00,1.933028329534347378e+01,1.573919202095225273e+03,7.334953073698916342e+02,1.630283295343474936e+00,1.364002649168803494e+01,1.270481923815600744e+01
0.000000000000000000e+00,1.928508629111039951e+01,1.576651673096230297e+03,7.336086719833264169e+02,1.629827417779196486e+00,1.359257942954410225e+01,1.270557349938485814e+01
0.000000000000000000e+00,1.926007815043959326e+01,1.579764375912983496e+03,7.336714132847968131e+02,1.679843699120812772e+00,1.356631216458656120e+01,1.270632767356273440e+01
0.000000000000000000e+00,1.923507000976878345e+01,1.582863163981247226e+03,7.337341653189855606e+02,1.729859980462429503e+00,1.354004489962901658e+01,1.270708176066536588e+01
0.000000000000000000e+00,1.921006186909801983e+01,1.585948068553257826e+03,7.337969280886470642e+02,1.779876261803942317e+00,1.351377763467152882e+01,1.270783576066848219e+01
0.000000000000000000e+00,1.924483881471833513e+01,1.579995454591038651e+03,7.337096515280622953e+02,1.889677629436676831e+00,1.355028662143295115e+01,1.270858967354783609e+01
0.000000000000000000e+00,1.931986323673076456e+01,1.567844626022667626e+03,7.335214401960582791e+02,2.039726473461525469e+00,1.362905674497255859e+01,1.270934349927915719e+01
0.000000000000000000e+00,1.939488765874303056e+01,1.555541860114582732e+03,7.333333253993009748e+02,2.189775317486065465e+00,1.370782686851200616e+01,1.271009723783820711e+01
0.000000000000000000e+00,1.946991208075545643e+01,1.543086148045229947e+03,7.331453070635379845e+02,2.339824161510914990e+00,1.378659699205161537e+01,1.271085088920072614e+01
7.489417127980333433e-01,1.951497883425595958e+01,1.539812926443725019e+03,7.330324118378601952e+02,2.399999999999999911e+00,1.383390115239581597e+01,1.271160445334246347e+01
1.999348746335857907e+00,1.953998697492671610e+01,1.542764077877367754e+03,7.329697797749701067e+02,2.399999999999999911e+00,1.386013679825262912e+01,1.271235793023917715e+01
3.249755779876270179e+00,1.956499511559751880e+01,1.545720213622762685e+03,7.329071584140357345e+02,2.399999999999999911e+00,1.388637244410949378e+01,1.271311131986662701e+01
4.500162813416682894e+00,1.959000325626833572e+01,1.548681340946246110e+03,7.328445477523141562e+02,2.399999999999999911e+00,1.391260808996636023e+01,1.271386462220056224e+01
8.902963204163436117e+00,1.960000000000000142e+01,1.551228975801025854e+03,7.328195227851440450e+02,2.219863236730918121e+00,1.369651344657668091e+01,1.271461783721675687e+01
1.540507977857357780e+01,1.960000000000000142e+01,1.553498918841930845e+03,7.328195227851440450e+02,1.919765548681219292e+00,1.331904049776619203e+01,1.271537096489097074e+01
2.190719635298371770e+01,1.960000000000000142e+01,1.555768861882835608e+03,7.328195227851440450e+02,1.619667860631520684e+00,1.294156754895570138e+01,1.271612400519897790e+01
2.840931292738040526e+01,1.960000000000000142e+01,1.558038804923735825e+03,7.328195227851440450e+02,1.319570172582442691e+00,1.256409460014599233e+01,1.271687695811654351e+01
4.288472810159436222e+01,1.966017583848908856e+01,1.562015801373414661e+03,7.326689199957480696e+02,1.215043959622271297e+00,1.270383538187684103e+01,1.271762982361944161e+01
6.264115923153286758e+01,1.976020840117231359e+01,1.567120141355329679e+03,7.324187042382791333e+02,1.240052100293079551e+00,1.318614629682404882e+01,1.271838260168345691e+01
8.239759036143050253e+01,1.986024096385534321e+01,1.572220167675317043e+03,7.321686593261936196e+02,1.265060240963836069e+00,1.366845721177025830e+01,1.271913529228434747e+01
1.021540214913690221e+02,1.996027352653857889e+01,1.577315659300366633e+03,7.319187850845727326e+02,1.290068381634644323e+00,1.415076812671746609e+01,1.271988789539792464e+01
1.265841745359978461e+02,2.012061217844361849e+01,1.585119731055565353e+03,7.315186260968285978e+02,1.511071312276336176e+00,1.446841754719416784e+01,1.272064041099996068e+01
1.540931292738299589e+02,2.032067730380967063e+01,1.594681991805691496e+03,7.310199344831306689e+02,1.861185281666926983e+00,1.467759665273853997e+01,1.272139283906623675e+01
1.816020840117190005e+02,2.052074242917613489e+01,1.604207209016037723e+03,7.305219223433171010e+02,2.211299251058242543e+00,1.488677575828334732e+01,1.272214517957255708e+01
2.091110387496080421e+02,2.072080755454260270e+01,1.613693280038796047e+03,7.300245882896464309e+02,2.561413220449557659e+00,1.509595486382815288e+01,1.272289743249470462e+01
2.440234451319277298e+02,2.099641810485223914e+01,1.628794900747629072e+03,7.293405667747341568e+02,2.820872679909069980e+00,1.538328455633993386e+01,1.272364959780847471e+01
2.837863887984305507e+02,2.132152393357207387e+01,1.647611553539187071e+03,7.285353518384545168e+02,3.020937805275122123e+00,1.572181635755334383e+01,1.272440167548967693e+01
3.235493324650156524e+02,2.164662976229258007e+01,1.666444493834395189e+03,7.277319129066642063e+02,3.221002930641588158e+00,1.606034815876745370e+01,1.272515366551410310e+01
3.633122761316007541e+02,2.197173559101308982e+01,1.685287610928869071e+03,7.269302441100298893e+02,3.421068056008054192e+00,1.639887995998156356e+01,1.272590556785757165e+01
4.127658743080320960e+02,2.232712471507645091e+01,1.704016167607952411e+03,7.260559188878705754e+02,3.454575056984710457e+00,1.676769347959129064e+01,1.272665738249587797e+01
4.685340280039343384e+02,2.270224682513857317e+01,1.722549145106997230e+03,7.251353254793734777e+02,3.379550634972285472e+00,1.715623895764066376e+01,1.272740910940483516e+01
5.243021816998367512e+02,2.307736893520069898e+01,1.740921729545797234e+03,7.242170636241229431e+02,3.304526212959860931e+00,1.754478443569003687e+01,1.272816074856025814e+01
5.800703353956238288e+02,2.345249104526204675e+01,1.759118913824191168e+03,7.233011244757640270e+02,3.229501790947591378e+00,1.793332991373860352e+01,1.272891229993796358e+01
6.153533051123512223e+02,2.381243894496922664e+01,1.773285824537398412e+03,7.224244118465985594e+02,3.215174210354944773e+00,1.830498563465403450e+01,1.272966376351376816e+01
6.373604689026624328e+02,2.416255291436053554e+01,1.784605341694653362e+03,7.215736880008088292e+02,3.240182351025752805e+00,1.866569563313502300e+01,1.273041513926349921e+01
6.593676326929281686e+02,2.451266688375113034e+01,1.795509479486780037e+03,7.207249654157477607e+02,3.265190491696509323e+00,1.902640563161526188e+01,1.273116642716297520e+01
6.813747964832393791e+02,2.486278085314244279e+01,1.805978458730917055e+03,7.198782370379959730e+02,3.290198632367317355e+00,1.938711563009625394e+01,1.273191762718802877e+01
7.056629762292694750e+02,2.519768804949563545e+01,1.809993750005378160e+03,7.190701449637509768e+02,3.376033865190628092e+00,1.973117642214726786e+01,1.273266873931448551e+01
7.314213611201487311e+02,2.552279387821547019e+01,1.809442826557806256e+03,7.182874359250380394e+02,3.501074568544410681e+00,2.006450614110250896e+01,1.273341976351817806e+01
7.571797460110811926e+02,2.584789970693597638e+01,1.808098536991084075e+03,7.175064289937359945e+02,3.626115271898451731e+00,2.039783586005843574e+01,1.273417069977495331e+01
7.829381309020136541e+02,2.617300553565647903e+01,1.805936897848981971e+03,7.167271186236798712e+02,3.751155975252492780e+00,2.073116557901436252e+01,1.273492154806063681e+01
7.818752849234837186e+02,2.640667535004878630e+01,1.806309247021020610e+03,7.161680341279566164e+02,3.876196678606275370e+00,2.097036422029809444e+01,1.273567230835107544e+01
7.636193422337936454e+02,2.658173233474444430e+01,1.808544118775186234e+03,7.157497593740180264e+02,4.001237381960316419e+00,2.114922242717750933e+01,1.273642298062211609e+01
7.453633995441036859e+02,2.675678931944010230e+01,1.810607921573121303e+03,7.153319729179095248e+02,4.126278085314358357e+00,2.132808063405692778e+01,1.273717356484960739e+01
7.271074568544514705e+02,2.693184630413539438e+01,1.812497362023252890e+03,7.149146739050653423e+02,4.251318788668140947e+00,2.150693884093597674e+01,1.273792406100938557e+01
7.039645066753417950e+02,2.710690328883105593e+01,1.809855273477867968e+03,7.144978614829107073e+02,4.299999999999999822e+00,2.168553469077064122e+01,1.273867446907731882e+01
6.777059589709931515e+02,2.728196027352671393e+01,1.804138520564891451e+03,7.140815348008600267e+02,4.299999999999999822e+00,2.186396328099681341e+01,1.273942478902926112e+01
6.514474112666988503e+02,2.745701725822200956e+01,1.798089105212832919e+03,7.136656930103091554e+02,4.299999999999999822e+00,2.204239187122261967e+01,1.274017502084106646e+01
6.251888635623502068e+02,2.763207424291766401e+01,1.791701598054990654e+03,7.132503352646267558e+02,4.299999999999999822e+00,2.222082046144879186e+01,1.274092516448859946e+01
5.810240963854888605e+02,2.769999999999999929e+01,1.782920625826973719e+03,7.130892979735779136e+02,4.254086616737146720e+00,2.229005447171874721e+01,1.274167521994772478e+01
5.255060240964095328e+02,2.769999999999999929e+01,1.772772765810759893e+03,7.130892979735779136e+02,4.179062194724878054e+00,2.229005447171874721e+01,1.274242518719430173e+01
4.699879518072152109e+02,2.769999999999999929e+01,1.762624905794525375e+03,7.130892979735779136e+02,4.104037772712453069e+00,2.229005447171874721e+01,1.274317506620421092e+01
4.144698795180208890e+02,2.769999999999999929e+01,1.752477045778290858e+03,7.130892979735779136e+02,4.029013350700028084e+00,2.229005447171874721e+01,1.274392485695332056e+01
3.531237381960575590e+02,2.731657440573132334e+01,1.786841165302058698e+03,7.139992716982161483e+02,4.337414522956436258e+00,2.189802358870607080e+01,1.274467455941751126e+01
2.881025724519561209e+02,2.669137088896111720e+01,1.843603130123537312e+03,7.154880417579103096e+02,4.887593617714217409e+00,2.125878851831505756e+01,1.274542417357264945e+01
2.230814067078547112e+02,2.606616737219091107e+01,1.893660702979248072e+03,7.169830333014575672e+02,5.437772712471998560e+00,2.061955344792404077e+01,1.274617369939462996e+01
1.580602409638878498e+02,2.544096385542199812e+01,1.937373312540965799e+03,7.184842854093436699e+02,5.987951807228641954e+00,1.998031837753434559e+01,1.274692313685932632e+01
1.233171605340251631e+02,2.444689026375751340e+01,1.984626892002240993e+03,7.208842642985925977e+02,5.923347443829290349e+00,1.895353110662886564e+01,1.274767248594263336e+01
1.075620319114159713e+02,2.322149137088790383e+01,2.021856553880192450e+03,7.238648842471324087e+02,5.473200911754743103e+00,1.768370262523102099e+01,1.274842174662043881e+01
9.180690328883937923e+01,2.199609247802083800e+01,2.042473484271149573e+03,7.268702543006346559e+02,5.023054379681125781e+00,1.641387414383580179e+01,1.274917091886863396e+01
7.605177466623018745e+01,2.077069358515123909e+01,2.048317202775152964e+03,7.299006840196694839e+02,4.572907847606577647e+00,1.514404566243795536e+01,1.274992000266311720e+01
6.984597850862890311e+01,2.020758710517734258e+01,2.047131131456531193e+03,7.313017447830130777e+02,3.891729078475386849e+00,1.455951062137363472e+01,1.275066899797978870e+01
6.959589710192133793e+01,2.005753826115280347e+01,2.046971620477747820e+03,7.316759881673699510e+02,3.066460436340421758e+00,1.440237846592917670e+01,1.275141790479453618e+01
6.934581569521326117e+01,1.990748941712795173e+01,2.046619339767400106e+03,7.320506147856613097e+02,2.241191794203749588e+00,1.424524631048439893e+01,1.275216672308327759e+01
6.909573428850518440e+01,1.975744057310310353e+01,2.046077728065064775e+03,7.324256252268480694e+02,1.415923152067077639e+00,1.408811415503961584e+01,1.275291545282191841e+01
6.575871051774980458e+01,1.971543471182023310e+01,2.050243289611639739e+03,7.325306774643838708e+02,1.115434711820239011e+00,1.404414138481970120e+01,1.275366409398636414e+01
6.050700097688007872e+01,1.974044285249104647e+01,2.057422026934921178e+03,7.324681311072907874e+02,1.140442852491047265e+00,1.407035608138460603e+01,1.275441264655253448e+01
5.525529143601035287e+01,1.976545099316185627e+01,2.064617449913522705e+03,7.324055954301954898e+02,1.165450993161855520e+00,1.409657077794951263e+01,1.275516111049633317e+01
5.000358189515148410e+01,1.979045913383261279e+01,2.071829588603932734e+03,7.323430704303618768e+02,1.190459133832612038e+00,1.412278547451436239e+01,1.275590948579368877e+01
4.335981764897393731e+01,1.978453272549657882e+01,2.076509155550859759e+03,7.323578865875322208e+02,1.230934549006840406e+00,1.411657313756801102e+01,1.275665777242052101e+01
3.585737544773146368e+01,1.975952458482577256e+01,2.079607115542153224e+03,7.324204141174069491e+02,1.280950830348456693e+00,1.409035844100310619e+01,1.275740597035274781e+01
2.835493324650451541e+01,1.973451644415501605e+01,2.082689934140421883e+03,7.324829523251918317e+02,1.330967111689969951e+00,1.406414374443825466e+01,1.275815407956630310e+01
2.085249104526204178e+01,1.970950830348420268e+01,2.085757645853054328e+03,7.325455012136227424e+02,1.380983393031586459e+00,1.403792904787335338e+01,1.275890210003711722e+01
1.598502116574181464e+01,1.963800065125359495e+01,2.089158078239316183e+03,7.327244108985393041e+02,1.492999023119608637e+00,1.223555346558981860e+01,1.275965003174111700e+01
1.273396287854346909e+01,1.953796808857056178e+01,2.092660461673177451e+03,7.329748356120705921e+02,1.643047867144147522e+00,9.343600197116371575e+00,1.276039787465424169e+01
9.482904591338398248e+00,1.943793552588733320e+01,2.096029998584569057e+03,7.332254315604535577e+02,1.793096711168997048e+00,6.451646928636940892e+00,1.276114562875242342e+01
6.231846304133328296e+00,1.933790296320410462e+01,2.099268012273190379e+03,7.334761989193783620e+02,1.943145555193846574e+00,3.559693660157509321e+00,1.276189329401161565e+01
4.223380006513454354e+00,1.930000000000000071e+01,2.112569860055425579e+03,7.335712610543712344e+02,1.968935200260538254e+00,2.463914492025367053e+00,1.276264087040775763e+01
2.972972972973042971e+00,1.930000000000000071e+01,2.132066166453701953e+03,7.335712610543712344e+02,1.918918918918921745e+00,2.463914492025367053e+00,1.276338835791678683e+01
1.722565939432630477e+00,1.930000000000000071e+01,2.151562472851980147e+03,7.335712610543712344e+02,1.868902637577305237e+00,2.463914492025367053e+00,1.276413575651466559e+01
4.721589058948054696e-01,1.930000000000000071e+01,2.171058779250216048e+03,7.335712610543712344e+02,1.818886356235792423e+00,2.463914492025367053e+00,1.276488306617734381e+01
0.000000000000000000e+00,1.928443503744708920e+01,2.180475104776020544e+03,7.336103057352989936e+02,1.659915337023790682e+00,2.179836090948794158e+00,1.276563028688076429e+01
0.000000000000000000e+00,1.925942689677627939e+01,2.183762882021046607e+03,7.336730473162323278e+02,1.434842070986516838e+00,1.723408869135014010e+00,1.276637741860090536e+01
0.000000000000000000e+00,1.923441875610551932e+01,2.187034568853409837e+03,7.337357996299557499e+02,1.209768804949708398e+00,1.266981647322177995e+00,1.276712446131371514e+01
0.000000000000000000e+00,1.920941061543470951e+01,2.190290202077835602e+03,7.337985626792235507e+02,9.846955389124342206e-01,8.105544255083977356e-01,1.276787141499516487e+01
0.000000000000000000e+00,1.915320742429172185e+01,2.184466141454317039e+03,7.339396552838587695e+02,9.935851514165600085e-01,5.834018289055137307e-01,1.276861827962121865e+01
0.000000000000000000e+00,1.907818300227945230e+01,2.173212583235318107e+03,7.341280813208817335e+02,1.143633995441099005e+00,4.945798516888509355e-01,1.276936505516784059e+01
0.000000000000000000e+00,1.900315858026702642e+01,2.162010571803168204e+03,7.343166041328610163e+02,1.293682839465948531e+00,4.057578744720043984e-01,1.277011174161101437e+01
0.000000000000000000e+00,1.892813415825460055e+01,2.150859902217566287e+03,7.345052237943701812e+02,1.443731683490798057e+00,3.169358972551579723e-01,1.277085833892670585e+01
0.000000000000000000e+00,1.885310973624233455e+01,2.138067291820670562e+03,7.346939403800598711e+02,1.656300879192228015e+00,1.524938240059814376e+00,1.277160484709089872e+01
0.000000000000000000e+00,1.877808531422990868e+01,2.124330279348557724e+03,7.348827539646582636e+02,1.906382285900310114e+00,3.511035174881371734e+00,1.277235126607957483e+01
0.000000000000000000e+00,1.870306089221748280e+01,2.110669106938138157e+03,7.350716646229684557e+02,2.156463692608392879e+00,5.497132109702928204e+00,1.277309759586871429e+01
0.000000000000000000e+00,1.862803647020521325e+01,2.097083418526139212e+03,7.352606724298723293e+02,2.406545099315958058e+00,7.483229044520376405e+00,1.277384383643430965e+01
0.000000000000000000e+00,1.856867469879518850e+01,2.079608893874587920e+03,7.354102904685825024e+02,2.515662650602403794e+00,8.920219394852214378e+00,1.277458998775234811e+01
0.000000000000000000e+00,1.851865841745357599e+01,2.059865055922396550e+03,7.355364009947844579e+02,2.540670791273212270e+00,1.002957234445851320e+01,1.277533604979881510e+01
0.000000000000000000e+00,1.846864213611206296e+01,2.040221570695661057e+03,7.356625547800829281e+02,2.565678931943968788e+00,1.113892529406251342e+01,1.277608202254971914e+01
0.000000000000000000e+00,1.841862585477044689e+01,2.020678058925893538e+03,7.357887518467408654e+02,2.590687072614777264e+00,1.224827824366880691e+01,1.277682790598105456e+01
0.000000000000000000e+00,1.832152393357207032e+01,2.002592081841796016e+03,7.360338752825957727e+02,2.600000000000000089e+00,1.257859914486872377e+01,1.277757370006881921e+01
0.000000000000000000e+00,1.819648323021828773e+01,1.985437369747113735e+03,7.363497678667008586e+02,2.600000000000000089e+00,1.244667281402693604e+01,1.277831940478901984e+01
0.000000000000000000e+00,1.807144252686424579e+01,1.968413382928377587e+03,7.366659317181321285e+02,2.600000000000000089e+00,1.231474648318487652e+01,1.277906502011766143e+01
0.000000000000000000e+00,1.794640182351020741e+01,1.951519256273591282e+03,7.369823671864578500e+02,2.600000000000000089e+00,1.218282015234281879e+01,1.277981054603075783e+01
1.572777596871471339e-01,1.785281667209385503e+01,1.948498194731302874e+03,7.372193772855803218e+02,2.584272224031284981e+00,1.184191992711773267e+01,1.278055598250431935e+01
4.073591663952295105e-01,1.777779225008143271e+01,1.953532448895904281e+03,7.374094913247013210e+02,2.559264083360477393e+00,1.137771212446047819e+01,1.278130132951436160e+01
6.574405731033120537e-01,1.770276782806900684e+01,1.958471054383582441e+03,7.375997034422830438e+02,2.534255942689668473e+00,1.091350432180322194e+01,1.278204658703690910e+01
9.075219798108770108e-01,1.762774340605673729e+01,1.963314702843167879e+03,7.377900137142420363e+02,2.509247802018912399e+00,1.044929651914692670e+01,1.278279175504797394e+01
2.260827092151675100e+00,1.758423966134810712e+01,1.959351815096471910e+03,7.379004122295409616e+02,2.452718984044312212e+00,8.982772461831640243e+00,1.278353683352358594e+01
4.261478345816334112e+00,1.755923152067729731e+01,1.950278238653435210e+03,7.379638898054458878e+02,2.377694562031887671e+00,6.928112420376185021e+00,1.278428182243977673e+01
6.262129599480993569e+00,1.753422338000648750e+01,1.941227735604124973e+03,7.380273783035542010e+02,2.302670140019463130e+00,4.873452378920729799e+00,1.278502672177256017e+01
8.262780853141512338e+00,1.750921523933573098e+01,1.932200262125143581e+03,7.380908777266854486e+02,2.227645718007193576e+00,2.818792337469524956e+00,1.278577153149798740e+01
1.547508954738163212e+01,1.750000000000000000e+01,1.908759750298749623e+03,7.381142793578219425e+02,2.247378704005231320e+00,1.516169841121349116e+00,1.278651625159209182e+01
2.572842722241300706e+01,1.750000000000000000e+01,1.876899975272423490e+03,7.381142793578219425e+02,2.322403126017656305e+00,6.523651288257328318e-01,1.278726088203089972e+01
3.598176489742316875e+01,1.750000000000000000e+01,1.845040200246164432e+03,7.381142793578219425e+02,2.397427548029925415e+00,-2.114395834680967146e-01,1.278800542279046581e+01
4.623510257245454369e+01,1.750000000000000000e+01,1.813180425219837844e+03,7.381142793578219425e+02,2.472451970042350400e+00,-1.075244295763713387e+00,1.278874987384683237e+01
6.962357538264038226e+01,1.754747639205477228e+01,1.794545526082491506e+03,7.379937313456995298e+02,2.610778248127808343e+00,-1.335171302187568410e+00,1.278949423517603812e+01
1.006336698143784503e+02,1.762250081406704183e+01,1.783462792608433574e+03,7.378033159763373305e+02,2.785835232823104413e+00,-1.244700133600356917e+00,1.279023850675414309e+01
1.316437642461806661e+02,1.769752523607947126e+01,1.772230306536262333e+03,7.376129988426602040e+02,2.960892217518761971e+00,-1.154228965012957797e+00,1.279098268855719489e+01
1.626538586779828961e+02,1.777254965809189358e+01,1.760847044766498129e+03,7.374227798686686128e+02,3.135949202214419529e+00,-1.063757796425558899e+00,1.279172678056125712e+01
2.036545099315952427e+02,1.794272224031249152e+01,1.754261357919998318e+03,7.369916830769908529e+02,3.422012373819430131e+00,-5.873775589613805526e-01,1.279247078274238625e+01
2.504197329860066930e+02,1.816779550634976204e+01,1.750091464853272555e+03,7.364222804256212385e+02,3.772126343210745247e+00,1.116730036669673493e-01,1.279321469507663700e+01
2.971849560404180579e+02,1.839286877238703610e+01,1.745406625199782411e+03,7.358537569404271608e+02,4.122240312602060364e+00,8.107235662953153899e-01,1.279395851754007651e+01
3.439501790947327322e+02,1.861794203842384832e+01,1.740194781916699640e+03,7.352861105868113327e+02,4.472354281992650726e+00,1.509774128922216851e+00,1.279470225010877904e+01
3.861071312276191065e+02,1.884301530446112238e+01,1.739604398688119318e+03,7.347193393364476606e+02,4.647671768153707639e+00,1.931021732822022274e+00,1.279544589275881528e+01
4.256199934874961741e+02,1.906808857049839645e+01,1.741610510027144073e+03,7.341534411672612350e+02,4.722696190166131736e+00,2.192874196467553105e+00,1.279618944546625059e+01
4.651328557472913872e+02,1.929316183653520156e+01,1.743284973124123553e+03,7.335884140634027517e+02,4.797720612178401289e+00,2.454726660112542369e+00,1.279693290820716634e+01
5.046457180071684547e+02,1.951823510257247918e+01,1.744619256739461662e+03,7.330242560152208853e+02,4.872745034190826274e+00,2.716579123758072978e+00,1.279767628095764209e+01
5.411331813741728638e+02,1.975923152067750266e+01,1.746593446797138085e+03,7.324211469251911240e+02,4.868153695864499753e+00,4.021385801363019930e+00,1.279841956369375922e+01
5.758944969065244095e+02,2.000931292738506784e+01,1.748741847236253534e+03,7.317963504317880279e+02,4.818137414522986717e+00,5.921252245209886134e+00,1.279916275639159906e+01
6.106558124389479190e+02,2.025939433409315171e+01,1.750482010720401604e+03,7.311726190030276484e+02,4.768121133181370652e+00,7.821118689060681639e+00,1.279990585902725897e+01
6.454171279713713147e+02,2.050947574080123204e+01,1.751802377271290197e+03,7.305499499178722544e+02,4.718104851839753699e+00,9.720985132911476256e+00,1.280064887157682030e+01
6.779446434385996554e+02,2.074360143275791657e+01,1.754861860613039426e+03,7.299679688481937774e+02,4.779778573754398963e+00,1.080846569904768018e+01,1.280139179401638394e+01
7.092048192771100048e+02,2.096867469879519419e+01,1.758858304357832367e+03,7.294093634654532252e+02,4.904819277108440012e+00,1.143504162436209626e+01,1.280213462632204369e+01
7.404649951156202405e+02,2.119374796483246470e+01,1.762585164816024644e+03,7.288516123705228438e+02,5.029859980462481062e+00,1.206161754967651234e+01,1.280287736846989688e+01
7.717251709540659022e+02,2.141882123086927336e+01,1.766035214454137986e+03,7.282947136051783446e+02,5.154900683816263651e+00,1.268819347498963168e+01,1.280362002043604619e+01
7.975493324649954729e+02,2.159592966460436614e+01,1.760348490933524317e+03,7.278570921724721074e+02,5.359882774340610112e+00,1.227215967390889340e+01,1.280436258219660139e+01
8.203067404754309564e+02,2.174597850862921433e+01,1.749316802742398977e+03,7.274867442421677879e+02,5.609964181048692211e+00,1.126793260559397503e+01,1.280510505372766872e+01
8.430641484858193735e+02,2.189602735265374989e+01,1.737915993946480967e+03,7.271167730007441605e+02,5.860045587756257390e+00,1.026370553728113855e+01,1.280584743500536149e+01
8.658215564962548569e+02,2.204607619667860519e+01,1.726140957291868517e+03,7.267471778737848354e+02,6.110126994464339489e+00,9.259478468966221953e+00,1.280658972600578593e+01
8.868166720937937271e+02,2.210000000000000142e+01,1.719698249339114227e+03,7.266144463856085167e+02,6.216020840117241875e+00,8.380310751470961605e+00,1.280733192670506959e+01
9.068231846303989414e+02,2.210000000000000142e+01,1.716391072727865321e+03,7.266144463856085167e+02,6.241028980787999281e+00,7.571298279559059097e+00,1.280807403707932046e+01
9.268296971670455378e+02,2.210000000000000142e+01,1.713083896116610276e+03,7.266144463856085167e+02,6.266037121458807313e+00,6.762285807645485036e+00,1.280881605710467142e+01
9.468362097036921341e+02,2.210000000000000142e+01,1.709776719505354549e+03,7.266144463856085167e+02,6.291045262129614457e+00,5.953273335731910976e+00,1.280955798675724822e+01
9.515919895799441974e+02,2.206789319439925379e+01,1.712470058055974732e+03,7.266934702839379270e+02,6.332106805600743016e+00,5.627439107638603666e+00,1.281029982601317485e+01
9.478407684793230601e+02,2.201787691305764127e+01,1.718465936091116191e+03,7.268166087007566603e+02,6.382123086942359080e+00,5.571126212303876279e+00,1.281104157484858241e+01
9.440895473787018091e+02,2.196786063171602521e+01,1.724407694504462143e+03,7.269397888563281640e+02,6.432139368283976921e+00,5.514813316969148893e+00,1.281178323323961088e+01
9.403383262780882887e+02,2.191784435037450862e+01,1.730295572379086934e+03,7.270630107718770887e+02,6.482155649625489069e+00,5.458500421634538746e+00,1.281252480116238424e+01
9.233966134809536470e+02,2.191608596548354981e+01,1.720614465016052009e+03,7.270673435524769275e+02,6.483914034516446989e+00,7.206279966154484740e+00,1.281326627859306200e+01
8.991387170302697314e+02,2.194109410615435607e+01,1.702268697259573855e+03,7.270057266390293762e+02,6.458905893845639845e+00,9.954709973268307976e+00,1.281400766550777703e+01
8.748808205795857020e+02,2.196610224682516943e+01,1.683862653243461637e+03,7.269441201684170437e+02,6.433897753174830925e+00,1.270313998038213299e+01,1.281474896188267465e+01
8.506229241289519223e+02,2.199111038749592595e+01,1.665396209870626535e+03,7.268825241379856834e+02,6.408889612504074407e+00,1.545156998749027011e+01,1.281549016769390548e+01
8.247531748615945162e+02,2.206447411266693237e+01,1.647883080277806812e+03,7.267018866204901997e+02,6.254933246499392752e+00,1.474768836705993102e+01,1.281623128291762548e+01
7.979944643438296907e+02,2.216450667535016805e+01,1.630691501492524367e+03,7.264557292175106795e+02,6.029859980462119573e+00,1.213980457628779064e+01,1.281697230752997996e+01
7.712357538261202308e+02,2.226453923803319768e+01,1.613221959070350977e+03,7.262097385209902995e+02,5.804786714425310024e+00,9.531920785521041495e+00,1.281771324150712843e+01
7.444770433083554053e+02,2.236457180071642981e+01,1.595472053648173642e+03,7.259639143616363981e+02,5.579713448388035957e+00,6.924036994748899332e+00,1.281845408482524284e+01
7.130345164441151837e+02,2.246460436339966193e+01,1.579186256546492359e+03,7.257182565703864157e+02,5.386942364050592680e+00,7.818727695893066709e+00,1.281919483746047739e+01
6.790234451318863194e+02,2.256463692608268445e+01,1.563600244684862673e+03,7.254727649784067580e+02,5.211885379355297054e+00,1.063418505388259128e+01,1.281993549938900223e+01
6.450123738195870828e+02,2.266466948876592014e+01,1.547759649412673298e+03,7.252274394170914320e+02,5.036828394659639940e+00,1.344964241187793696e+01,1.282067607058698222e+01
6.110013025072878463e+02,2.276470205144915226e+01,1.531662273626588558e+03,7.249822797180628413e+02,4.861771409963981938e+00,1.626509976987328443e+01,1.282141655103059641e+01
5.758573754477459943e+02,2.283236730706609308e+01,1.508322264647633347e+03,7.248165397392891691e+02,4.702898078801731607e+00,1.729209395234900626e+01,1.282215694069600787e+01
5.400957342884902346e+02,2.288238358840770559e+01,1.480980082001422943e+03,7.246940780425881030e+02,4.552849234776882525e+00,1.734388990431605393e+01,1.282289723955941163e+01
5.043340931292343612e+02,2.293239986974932165e+01,1.453457158102086851e+03,7.245716577200363417e+02,4.402800390752032555e+00,1.739568585628309805e+01,1.282363744759697788e+01
4.685724519700526116e+02,2.298241615109083469e+01,1.425752757300227131e+03,7.244492787506696914e+02,4.252751546727493448e+00,1.744748180825003558e+01,1.282437756478488922e+01
4.310270270270119681e+02,2.290270270270264419e+01,1.401383683152671210e+03,7.246443397977885752e+02,4.264864864864904348e+00,1.736485643544872204e+01,1.282511759109934246e+01
3.925144903939672645e+02,2.275265385867779599e+01,1.379116991069007099e+03,7.250117986363553655e+02,4.364897427548136477e+00,1.720935203114648004e+01,1.282585752651652200e+01
3.540019537610021985e+02,2.260260501465325689e+01,1.357123739418646210e+03,7.253796303323235861e+02,4.464929990231163437e+00,1.705384762684455424e+01,1.282659737101261221e+01
3.154894171279575517e+02,2.245255617062840514e+01,1.335401207180644178e+03,7.257478354534853224e+02,4.564962552914395566e+00,1.689834322254231225e+01,1.282733712456382236e+01
2.753520026049721423e+02,2.227000976880474070e+01,1.333506436866269041e+03,7.261962907090959334e+02,4.453760989905334533e+00,1.670880284573497931e+01,1.282807678714634747e+01
2.343386519049315098e+02,2.206994464343868501e+01,1.341849978475410353e+03,7.266884205755810626e+02,4.228687723868525872e+00,1.650091441962177186e+01,1.282881635873638260e+01
1.933253012048060100e+02,2.186987951807222430e+01,1.349773026422667954e+03,7.271812179091108419e+02,4.003614457831252693e+00,1.629302599350813807e+01,1.282955583931014054e+01
1.523119505046804818e+02,2.166981439270576004e+01,1.357283422705184421e+03,7.276746840685167399e+02,3.778541191793978182e+00,1.608513756739450429e+01,1.283029522884382345e+01
1.226955389124154863e+02,2.143718658417463629e+01,1.369126621510234145e+03,7.282493097643634883e+02,3.439498534679413133e+00,1.584282713849401958e+01,1.283103452731363880e+01
9.918788668185577251e+01,2.118710517746655242e+01,1.382790684835625598e+03,7.288680615581960183e+02,3.039368283946481508e+00,1.558206651609906501e+01,1.283177373469581184e+01
7.568023445129603033e+01,2.093702377075846854e+01,1.395685102156115818e+03,7.294878656821656477e+02,2.639238033213549439e+00,1.532130589370410512e+01,1.283251285096654648e+01
5.217258222078491769e+01,2.068694236405090692e+01,1.407827618555243816e+03,7.301087248231509648e+02,2.239107782481445152e+00,1.506054527130968879e+01,1.283325187610207152e+01
3.763757733637001479e+01,2.038791924454566740e+01,1.433625773894791337e+03,7.308524767344423481e+02,1.936860957342820599e+00,1.474775255551265651e+01,1.283399081007860332e+01
2.788440247475480049e+01,2.006281341582516120e+01,1.465358755828103313e+03,7.316628246771299473e+02,1.686779550634738722e+00,1.440723016119593503e+01,1.283472965287236356e+01
1.813122761315976561e+01,1.973770758710532292e+01,1.495195373525140440e+03,7.324749715948674975e+02,1.436698143927173765e+00,1.406670776687991875e+01,1.283546840445958992e+01
8.378052751544553090e+00,1.941260175838481672e+01,1.523190801860443571e+03,7.332889234849118338e+02,1.186616737219091444e+00,1.372618537256319549e+01,1.283620706481650053e+01
4.182676652555043617e+00,1.907114946271540745e+01,1.550339255009573662e+03,7.341457512223057620e+02,1.149039400846697312e+00,1.336723483479438102e+01,1.283694563391934196e+01
2.932269619017218165e+00,1.872103549332481975e+01,1.576044350953117828e+03,7.350263959311487270e+02,1.224063822858966866e+00,1.299851958356368264e+01,1.283768411174434654e+01
1.681862585476806338e+00,1.837092152393350730e+01,1.599827014457324822e+03,7.359091559325289609e+02,1.299088244871391629e+00,1.262980433233222399e+01,1.283842249826774840e+01
4.314555519363940661e-01,1.802080755454219130e+01,1.621749736262779379e+03,7.367940388569501238e+02,1.374112666883816170e+00,1.226108908110076534e+01,1.283916079346580297e+01
0.000000000000000000e+00,1.778534679257579754e+01,1.636473720160210860e+03,7.373903434576600375e+02,1.203451644415656885e+00,1.201259482422681657e+01,1.283989899731474260e+01
0.000000000000000000e+00,1.761028980788013953e+01,1.647656615677940863e+03,7.378343013659243752e+02,9.033539563659577221e-01,1.182743767173515259e+01,1.284063710979081563e+01
0.000000000000000000e+00,1.743523282318448153e+01,1.658374442676499484e+03,7.382787941804670027e+02,6.032562683162590034e-01,1.164228051924349039e+01,1.284137513087028815e+01
0.000000000000000000e+00,1.726017583848918946e+01,1.668634971658120094e+03,7.387238228685996546e+02,3.031585802671809549e-01,1.145712336675221188e+01,1.284211306052939605e+01
0.000000000000000000e+00,1.716717681536957940e+01,1.673079883604080123e+03,7.389604626521478394e+02,1.671768153695803172e-01,1.135869314021432963e+01,1.284285089874441610e+01
0.000000000000000000e+00,1.711716053402796334e+01,1.674613783540885606e+03,7.390877938126290019e+02,1.171605340279637947e-01,1.130569130346182583e+01,1.284358864549159662e+01
0.000000000000000000e+00,1.706714425268645385e+01,1.676119354330680835e+03,7.392151688618412209e+02,6.714425268645081435e-02,1.125268946670943393e+01,1.284432630074719661e+01
0.000000000000000000e+00,1.701712797134483424e+01,1.677596739455053239e+03,7.393425878224803682e+02,1.712797134483433348e-02,1.119968762995693368e+01,1.284506386448748927e+01
0.000000000000000000e+00,1.693422338000643279e+01,1.676825210447938844e+03,7.395538881627344381e+02,0.000000000000000000e+00,1.111174587499913713e+01,1.284580133668874602e+01
0.000000000000000000e+00,1.683419081732341382e+01,1.674850381285321873e+03,7.398090036932278508e+02,0.000000000000000000e+00,1.100560768739209117e+01,1.284653871732723118e+01
0.000000000000000000e+00,1.673415825464017814e+01,1.672825555397747166e+03,7.400642952930901401e+02,0.000000000000000000e+00,1.089946949978482671e+01,1.284727600637922862e+01
0.000000000000000000e+00,1.663412569195694246e+01,1.670751357772253414e+03,7.403197631446565765e+02,0.000000000000000000e+00,1.079333131217756403e+01,1.284801320382101153e+01
0.000000000000000000e+00,1.660000000000000142e+01,1.670962187385689276e+03,7.404069552902533360e+02,0.000000000000000000e+00,1.024008389226198190e+01,1.284875030962885845e+01
0.000000000000000000e+00,1.660000000000000142e+01,1.672373147164466900e+03,7.404069552902533360e+02,0.000000000000000000e+00,9.455329320438250917e+00,1.284948732377906033e+01
0.000000000000000000e+00,1.660000000000000142e+01,1.673784106943244069e+03,7.404069552902533360e+02,0.000000000000000000e+00,8.670574748614519933e+00,1.285022424624789217e+01
0.000000000000000000e+00,1.660000000000000142e+01,1.675195066722018510e+03,7.404069552902533360e+02,0.000000000000000000e+00,7.885820176792412539e+00,1.285096107701165380e+01
1.650928036470172555e-01,1.658349071963530008e+01,1.676404473084461642e+03,7.404491443584847730e+02,0.000000000000000000e+00,7.862492238570714775e+00,1.285169781604664152e+01
4.151742103550995489e-01,1.655848257896449383e+01,1.677503297667801235e+03,7.405130612179320906e+02,0.000000000000000000e+00,8.231141324748502797e+00,1.285243446332913919e+01
6.652556170626646725e-01,1.653347443829373375e+01,1.678593920057626065e+03,7.405769891131609484e+02,0.000000000000000000e+00,8.599790410925526984e+00,1.285317101883545199e+01
9.153370237707471047e-01,1.650846629762292395e+01,1.679676360652700851e+03,7.406409280470304566e+02,0.000000000000000000e+00,8.968439497103315006e+00,1.285390748254187621e+01
3.646694887661271700e+00,1.648345815695211769e+01,1.680133023656243267e+03,7.407048780223993845e+02,0.000000000000000000e+00,9.075374412780808697e+00,1.285464385442472413e+01
7.647997394982311015e+00,1.645845001628136117e+01,1.680267900558022575e+03,7.407688390421282065e+02,0.000000000000000000e+00,9.048361130958319620e+00,1.285538013446030270e+01
1.164929990231163082e+01,1.643344187561055136e+01,1.680397609776661056e+03,7.408328111090783068e+02,0.000000000000000000e+00,9.021347849135775476e+00,1.285611632262491533e+01
1.565060240964094795e+01,1.640843373493974156e+01,1.680522165419415614e+03,7.408967942261119788e+02,0.000000000000000000e+00,8.994334567313229556e+00,1.285685241889487962e+01
2.893357212632894715e+01,1.648287202865506273e+01,1.688180760615475037e+03,7.407063769823956818e+02,1.657440573101235867e-02,9.331675512344311585e+00,1.285758842324651319e+01
4.693943340931087960e+01,1.660791273200910112e+01,1.699727415942398693e+03,7.403867361985306843e+02,4.158254640182060258e-02,9.854414777130935832e+00,1.285832433565613186e+01
6.494529469229280494e+01,1.673295343536314306e+01,1.711337652376632150e+03,7.400673711680893803e+02,6.659068707262882914e-02,1.037715404191756008e+01,1.285906015610006037e+01
8.295115597523748363e+01,1.685799413871692565e+01,1.723011709616783264e+03,7.397482815343886386e+02,9.159882774338533318e-02,1.089989330670310252e+01,1.285979588455461986e+01
9.996059915336780932e+01,1.706606968414193304e+01,1.735503629450924791e+03,7.392179059169221773e+02,1.996418104851618580e-01,1.125126288597008894e+01,1.286053152099614927e+01
1.164659719961012456e+02,1.731615109085001691e+01,1.748320572078288251e+03,7.385814646204705696e+02,3.496906545100112451e-01,1.151593956550338049e+01,1.286126706540096976e+01
1.329713448388005190e+02,1.756623249755758209e+01,1.761052321816302992e+03,7.379461182896048967e+02,4.997394985345502971e-01,1.178061624503612492e+01,1.286200251774541492e+01
1.494767176815339553e+02,1.781631390426566242e+01,1.773693645608042516e+03,7.373118641010003103e+02,6.497883425593996565e-01,1.204529292456941825e+01,1.286273787800583079e+01
1.673132530120574017e+02,1.806639531097374274e+01,1.786925618603277599e+03,7.366786992410339963e+02,7.166395310973748822e-01,1.230924159816832386e+01,1.286347314615854209e+01
1.858192771084171966e+02,1.831647671768131147e+01,1.800428680464270428e+03,7.360466209057401556e+02,7.416476717681314001e-01,1.257282413179576253e+01,1.286420832217990728e+01
2.043253012048152755e+02,1.856655812438939179e+01,1.813858080172346035e+03,7.354156263007635062e+02,7.666558124389396545e-01,1.283640666542374831e+01,1.286494340604626885e+01
2.228313253012133828e+02,1.881663953109747567e+01,1.827208817827385474e+03,7.347857126413271089e+02,7.916639531097479088e-01,1.309998919905173054e+01,1.286567839773396749e+01
2.668456528817447975e+02,1.921676978182957996e+01,1.822975735929537223e+03,7.337800922294967449e+02,8.666883751220173515e-01,1.351977557274281239e+01,1.286641329721936700e+01
3.236141322044795743e+02,1.969192445457493434e+01,1.807799541208227083e+03,7.325894872973655083e+02,9.667209378052503688e-01,1.401766386646674079e+01,1.286714810447881341e+01
3.803826115272142943e+02,2.016707912732029584e+01,1.789896563119768416e+03,7.314027397710055993e+02,1.066753500488483386e+00,1.451555216019067451e+01,1.286788281948866519e+01
4.371511402423683990e+02,2.064223397356204615e+01,1.769136753976764339e+03,7.302198305037308046e+02,1.166785816462404757e+00,1.501344064291129854e+01,1.286861744222528259e+01
4.810569846955283424e+02,2.106727450341896457e+01,1.743778141690860366e+03,7.291649195562714567e+02,1.450569846955283237e+00,1.545690771240217032e+01,1.286935197266503295e+01
5.185691957017406821e+02,2.146740475415190019e+01,1.715000984845173207e+03,7.281746150549770391e+02,1.825691957017406830e+00,1.587332357910702818e+01,1.287008641078428717e+01
5.560814067078754306e+02,2.186753500488400448e+01,1.683605879468751937e+03,7.271869968400329753e+02,2.200814067078754377e+00,1.628973944581102629e+01,1.287082075655940727e+01
5.935943136050534576e+02,2.226766914376963413e+01,1.649494722298066108e+03,7.262020444466816116e+02,2.575937916868292099e+00,1.670615937010154894e+01,1.287155500996676416e+01
5.942839465971933350e+02,2.248368609573433119e+01,1.640478906499803315e+03,7.256714149478866602e+02,2.850634972321801186e+00,1.693062122435046746e+01,1.287228917098274472e+01
5.767782481276638009e+02,2.260872679908811378e+01,1.644746970211224834e+03,7.253646160070376254e+02,3.075708238358609403e+00,1.706023248922550906e+01,1.287302323958371275e+01
5.592725496580980007e+02,2.273376750244215572e+01,1.648973346206820906e+03,7.250580763731157958e+02,3.300781504395883914e+00,1.718984375410081711e+01,1.287375721574605869e+01
5.417672230228682793e+02,2.285880954339901194e+01,1.653157239398302181e+03,7.247517924434176848e+02,3.525864401173416152e+00,1.731945640936065089e+01,1.287449109944617121e+01
5.011188537935001932e+02,2.295030934549014390e+01,1.658152778261365029e+03,7.245278323739731832e+02,3.583230218169951797e+00,1.741422279722366184e+01,1.287522489066042652e+01
4.491019211983266928e+02,2.302533376750241345e+01,1.663570018907102849e+03,7.243443016215496755e+02,3.558222077499195724e+00,1.749187328980734080e+01,1.287595858936522575e+01
3.970849886030455878e+02,2.310035818951483932e+01,1.668997969438968312e+03,7.241608638262360955e+02,3.533213936828387247e+00,1.756952378239118318e+01,1.287669219553695577e+01
3.450661771870147163e+02,2.317538837757272674e+01,1.674436444715910511e+03,7.239775048322562725e+02,3.508203874142425516e+00,1.764718024284866260e+01,1.287742570915201057e+01
3.153982416151168877e+02,2.318319765548682199e+01,1.684967607783843050e+03,7.239584258283614417e+02,3.516802344513177303e+00,1.765526934087213107e+01,1.287815913018679836e+01
2.966421361120107463e+02,2.315818951481601218e+01,1.697945789849032963e+03,7.240195272585399380e+02,3.541810485183985335e+00,1.762939547745721924e+01,1.287889245861771848e+01
2.778860306089045480e+02,2.313318137414520592e+01,1.710880622731167932e+03,7.240806390033986872e+02,3.566818625854794256e+00,1.760352161404230387e+01,1.287962569442117022e+01
2.591298470866249204e+02,2.310817474184588249e+01,1.723771369629892206e+03,7.241417573784447086e+02,3.591829783268423615e+00,1.757764931208697945e+01,1.288035883757357070e+01
2.412155649625489104e+02,2.304949527841092305e+01,1.756208934629013584e+03,7.242852155899253148e+02,3.498990556821847786e+00,1.751689955911610852e+01,1.288109188805132455e+01
2.237098664929831386e+02,2.297447085639850073e+01,1.797798903245746260e+03,7.244687163979289153e+02,3.348941712796998704e+00,1.743922011740707134e+01,1.288182484583085063e+01
2.062041680234536045e+02,2.289944643438622762e+01,1.838973101327401992e+03,7.246523102109503043e+02,3.198892868772459597e+00,1.736154067569819759e+01,1.288255771088856250e+01
1.886979619042900538e+02,2.282442387720906041e+01,1.879736403137127127e+03,7.248359925320138473e+02,3.048817917054009285e+00,1.728386317349598400e+01,1.288329048320088255e+01
1.745662650602300516e+02,2.273253012048183663e+01,1.906540890546174751e+03,7.250611085689790798e+02,3.016867469879539687e+00,1.718862576688382404e+01,1.288402316274423676e+01
1.620621947248517927e+02,2.263249755779881411e+01,1.926475935696639681e+03,7.253063215933831316e+02,3.041875610550296205e+00,1.708491731454883933e+01,1.288475574949504932e+01
1.495581243894476700e+02,2.253246499511557843e+01,1.946092488581438374e+03,7.255517005342024959e+02,3.066883751221104681e+00,1.698120886221364145e+01,1.288548824342974264e+01
1.370533594222311820e+02,2.243243889350528164e+01,1.965394962209809592e+03,7.257972296913592345e+02,3.091897814542102552e+00,1.687750713201290509e+01,1.288622064452476046e+01
1.277609899055724725e+02,2.228169977206131236e+01,1.977390230938096693e+03,7.261675556850284465e+02,3.083099967437330502e+00,1.672097341506745138e+01,1.288695295275652342e+01
1.200084662976219221e+02,2.210664278736565436e+01,1.985623036527075556e+03,7.265980987592906786e+02,3.058091826766522470e+00,1.653910573224741398e+01,1.288768516810148768e+01
1.122559426896713717e+02,2.193158580266999991e+01,1.993432961150660503e+03,7.270291526724258802e+02,3.033083686095713993e+00,1.635723804942737303e+01,1.288841729053608631e+01
1.045034190817368511e+02,2.175653836415902020e+01,2.000829221594413866e+03,7.274606947770561192e+02,3.008081341322577984e+00,1.617538037295361875e+01,1.288914932003675595e+01
9.675089547378630073e+01,2.153067404754149194e+01,1.983869190451375516e+03,7.280182726225875740e+02,2.881471833279046102e+00,1.594015394156642706e+01,1.288988125657995631e+01
8.899837186583576454e+01,2.128059264083341162e+01,1.955715275888479027e+03,7.286366317139226112e+02,2.706414848583388100e+00,1.567949427023496511e+01,1.289061310014213291e+01
8.124584825790124398e+01,2.103051123412584644e+01,1.927902371608070098e+03,7.292560421333051863e+02,2.531357863888092474e+00,1.541883459890404318e+01,1.289134485069973124e+01
7.349029782884817052e+01,2.078041259693710430e+01,1.900424223914476670e+03,7.298765493736837016e+02,2.356325732855446997e+00,1.515815713172799661e+01,1.289207650822921991e+01
7.116965157929031704e+01,2.058124389449677238e+01,1.881195900718748135e+03,7.303714526616973899e+02,2.045522631064522923e+00,1.495015257360383742e+01,1.289280807270704798e+01
7.141973298599788222e+01,2.040618690980148031e+01,1.865840489745376090e+03,7.308069966219742355e+02,1.670400521003175376e+00,1.476708495550605349e+01,1.289353954410968406e+01
7.166981439270597321e+01,2.023112992510582231e+01,1.850571359362553721e+03,7.312430603499167319e+02,1.295278410941051783e+00,1.458401733740788586e+01,1.289427092241359496e+01
7.192001607835088350e+01,2.005600979396833594e+01,1.835384878736733071e+03,7.316798024152609514e+02,9.200518481180025576e-01,1.440088371371240150e+01,1.289500220759523685e+01
6.911038749593258501e+01,1.998300227938783635e+01,1.827045271313540752e+03,7.318620340499140866e+02,7.320091175513550041e-01,1.432450724005254550e+01,1.289573339963109255e+01
6.485900358189518045e+01,1.995799413871702654e+01,1.821907814985507912e+03,7.319244769346705652e+02,6.319765548681219869e-01,1.429831338944427799e+01,1.289646449849763421e+01
6.060761966785777588e+01,1.993298599804622384e+01,1.816781313949378273e+03,7.319869304756608699e+02,5.319439921848890807e-01,1.427211953883601225e+01,1.289719550417133398e+01
5.635376790730309438e+01,1.990796334063119133e+01,1.811667704375692438e+03,7.320494309399474560e+02,4.318533625247790164e-01,1.424591048320173314e+01,1.289792641662868000e+01
5.653272549658082369e+01,1.998515141647671101e+01,1.793056364647537748e+03,7.318566683616514865e+02,5.873331162487674950e-01,1.432668773125118733e+01,1.289865723584614798e+01
5.878345815695356436e+01,2.011019211983074939e+01,1.767695446250589839e+03,7.315446182606651746e+02,8.624226636276580704e-01,1.445755339557441310e+01,1.289938796180022784e+01
6.103419081732165097e+01,2.023523282318453198e+01,1.741821564000433682e+03,7.312328341510091150e+02,1.137512211005979434e+00,1.458841905989737420e+01,1.290011859446740594e+01
6.328647395338466453e+01,2.036035966407692044e+01,1.715427608407856724e+03,7.309211012446218092e+02,1.412585966502839296e+00,1.471937487443470260e+01,1.290084913382417398e+01
5.853988928687240190e+01,2.029762292412885927e+01,1.691367860353241895e+03,7.310773662351954272e+02,1.721816997720808207e+00,1.465369433538934096e+01,1.290157957984703430e+01
5.053728427223033748e+01,2.014757408010431661e+01,1.668768857997735495e+03,7.314513799447878455e+02,2.046922826440642496e+00,1.449662441035676430e+01,1.290230993251247860e+01
4.253467925757170320e+01,1.999752523607946841e+01,1.646424799956535480e+03,7.318257765354896947e+02,2.372028655161150024e+00,1.433955448532386079e+01,1.290304019179700568e+01
3.453164422263082400e+01,1.984752476933637411e+01,1.624315622223397895e+03,7.322004356615467486e+02,2.697396527491149332e+00,1.418259924816374706e+01,1.290377035767712854e+01
2.721328557472261522e+01,1.956066427873612668e+01,1.634269336883957067e+03,7.329180022326081598e+02,2.799999999999999822e+00,1.195830883960419477e+01,1.290450043012934600e+01
2.021100618691079731e+01,1.921055030934553898e+01,1.657355273749700018e+03,7.337957021504937529e+02,2.799999999999999822e+00,8.777358436367695305e+00,1.290523040913016928e+01
1.320872679908449321e+01,1.886043633995422653e+01,1.678597987623903464e+03,7.346755067534464843e+02,2.799999999999999822e+00,5.596408033124614434e+00,1.290596029465611672e+01
6.201553814793530961e+00,1.851023339608173046e+01,1.698074649485142572e+03,7.355576481814326826e+02,2.799999999999999822e+00,2.413526776992340750e+00,1.290669008668370132e+01
3.314881146206623885e+00,1.826297622924132469e+01,1.701821799993604145e+03,7.361817516546951765e+02,2.817127971344834059e+00,9.532751242159918093e-01,1.290741978518944144e+01
2.314555519374294157e+00,1.806291110387485688e+01,1.698701529664079089e+03,7.366875132086007625e+02,2.842136112015642535e+00,2.818565562119431656e-01,1.290814939014986429e+01
1.314229892541965317e+00,1.786284597850839262e+01,1.695362391943309603e+03,7.371939701630711852e+02,2.867144252686451011e+00,-3.895620117921054226e-01,1.290887890154148288e+01
3.128378079815932744e-01,1.766273163201633523e+01,1.691811697320292069e+03,7.377012488658484699e+02,2.892179054800460225e+00,-1.061432980827087702e+00,1.290960831934083508e+01
0.000000000000000000e+00,1.751419732985992539e+01,1.682240585342070290e+03,7.380782265794108525e+02,2.797036795831906009e+00,-1.375556833661427669e+00,1.291033764352444990e+01
0.000000000000000000e+00,1.738915662650588345e+01,1.670046818129436133e+03,7.383958767772477358e+02,2.646987951807056927e+00,-1.526947133624657615e+00,1.291106687406886699e+01
0.000000000000000000e+00,1.726411592315210086e+01,1.657928093340630539e+03,7.387138005100258624e+02,2.496939107782517819e+00,-1.678337433587574479e+00,1.291179601095061713e+01
0.000000000000000000e+00,1.713905842533893065e+01,1.645872094810136787e+03,7.390320408988794725e+02,2.346799573678375328e+00,-1.829747520939524419e+00,1.291252505414624174e+01
0.000000000000000000e+00,1.703122761315521316e+01,1.641337469561284706e+03,7.393066638388745559e+02,2.265613806577606137e+00,-1.960806411517477699e+00,1.291325400363228759e+01
0.000000000000000000e+00,1.693119505047218709e+01,1.640127222810705007e+03,7.395616088041268767e+02,2.215597525236093546e+00,-2.082652534030946079e+00,1.291398285938529256e+01
0.000000000000000000e+00,1.683116248778895141e+01,1.638859017049869180e+03,7.398167296621719515e+02,2.165581243894476593e+00,-2.204498656544666702e+00,1.291471162138180695e+01
0.000000000000000000e+00,1.673114503870869640e+01,1.637531673204502340e+03,7.400719880014976297e+02,2.115496951339474130e+00,-2.326325871317715510e+00,1.291544028959839707e+01
0.000000000000000000e+00,1.661387170302836935e+01,1.646364613842142717e+03,7.403715102040748661e+02,2.151676978182978761e+00,-2.469814087478386266e+00,1.291616886401160258e+01
0.000000000000000000e+00,1.648883099967432742e+01,1.659525364237217445e+03,7.406911378384623958e+02,2.226701400195403746e+00,-2.623052661364950744e+00,1.291689734459799155e+01
0.000000000000000000e+00,1.636379029632028548e+01,1.672362858438601052e+03,7.410110415665322989e+02,2.301725822207828287e+00,-2.776291235251515666e+00,1.291762573133412140e+01
0.000000000000000000e+00,1.623862297563021073e+01,1.684874185402366038e+03,7.413315461904610402e+02,2.376807222021429133e+00,-2.929762565266635033e+00,1.291835402419655132e+01
0.000000000000000000e+00,1.618274177792249446e+01,1.706442677352521969e+03,7.414747255255879281e+02,2.417258222077507401e+00,-2.691831713174626550e+00,1.291908222316185828e+01
0.000000000000000000e+00,1.615773363725168466e+01,1.732085725855792816e+03,7.415388195752237834e+02,2.442266362748315434e+00,-2.278580923958117399e+00,1.291981032820661035e+01
0.000000000000000000e+00,1.613272549658092814e+01,1.757642476967958601e+03,7.416029247065653180e+02,2.467274503419072396e+00,-1.865330134742463120e+00,1.292053833930737383e+01
0.000000000000000000e+00,1.610771735591012188e+01,1.783150549951825496e+03,7.416670409224867626e+02,2.492324809915763328e+00,-1.452600283692112582e+00,1.292126625644073457e+01
1.729078476068873493e-01,1.608270921523931207e+01,1.792134484058102771e+03,7.417311682258635983e+02,2.448127645717933731e+00,6.541519835955651452e-01,1.292199407958326418e+01
4.229892543144523342e-01,1.605770107456855555e+01,1.793830315609635136e+03,7.417953066195714200e+02,2.373103223705664178e+00,3.516007395491821619e+00,1.292272180871155385e+01
6.730706610225347664e-01,1.603269293389774930e+01,1.795515668489827021e+03,7.418594561064878690e+02,2.298078801693239637e+00,6.377862807394000022e+00,1.292344944380217875e+01
9.227531148860861343e-01,1.600768479322693949e+01,1.797193669803130661e+03,7.419236166894916096e+02,2.223134170249721375e+00,9.245044629874309194e+00,1.292417698483173538e+01
3.252035167696368134e+00,1.598267665255618297e+01,1.795722319011632408e+03,7.419877883714607378e+02,2.009443178117999551e+00,8.094834282434504757e+00,1.292490443177681314e+01
6.503093454901438975e+00,1.595766851188537316e+01,1.792866139963645992e+03,7.420519711552769877e+02,1.734353630739108976e+00,5.172524619430368453e+00,1.292563178461401030e+01
9.754151742106509815e+00,1.593266037121456513e+01,1.790013943231847406e+03,7.421161650438203878e+02,1.459264083360218400e+00,2.250214956426232593e+00,1.292635904331991448e+01
1.300093150300406108e+01,1.590760111230813401e+01,1.787159908705664066e+03,7.421805012973870816e+02,1.183612235389501555e+00,-6.768821514464085087e-01,1.292708620787113638e+01
2.441354607619966188e+01,1.596942364050799945e+01,1.792640214846041772e+03,7.420218005210946330e+02,1.308270921523993158e+00,-1.789807747489046585e+00,1.292781327824426896e+01
3.941843047868460559e+01,1.606945620319122980e+01,1.801812636364062655e+03,7.417651568524863706e+02,1.608368609573692209e+00,-2.111873122006656445e+00,1.292854025441593180e+01
5.442331488113850213e+01,1.616948876587425943e+01,1.811020044168858249e+03,7.415086906535949538e+02,1.908466297622769980e+00,-2.433938496523599948e+00,1.292926713636273028e+01
6.941653652448934508e+01,1.626952132855748800e+01,1.820283215283211575e+03,7.412524017404027745e+02,2.208899289997574567e+00,-2.756723569441716037e+00,1.292999392406127157e+01
9.556170628462402306e+01,1.636955389124072369e+01,1.820516317635858968e+03,7.409962899291464282e+02,2.369553891240722798e+00,-2.768952231122375540e+00,1.293072061748817880e+01
1.265718007163620911e+02,1.646958645392374976e+01,1.816711035249610632e+03,7.407403550363172826e+02,2.469586453923748870e+00,-2.646444820833005362e+00,1.293144721662006624e+01
1.575818951481643069e+02,1.656961901660698189e+01,1.812774528952916171e+03,7.404845968786590902e+02,2.569619016606981887e+00,-2.523937410543381610e+00,1.293217372143355526e+01
1.885808420406913513e+02,1.666955798087342089e+01,1.808710085310566228e+03,7.402292542830346065e+02,2.669894935173865669e+00,-2.401543513230454785e+00,1.293290013190527254e+01
2.270931292738278842e+02,1.685678931943979109e+01,1.799483885208810989e+03,7.397513547830940297e+02,2.682578964506689978e+00,-2.173922561943427034e+00,1.293362644801184658e+01
2.688567241940776285e+02,1.708186258547706515e+01,1.787425431876905350e+03,7.391776815413167014e+02,2.657570823835881946e+00,-1.900686139466476465e+00,1.293435266972990938e+01
3.106203191143274012e+02,1.730693585151433922e+01,1.774608505121343569e+03,7.386048973711654071e+02,2.632562683165073469e+00,-1.627449716989526118e+00,1.293507879703609653e+01
3.523862727691440568e+02,1.753186066254506414e+01,1.760985279494140741e+03,7.380333769540279718e+02,2.607554542494316951e+00,-1.354388129466661539e+00,1.293580482990703651e+01
3.929257570823861556e+02,1.786180397264737252e+01,1.755657854315106079e+03,7.371966097825885527e+02,2.582546401823508475e+00,-9.588634748130376861e-01,1.293653076831937909e+01
4.329387821556793483e+02,1.823692608270949478e+01,1.753073719967625266e+03,7.362475666957554949e+02,2.557538261152700443e+00,-5.106586025834072284e-01,1.293725661224975809e+01
4.729518072288897201e+02,1.861204819277084255e+01,1.749254896299444226e+03,7.353009640020289908e+02,2.532530120481943925e+00,-6.245373035470421635e-02,1.293798236167483040e+01
5.129728450780762614e+02,1.898762868676002924e+01,1.744159431297245192e+03,7.343556409322399077e+02,2.507450675644703253e+00,3.848053426013125500e-01,1.293870801657124048e+01
5.493057635949447786e+02,1.920491696515803781e+01,1.729350422317826997e+03,7.338098415526847020e+02,2.692347769456398421e+00,2.618790583130401917e+00,1.293943357691563456e+01
5.840670791272963243e+02,1.935496580918257692e+01,1.710307468528179925e+03,7.334334126665829672e+02,2.967437316834719230e+00,5.619608023345239012e+00,1.294015904268467665e+01
6.188283946597198337e+02,1.950501465320742511e+01,1.690738878513571308e+03,7.330573697825399222e+02,3.242526864213610249e+00,8.620425463566283142e+00,1.294088441385502364e+01
6.536002599733419629e+02,1.965487915688281007e+01,1.670651877077923928e+03,7.326821734376712811e+02,3.518461304860877270e+00,1.162680041877840509e+01,1.294160969040333065e+01
6.839713448387942663e+02,1.994526212959922873e+01,1.641187404830160403e+03,7.319562716114119212e+02,3.494887658743187853e+00,1.304055043469905684e+01,1.294233487230627055e+01
7.124806252035157286e+02,2.029537609899054118e+01,1.605897398502044325e+03,7.310829638800668135e+02,3.344838814718338327e+00,1.378374778133858847e+01,1.294305995954050204e+01
7.409899055682370772e+02,2.064549006838185718e+01,1.568195905663895928e+03,7.302117375777879715e+02,3.194789970693489245e+00,1.452694512797812543e+01,1.294378495208270685e+01
7.695174028249925868e+02,2.099560403777244844e+01,1.527993765664777357e+03,7.293425852721626370e+02,3.044246186926450104e+00,1.527098180840145147e+01,1.294450984990955078e+01
7.915144903940071117e+02,2.134571800716376799e+01,1.490125781508426599e+03,7.284754995661168095e+02,3.035102572451966463e+00,1.574726948231039536e+01,1.294523465299771026e+01
8.107707587105294351e+02,2.169583197655508044e+01,1.451925111522347834e+03,7.276104730977159534e+02,3.085118853793582527e+00,1.611135361872706895e+01,1.294595936132386882e+01
8.300270270270119681e+02,2.204594594594566814e+01,1.411301752221764900e+03,7.267474985399520619e+02,3.135135135135096007e+00,1.647543775514299114e+01,1.294668397486470290e+01
8.493316694773292284e+02,2.239626605511168123e+01,1.368042302702677944e+03,7.258860626594259884e+02,3.185151416476712516e+00,1.683973908936877706e+01,1.294740849359690493e+01
8.572859003581913839e+02,2.267583848909164601e+01,1.352512789782362233e+03,7.252000582202749683e+02,3.235167697818329025e+00,1.712963723941828675e+01,1.294813291749716377e+01
8.605369586453896318e+02,2.292591989579921119e+01,1.348749044200944127e+03,7.245875158332819410e+02,3.285183979159841616e+00,1.738852132099631476e+01,1.294885724654216297e+01
8.637880169325947008e+02,2.317600130250729507e+01,1.344519052019974879e+03,7.239760073445019088e+02,3.335200260501458125e+00,1.764740540257487922e+01,1.294958148070860737e+01
8.670513436419032587e+02,2.342659086871078244e+01,1.339791970275194899e+03,7.233642913268678285e+02,3.385178792851987417e+00,1.790681636589189907e+01,1.295030561997319296e+01
8.593679583197759939e+02,2.355284923477688253e+01,1.342070494583780828e+03,7.230564716471392330e+02,3.452849234776881993e+00,1.803738639338491367e+01,1.295102966431261038e+01
8.471139693910799906e+02,2.362787365678930485e+01,1.347400240618689850e+03,7.228736854670268031e+02,3.527873656789306533e+00,1.811486465543973523e+01,1.295175361370358047e+01
8.348599804623839873e+02,2.370289807880173072e+01,1.352747273157922109e+03,7.226909916789885528e+02,3.602898078801731518e+00,1.819234291749455323e+01,1.295247746812280276e+01
8.226237058838946723e+02,2.377822420347571963e+01,1.358102340977316544e+03,7.225076561954867884e+02,3.677879400433755386e+00,1.827013275006531856e+01,1.295320122754698033e+01
8.006450667535058301e+02,2.376470205144904924e+01,1.369207152400987297e+03,7.225405606832392778e+02,3.770595897101900462e+00,1.799784699340022698e+01,1.295392489195283936e+01
7.746366004558652776e+02,2.371468577010743672e+01,1.382607197382472350e+03,7.226622955803022705e+02,3.870628459785133035e+00,1.758016016279678340e+01,1.295464846131708647e+01
7.486281341582784989e+02,2.366466948876592014e+01,1.395913161344568834e+03,7.227840715044939088e+02,3.970661022468158219e+00,1.716247333219419957e+01,1.295537193561643896e+01
7.225691201435063249e+02,2.361443935169797825e+01,1.409119996191794598e+03,7.229064094713279474e+02,4.070950212022983905e+00,1.674300058872119834e+01,1.295609531482763011e+01
7.081042005861239659e+02,2.360000000000000142e+01,1.424241637306943403e+03,7.229415848200536630e+02,4.117681536958656352e+00,1.688122197211476561e+01,1.295681859892738075e+01
6.983510257245289949e+02,2.360000000000000142e+01,1.440171785780924438e+03,7.229415848200536630e+02,4.142689677629412870e+00,1.724726613095054262e+01,1.295754178789241706e+01
6.885978508629137878e+02,2.360000000000000142e+01,1.456101934254938215e+03,7.229415848200536630e+02,4.167697818300221790e+00,1.761331028978707991e+01,1.295826488169947588e+01
6.788651205498202899e+02,2.360000000000000142e+01,1.472104350479523191e+03,7.229415848200536630e+02,4.192649233759860650e+00,1.798101502247275718e+01,1.295898788032528159e+01
6.572230543797070368e+02,2.354685770107464293e+01,1.476578134052509768e+03,7.230710731405696379e+02,4.253142298925357778e+00,1.803119642368811881e+01,1.295971078374657814e+01
6.307144252686503023e+02,2.347183327906222061e+01,1.476408976051535092e+03,7.232539591700185611e+02,4.328166720937782763e+00,1.795366102896430149e+01,1.296043359194010947e+01
6.042057961575935678e+02,2.339680885704979119e+01,1.476207702099272865e+03,7.234369377374295027e+02,4.403191142950207748e+00,1.787612563424048062e+01,1.296115630488261949e+01
5.777190536405732928e+02,2.332160423666511662e+01,1.475975706011630109e+03,7.236204488008255566e+02,4.478575961707285558e+00,1.779840411348891038e+01,1.296187892255084861e+01
5.433800065125493575e+02,2.328225333767503002e+01,1.467772906073533022e+03,7.237165081728469431e+02,4.393520026050198091e+00,1.775772251174575800e+01,1.296260144492155320e+01
5.058677955063370177e+02,2.325724519700422377e+01,1.456345310581385547e+03,7.237775687728674257e+02,4.243471182025348121e+00,1.773185825137010241e+01,1.296332387197148428e+01
4.683555845001246780e+02,2.323223705633341396e+01,1.444948336471389439e+03,7.238386396772307307e+02,4.093422338000498151e+00,1.770599399099445037e+01,1.296404620367739646e+01
4.308495172209822499e+02,2.320710194530481374e+01,1.433546940965501562e+03,7.239000310489930143e+02,3.943432095679578975e+00,1.767999841360338209e+01,1.296476844001604256e+01
3.915532399869626943e+02,2.323555845001629550e+01,1.428329234414173015e+03,7.238305281042586330e+02,3.775545424942961859e+00,1.770942227742143871e+01,1.296549058096420204e+01
3.515402149136695584e+02,2.328557473135791156e+01,1.425527515725003695e+03,7.237083993369199106e+02,3.600488440247303856e+00,1.776114121835146520e+01,1.296621262649862416e+01
3.115271898404591298e+02,2.333559101269942104e+01,1.422694308514007616e+03,7.235863117751371192e+02,3.425431455552009119e+00,1.781286015928138511e+01,1.296693457659608661e+01
2.715028837761853424e+02,2.338587521757683163e+01,1.419813989021917450e+03,7.234636118027249267e+02,3.250901945317435704e+00,1.786485614442880987e+01,1.296765643123335821e+01
2.343510257244855097e+02,2.334656463692601136e+01,1.422068472622590207e+03,7.235595311468669024e+02,2.754705307716762697e+00,1.782419709756662840e+01,1.296837819038721484e+01
1.983393031585961523e+02,2.327154021491374181e+01,1.426316846187506371e+03,7.237426643819766241e+02,2.129501790947849749e+00,1.774660429322184640e+01,1.296909985403442533e+01
1.623275805926323017e+02,2.319651579290131593e+01,1.430494460977366543e+03,7.239258903427601126e+02,1.504298274177644057e+00,1.766901148887690454e+01,1.296982142215178513e+01
1.262481283489312887e+02,2.312170302613182216e+01,1.434586407343744440e+03,7.241086917236968930e+02,8.758385229008450734e-01,1.759179213335221803e+01,1.297054289471606481e+01
1.031520677303895326e+02,2.293940084662987289e+01,1.450239863019756967e+03,7.245545253626822841e+02,6.821556496255409829e-01,1.687123974481657740e+01,1.297126427170405982e+01
8.514620644740760724e+01,2.271432758059259527e+01,1.469803825644009748e+03,7.251057166968287220e+02,6.571475089547327286e-01,1.589308826900213489e+01,1.297198555309255319e+01
6.714034516442566769e+01,2.248925431455532120e+01,1.488540980285541082e+03,7.256577472864662468e+02,6.321393682839244743e-01,1.491493679318769239e+01,1.297270673885834746e+01
4.910271985309398701e+01,2.226431460181968447e+01,1.506498672515654107e+03,7.262102905958137171e+02,6.072054238915971514e-01,1.393365405965495540e+01,1.297342782897822566e+01
3.702800390752032200e+01,2.200335395636595592e+01,1.517945648100763492e+03,7.268523715541664387e+02,5.463692608270793727e-01,1.344869788948133937e+01,1.297414882342899922e+01
2.727482904590511126e+01,2.172826440898706934e+01,1.526394887291070745e+03,7.275304462515432533e+02,4.713448388146546653e-01,1.315610049163250217e+01,1.297486972218746537e+01
1.752165418431007637e+01,2.145317486160874765e+01,1.534091903782702275e+03,7.282097872710596675e+02,3.963204168023852225e-01,1.286350309378427426e+01,1.297559052523043022e+01
7.721519041889030710e+00,2.117829100450957824e+01,1.541096492986661133e+03,7.288898885101629048e+02,3.208285168814861144e-01,1.257233128983841830e+01,1.297631123253469809e+01
4.104526212958929499e+00,2.084926733962850065e+01,1.536956999971749156e+03,7.297056119786924455e+02,4.432758059265712314e-01,1.077561771067689911e+01,1.297703184407708754e+01
2.854119179421104491e+00,2.049915337023790940e+01,1.528283889256729253e+03,7.305756302483326863e+02,6.433409312926232637e-01,8.384717819869152322e+00,1.297775235983440467e+01
1.603712145880692219e+00,2.014903940084659695e+01,1.519196732758245844e+03,7.314477256168319173e+02,8.434060566590890762e-01,5.993817929056455718e+00,1.297847277978347336e+01
3.451350748388468115e-01,1.979830153768243761e+01,1.509751137390166605e+03,7.323234662123867338e+02,1.044778388025784377e+00,3.594064314589256792e+00,1.297919310390111569e+01
0.000000000000000000e+00,1.955646369260838924e+01,1.480651708878136787e+03,7.329285202278517772e+02,1.100000000000000089e+00,2.453024049770870185e+00,1.297991333216414667e+01
0.000000000000000000e+00,1.935639856724192853e+01,1.444528539877231879e+03,7.334298201549721625e+02,1.100000000000000089e+00,1.791874672560042514e+00,1.298063346454940437e+01
0.000000000000000000e+00,1.915633344187546072e+01,1.409043423474674000e+03,7.339318062980332797e+02,1.100000000000000089e+00,1.130725295349214177e+00,1.298135350103371621e+01
0.000000000000000000e+00,1.895626831650940858e+01,1.374145796807607212e+03,7.344344800670128279e+02,1.100000000000000089e+00,4.674511541797380376e-01,1.298207344159390431e+01
0.000000000000000000e+00,1.875620319114294077e+01,1.347305876907742231e+03,7.349378428757568145e+02,1.028101595571471627e+00,1.121582988693651667e-01,1.298279328620681738e+01
0.000000000000000000e+00,1.855613806577647296e+01,1.323695657434521081e+03,7.354418961419870584e+02,9.280690328882384987e-01,-1.264077629458030538e-01,1.298351303484928643e+01
0.000000000000000000e+00,1.835607294041042437e+01,1.300438421136410852e+03,7.359466412873177887e+02,8.280364702052125381e-01,-3.649738247604777941e-01,1.298423268749815840e+01
0.000000000000000000e+00,1.815600781504396011e+01,1.277367681421847919e+03,7.364520797372712195e+02,7.280039075219796318e-01,-6.035308735753651677e-01,1.298495224413028204e+01
0.000000000000000000e+00,1.795594268967749585e+01,1.277465317005436646e+03,7.369582129212853943e+02,6.279713448387467256e-01,-8.439293467714470420e-01,1.298567170472249721e+01
0.000000000000000000e+00,1.775587756431144371e+01,1.285818302847960240e+03,7.374650422727312389e+02,5.279387821557206539e-01,-1.085027723154516899e+00,1.298639106925166331e+01
0.000000000000000000e+00,1.755581243894497590e+01,1.293738964514871668e+03,7.379725692289274548e+02,4.279062194724877477e-01,-1.326126099538085690e+00,1.298711033769463086e+01
0.000000000000000000e+00,1.735524879766489192e+01,1.301216482665584635e+03,7.384820629711666697e+02,3.274249924669964118e-01,-1.567818813006413903e+00,1.298782951002825392e+01
0.000000000000000000e+00,1.722784109410622833e+01,1.313928994786698468e+03,7.388060827472874053e+02,2.819602735265572258e-01,-1.722063475077761252e+00,1.298854858622940256e+01
0.000000000000000000e+00,1.712780853142299620e+01,1.328522790225893459e+03,7.390606825258826120e+02,2.569521328557489159e-01,-1.843582064980425983e+00,1.298926756627493440e+01
0.000000000000000000e+00,1.702777596873976051e+01,1.342874495981444852e+03,7.393154578401002937e+02,2.319439921849407171e-01,-1.965100654883090492e+00,1.298998645014171771e+01
0.000000000000000000e+00,1.692783009667376248e+01,1.357037159598601875e+03,7.395701878063867980e+02,2.070008694769519819e-01,-2.086511093035080755e+00,1.299070523780662612e+01
1.807228915662400515e-01,1.680963855421687825e+01,1.364472845428349501e+03,7.398716468438327638e+02,1.638554216867519064e-01,-2.230760382782527085e+00,1.299142392924652256e+01
4.308042982743224281e-01,1.668459785086283986e+01,1.369325481830418084e+03,7.401908429363594450e+02,1.138391403451354256e-01,-2.383583687886059010e+00,1.299214252443829842e+01
6.808857049824048602e-01,1.655955714750879793e+01,1.374006266556037872e+03,7.405103145634893735e+02,6.382285900351894470e-02,-2.536406992989591380e+00,1.299286102335882376e+01
9.291883175295270192e-01,1.643349999034904485e+01,1.378492185868727574e+03,7.408326630467493032e+02,1.339999613961904978e-02,-2.690472596208111078e+00,1.299357942598497750e+01
3.715727775970784297e+00,1.641810485183980362e+01,1.397474668176612568e+03,7.408720494445291251e+02,0.000000000000000000e+00,-2.709228325080274224e+00,1.299429773229365637e+01
7.466948876592019779e+00,1.644311299251061342e+01,1.422044912366490735e+03,7.408080706011096481e+02,0.000000000000000000e+00,-2.678580742426377892e+00,1.299501594226173928e+01
1.121816997720549480e+01,1.646812113318136994e+01,1.446689186778896328e+03,7.407441028066665467e+02,0.000000000000000000e+00,-2.647933159772544620e+00,1.299573405586612118e+01
1.494871817938238756e+01,1.649298817311676757e+01,1.471453135792044577e+03,7.406805068663277325e+02,0.000000000000000000e+00,-2.617529850599170427e+00,1.299645207308369876e+01
2.887756431132037704e+01,1.659068707261493003e+01,1.489798719186859671e+03,7.404307536607194606e+02,3.627482904597285895e-02,-1.867766152542407632e+00,1.299716999389136873e+01
4.663334418755749056e+01,1.671572777596871262e+01,1.505903483847812367e+03,7.401113506635700787e+02,8.629111038748586704e-02,-8.459272330938041318e-01,1.299788781826603135e+01
6.438912406383134623e+01,1.684076847932275456e+01,1.522158326068543829e+03,7.397922231122601033e+02,1.363073917291023340e-01,1.759116863569131217e-01,1.299860554618459574e+01
8.210126865125633344e+01,1.696539643530628538e+01,1.538588596910690285e+03,7.394744224504752310e+02,1.860091988836610200e-01,1.206745251887471726e+00,1.299932317762396039e+01
1.098941712797060575e+02,1.719986974926727541e+01,1.551655536140799086e+03,7.388772568784396526e+02,4.180397264733910490e-01,1.086962033340198808e+00,1.300004071256104332e+01
1.414044285249244410e+02,1.747495929664616909e+01,1.563361463353951649e+03,7.381778764444427452e+02,7.181374145230898787e-01,5.499158026253504472e-01,1.300075815097275189e+01
1.729146857701428246e+02,1.775004884402505922e+01,1.574944079466556559e+03,7.374798187482574576e+02,1.018235102572788708e+00,1.286957191050206069e-02,1.300147549283601123e+01
2.044018028589141522e+02,1.802513839140337737e+01,1.586369803650960421e+03,7.367830800408910363e+02,1.317940681602161934e+00,-5.290886083321123534e-01,1.300219273812773402e+01
2.399397590361597281e+02,1.830022793878226750e+01,1.603426210628594845e+03,7.360876565874996231e+02,1.691240638228753923e+00,-4.320317999498007877e-01,1.300290988682484539e+01
2.769518072289559996e+02,1.857531748616115763e+01,1.622683025065864967e+03,7.353935446673320939e+02,2.091370888961685992e+00,-1.046437609177860162e-01,1.300362693890427224e+01
3.139638554216755892e+02,1.885040703353947578e+01,1.642065498748450182e+03,7.347007405736575265e+02,2.491501139693790279e+00,2.227442781135513250e-01,1.300434389434294324e+01
3.509689218435062230e+02,1.912538302116930922e+01,1.661587582788268264e+03,7.340095256578658791e+02,2.893910844298712703e+00,5.488720908872015691e-01,1.300506075311778353e+01
3.890820579616166697e+02,1.941882123086973877e+01,1.679011119929037022e+03,7.332733351174842937e+02,3.072940410289913160e+00,1.203070939946442541e+00,1.300577751520574132e+01
4.275945945945816788e+02,1.971891891891881698e+01,1.695622089491957013e+03,7.325219626830548805e+02,3.172972972972939232e+00,1.976928351002379847e+00,1.300649418058374174e+01
4.661071312276263825e+02,2.001901660696851692e+01,1.712191929720654798e+03,7.317721285089288585e+02,3.273005535656172249e+00,2.750785762059918760e+00,1.300721074922874010e+01
5.046460048014610607e+02,2.031899608661903400e+01,1.728757401513048308e+03,7.310241221678520560e+02,3.374023168332588973e+00,3.532263728806405823e+00,1.300792722111767574e+01
5.394786714425144964e+02,2.063747964832290194e+01,1.740069639087558471e+03,7.302316475574675678e+02,3.381732334744392166e+00,3.699052877962440089e+00,1.300864359622748445e+01
5.729895799413975510e+02,2.096258547704340458e+01,1.749176359531166781e+03,7.294244649455706622e+02,3.356724194073584133e+00,3.652275996024330951e+00,1.300935987453513576e+01
6.065004884402806056e+02,2.128769130576391433e+01,1.757856901364188843e+03,7.286190648484791836e+02,3.331716053402775657e+00,3.605499114086220924e+00,1.301007605601756900e+01
6.400465788925124571e+02,2.161267426019867699e+01,1.766149213218541263e+03,7.278157445845615712e+02,3.306452712293792562e+00,3.558244888353378155e+00,1.301079214065175194e+01
6.689472484532800536e+02,2.195620319114304664e+01,1.769121736720968556e+03,7.269685048145049677e+02,3.318300227938788982e+00,4.434492418851310624e+00,1.301150812841464166e+01
6.962061217844609473e+02,2.230631716053435909e+01,1.769594761081981460e+03,7.261070514826247972e+02,3.343308368609597014e+00,5.648420427868121152e+00,1.301222401928319528e+01
7.234649951155855661e+02,2.265643112992495389e+01,1.769182512210958976e+03,7.252476373683808788e+02,3.368316509280353976e+00,6.862348436882419023e+00,1.301293981323438764e+01
7.507578400900224551e+02,2.300755401166447811e+01,1.767812116932692106e+03,7.243877890261248922e+02,3.393119130769119085e+00,8.080479474048674504e+00,1.301365551024518474e+01
7.737661999348944164e+02,2.324666232497575891e+01,1.769471772911583457e+03,7.238034113222649921e+02,3.546662324975761837e+00,8.850936381419296950e+00,1.301437111029255433e+01
7.952732009117451071e+02,2.344672745034181460e+01,1.772226846082088969e+03,7.233151799736880321e+02,3.746727450341813537e+00,9.465649682716712476e+00,1.301508661335348016e+01
8.167802018886401356e+02,2.364679257570827886e+01,1.774756949215843179e+03,7.228276068402150258e+02,3.946792575708280459e+00,1.008036298401539987e+01,1.301580201940493708e+01
8.383730355210847165e+02,2.384700350376566291e+01,1.777080142529931891e+03,7.223403361046335931e+02,4.148558732468850430e+00,1.070179611116915197e+01,1.301651732842391063e+01
8.513461413220398981e+02,2.402855747313569879e+01,1.771713156847600203e+03,7.218990398213511526e+02,4.218365353305099319e+00,1.011446371426237434e+01,1.301723254038738098e+01
8.613493975903631963e+02,2.420361445783135323e+01,1.763318872922533956e+03,7.214740459318494459e+02,4.243373493975908239e+00,9.101499231934489842e+00,1.301794765527233899e+01
8.713526538586864945e+02,2.437867144252701479e+01,1.754527618082825256e+03,7.210495521497723530e+02,4.268381634646716272e+00,8.088534749606607122e+00,1.301866267305577551e+01
8.814689584255837644e+02,2.455388060762426505e+01,1.745225479952302294e+03,7.206251893374975452e+02,4.293672396063959340e+00,7.064122603820794488e+00,1.301937759371468850e+01
8.827121458808203442e+02,2.471038749592968742e+01,1.743506643765578247e+03,7.202465460375544808e+02,4.299999999999999822e+00,6.929389984372517297e+00,1.302009241722606880e+01
8.809615760338638211e+02,2.486043633995453561e+01,1.744297783688120944e+03,7.198839004773077477e+02,4.299999999999999822e+00,7.094638360725271653e+00,1.302080714356692503e+01
8.792110061869108222e+02,2.501048518397907472e+01,1.744945340951686376e+03,7.195216199187964321e+02,4.299999999999999822e+00,7.259886737077684948e+00,1.302152177271425337e+01
8.774767267539070872e+02,2.516228577641338759e+01,1.745451530204894652e+03,7.191554818564120524e+02,4.299999999999999822e+00,7.427064309102183515e+00,1.302223630464506421e+01
8.655731032236934652e+02,2.519999999999999929e+01,1.741444996053618524e+03,7.190645728015784925e+02,4.299999999999999822e+00,7.468598879085675435e+00,1.302295073933636971e+01
8.500680560078243388e+02,2.519999999999999929e+01,1.735868873713310677e+03,7.190645728015784925e+02,4.299999999999999822e+00,7.468598879085675435e+00,1.302366507676517848e+01
8.345630087919232665e+02,2.519999999999999929e+01,1.730292751372990551e+03,7.190645728015784925e+02,4.299999999999999822e+00,7.468598879085675435e+00,1.302437931690851336e+01
8.191069014133599921e+02,2.519999999999999929e+01,1.724649427631654362e+03,7.190645728015784925e+02,4.299999999999999822e+00,7.468598879085675435e+00,1.302509345974339361e+01
7.954291761641328549e+02,2.510768479322704394e+01,1.732567445640336700e+03,7.192871340233197088e+02,4.336926082709182673e+00,7.366992427054796622e+00,1.302580750524683140e+01
7.689205470530761204e+02,2.498264408987300200e+01,1.744923716259430194e+03,7.195888123900961091e+02,4.386942364050799625e+00,7.229366756578897046e+00,1.302652145339586554e+01
7.424119179420193859e+02,2.485760338651896006e+01,1.756990226780883859e+03,7.198907439187029240e+02,4.436958645392416578e+00,7.091741086102997471e+00,1.302723530416751885e+01
7.159316996310052446e+02,2.473282177536632531e+01,1.768913901253773247e+03,7.201923023817943204e+02,4.486850562477379789e+00,6.954406489648920164e+00,1.302794905753881771e+01
6.856955389124061639e+02,2.457053077173558364e+01,1.767836745078654303e+03,7.205848879123316237e+02,4.555486812113318074e+00,6.774759596021320718e+00,1.302866271348680982e+01
6.541852816671878372e+02,2.439547378703992919e+01,1.762399279725176257e+03,7.210088345988318679e+02,4.630511234125743059e+00,6.580710061932770749e+00,1.302937627198852333e+01
6.226750244220346531e+02,2.422041680234463357e+01,1.756859823609894192e+03,7.214332804259613567e+02,4.705535656138012612e+00,6.386660527844622237e+00,1.303008973302100593e+01
5.911860227087822750e+02,2.404411335126824767e+01,1.751269025605779689e+03,7.218612547440656044e+02,4.781521637929858848e+00,6.191233911913244015e+00,1.303080309656130176e+01
5.570605665906642798e+02,2.396294366655809327e+01,1.728872800646685846e+03,7.220584625088413304e+02,4.633246499511413319e+00,6.101032313800542894e+00,1.303151636258645318e+01
5.220491696516050979e+02,2.391292738521658023e+01,1.700833909762314761e+03,7.221800349969460058e+02,4.408173233474604658e+00,6.045291419385473652e+00,1.303222953107351323e+01
4.870377727124736680e+02,2.386291110387496417e+01,1.672945261780032979e+03,7.223016484300975435e+02,4.183099967437330591e+00,5.989550524970288947e+00,1.303294260199953847e+01
4.520468873534619547e+02,2.381223439473388126e+01,1.645035596014483190e+03,7.224249095949393222e+02,3.958567051417798854e+00,5.933073613497232834e+00,1.303365557534158725e+01
4.146020840117521402e+02,2.381856072940407998e+01,1.630644722430975435e+03,7.224095196084813324e+02,3.658710517746913471e+00,5.940136414592793734e+00,1.303436845107671793e+01
3.763396287854155275e+02,2.384356887007488979e+01,1.620598188700020273e+03,7.223486896081650457e+02,3.333604689026406831e+00,5.968023550093050744e+00,1.303508122918199241e+01
3.380771735590789717e+02,2.386857701074569960e+01,1.610517413847640228e+03,7.222878698512835172e+02,3.008498860305899303e+00,5.995910685593306866e+00,1.303579390963447615e+01
2.997897780014499745e+02,2.389392514099444398e+01,1.600361539068127968e+03,7.222262337256863702e+02,2.682589419856277857e+00,6.024176951055817852e+00,1.303650649241124171e+01
2.641553239987019310e+02,2.378844024747641228e+01,1.593696861817628360e+03,7.224827985105379184e+02,2.432660371214617090e+00,5.906173723123368191e+00,1.303721897748936165e+01
2.293940084662784784e+02,2.363839140345156054e+01,1.588135511082804669e+03,7.228480678805148045e+02,2.207587105177343023e+00,5.738346975426849461e+00,1.303793136484591386e+01
1.946326929339269327e+02,2.348834255942702143e+01,1.582529655782381724e+03,7.232137067795692928e+02,1.982513839140534362e+00,5.570520227730678009e+00,1.303864365445797269e+01
1.598013366215203916e+02,2.333881848136936910e+01,1.576800915454183269e+03,7.235784347464539223e+02,1.757890372503709608e+00,5.403291080784077494e+00,1.303935584630262490e+01
1.316291110387361698e+02,2.311374145229553889e+01,1.578822676714450836e+03,7.241281509634044369e+02,1.476489742754648171e+00,5.149505847764268118e+00,1.304006794035695549e+01
1.056206447411494338e+02,2.286366004558797371e+01,1.582910004357437856e+03,7.247399166049008272e+02,1.176392054705570178e+00,4.867068681620168924e+00,1.304077993659804413e+01
7.961217844350885287e+01,2.261357863887989339e+01,1.586475771616264183e+03,7.253527167971222980e+02,8.762943666558713485e-01,4.584631515475486196e+00,1.304149183500299891e+01
5.344482012488408884e+01,2.236349723217180951e+01,1.589504582661543964e+03,7.259665541665661976e+02,5.744189712045613128e-01,4.302219318202779696e+00,1.304220363554890660e+01
3.916346466949830329e+01,2.211341582546424434e+01,1.600984234870886212e+03,7.265814313486276887e+02,4.067079127321227006e-01,4.017151324730807715e+00,1.304291533821285753e+01
2.866004558775884448e+01,2.186333441875616401e+01,1.614663870114259680e+03,7.271973509876420394e+02,2.816672093780814845e-01,3.731221489660937696e+00,1.304362694297196512e+01
1.815662650601938211e+01,2.161325301204808014e+01,1.627519598960285748e+03,7.278143157369149776e+02,1.566265060240402129e-01,3.445291654591066788e+00,1.304433844980332502e+01
7.530944982652664876e+00,2.136224716281196123e+01,1.639580380701333979e+03,7.284346157041496781e+02,2.973691761314625412e-02,3.158324643055665071e+00,1.304504985868405242e+01
4.065450993162166071e+00,2.118785411917945893e+01,1.649980708880451857e+03,7.288662069557830137e+02,0.000000000000000000e+00,2.957628383094961233e+00,1.304576116959125009e+01
2.815043959621753800e+00,2.103780527515461074e+01,1.659708918891880558e+03,7.292379610864486494e+02,0.000000000000000000e+00,2.784351569206143573e+00,1.304647238250203500e+01
1.564636926083928570e+00,2.088775643113007163e+01,1.669104024001729840e+03,7.296100946328608643e+02,0.000000000000000000e+00,2.611074755317684293e+00,1.304718349739352767e+01
2.952374086283454657e-01,2.073803317254376921e+01,1.678116377877334344e+03,7.299817992525490808e+02,0.000000000000000000e+00,2.438185324976938073e+00,1.304789451424284685e+01
0.000000000000000000e+00,2.055021165744049227e+01,1.695652726305633450e+03,7.304486233927983676e+02,0.000000000000000000e+00,2.219740128531241474e+00,1.304860543302710774e+01
0.000000000000000000e+00,2.035014653207444368e+01,1.715345243910557201e+03,7.309465355646974558e+02,0.000000000000000000e+00,1.986651475966785263e+00,1.304931625372344683e+01
0.000000000000000000e+00,2.015008140670797587e+01,1.734270083591444518e+03,7.314451270058336831e+02,0.000000000000000000e+00,1.753562823401846549e+00,1.305002697630898645e+01
0.000000000000000000e+00,1.995001628134151161e+01,1.752460625500639026e+03,7.319443991071791515e+02,0.000000000000000000e+00,1.520492771504863283e+00,1.305073760076087019e+01
0.000000000000000000e+00,1.974995115597545947e+01,1.768153830834593691e+03,7.324443532635059455e+02,0.000000000000000000e+00,1.285587157614926479e+00,1.305144812705622215e+01
0.000000000000000000e+00,1.954988603060899166e+01,1.782616537437562556e+03,7.329449908734032988e+02,0.000000000000000000e+00,1.050100690839950390e+00,1.305215855517218415e+01
0.000000000000000000e+00,1.934982090524253096e+01,1.796421615284564268e+03,7.334463133392836198e+02,0.000000000000000000e+00,8.146142240649736355e-01,1.305286888508590515e+01
0.000000000000000000e+00,1.914830053479681027e+01,1.809607929476408344e+03,7.339519773506324327e+02,0.000000000000000000e+00,5.774255069744081981e-01,1.305357911677452520e+01
0.000000000000000000e+00,1.904363399544125457e+01,1.820011067049493249e+03,7.342148847044970807e+02,0.000000000000000000e+00,4.537438711305182282e-01,1.305428925021518261e+01
0.000000000000000000e+00,1.896860957342883225e+01,1.829551189402348200e+03,7.344034521067530932e+02,0.000000000000000000e+00,3.648064198016945925e-01,1.305499928538504939e+01
0.000000000000000000e+00,1.889358515141640282e+01,1.838958140229121909e+03,7.345921163929064051e+02,0.000000000000000000e+00,2.758689684728710123e-01,1.305570922226126740e+01
0.000000000000000000e+00,1.881856072940413327e+01,1.848272001338401424e+03,7.347808776376426749e+02,0.000000000000000000e+00,1.869343717838236885e-01,1.305641906082099979e+01
0.000000000000000000e+00,1.874353630739171095e+01,1.854541304168356646e+03,7.349697359157254368e+02,0.000000000000000000e+00,9.773175733987134184e-02,1.305712880104140439e+01
0.000000000000000000e+00,1.866851188537928508e+01,1.859818233036517995e+03,7.351586913019943950e+02,0.000000000000000000e+00,8.445771566043945577e-03,1.305783844289964613e+01
0.000000000000000000e+00,1.859348746336701907e+01,1.865000521898962688e+03,7.353477438713654237e+02,0.000000000000000000e+00,-8.084021420759861243e-02,1.305854798637289349e+01
0.000000000000000000e+00,1.851864337495770840e+01,1.870115457587650781e+03,7.355364388714193637e+02,0.000000000000000000e+00,-1.699082099207602226e-01,1.305925743143831674e+01
1.885379355261101730e-01,1.842458482578955525e+01,1.873275595775221518e+03,7.357737143775078721e+02,0.000000000000000000e+00,-2.822628610336144761e-01,1.305996677807308792e+01
4.386193422336751579e-01,1.832455226310653273e+01,1.875760786574509666e+03,7.360262281205858699e+02,0.000000000000000000e+00,-4.018585508033472031e-01,1.306067602625438795e+01
6.887007489417575901e-01,1.822451970042329350e+01,1.878133179249645309e+03,7.362789152459965862e+02,0.000000000000000000e+00,-5.214542405733273434e-01,1.306138517595939597e+01
9.349496650794378860e-01,1.812391226415450518e+01,1.880431477345260419e+03,7.365332298319844995e+02,0.000000000000000000e+00,-6.417336048445875241e-01,1.306209422716529467e+01
4.210680560075885204e+00,1.806222728752851481e+01,1.879603164261096708e+03,7.366892430774610148e+02,3.777271247148097921e-02,-7.156646995462490057e-01,1.306280317984927031e+01
8.462064474113285328e+00,1.801221100618690230e+01,1.877837131440978737e+03,7.368157926606496630e+02,8.778899381309746008e-02,-7.756994462208095520e-01,1.306351203398850380e+01
1.271344838815068634e+01,1.796219472484528268e+01,1.876061465564184573e+03,7.369423857290626074e+02,1.378052751547139410e-01,-8.357341928953702093e-01,1.306422078956020627e+01
1.691781090158247025e+01,1.791129527581454184e+01,1.874291194343418283e+03,7.370712589750477264e+02,1.872101327113765978e-01,-8.968290093525206341e-01,1.306492944654156219e+01
3.200000000000207478e+01,1.803243243243245075e+01,1.869985627009694099e+03,7.367646238243864900e+02,4.081081081081388562e-01,-7.519497737171161322e-01,1.306563800490976845e+01
5.050602409640016788e+01,1.820748941712810520e+01,1.864567238900287066e+03,7.363219518555445120e+02,6.831976554870295981e-01,-5.425184191506926545e-01,1.306634646464203797e+01
6.901204819275999114e+01,1.838254640182340438e+01,1.858774721131342858e+03,7.358798115105033730e+02,9.582872028653508512e-01,-3.330870645847023859e-01,1.306705482571556409e+01
8.742743732071821228e+01,1.855654857660790213e+01,1.852548447876845103e+03,7.354408603917983100e+02,1.238349425539726489e+00,-1.248945872565145193e-01,1.306776308810756149e+01
1.164474112667127770e+02,1.886532074242944290e+01,1.849024561459378901e+03,7.346632181829196497e+02,1.300000000000000044e+00,2.401751447107866866e-01,1.306847125179524838e+01
1.487079127319886709e+02,1.921543471182003415e+01,1.845364334189669080e+03,7.337834429942527095e+02,1.300000000000000044e+00,6.533501695940033827e-01,1.306917931675582345e+01
1.809684141973312990e+02,1.956554868121134660e+01,1.840539852350183310e+03,7.329057723851655055e+02,1.300000000000000044e+00,1.066525194478074923e+00,1.306988728296652269e+01
2.131762006054014194e+02,1.991468141002519587e+01,1.834532249078280529e+03,7.320326483816571681e+02,1.300000000000000044e+00,1.478620788225848637e+00,1.307059515040456077e+01
2.502354281993375480e+02,2.036069684142039549e+01,1.824383342510140437e+03,7.309202615237535383e+02,1.337968088570568703e+00,1.996044273946129488e+00,1.307130291904715591e+01
2.887479648323026140e+02,2.083585151416476933e+01,1.811030282803711316e+03,7.297389115510328566e+02,1.387984369912081295e+00,2.545126356821242553e+00,1.307201058887153877e+01
3.272605014653473177e+02,2.131100618691012727e+01,1.795096243348299140e+03,7.285613741303822053e+02,1.438000651253697582e+00,3.094208439697491819e+00,1.307271815985494712e+01
3.657754115605427501e+02,2.178593035008629997e+01,1.776395308079905135e+03,7.273881988919135893e+02,1.488332366742622037e+00,3.643149347894165224e+00,1.307342563197461160e+01
4.040954086616728205e+02,2.228033213936826940e+01,1.759556652620446130e+03,7.261709173252556866e+02,1.519016606968413452e+00,4.203876957171055473e+00,1.307413300520776644e+01
4.423578638880094331e+02,2.278049495278443359e+01,1.741234187874834788e+03,7.249435896411374642e+02,1.544024747639221928e+00,4.768088050531308575e+00,1.307484027953165118e+01
4.806203191143460458e+02,2.328065776620060134e+01,1.719926859077803101e+03,7.237204036586372240e+02,1.569032888310030405e+00,5.332299143891560789e+00,1.307554745492351600e+01
5.189290336552928693e+02,2.378160505130097135e+01,1.695484255787268467e+03,7.224994311787547758e+02,1.593750774457245889e+00,5.897515409086182991e+00,1.307625453136060578e+01
5.537163790296530124e+02,2.422383588407711130e+01,1.668393298904044968e+03,7.214249856836096342e+02,1.676196678606379553e+00,6.388234882877335430e+00,1.307696150882016006e+01
5.874773689352441579e+02,2.464897427548084963e+01,1.638750680922996935e+03,7.203950779793331094e+02,1.776229241289612348e+00,6.857284280751485994e+00,1.307766838727945213e+01
6.212383588407653860e+02,2.507411266688371043e+01,1.606355548014729948e+03,7.193681066795014658e+02,1.876261803972638420e+00,7.326333678624666668e+00,1.307837516671571976e+01
6.550585572311005080e+02,2.549950574961658489e+01,1.571225296701674324e+03,7.183434470453579479e+02,1.978271969917351658e+00,7.795753225812423359e+00,1.307908184710623445e+01
6.845623575382969648e+02,2.590530771735641835e+01,1.521019388089967379e+03,7.173686932121272548e+02,2.000000000000000000e+00,8.236956899756707529e+00,1.307978842842825529e+01
7.128215564962517874e+02,2.630543796808851909e+01,1.463737922631153651e+03,7.164101502080995942e+02,2.000000000000000000e+00,8.669997353423022801e+00,1.308049491065904313e+01
7.410807554542651587e+02,2.670556821882145471e+01,1.402762257471526709e+03,7.154541653826947822e+02,2.000000000000000000e+00,9.103037807090233358e+00,1.308120129377587304e+01
7.694516862321097506e+02,2.710796121929098845e+01,1.336823236835104808e+03,7.144953473575106955e+02,2.000000000000000000e+00,9.530724003574103875e+00,1.308190757775601121e+01
7.905268642136081780e+02,2.737202865516115224e+01,1.317477859633208254e+03,7.138675199797752384e+02,2.076457180071622055e+00,1.101413176205298150e+01,1.308261376257674513e+01
8.095330511234224105e+02,2.759710192119842276e+01,1.311023575236021543e+03,7.133332754493596894e+02,2.176489742754855072e+00,1.281441245520903571e+01,1.308331984821534455e+01
8.285392380332366429e+02,2.782217518723570038e+01,1.304140499678883316e+03,7.127998299573350778e+02,2.276522305438088090e+00,1.461469314836509170e+01,1.308402583464909519e+01
8.477208905329414392e+02,2.804752151661234549e+01,1.296662044386863499e+03,7.122665362020634348e+02,2.376142239074246820e+00,1.645210415621619049e+01,1.308473172185527567e+01
8.575525887333152468e+02,2.825317486160869151e+01,1.305128313675875233e+03,7.117805424374016638e+02,2.514881146206520590e+00,1.610938212693305616e+01,1.308543750981117881e+01
8.648049495278495442e+02,2.845323998697515933e+01,1.318401052663323298e+03,7.113083908004952036e+02,2.664929990231369672e+00,1.515913559365251650e+01,1.308614319849409391e+01
8.720573103223689486e+02,2.865330511234121147e+01,1.331782810260202723e+03,7.108368651413363750e+02,2.814978834255908779e+00,1.420888906037394861e+01,1.308684878788132266e+01
8.794623626591265975e+02,2.885397197777554723e+01,1.345336811240740417e+03,7.103645492525374721e+02,2.965314872404062552e+00,1.324673479841255563e+01,1.308755427795015613e+01
8.777394985346744534e+02,2.901507652230560907e+01,1.355114239581702350e+03,7.099858056545268710e+02,3.095897101921339711e+00,1.285222763067789842e+01,1.308825966867790136e+01
8.734881146206457743e+02,2.916512536633014463e+01,1.363856147937504147e+03,7.096334165728255812e+02,3.220937805275121857e+00,1.261108584631467622e+01,1.308896496004184939e+01
8.692367307066083413e+02,2.931517421035499638e+01,1.372634460483819112e+03,7.092813771219492764e+02,3.345978508629163350e+00,1.236994406195095664e+01,1.308967015201932149e+01
8.650341439409152144e+02,2.946522305437984457e+01,1.381394335230185789e+03,7.089296867818161445e+02,3.470571475453650301e+00,1.212362150127526128e+01,1.309037524458762292e+01
8.532412894822573435e+02,2.961527189840438723e+01,1.395841370672957510e+03,7.085783450333740348e+02,3.634483881471781697e+00,1.219299041051700172e+01,1.309108023772407137e+01
8.392367307066048170e+02,2.976532074242923542e+01,1.412051785329143058e+03,7.082273513585982982e+02,3.809540866167440143e+00,1.234929502696897963e+01,1.309178513140597566e+01
8.252321719309521768e+02,2.991536958645408362e+01,1.428424334219595721e+03,7.078767052404912192e+02,3.984597850863097701e+00,1.250559964342095753e+01,1.309248992561066771e+01
8.113038275944126099e+02,3.006651456478591555e+01,1.445082068823519876e+03,7.075238490137743383e+02,4.163491305633910677e+00,1.266305356602077303e+01,1.309319462031545811e+01
7.901025724519618052e+02,3.015773363725173439e+01,1.455215785347239944e+03,7.073110623414792144e+02,4.180755454249421632e+00,1.275777354015565734e+01,1.309389921549768410e+01
7.668450016281101398e+02,3.023275805926416382e+01,1.463596524177982928e+03,7.071361492911310052e+02,4.155747313578612712e+00,1.283554289742362364e+01,1.309460371113466870e+01
7.435874308043066776e+02,3.030778248127642982e+01,1.472018874663359838e+03,7.069613227289293036e+02,4.130739172907856194e+00,1.291331225469143007e+01,1.309530810720374561e+01
7.204121731172343743e+02,3.038314222500734729e+01,1.480672847558582362e+03,7.067858018710320493e+02,4.106066353955540649e+00,1.299143146557498696e+01,1.309601240368225739e+01
6.903253012047873654e+02,3.043855421686751939e+01,1.481526670922116864e+03,7.066567968899776133e+02,4.022891566264960694e+00,1.304876024946519308e+01,1.309671660054753950e+01
6.583148811462190224e+02,3.048857049820902887e+01,1.480338584323845453e+03,7.065403942040239826e+02,3.922859003581934623e+00,1.310046597028484605e+01,1.309742069777692919e+01
6.263044610875844000e+02,3.053858677955064849e+01,1.479130084821688342e+03,7.064240298601727090e+02,3.822826440898701605e+00,1.315217169110460738e+01,1.309812469534778145e+01
5.943517475527798979e+02,3.058974243685993599e+01,1.477872741371246548e+03,7.063050545560961382e+02,3.721426627054269076e+00,1.320505527349489228e+01,1.309882859323743887e+01
5.580354933246659357e+02,3.058069032888311156e+01,1.502057880613223233e+03,7.063261044284072341e+02,3.680690328883110762e+00,1.319570821856129328e+01,1.309953239142325998e+01
5.205232823184536528e+02,3.055568218821230175e+01,1.533627211290430523e+03,7.063842656799575934e+02,3.655682188212302730e+00,1.316986936249675111e+01,1.310023608988259625e+01
4.830110713122412562e+02,3.053067404754149194e+01,1.565103263865635427e+03,7.064424365106802952e+02,3.630674047541493810e+00,1.314403050643220716e+01,1.310093968859280444e+01
4.455214779501136491e+02,3.050566590687073898e+01,1.597213145020541333e+03,7.065006169229419584e+02,3.605085387341220748e+00,1.311819197527760394e+01,1.310164318753124846e+01
4.064392705958885017e+02,3.048065776619992562e+01,1.582558192952197487e+03,7.065588069191103386e+02,3.600000000000000089e+00,1.309233113133148052e+01,1.310234658667529750e+01
3.669264083360114910e+02,3.045564962552911581e+01,1.555439341269159513e+03,7.066170065015536466e+02,3.600000000000000089e+00,1.306646426657626314e+01,1.310304988600231013e+01
3.274135460762162211e+02,3.043064148485836640e+01,1.528394094680754506e+03,7.066752156726407748e+02,3.600000000000000089e+00,1.304059740182110083e+01,1.310375308548966800e+01
2.878475601995407942e+02,3.040602758497739444e+01,1.500785782234912176e+03,7.067325165354893670e+02,3.600000000000000089e+00,1.301513886890603899e+01,1.310445618511474031e+01
2.516815369586149984e+02,3.030312601758373603e+01,1.502896017114933784e+03,7.069721709932879321e+02,3.522500814066992891e+00,1.290837591319000666e+01,1.310515918485491049e+01
2.164200586128483224e+02,3.017808531422995344e+01,1.512428731229741743e+03,7.072636055876839691e+02,3.422468251383967264e+00,1.277861896607432257e+01,1.310586208468755665e+01
1.811585802670087162e+02,3.005304461087591505e+01,1.521739786635523387e+03,7.075552805568879648e+02,3.322435688700733802e+00,1.264886201895837026e+01,1.310656488459005686e+01
1.457401224828663828e+02,2.992934215189167091e+01,1.530741696022449787e+03,7.078440701134120445e+02,3.223848429936884141e+00,1.252050615322640859e+01,1.310726758453980700e+01
1.191748616086101578e+02,2.964770433083704404e+01,1.549305456384690160e+03,7.085024497443081373e+02,2.889482253337900097e+00,1.222563326626860380e+01,1.310797018451419227e+01
9.491696515792617106e+01,2.932259850211653429e+01,1.569303568864255794e+03,7.092639675717587124e+02,2.489352002604968472e+00,1.188491489080361774e+01,1.310867268449061029e+01
7.065906870724218436e+01,2.899749267339602810e+01,1.587960936307364818e+03,7.100271241610084871e+02,2.089221751872036403e+00,1.154419651533863700e+01,1.310937508444646404e+01
4.613490165755323602e+01,2.867268202310534164e+01,1.605248038921984516e+03,7.107912293286407248e+02,1.688076776354340280e+00,1.120385023636749544e+01,1.311007738435914050e+01
3.380722891566188792e+01,2.832784109410612672e+01,1.626272531435788778e+03,7.116042576024165101e+02,1.347281015955687833e+00,1.083806149258915674e+01,1.311077958420605505e+01
2.455421686746283072e+01,2.797772712471480716e+01,1.647041147427911937e+03,7.124316227661756784e+02,1.022175187235180527e+00,1.046557046593834883e+01,1.311148168396461067e+01
1.530120481928292975e+01,2.762761315532421946e+01,1.666229905760947076e+03,7.132609140845997899e+02,6.970693585153462379e-01,1.009307943928831008e+01,1.311218368361221032e+01
5.862387252041227903e+00,2.727645100541269940e+01,1.683980122557486084e+03,7.140946310189959831e+02,3.638526091028053133e-01,9.711295299722392471e+00,1.311288558312628005e+01
3.221100618690252215e+00,2.698580267013981882e+01,1.695543390293654056e+03,7.147861514246945944e+02,3.194724845327436280e-01,1.178372611678337734e+01,1.311358738248423172e+01
2.220774991859991943e+00,2.671071312276150067e+01,1.705031285734758740e+03,7.154418898734566028e+02,3.444806252035002014e-01,1.453926663736996616e+01,1.311428908166348073e+01
1.220449365027663102e+00,2.643562357538261054e+01,1.713726082096524124e+03,7.160988325642048267e+02,3.694887658743084557e-01,1.729480715796226065e+01,1.311499068064145668e+01
1.947329686636356527e-01,2.616111589980548047e+01,1.721835076149834322e+03,7.167555888489176823e+02,3.939414834616108418e-01,2.012029019768721838e+01,1.311569217939557852e+01
0.000000000000000000e+00,2.584643438619364630e+01,1.722262110093837919e+03,7.175099453468833417e+02,6.925757082380975538e-01,2.039654624697562468e+01,1.311639357790327942e+01
0.000000000000000000e+00,2.552132855747314366e+01,1.720363951986742222e+03,7.182909599374828531e+02,1.067697818300221035e+00,2.006298055844265704e+01,1.311709487614199610e+01
0.000000000000000000e+00,2.519622272875263036e+01,1.717833880909519394e+03,7.190736766605474486e+02,1.442819928362344628e+00,1.972941486990968940e+01,1.311779607408915993e+01
0.000000000000000000e+00,2.487289723697708155e+01,1.714671534519109855e+03,7.198537987006766343e+02,1.818275978093043976e+00,1.939770033045157049e+01,1.311849717172220764e+01
0.000000000000000000e+00,2.440924780201891409e+01,1.711920127539796340e+03,7.209754591061788460e+02,2.173526538586761259e+00,1.891956549105766427e+01,1.311919816901859193e+01
0.000000000000000000e+00,2.390908498860274989e+01,1.707994320332709776e+03,7.221893762433853681e+02,2.523640507978076819e+00,1.840332076023747021e+01,1.311989906595574418e+01
0.000000000000000000e+00,2.340892217518761953e+01,1.702621707971843762e+03,7.234073880556451286e+02,2.873754477368667626e+00,1.788707602941835262e+01,1.312059986251112598e+01
0.000000000000000000e+00,2.290842271748398673e+01,1.695679080387573322e+03,7.246303398674751861e+02,3.222979054271477573e+00,1.737426966962177488e+01,1.312130055866217937e+01
0.000000000000000000e+00,2.242816672093752217e+01,1.706743078846549679e+03,7.258077200874437267e+02,3.632692933898005183e+00,1.657987570840793623e+01,1.312200115438636949e+01
0.000000000000000000e+00,2.195301204819314833e+01,1.720539305667300368e+03,7.269763660030507708e+02,4.057831325300865544e+00,1.571258615230472699e+01,1.312270164966114727e+01
0.000000000000000000e+00,2.147785737544779394e+01,1.731991968423203389e+03,7.281487813352562171e+02,4.482969716704605645e+00,1.484529659619972541e+01,1.312340204446397607e+01
0.000000000000000000e+00,2.099876802068405013e+01,1.741108093759634130e+03,7.293347468542617662e+02,4.909620621352059899e+00,1.398824050742139846e+01,1.312410233877232280e+01
0.000000000000000000e+00,2.070397264734634746e+01,1.758285225104159508e+03,7.300664114308619901e+02,5.254835558449745925e+00,1.203279574397552842e+01,1.312480253256365614e+01
0.000000000000000000e+00,2.045389124063826358e+01,1.776951422878034009e+03,7.306882561700086853e+02,5.579941387170253009e+00,9.790350213894251752e+00,1.312550262581543770e+01
0.000000000000000000e+00,2.020380983393018326e+01,1.794587060667113974e+03,7.313111611429200138e+02,5.905047215890760093e+00,7.547904683812976856e+00,1.312620261850516101e+01
0.000000000000000000e+00,1.995203317624019590e+01,1.811647655994850084e+03,7.319393639763773081e+02,6.229523379959981177e+00,5.244654825450797198e+00,1.312690251061028945e+01
1.963529794854629029e-01,1.978218821230872138e+01,1.803757493852963762e+03,7.323637480899288903e+02,6.594529469228194607e+00,5.642373044220739153e+00,1.312760230210830947e+01
4.464343861935453073e-01,1.963213936828387318e+01,1.789945906700189880e+03,7.327390795020285168e+02,6.969651579290317756e+00,6.685081801032086268e+00,1.312830199297670575e+01
6.965157929011103199e-01,1.948209052425933407e+01,1.776216413953937945e+03,7.331147958209526223e+02,7.344773689351665524e+00,7.727790557841276886e+00,1.312900158319296118e+01
9.407680559793379915e-01,1.933325738398616522e+01,1.762565296712127292e+03,7.334878482107014861e+02,7.730229281303076405e+00,8.773181254857622235e+00,1.312970107273456932e+01
3.360143275807301322e+00,1.908365353305099887e+01,1.749160713354999871e+03,7.341143386522647916e+02,7.406642787365449898e+00,9.673148358824585458e+00,1.313040046157902907e+01
6.361120156298080808e+00,1.880856398567267718e+01,1.735700589395236193e+03,7.348060367425241566e+02,6.906479973950320428e+00,1.053776794459596644e+01,1.313109974970383043e+01
9.362097036795070437e+00,1.853347443829378349e+01,1.722130736688292927e+03,7.354990395272999422e+02,6.406317160534155342e+00,1.140238753036913444e+01,1.313179893708648294e+01
1.230634331158639583e+01,1.825305657787130542e+01,1.708342737595382914e+03,7.362068171669523053e+02,5.902655959766140548e+00,1.229119743291032307e+01,1.313249802370447838e+01
2.521426245521133325e+01,1.816059915337028485e+01,1.699709567803810614e+03,7.364404725363352782e+02,5.563594920221715867e+00,1.210695912087401105e+01,1.313319700953533520e+01
4.071930967111244115e+01,1.811058287202866879e+01,1.692328650820272287e+03,7.365669366582651492e+02,5.263497232172016815e+00,1.167084366162244180e+01,1.313389589455655404e+01
5.622435688701354906e+01,1.806056659068704917e+01,1.684975208657737994e+03,7.366934442213735110e+02,4.963399544122318652e+00,1.123472820237087078e+01,1.313459467874565689e+01
7.159577875640158595e+01,1.800912944245942171e+01,1.677712929204894863e+03,7.368235911988265343e+02,4.654776654756531684e+00,1.080716861981676935e+01,1.313529336208015863e+01
9.789026375772431265e+01,1.803946597199607638e+01,1.665221696192091258e+03,7.367468276341518276e+02,5.172256593943107106e+00,8.826355629789912172e+00,1.313599194453757590e+01
1.268997069358618575e+02,1.808948225333768889e+01,1.651332063173153529e+03,7.366203017375825084e+02,5.897492673396547147e+00,6.443446787149337496e+00,1.313669042609543425e+01
1.559091501139394040e+02,1.813949853467920548e+01,1.637336909539036242e+03,7.364938192916347361e+02,6.622728752848485279e+00,4.060537944513692210e+00,1.313738880673125919e+01
1.849764193236890719e+02,1.819095714347597337e+01,1.623375964429375927e+03,7.363637350202238849e+02,7.360745456140639575e+00,1.608912780813732013e+00,1.313808708642258161e+01
2.109632041680316092e+02,1.818023445131878191e+01,1.597323402600549343e+03,7.363908373581435853e+02,7.638358840768535885e+00,2.774980382801784273e+00,1.313878526514693412e+01
2.362214262454956497e+02,1.815522631064802184e+01,1.568372552151668287e+03,7.364540554674873647e+02,7.813415825463830622e+00,4.795431960094256318e+00,1.313948334288185649e+01
2.614796483230119861e+02,1.813021816997721558e+01,1.539507852594547330e+03,7.365172844321331240e+02,7.988472810159487736e+00,6.815883537390908131e+00,1.314018131960488134e+01
2.864581176888893879e+02,1.810447816396564491e+01,1.510272783255290051e+03,7.365823751987388732e+02,8.168652852240468221e+00,8.875271977522981359e+00,1.314087919529355908e+01
3.363477694561415205e+02,1.811979811136435004e+01,1.498006022381594903e+03,7.365436330385555266e+02,8.160403777271302062e+00,9.586606610381656068e+00,1.314157696992542945e+01
3.923660045587520244e+02,1.814480625203515629e+01,1.489466821771829473e+03,7.364803995500419660e+02,8.110387495929685997e+00,1.000262018986651569e+01,1.314227464347804286e+01
4.483842396613624715e+02,1.816981439270596610e+01,1.480896744040383055e+03,7.364171769179954481e+02,8.060371214588069932e+00,1.041863376935137353e+01,1.314297221592895148e+01
5.046400860596808116e+02,1.819437701219705161e+01,1.472293999292998251e+03,7.363550911236852698e+02,8.010651947366334014e+00,1.083366385148345756e+01,1.314366968725571461e+01
5.493155323998505537e+02,1.827932269619012118e+01,1.463729642227781824e+03,7.361404587245247058e+02,7.940507977857409472e+00,1.130773739305498538e+01,1.314436705743589329e+01
5.913292087268084742e+02,1.837935525887335331e+01,1.455023111600452694e+03,7.358878666090046181e+02,7.865483555844984487e+00,1.179572917437293000e+01,1.314506432644704503e+01
6.333428850537662811e+02,1.847938782155658899e+01,1.446142804059162472e+03,7.356354477780552088e+02,7.790459133832560390e+00,1.228372095569086753e+01,1.314576149426673268e+01
6.757391019934846099e+02,1.858243306672174100e+01,1.437100259143292988e+03,7.353756088406915978e+02,7.713175199958691941e+00,1.278640959422675216e+01,1.314645856087253328e+01
7.018769130576401949e+02,1.860000000000000142e+01,1.427153936709584286e+03,7.353313292042876128e+02,7.799316183653556500e+00,1.287210687951869659e+01,1.314715552624200789e+01
7.243842396613675874e+02,1.860000000000000142e+01,1.417021053693497379e+03,7.353313292042876128e+02,7.924356887007597550e+00,1.287210687951869659e+01,1.314785239035274600e+01
7.468915662650484819e+02,1.860000000000000142e+01,1.406888170677431845e+03,7.353313292042876128e+02,8.049397590361380139e+00,1.287210687951869659e+01,1.314854915318231576e+01
7.698363238161714435e+02,1.860000000000000142e+01,1.396727462697512237e+03,7.353313292042876128e+02,8.174438293715422077e+00,1.287210687951869659e+01,1.314924581470830489e+01
7.779791598827785037e+02,1.863979159882778447e+01,1.387939948471451316e+03,7.352310515040402379e+02,8.299478997069462238e+00,1.291399514856003528e+01,1.314994237490829221e+01
7.829807880169298642e+02,1.868980788016929750e+01,1.379401908911083410e+03,7.351050456538096114e+02,8.424519700423244828e+00,1.296664685170843079e+01,1.315063883375987253e+01
7.879824161510914564e+02,1.873982416151091002e+01,1.370795365016398591e+03,7.349790829866127524e+02,8.549560403777286766e+00,1.301929855485693466e+01,1.315133519124063000e+01
7.929732397445472998e+02,1.878984044285252963e+01,1.362178755270833562e+03,7.348531634802544659e+02,8.677182191855509430e+00,1.307358050923228099e+01,1.315203144732816654e+01
7.985835232823151273e+02,1.883985672419404622e+01,1.349493145656949764e+03,7.347272871125557003e+02,8.719928362097022045e+00,1.282208934236974329e+01,1.315272760200007873e+01
8.043353956366009925e+02,1.888987300553565873e+01,1.335779940359974262e+03,7.346014538613513878e+02,8.744936502767830078e+00,1.249511736704355691e+01,1.315342365523396495e+01
8.100872679908868577e+02,1.893988928687727835e+01,1.321966528342738457e+03,7.344756637044923764e+02,8.769944643438639886e+00,1.216814539171737231e+01,1.315411960700743776e+01
8.158662172881280412e+02,1.898990556821878783e+01,1.308004994831120030e+03,7.343499166198452031e+02,8.795737623035982722e+00,1.183091194443691130e+01,1.315481545729809376e+01
8.203933572126345553e+02,1.903992184956040390e+01,1.296224830176895694e+03,7.342242125852900472e+02,8.760078150439595035e+00,1.212011298585736618e+01,1.315551120608355440e+01
8.246447411266719882e+02,1.908993813090201996e+01,1.284864129405832500e+03,7.340985515787234590e+02,8.710061869097977194e+00,1.255226020531144648e+01,1.315620685334142514e+01
8.288961250407094212e+02,1.913995441224363958e+01,1.273418617774746735e+03,7.339729335780567681e+02,8.660045587756359353e+00,1.298440742476552323e+01,1.315690239904932923e+01
8.331244256869276796e+02,1.918997069358515262e+01,1.261826357632029612e+03,7.338473585612165380e+02,8.610347428761143007e+00,1.343029773783838721e+01,1.315759784318488990e+01
8.387984369912122702e+02,1.923998697492676513e+01,1.252933807899158410e+03,7.337218265061438842e+02,8.540019537609847333e+00,1.131927485327414828e+01,1.315829318572572504e+01
8.448003907522062264e+02,1.929000325626838475e+01,1.244580090149807120e+03,7.335963373907959522e+02,8.464995115597421460e+00,8.587578515748138130e+00,1.315898842664946855e+01
8.508023445131877907e+02,1.934001953760989423e+01,1.236160865540932036e+03,7.334708911931443254e+02,8.389970693585151906e+00,5.855882178227780344e+00,1.315968356593374899e+01
8.569976718545509584e+02,1.938949867011715611e+01,1.227502881049954340e+03,7.333468343353980572e+02,8.315550564011381596e+00,3.036174849230637296e+00,1.316037860355619493e+01
8.429804623900757861e+02,1.948010420058626124e+01,1.224408295823870731e+03,7.331197720802408639e+02,8.199869749267172381e+00,2.672682847029701492e+00,1.316107353949445091e+01
8.242243568870084118e+02,1.958013676326928731e+01,1.222378725862818783e+03,7.328692483372274182e+02,8.074829045913389791e+00,2.788447465727968755e+00,1.316176837372615616e+01
8.054682513839021567e+02,1.968016932595252300e+01,1.220270834565508039e+03,7.326188957550747318e+02,7.949788342559347853e+00,2.904212084426474938e+00,1.316246310622895166e+01
7.868557940414052609e+02,1.978346624103916440e+01,1.218010656535409680e+03,7.323605538989926345e+02,7.825118588342057535e+00,3.016501707196291626e+00,1.316315773698049085e+01
7.587290784760689348e+02,1.980000000000000071e+01,1.227319061742257645e+03,7.323192193048332683e+02,7.679648323021829093e+00,5.267368194472703991e+00,1.316385226595841651e+01
7.284692282643909493e+02,1.980000000000000071e+01,1.239384532944143075e+03,7.323192193048332683e+02,7.529599478996980011e+00,8.040745537515459063e+00,1.316454669314038206e+01
6.982093780527129638e+02,1.980000000000000071e+01,1.251450004146028959e+03,7.323192193048332683e+02,7.379550634972130929e+00,1.081412288055821591e+01,1.316524101850405692e+01
6.681347020801574672e+02,1.980000000000000071e+01,1.263914180494763286e+03,7.323192193048332683e+02,7.225960087673953147e+00,1.367914685739779479e+01,1.316593524202708743e+01
6.266395310973375672e+02,1.971963529794849279e+01,1.264668882269464575e+03,7.325201708845562507e+02,7.179908824487124086e+00,1.146910444234016779e+01,1.316662936368714476e+01
5.826252035167150325e+02,1.961960273526526066e+01,1.263119784219017220e+03,7.327704559866507452e+02,7.154900683816315166e+00,8.153532418347856137e+00,1.316732338346189479e+01
5.386108759361836746e+02,1.951957017258223459e+01,1.261535641277385366e+03,7.330209121803969765e+02,7.129892543145558648e+00,4.837960394362403882e+00,1.316801730132900161e+01
4.946007197463063676e+02,1.941905952518047940e+01,1.259940602366154963e+03,7.332727380324359956e+02,7.105386391429200366e+00,1.411465787490894908e+00,1.316871111726614885e+01
4.503809833929780666e+02,1.933962878541182917e+01,1.256240143594043502e+03,7.334718710752829338e+02,7.019505047215769622e+00,1.147805569743866938e+00,1.316940483125100236e+01
4.061165744057390725e+02,1.926460436339955606e+01,1.252076257791697117e+03,7.336600569673981909e+02,6.919472484532743550e+00,1.487055104882397449e+00,1.317009844326124757e+01
3.618521654184085037e+02,1.918957994138713374e+01,1.247920576695818227e+03,7.338483394494986669e+02,6.819439921849510533e+00,1.826304640021630066e+00,1.317079195327457519e+01
3.174980017874157738e+02,1.911328526297711505e+01,1.243632863194006404e+03,7.340399092248022725e+02,6.721101034363067050e+00,2.156576192817833526e+00,1.317148536126865643e+01
2.773546076196763011e+02,1.907984369912081490e+01,1.244071339658586567e+03,7.341239093849480923e+02,6.458124389449755753e+00,4.460989592041138430e+00,1.317217866722119091e+01
2.380918267665073529e+02,1.905483555845000510e+01,1.245431632715545220e+03,7.341867388516835717e+02,6.158026701400056702e+00,7.227300124238661638e+00,1.317287187110987468e+01
1.988290459133384331e+02,1.902982741777919529e+01,1.246784326849635818e+03,7.342495790737693824e+02,5.857929013350357650e+00,9.993610656436182182e+00,1.317356497291238959e+01
1.593411929467715993e+02,1.900546199896115240e+01,1.248093041740115041e+03,7.343108145604497849e+02,5.558242667287018435e+00,1.285471529341420904e+01,1.317425797260645304e+01
1.293884728101475616e+02,1.885867795506342404e+01,1.257589393127901076e+03,7.346799307394724110e+02,5.237544773689212008e+00,1.252209844857682519e+01,1.317495087016975752e+01
1.013793552588423097e+02,1.868362097036775893e+01,1.268615070168200191e+03,7.351206299740707664e+02,4.912438944968704924e+00,1.156716002418188971e+01,1.317564366558001154e+01
7.337023770759502383e+01,1.850856398567246686e+01,1.279234826488924909e+03,7.355618582346503445e+02,4.587333116248871079e+00,1.061222159978893131e+01,1.317633635881492538e+01
4.486246655469748390e+01,1.833304014411297089e+01,1.289367025896141513e+03,7.360047955714476302e+02,4.263032377426209329e+00,9.624175931694370689e+00,1.317702894985221107e+01
3.272028655160218591e+01,1.817867144252670286e+01,1.304708011038656196e+03,7.363947881720043824e+02,3.896678606316757776e+00,9.969531045913432976e+00,1.317772143866958068e+01
2.371735591012984656e+01,1.802862259850216375e+01,1.320813915510669631e+03,7.367742637864051858e+02,3.521556496255410451e+00,1.058174088962287840e+01,1.317841382524476224e+01
1.471442526863887856e+01,1.787857375447731201e+01,1.336489951443259088e+03,7.371541307017467943e+02,3.146434386193286858e+00,1.119395073333358859e+01,1.317910610955547135e+01
5.458916647341462536e+00,1.772747250220326976e+01,1.351912713486101211e+03,7.375370584711491801e+02,2.762542207387883586e+00,1.182763007565809588e+01,1.317979829157943961e+01
3.189840442852841296e+00,1.761898404428528409e+01,1.360716363745819990e+03,7.378122395017093140e+02,2.639238033213963330e+00,1.183683616410113437e+01,1.318049037129439149e+01
2.189514816020511567e+00,1.751895148160204840e+01,1.368136007164325520e+03,7.380661546471702650e+02,2.564213611201538345e+00,1.173101014107599127e+01,1.318118234867806038e+01
1.189189189188182505e+00,1.741891891891881627e+01,1.375402405767832079e+03,7.383202446205707474e+02,2.489189189189113804e+00,1.162518411805084817e+01,1.318187422370818496e+01
1.533867447518295346e-01,1.731928054309808473e+01,1.382449524978119143e+03,7.385735071742343507e+02,2.414164767176843807e+00,1.151977861212095178e+01,1.318256599636249859e+01
0.000000000000000000e+00,1.719856724194070097e+01,1.393648909456598858e+03,7.388805714911126188e+02,2.339140345164419710e+00,1.139186772091798794e+01,1.318325766661875065e+01
0.000000000000000000e+00,1.707352653858665903e+01,1.405477809269294539e+03,7.391989128311680588e+02,2.264115923151994725e+00,1.125933508211179834e+01,1.318394923445468514e+01
0.000000000000000000e+00,1.694848583523287644e+01,1.417023912891077998e+03,7.395175285995771901e+02,2.189091501139725171e+00,1.112680244330588764e+01,1.318464069984804610e+01
0.000000000000000000e+00,1.682232418487340198e+01,1.428228404716461228e+03,7.398392795910041286e+02,2.113529024564692271e+00,1.099308546716906676e+01,1.318533206277659353e+01
0.000000000000000000e+00,1.673904265711487582e+01,1.442601165401178378e+03,7.400518257915103959e+02,2.059361771409917274e+00,1.090470079642186008e+01,1.318602332321807680e+01
0.000000000000000000e+00,1.666401823510260627e+01,1.457490405737812807e+03,7.402434036897337819e+02,2.009345490068404239e+00,1.082504647235839634e+01,1.318671448115025058e+01
0.000000000000000000e+00,1.658899381309018395e+01,1.472202107061841843e+03,7.404350808015351504e+02,1.959329208726787730e+00,1.074539214829476563e+01,1.318740553655089265e+01
0.000000000000000000e+00,1.651342548184750214e+01,1.487259976609644127e+03,7.406282480315961720e+02,1.910219442768921860e+00,1.066516182629923470e+01,1.318809648939775592e+01
0.000000000000000000e+00,1.645929664604366138e+01,1.489379532461465487e+03,7.407666735144555332e+02,1.777889938130974734e+00,1.060764504459265645e+01,1.318878733966861105e+01
0.000000000000000000e+00,1.640928036470204177e+01,1.489309339659985426e+03,7.408946279502597463e+02,1.627841094106125208e+00,1.055448554631847813e+01,1.318947808734123761e+01
0.000000000000000000e+00,1.635926408336042570e+01,1.489222797657772389e+03,7.410226265974652051e+02,1.477792250081275904e+00,1.050132604804430159e+01,1.319016873239339915e+01
0.000000000000000000e+00,1.630961427833699773e+01,1.489115828291895923e+03,7.411497310687404934e+02,1.328166263346831633e+00,1.044855705856017813e+01,1.319085927480287879e+01
0.000000000000000000e+00,1.623884728101594277e+01,1.499064235185182497e+03,7.413309714974089957e+02,1.157310322370535216e+00,1.037327209779848225e+01,1.319154971454746494e+01
0.000000000000000000e+00,1.616382285900352045e+01,1.511149830228814380e+03,7.415232123212554143e+02,9.822533376748776579e-01,1.029344735281544132e+01,1.319224005160493540e+01
0.000000000000000000e+00,1.608879843699125090e+01,1.523082298777143023e+03,7.417155528741608350e+02,8.071963529795821435e-01,1.021362260783256737e+01,1.319293028595308570e+01
0.000000000000000000e+00,1.601321854646546328e+01,1.535002441729375505e+03,7.419094185360555684e+02,6.295471818882588666e-01,1.013661727570039517e+01,1.319362041756970072e+01
2.041680234453329967e-01,1.595916639531093395e+01,1.541867511449726180e+03,7.420481265613390178e+02,5.387495929664000149e-01,7.344625001210484783e+00,1.319431044643257778e+01
4.542494301528979816e-01,1.590915011396942091e+01,1.547768334316214805e+03,7.421765241154464547e+02,4.637251709541305167e-01,3.946172898034840504e+00,1.319500037251951241e+01
7.043308368609804138e-01,1.585913383262780485e+01,1.553614100344284225e+03,7.423049661108361761e+02,3.887007489417059203e-01,5.477207948521650716e-01,1.319569019580831437e+01
9.473976242058543829e-01,1.580991922207055289e+01,1.559585391548965617e+03,7.424313926779085477e+02,3.131151573802244958e-01,-2.977830443723907372e+00,1.319637991627678808e+01
2.431455551936394954e+00,1.569775317486168831e+01,1.560845806242245317e+03,7.427196955396696012e+02,2.591012699446744172e-01,-8.439322889160941754e-01,1.319706953390273263e+01
4.182025398892971424e+00,1.557271247150764637e+01,1.561216428220157013e+03,7.430413543116109167e+02,2.090849886030578808e-01,2.367859018976277152e+00,1.319775904866396843e+01
5.932595245849547894e+00,1.544767176815360443e+01,1.561470273960180748e+03,7.433632918137225261e+02,1.590687072614414554e-01,5.579650326868648591e+00,1.319844846053830878e+01
7.634504491591458830e+00,1.531790759984710171e+01,1.561605334756663751e+03,7.436976874621514071e+02,1.071630399388402988e-01,8.910767773065996877e+00,1.319913776950356699e+01
1.742168674698823949e+01,1.532048192771084416e+01,1.562959588360136877e+03,7.436910489479880653e+02,2.433734939759079341e-01,9.394610507209435468e+00,1.319982697553757234e+01
2.892543145556003026e+01,1.534549006838165219e+01,1.564593594454833692e+03,7.436265823236976757e+02,4.184304786715656310e-01,9.421311146712056939e+00,1.320051607861814702e+01
4.042917616410802140e+01,1.537049820905240871e+01,1.566228332235952394e+03,7.435621268749766841e+02,5.934874633668612010e-01,9.448011786214623342e+00,1.320120507872311499e+01
5.168273867349153505e+01,1.539471134214086057e+01,1.567897978535680295e+03,7.434997310379766304e+02,7.670604339087846446e-01,9.473864018712029988e+00,1.320189397583031621e+01
8.846434386196236233e+01,1.562565939433427786e+01,1.568443399462517846e+03,7.429051179219985670e+02,1.025659394334277330e+00,9.719816149219420609e+00,1.320258276991757818e+01
1.304780201888332840e+02,1.590074894171259956e+01,1.568301930098178445e+03,7.421980952507808524e+02,1.300748941712598805e+00,1.001276054826371187e+01,1.320327146096274262e+01
1.724916965157911193e+02,1.617583848909148969e+01,1.567603679052545658e+03,7.414924170467386375e+02,1.575838489091489381e+00,1.030570494730861064e+01,1.320396004894364950e+01
2.145809907358053863e+02,1.644896590551518756e+01,1.566385473232126969e+03,7.407930968338993125e+02,1.850928036470379734e+00,1.059659113878745629e+01,1.320464853383814408e+01
2.534369912080466634e+02,1.682875284923447268e+01,1.531937198634307151e+03,7.398228773226364865e+02,2.126017583848701431e+00,1.099899411712991970e+01,1.320533691562407519e+01
2.916994464343832760e+02,1.722888309996740830e+01,1.487439431448775395e+03,7.388034315893902431e+02,2.401107131227592451e+00,1.142265719365563470e+01,1.320602519427930055e+01
3.299619016607198887e+02,1.762901335070034037e+01,1.439549066344732864e+03,7.377867914993172462e+02,2.676196678606483026e+00,1.184632027018135503e+01,1.320671336978166188e+01
3.697120470033175934e+02,1.803523133592386429e+01,1.387764922466050393e+03,7.367575491363166975e+02,2.961982037278754198e+00,1.227646239631001990e+01,1.320740144210902933e+01
3.680029306414857615e+02,1.824405731032235067e+01,1.347360955159233981e+03,7.362295486585109074e+02,3.000000000000000000e+00,1.249681010703804063e+01,1.320808941123925173e+01
3.595001628134109524e+02,1.841911429501801223e+01,1.308393017555157485e+03,7.357875192441690615e+02,3.000000000000000000e+00,1.268127968540392025e+01,1.320877727715020811e+01
3.509973949853537647e+02,1.859417127971330430e+01,1.268385994519439464e+03,7.353460202968882413e+02,3.000000000000000000e+00,1.286574926376941619e+01,1.320946503981975972e+01
3.425816696811859288e+02,1.877438041380198896e+01,1.225684404236610362e+03,7.348920830886513613e+02,3.000000000000000000e+00,1.305565060078824935e+01,1.321015269922577673e+01
3.290449365027600379e+02,1.882061217844351830e+01,1.223790600102001690e+03,7.347757149073447636e+02,3.061836535330551445e+00,1.310433015865545059e+01,1.321084025534613637e+01
3.145402149137212859e+02,1.884562031911427482e+01,1.228404653448997806e+03,7.347127845989388106e+02,3.136860957342820999e+00,1.313063995013735763e+01,1.321152770815871591e+01
3.000354933246525206e+02,1.887062845978508463e+01,1.233029739106130137e+03,7.346498650690177783e+02,3.211885379355245984e+00,1.315694974161932151e+01,1.321221505764139437e+01
2.849564146345008453e+02,1.889514146502391867e+01,1.237688998244279446e+03,7.345882016994930837e+02,3.284929259639798094e+00,1.318273894291243487e+01,1.321290230377206143e+01
3.108704005209729075e+02,1.896193422337993795e+01,1.241454549977207989e+03,7.344202347148753915e+02,3.609671116899698884e+00,1.325295511778357671e+01,1.321358944652859968e+01
3.446313904265640531e+02,1.903695864539236382e+01,1.245065725343981967e+03,7.342316586953323849e+02,3.984793226961822477e+00,1.333182057042950497e+01,1.321427648588890591e+01
3.783923803321551418e+02,1.911198306740478969e+01,1.248680139882301091e+03,7.340431794917126354e+02,4.359915337023945625e+00,1.341068602307543678e+01,1.321496342183087513e+01
4.120914137317420227e+02,1.918625818637520197e+01,1.252442358023164616e+03,7.338566778408135178e+02,4.734554025767967467e+00,1.348876618926692572e+01,1.321565025433239526e+01
4.486024096385451685e+02,1.930338651904913760e+01,1.245784740546476769e+03,7.335627665278453833e+02,5.130836860957244561e+00,1.361171390314288310e+01,1.321633698337138263e+01
4.856144578313413831e+02,1.942842722240317954e+01,1.236948762077744959e+03,7.332492601454650867e+02,5.530967111690176630e+00,1.374294483079322937e+01,1.321702360892572869e+01
5.226265060240609728e+02,1.955346792575696213e+01,1.227890631514298775e+03,7.329360216181871692e+02,5.931097362422280916e+00,1.387417575844330564e+01,1.321771013097334802e+01
5.601179592755555632e+02,1.968066811135739158e+01,1.218664484191108158e+03,7.326176486210915755e+02,6.332302555428972468e+00,1.400767609491676957e+01,1.321839654949215337e+01
5.817394985346868452e+02,1.974141973298601727e+01,1.206361167189498929e+03,7.324656881069764722e+02,6.689938130902127078e+00,1.407137145077658147e+01,1.321908286446005754e+01
6.007456854444617420e+02,1.979143601432753030e+01,1.193442345423631423e+03,7.323406282642046108e+02,7.040052100292717441e+00,1.412379040805105390e+01,1.321976907585497685e+01
6.197518723542759744e+02,1.984145229566914637e+01,1.180430572314784285e+03,7.322156111191167156e+02,7.390166069684032557e+00,1.417620936532563292e+01,1.322045518365483652e+01
6.395304707163958255e+02,1.989350123872735665e+01,1.166957625533184910e+03,7.320855588498570796e+02,7.747019917398789701e+00,1.423075862906878264e+01,1.322114118783754932e+01
6.289322696190326951e+02,1.985851514164772524e+01,1.163057046781182407e+03,7.321729718047281494e+02,7.903712145880692042e+00,1.419409187418759188e+01,1.322182708838106180e+01
6.131771409964235318e+02,1.980849886030610563e+01,1.160619553028731389e+03,7.322979743886811548e+02,8.028752849234733091e+00,1.414167291691301109e+01,1.322251288526329560e+01
5.974220123738143684e+02,1.975848257896448956e+01,1.158184644364539736e+03,7.324230196628584508e+02,8.153793552588775029e+00,1.408925395963843030e+01,1.322319857846218305e+01
5.814086378885834847e+02,1.970846629762297653e+01,1.155652726990302654e+03,7.325481076491325894e+02,8.283958181788872110e+00,1.403683585942300738e+01,1.322388416795566890e+01
5.733907521979837156e+02,1.965845001628135691e+01,1.157107685235931058e+03,7.326732383693913562e+02,8.196125040703401865e+00,1.398438128170205097e+01,1.322456965372168902e+01
5.666385542168654865e+02,1.960843373493974440e+01,1.159211134634801283e+03,7.327984118455376574e+02,8.071084337349359927e+00,1.393192047759131214e+01,1.322525503573818462e+01
5.598863562357612409e+02,1.955841745359822781e+01,1.161289153467959295e+03,7.329236280994887238e+02,7.946043633995578226e+00,1.387945967348068343e+01,1.322594031398311643e+01
5.532511339108789343e+02,1.950840117225661530e+01,1.163401798255984431e+03,7.330488871531774748e+02,7.821863862584393701e+00,1.382699973768395552e+01,1.322662548843442387e+01
5.382670140019494056e+02,1.945838489091499568e+01,1.163965246308959195e+03,7.331741890285516092e+02,7.654347118202493583e+00,1.377450307462486379e+01,1.322731055907007125e+01
5.217616411592500754e+02,1.940836860957348620e+01,1.164289661321431140e+03,7.332995337475733777e+02,7.479290133507197069e+00,1.372200021604290399e+01,1.322799552586800864e+01
5.052562683165166391e+02,1.935835232823187013e+01,1.164599526592082157e+03,7.334249213322206060e+02,7.304233148811539067e+00,1.366949735746083938e+01,1.322868038880620034e+01
4.888452274818374121e+02,1.930903026513134080e+01,1.164906817544438582e+03,7.335486104519450237e+02,7.126260447503298678e+00,1.361772440464447698e+01,1.322936514786261242e+01
4.678690980137015458e+02,1.921663953109747425e+01,1.158472081049654435e+03,7.337804191320267364e+02,7.037479648323109238e+00,1.352063342444573202e+01,1.323004980301520739e+01
4.461120156300983695e+02,1.911660696841424922e+01,1.150749375740157575e+03,7.340315663175842928e+02,6.962455226310683365e+00,1.341550070684225560e+01,1.323073435424196553e+01
4.243549332464951931e+02,1.901657440573100999e+01,1.143072371130916963e+03,7.342828854796701989e+02,6.887430804298260156e+00,1.331036798923877917e+01,1.323141880152085825e+01
4.026427518171919928e+02,1.891514263067879043e+01,1.135121857657307373e+03,7.345378961505755342e+02,6.810832268370721643e+00,1.320376710383418661e+01,1.323210314482985872e+01
3.789622272875408271e+02,1.885825464018237696e+01,1.136669165695910351e+03,7.346809957811024105e+02,6.779127320091188125e+00,1.314392294724252785e+01,1.323278738414695077e+01
3.549544122435649456e+02,1.880823835884076090e+01,1.139619365524295745e+03,7.348068562863167017e+02,6.754119179420380092e+00,1.309129266643420131e+01,1.323347151945012712e+01
3.309465971995890072e+02,1.875822207749914483e+01,1.142538859281772375e+03,7.349327599220356433e+02,6.729111038749572060e+00,1.303866238562587299e+01,1.323415555071736271e+01
3.071711468104464302e+02,1.870891070355335373e+01,1.145343283665632498e+03,7.350569312679548375e+02,6.705028089035705463e+00,1.298677506296573902e+01,1.323483947792666093e+01
2.710149788342509396e+02,1.861637902963202862e+01,1.159131702566481181e+03,7.352900495555821863e+02,6.386421361120107498e+00,1.288929843926676710e+01,1.323552330105600916e+01
2.327525236079143269e+02,1.851634646694879649e+01,1.174735140005351241e+03,7.355422313683401399e+02,6.011299251057983462e+00,1.278390896923366071e+01,1.323620702008340899e+01
1.944900683816568971e+02,1.841631390426577042e+01,1.190093849699089333e+03,7.357945862216156456e+02,5.636177140996636581e+00,1.267851949920077637e+01,1.323689063498686203e+01
1.558464677600367452e+02,1.831713348544578324e+01,1.205384261347677921e+03,7.360449621128574336e+02,5.263337559139629640e+00,1.257403223783737189e+01,1.323757414574436808e+01
1.301090849885846410e+02,1.817437316834895356e+01,1.214719942701944319e+03,7.364056531287129701e+02,4.781243894496519431e+00,1.242334991582021786e+01,1.323825755233394119e+01
1.063513513513659632e+02,1.802432432432441800e+01,1.222913229678665402e+03,7.367851399438418412e+02,4.281081081081389073e+00,1.226494020618337721e+01,1.323894085473359183e+01
8.259361771409813002e+01,1.787427548029956625e+01,1.230833606572587996e+03,7.371650180772405747e+02,3.780918267665223986e+00,1.210653049654620617e+01,1.323962405292133226e+01
5.845183039929935376e+01,1.772422663627471806e+01,1.238381095633332734e+03,7.375452881344992875e+02,3.277690132820530344e+00,1.194812926746725168e+01,1.324030714687518895e+01
4.598274177790723627e+01,1.757417779224986987e+01,1.251742407749972244e+03,7.379259507224579693e+02,2.885444480624670849e+00,1.178937913794009695e+01,1.324099013657317236e+01
3.522924128948193356e+01,1.742412894822532721e+01,1.265748032388780530e+03,7.383070064492096662e+02,2.510322370563323524e+00,1.163057357518710511e+01,1.324167302199331253e+01
2.447574080103439087e+01,1.727408010420047901e+01,1.279365949263223683e+03,7.386884559241067336e+02,2.135200260501199931e+00,1.147176801243378641e+01,1.324235580311363947e+01
1.344693682636990140e+01,1.712344194774477657e+01,1.292588718160208828e+03,7.390718004618951227e+02,1.760078150439076117e+00,1.131234662202764518e+01,1.324303847991218142e+01
9.689677629436676654e+00,1.699498534679257844e+01,1.305977454169881412e+03,7.393990112871770179e+02,1.384956040377728570e+00,1.117612793471555754e+01,1.324372105236697550e+01
6.938782155647770900e+00,1.686994464343853650e+01,1.319144633911024584e+03,7.397177996123879211e+02,1.009833930315604977e+00,1.104348324746806398e+01,1.324440352045606595e+01
4.187886681858864257e+00,1.674490394008449812e+01,1.332013448732422603e+03,7.400368629442709789e+02,6.347118202534813847e-01,1.091083856022056864e+01,1.324508588415748456e+01
1.337275500807909800e+00,1.661753222019718379e+01,1.344590678295736552e+03,7.403621581560207687e+02,2.471119158067589805e-01,1.077572460436659618e+01,1.324576814344928088e+01
7.896450667533403411e-01,1.655792901335066603e+01,1.356783254518817330e+03,7.405144761690819450e+02,1.579290133506680294e-01,1.071242691010416515e+01,1.324645029830950271e+01
5.395636600452579090e-01,1.650791273200904996e+01,1.368855061417347542e+03,7.406423434868715958e+02,1.079127320090515485e-01,1.065929010570889446e+01,1.324713234871619960e+01
2.894822533376928408e-01,1.645789645066753693e+01,1.380835158394781956e+03,7.407702549709135837e+02,5.789645066753854735e-02,1.060615330131373213e+01,1.324781429464743177e+01
2.845020368857881232e-02,1.640831819504356304e+01,1.392552197904879449e+03,7.408970897969093130e+02,5.690040737715737831e-03,1.055348304534639325e+01,1.324849613608125587e+01
0.000000000000000000e+00,1.633679583197645613e+01,1.414335058258679510e+03,7.410801403870241302e+02,0.000000000000000000e+00,1.047742535208377390e+01,1.324917787299573746e+01
0.000000000000000000e+00,1.626177140996418657e+01,1.437536461592593469e+03,7.412722511257354654e+02,0.000000000000000000e+00,1.039763486382860869e+01,1.324985950536893498e+01
0.000000000000000000e+00,1.618674698795176425e+01,1.460481332934131387e+03,7.414644614922841583e+02,0.000000000000000000e+00,1.031784437557327827e+01,1.325054103317891752e+01
0.000000000000000000e+00,1.611106126221407209e+01,1.483420180579056478e+03,7.416584672608638584e+02,0.000000000000000000e+00,1.023735238706035311e+01,1.325122245640376306e+01
0.000000000000000000e+00,1.605779876261804517e+01,1.498045298418773200e+03,7.417950560573909797e+02,0.000000000000000000e+00,1.018065621896104922e+01,1.325190377502154071e+01
0.000000000000000000e+00,1.600778248127643266e+01,1.511404632504586516e+03,7.419233660406231365e+02,0.000000000000000000e+00,1.012740536910368760e+01,1.325258498901033377e+01
0.000000000000000000e+00,1.595776619993481305e+01,1.524662052374334962e+03,7.420517204196753482e+02,0.000000000000000000e+00,1.007415451924632599e+01,1.325326609834822911e+01
0.000000000000000000e+00,1.590701049827562485e+01,1.537931890248794161e+03,7.421820178433446245e+02,0.000000000000000000e+00,1.002011711020705675e+01,1.325394710301329759e+01
0.000000000000000000e+00,1.587886681862584126e+01,1.547267444682162022e+03,7.422542864203825275e+02,0.000000000000000000e+00,9.990138117910470683e+00,1.325462800298364208e+01
0.000000000000000000e+00,1.585385867795503323e+01,1.556018134474197041e+03,7.423185153192395092e+02,0.000000000000000000e+00,9.963495448569116064e+00,1.325530879823734232e+01
0.000000000000000000e+00,1.582885053728427671e+01,1.564736553442721515e+03,7.423827553347947514e+02,0.000000000000000000e+00,9.936852779227816512e+00,1.325598948875250471e+01
0.000000000000000000e+00,1.580384239661347046e+01,1.573433016849984369e+03,7.424470064699345357e+02,0.000000000000000000e+00,9.910210367197590742e+00,1.325667007450722679e+01
0.000000000000000000e+00,1.577883425594266065e+01,1.581699041873173428e+03,7.425112687275463941e+02,0.000000000000000000e+00,9.883557677673985964e+00,1.325735055547960783e+01
0.000000000000000000e+00,1.575382611527190413e+01,1.589875976641565785e+03,7.425755421105181995e+02,0.000000000000000000e+00,9.856903473124967618e+00,1.325803093164775248e+01
0.000000000000000000e+00,1.572881797460109432e+01,1.598022342168525938e+03,7.426398266217397577e+02,0.000000000000000000e+00,9.830249268575887100e+00,1.325871120298977779e+01
0.000000000000000000e+00,1.570268725312496194e+01,1.606000672440536391e+03,7.427070087324711949e+02,0.000000000000000000e+00,9.802398593693336437e+00,1.325939136948378128e+01
0.000000000000000000e+00,1.576359492022140607e+01,1.622598684497478189e+03,7.425504339959860545e+02,0.000000000000000000e+00,9.867285962875183003e+00,1.326007143110789066e+01
0.000000000000000000e+00,1.583861934223383017e+01,1.640682788233661995e+03,7.423576602554408055e+02,0.000000000000000000e+00,9.947214000122215793e+00,1.326075138784022656e+01
0.000000000000000000e+00,1.591364376424625604e+01,1.658898293373593560e+03,7.421649865810144320e+02,0.000000000000000000e+00,1.002714203736924681e+01,1.326143123965890425e+01
0.000000000000000000e+00,1.599205538895878576e+01,1.677608787281989180e+03,7.419637215150185057e+02,0.000000000000000000e+00,1.011067866574321172e+01,1.326211098654205323e+01
4.246173884729957937e-01,1.600000000000000000e+01,1.686178465492598662e+03,7.419433349311807433e+02,0.000000000000000000e+00,1.011914253857531776e+01,1.326279062846780299e+01
9.247802018891606579e-01,1.600000000000000000e+01,1.693422326663372132e+03,7.419433349311807433e+02,0.000000000000000000e+00,1.011914253857531776e+01,1.326347016541428481e+01
1.424943015304290572e+00,1.600000000000000000e+01,1.700666187834130824e+03,7.419433349311807433e+02,0.000000000000000000e+00,1.011914253857531776e+01,1.326414959735962995e+01
1.911481131736184613e+00,1.600000000000000000e+01,1.708238926625019531e+03,7.419433349311807433e+02,0.000000000000000000e+00,1.011914253857531776e+01,1.326482892428198923e+01
3.701074568546480315e+00,1.597873656789316854e+01,1.702070478229231412e+03,7.419978997659205788e+02,0.000000000000000000e+00,1.009649911452340554e+01,1.326550814615950102e+01
5.701725822206999972e+00,1.595372842722241202e+01,1.693946253983329825e+03,7.420620842991185100e+02,0.000000000000000000e+00,1.006986795116685940e+01,1.326618726297031081e+01
7.702377075871659429e+00,1.592872028655160399e+01,1.685843040246136752e+03,7.421262799374974293e+02,0.000000000000000000e+00,1.004323678781025819e+01,1.326686627469256408e+01
9.660410486465190516e+00,1.590257059651281857e+01,1.677392485236683115e+03,7.421934178652650189e+02,0.000000000000000000e+00,1.001538998878932141e+01,1.326754518130442229e+01
1.468511885379130533e+01,1.602777596873976407e+01,1.680213212761486147e+03,7.418720701363372427e+02,0.000000000000000000e+00,1.014857505583736064e+01,1.326822398278402737e+01
2.018690980136912216e+01,1.617782481276460871e+01,1.684415565906501570e+03,7.414873264753696276e+02,0.000000000000000000e+00,1.030819046245117931e+01,1.326890267910955679e+01
2.568870074894693190e+01,1.632787365678946401e+01,1.688525088631482049e+03,7.411029816728074593e+02,0.000000000000000000e+00,1.046780586906499622e+01,1.326958127025916845e+01
3.107027338359827695e+01,1.647739286768717193e+01,1.692721240265640745e+03,7.407203894309750467e+02,0.000000000000000000e+00,1.062686796220370766e+01,1.327025975621102027e+01
4.522370563334785487e+01,1.664929990231199142e+01,1.687081766035073088e+03,7.402809991869113446e+02,4.265711494628339484e-02,1.080928566228481991e+01,1.327093813694329150e+01
6.072875284924896278e+01,1.682435688700764942e+01,1.679633927717587312e+03,7.398340929123827436e+02,9.267339628789986183e-02,1.099498842253872866e+01,1.327161641243415069e+01
7.623380006511800389e+01,1.699941387170294504e+01,1.671785530629378627e+03,7.393877259052887894e+02,1.426896776294128699e-01,1.118069118279225371e+01,1.327229458266177176e+01
9.163528389758474191e+01,1.717393262376068108e+01,1.663136531096656881e+03,7.389432668738902521e+02,1.909759254919991267e-01,1.136583641038286885e+01,1.327297264760434459e+01
1.117297297297480156e+02,1.737088896125058213e+01,1.667630405475537600e+03,7.384423063773740523e+02,4.990556821885208660e-01,1.157418667547234925e+01,1.327365060724004486e+01
1.324864864864759113e+02,1.757095408661663427e+01,1.673749948829590721e+03,7.379341333319700880e+02,8.491696515791119504e-01,1.178575086656164039e+01,1.327432846154706425e+01
1.532432432432467522e+02,1.777101921198310208e+01,1.679723974309540836e+03,7.374266592233711890e+02,1.199283620970427400e+00,1.199731505765137207e+01,1.327500621050358909e+01
1.746842867682577491e+02,1.797170246962609852e+01,1.685425385391134114e+03,7.369183182323604342e+02,1.546534183492515924e+00,1.220954805017673195e+01,1.327568385408781104e+01
1.799951155975233519e+02,1.814975577987616617e+01,1.699602541125682137e+03,7.364678858758296656e+02,2.027873656789048074e+00,1.239732954946276244e+01,1.327636139227793599e+01
1.834962552914364835e+02,1.832481276457182773e+01,1.715164275992383637e+03,7.360255703076206828e+02,2.528036470205212716e+00,1.258187476368435220e+01,1.327703882505215383e+01
1.869973949853496435e+02,1.849986974926748218e+01,1.730836843001816533e+03,7.355837857215082067e+02,3.028199283621377802e+00,1.276641997790594196e+01,1.327771615238867398e+01
1.904392529491452422e+02,1.867438331810343044e+01,1.746595669142544466e+03,7.351438998574599282e+02,3.539575440165838582e+00,1.295040538373251060e+01,1.327839337426570410e+01
1.974278736567900694e+02,1.887140996418106909e+01,1.763473789077994525e+03,7.346478990073543400e+02,3.749983718658434828e+00,1.315754710289060014e+01,1.327907049066145184e+01
2.049303158580325430e+02,1.907147508954753334e+01,1.780604123645921391e+03,7.341449331525345769e+02,3.925040703354093274e+00,1.336781295988446772e+01,1.327974750155413908e+01
2.124327580592594984e+02,1.927154021491358904e+01,1.797852266448195905e+03,7.336426555228491679e+02,4.100097688049388012e+00,1.357807881687789653e+01,1.328042440692197168e+01
2.197527198406215518e+02,1.947105487144180103e+01,1.815395850260709267e+03,7.331424435966622468e+02,4.281295840721791812e+00,1.378778281757213442e+01,1.328110120674317152e+01
2.413858677955240637e+02,1.969312927385233181e+01,1.827300050879982564e+03,7.325864732675026971e+02,4.321458808205814961e+00,1.402047385870804952e+01,1.328177790099597466e+01
2.651436014327427415e+02,1.991820253988914047e+01,1.838414836194721602e+03,7.320238546389250587e+02,4.346466948876571479e+00,1.425621928441610820e+01,1.328245448965859943e+01
2.889013350700105320e+02,2.014327580592641809e+01,1.849437873307395876e+03,7.314620995174409472e+02,4.371475089547380399e+00,1.449196471012465359e+01,1.328313097270927656e+01
3.128851150670523111e+02,2.036967077395216918e+01,1.860670775770242471e+03,7.308979154059027223e+02,4.395778322490997425e+00,1.472911167896055851e+01,1.328380735012624569e+01
3.295395636600349007e+02,2.055043959622260985e+01,1.864190956982928810e+03,7.304480564969168199e+02,4.485965483555776956e+00,1.491793905436303724e+01,1.328448362188773579e+01
3.452946922826441210e+02,2.072549658091826785e+01,1.866690269239676809e+03,7.300129401441249684e+02,4.585998046239009973e+00,1.510071981717321599e+01,1.328515978797199715e+01
3.610498209052532843e+02,2.090055356561392585e+01,1.868998913800610808e+03,7.295783418665811269e+02,4.686030608922242990e+00,1.528350057998339118e+01,1.328583584835727294e+01
3.771634575794732882e+02,2.107786281818724916e+01,1.871206775387661082e+03,7.291386801377660731e+02,4.784490159119028974e+00,1.546864150758152334e+01,1.328651180302180101e+01
3.837352653858676490e+02,2.118609573428850368e+01,1.867268497083578268e+03,7.288705612546420980e+02,4.972191468577004336e+00,1.558144944781026631e+01,1.328718765194384943e+01
3.892370563334454232e+02,2.128612829697173581e+01,1.862349257859982572e+03,7.286229327094347354e+02,5.172256593943469483e+00,1.568567268991675334e+01,1.328786339510166137e+01
3.947388472810118856e+02,2.138616085965476188e+01,1.857290791129836634e+03,7.283754723671262354e+02,5.372321719309522514e+00,1.578989593202302189e+01,1.328853903247349599e+01
4.005012244349642287e+02,2.149093135336298488e+01,1.851974178422100977e+03,7.281164724051332087e+02,5.575545465359314612e+00,1.589905559202240148e+01,1.328921456403761781e+01
3.884972321719220645e+02,2.150000000000000000e+01,1.849713950713979330e+03,7.280940617524213394e+02,5.686225985021226670e+00,1.590850415285774488e+01,1.328988998977228775e+01
3.739925105828833125e+02,2.150000000000000000e+01,1.847800762767329843e+03,7.280940617524213394e+02,5.786258547704252742e+00,1.590850415285774488e+01,1.329056530965578098e+01
3.594877889938145472e+02,2.150000000000000000e+01,1.845887574820676264e+03,7.280940617524213394e+02,5.886291110387486647e+00,1.590850415285774488e+01,1.329124052366636377e+01
3.450525647773243350e+02,2.150000000000000000e+01,1.844034340353775178e+03,7.280940617524213394e+02,5.991079726684851892e+00,1.590850415285774488e+01,1.329191563178231128e+01
3.276717681537103317e+02,2.152158905893843510e+01,1.835667071359282090e+03,7.280407180769685738e+02,6.000000000000000000e+00,1.593097599183612267e+01,1.329259063398190932e+01
3.099159882774364405e+02,2.154659719960924491e+01,1.826316116582635004e+03,7.279789360785853205e+02,6.000000000000000000e+00,1.595700671934052473e+01,1.329326553024343305e+01
2.921602084011626062e+02,2.157160534028005117e+01,1.816931826311737950e+03,7.279171645650316123e+02,6.000000000000000000e+00,1.598303744684493033e+01,1.329394032054516295e+01
2.741166739669467916e+02,2.159780682927419448e+01,1.807324644545041565e+03,7.278524567141446369e+02,6.000000000000000000e+00,1.601031031887465161e+01,1.329461500486539904e+01
2.644324324324339273e+02,2.160000000000000142e+01,1.802907800637003220e+03,7.278470408663305307e+02,5.935135135135147344e+00,1.601259316869885652e+01,1.329528958318242537e+01
2.556795831976510271e+02,2.160000000000000142e+01,1.799058032729059732e+03,7.278470408663305307e+02,5.860110713122722359e+00,1.601259316869885652e+01,1.329596405547454552e+01
2.469267339628862317e+02,2.160000000000000142e+01,1.795208264821124885e+03,7.278470408663305307e+02,5.785086291110454582e+00,1.601259316869885652e+01,1.329663842172005062e+01
2.379410405134167661e+02,2.160000000000000142e+01,1.791482668718180548e+03,7.278470408663305307e+02,5.709343378378425093e+00,1.601259316869885652e+01,1.329731268189724958e+01
2.348345815695201395e+02,2.162165418430479846e+01,1.773735297184904084e+03,7.277935725842047532e+02,5.656691631390403430e+00,1.603512415084760789e+01,1.329798683598443887e+01
2.323337675024444877e+02,2.164666232497555498e+01,1.753918202810372804e+03,7.277318325227707874e+02,5.606675350048889506e+00,1.606114489414114743e+01,1.329866088395993984e+01
2.298329534353636632e+02,2.167167046564636479e+01,1.734036062043079937e+03,7.276701029354932189e+02,5.556659068707273441e+00,1.608716563743474381e+01,1.329933482580205784e+01
2.274246624444121778e+02,2.169788002536541782e+01,1.713526906535550552e+03,7.276054190826376953e+02,5.505841841333491971e+00,1.611443644633913408e+01,1.330000866148911243e+01
2.103012048192953500e+02,2.163493975903621447e+01,1.706898230709737163e+03,7.277607718722500749e+02,5.478313253012071726e+00,1.604892167497733624e+01,1.330068239099941785e+01
1.910449365027729698e+02,2.155991533702379215e+01,1.701674255379226679e+03,7.279460382254726483e+02,5.453305112341264582e+00,1.597082946802118286e+01,1.330135601431130254e+01
1.717886681862506748e+02,2.148489091501136627e+01,1.696457949026358847e+03,7.281313989293745408e+02,5.428296971670455662e+00,1.589273726106503126e+01,1.330202953140309141e+01
1.525558926455391315e+02,2.140986649299909317e+01,1.691168702628303208e+03,7.283168540560491238e+02,5.404226169022884996e+00,1.581464722861794314e+01,1.330270294225310757e+01
1.324073591664014486e+02,2.133484207098667085e+01,1.688241717414611912e+03,7.285024036776635512e+02,5.226245522631125517e+00,1.573647442341878921e+01,1.330337624683969899e+01
1.121507652230467613e+02,2.125981764897424497e+01,1.685552401948295710e+03,7.286880478664580778e+02,5.026180397264659483e+00,1.565829191747045535e+01,1.330404944514119059e+01
9.189417127973399602e+01,2.118479322696197897e+01,1.682847939938250192e+03,7.288737866947462862e+02,4.826115271898606451e+00,1.558010941152228490e+01,1.330472253713592679e+01
7.137752420240813933e+01,2.111067530824879768e+01,1.679996617651365113e+03,7.290573741282314586e+02,4.626618932915981475e+00,1.550287431690818885e+01,1.330539552280224846e+01
5.877661999348344324e+01,2.099124063822855035e+01,1.681537717471842598e+03,7.293534046088088871e+02,4.404233148811385057e+00,1.537823329274246653e+01,1.330606840211850006e+01
4.702279387822788692e+01,2.086619993487476776e+01,1.683434470223018252e+03,7.296635877304394171e+02,4.179159882774577284e+00,1.524772663995866928e+01,1.330674117506303844e+01
3.526896776294801583e+01,2.074115923152072583e+01,1.685191978240939989e+03,7.299740347968303240e+02,3.954086616737302329e+00,1.511721998717460380e+01,1.330741384161421692e+01
2.327347966233394772e+01,2.061666942934905578e+01,1.686748550242292367e+03,7.302833764878116654e+02,3.729587447721658844e+00,1.498729507703759900e+01,1.330808640175038882e+01
1.786095734289019177e+01,2.046929338977548340e+01,1.701162796012805074e+03,7.306499270487702233e+02,3.482155649625799931e+00,1.483317559792158136e+01,1.330875885544991810e+01
1.310941061543663011e+01,2.031924454575063166e+01,1.716979910935690668e+03,7.310235034250960098e+02,3.232074242917717388e+00,1.467622967418050983e+01,1.330943120269116520e+01
8.357863887983064899e+00,2.016919570172577991e+01,1.732344417098099939e+03,7.313974620110029718e+02,2.981992836209635289e+00,1.451928375043943831e+01,1.331010344345249941e+01
3.438415126363839391e+00,2.001671669668028031e+01,1.747222212320134531e+03,7.317778700468162469e+02,2.731271913443922728e+00,1.435980199815188385e+01,1.331077557771228825e+01
2.345490068381962612e+00,1.993454900683819986e+01,1.763312615487549920e+03,7.319830268171027683e+02,2.503647020514588650e+00,1.427372938684427162e+01,1.331144760544890993e+01
1.595245848257715426e+00,1.985952458482577399e+01,1.779384915014778471e+03,7.321704494054559973e+02,2.278573754477314584e+00,1.419511657896142509e+01,1.331211952664074616e+01
8.450016281350205549e-01,1.978450016281349733e+01,1.795266207773791848e+03,7.323579679966449021e+02,2.053500488440506366e+00,1.411650377107874199e+01,1.331279134126617159e+01
5.821855370154040837e-02,1.970582185537015718e+01,1.811621587160841273e+03,7.325547229213743776e+02,1.829993173302199239e+00,1.403406231399471160e+01,1.331346304930357149e+01
0.000000000000000000e+00,1.974369912080756606e+01,1.813828029990562300e+03,7.324599878362837444e+02,1.537805275154610518e+00,1.407376033554819905e+01,1.331413465073134006e+01
0.000000000000000000e+00,1.979371540214918213e+01,1.814847922386803020e+03,7.323349299398454377e+02,1.237707587104911466e+00,1.412617929282277807e+01,1.331480614552785191e+01
0.000000000000000000e+00,1.984373168349069516e+01,1.815854575047206936e+03,7.322099147400947459e+02,9.376098990558335844e-01,1.417859825009725050e+01,1.331547753367152254e+01
0.000000000000000000e+00,1.989618921186741574e+01,1.816816087045557651e+03,7.320788437266321580e+02,6.228647287955078049e-01,1.423357572672987281e+01,1.331614881514074256e+01
0.000000000000000000e+00,1.985623575382607342e+01,1.821148931445639391e+03,7.321786676089520824e+02,6.875284923478546251e-01,1.419170298941586594e+01,1.331681998991390792e+01
0.000000000000000000e+00,1.980621947248456038e+01,1.825877711923684046e+03,7.323036721379473875e+02,7.875610550308808078e-01,1.413928403214139529e+01,1.331749105796943056e+01
0.000000000000000000e+00,1.975620319114294432e+01,1.830557805375398630e+03,7.324287193581637894e+02,8.875936177141136030e-01,1.408686507486681450e+01,1.331816201928571708e+01
0.000000000000000000e+00,1.970723524921481484e+01,1.835127952129139430e+03,7.325511868524945385e+02,9.905615307551132176e-01,1.403554628101658786e+01,1.331883287384117587e+01
0.000000000000000000e+00,1.959042657114953556e+01,1.842742509113087635e+03,7.328434880284955852e+02,1.021914685770093145e+00,1.391296406648596751e+01,1.331950362161422952e+01
0.000000000000000000e+00,1.946538586779549362e+01,1.850481324370434550e+03,7.331566474507854991e+02,1.046922826440901400e+00,1.378173313883561946e+01,1.332017426258329351e+01
0.000000000000000000e+00,1.934034516444145169e+01,1.857977260664139294e+03,7.334700746266959186e+02,1.071930967111709654e+00,1.365050221118527141e+01,1.332084479672678867e+01
0.000000000000000000e+00,1.921586140482481042e+01,1.865251245862047426e+03,7.337823719258715300e+02,1.098164384004177707e+00,1.351986287328407421e+01,1.332151522402314292e+01
0.000000000000000000e+00,1.906831650928035415e+01,1.871628579543929391e+03,7.341528685062344266e+02,9.463692608270795059e-01,1.336469957824429144e+01,1.332218554445078240e+01
0.000000000000000000e+00,1.891826766525550241e+01,1.877643052586537806e+03,7.345300364544593776e+02,7.713122761314217257e-01,1.320687263096789721e+01,1.332285575798814570e+01
0.000000000000000000e+00,1.876821882123065421e+01,1.883364002058963479e+03,7.349075921387758399e+02,5.962552914357641676e-01,1.304904568369149942e+01,1.332352586461365895e+01
0.000000000000000000e+00,1.861080640969207423e+01,1.888732192872927726e+03,7.353040954097917847e+02,4.177619752339140069e-01,1.288347346260570347e+01,1.332419586430576786e+01
0.000000000000000000e+00,1.864395962227290937e+01,1.896969534443862131e+03,7.352205493666272105e+02,3.340605665906332677e-01,1.291838279048906735e+01,1.332486575704292164e+01
0.000000000000000000e+00,1.869397590361453254e+01,1.905574025695504133e+03,7.350945471158305509e+02,2.590361445782085603e-01,1.297103449363757477e+01,1.332553554280355890e+01
0.000000000000000000e+00,1.874399218495604202e+01,1.914211431603574965e+03,7.349685880462180876e+02,1.840117225659389788e-01,1.302368619678597028e+01,1.332620522156613063e+01
0.000000000000000000e+00,1.879482780946952758e+01,1.923308970767026267e+03,7.348406098784637379e+02,1.053002562800858383e-01,1.307720111705856958e+01,1.332687479330909142e+01
8.804949527854721847e-01,1.882201237381963210e+01,1.921801332889175455e+03,7.347721911807034303e+02,2.540866167374575824e-01,1.310580323291813265e+01,1.332754425801089049e+01
1.880820579615731791e+00,1.884702051449039217e+01,1.919379236312141074e+03,7.347092614758536229e+02,4.291436014327531523e-01,1.313211302440003969e+01,1.332821361565000018e+01
2.881146206448061520e+00,1.887202865516120198e+01,1.916944349883599671e+03,7.346463425493336672e+02,6.042005861284107660e-01,1.315842281588200180e+01,1.332888286620487861e+01
3.854126638725442255e+00,1.889826732958698230e+01,1.914580903961214517e+03,7.345803393100670746e+02,7.752820002310798486e-01,1.318602718927355077e+01,1.332955200965399101e+01
7.086291110387278103e+00,1.887795506349723240e+01,1.902015610982828548e+03,7.346314336540276599e+02,1.218853793552558962e+00,1.316465768834255101e+01,1.333022104597581325e+01
1.058743080430043193e+01,1.885294692282642259e+01,1.888222458821473538e+03,7.346943500267135505e+02,1.694008466297916238e+00,1.313834789686058890e+01,1.333088997514881413e+01
1.408857049821358665e+01,1.882793878215561278e+01,1.874467035992078763e+03,7.347572771770736608e+02,2.169163139043272626e+00,1.311203810537862857e+01,1.333155879715146952e+01
1.751383037206135285e+01,1.880334124657175465e+01,1.860647547609065668e+03,7.348191816297229479e+02,2.650559009108445885e+00,1.308616064204368179e+01,1.333222751196226774e+01
2.594789970694109726e+01,1.875584500162810642e+01,1.850236251420083136e+03,7.349387446974703835e+02,2.942852491045422347e+00,1.303616355352163936e+01,1.333289611955968468e+01
3.495083034843206349e+01,1.870582872028649390e+01,1.840185906118065986e+03,7.350646935372958524e+02,3.217942038424312923e+00,1.298351185037313726e+01,1.333356461992221398e+01
4.395376098990440283e+01,1.865581243894497376e+01,1.830177964958233588e+03,7.351906855530440907e+02,3.493031585802634620e+00,1.293086014722473998e+01,1.333423301302834929e+01
5.288881201438783819e+01,1.860333044501975408e+01,1.819722272250253809e+03,7.353229353880393546e+02,3.773206665385214098e+00,1.287561280994432522e+01,1.333490129885657538e+01
6.483393031587307576e+01,1.866633018560738932e+01,1.828964762185266636e+03,7.351641875521463589e+02,3.910550309345643516e+00,1.294191788844333857e+01,1.333556947738540011e+01
7.708791924454375533e+01,1.874135460761965888e+01,1.840224207510117822e+03,7.349752293408646437e+02,4.035591012699425661e+00,1.302087938307363935e+01,1.333623754859331356e+01
8.934190817323980127e+01,1.881637902963207765e+01,1.851543960428128457e+03,7.347863682399461140e+02,4.160631716053466711e+00,1.309984087770410532e+01,1.333690551245883782e+01
1.014401950307694307e+02,1.889047821124561466e+01,1.863006167372654772e+03,7.345999313766508294e+02,4.284644374519855248e+00,1.317783153710404420e+01,1.333757336896046830e+01
1.213783783783742791e+02,1.901071312276128822e+01,1.871781999165303887e+03,7.342976165491751317e+02,4.454998371865806384e+00,1.330418442299140125e+01,1.333824111807671819e+01
1.421351351351451058e+02,1.913575382611533016e+01,1.880313912805012706e+03,7.339834818736305806e+02,4.630055356561465274e+00,1.343557383972246555e+01,1.333890875978610779e+01
1.628918918919159751e+02,1.926079452946937209e+01,1.888850815545799605e+03,7.336696158586242973e+02,4.805112341257122388e+00,1.356696325645352985e+01,1.333957629406715384e+01
1.836937475859804749e+02,1.938441115013352345e+01,1.897443545057650226e+03,7.333595878367821115e+02,4.983625099945921733e+00,1.369686428089903707e+01,1.334024372089837129e+01
2.028531422989339035e+02,1.957740149788351758e+01,1.904255212128178073e+03,7.328760963189229187e+02,5.066525561706319181e+00,1.389916057707161912e+01,1.334091104025829999e+01
2.218593292087481927e+02,1.977746662324998184e+01,1.910746910486350771e+03,7.323755527892280952e+02,5.141549983718743277e+00,1.410883692204937567e+01,1.334157825212545667e+01
2.408655161185231179e+02,1.997753174861603398e+01,1.917068415562889868e+03,7.318756925205261723e+02,5.216574405731011943e+00,1.431851326702669702e+01,1.334224535647838294e+01
2.596960994006177543e+02,2.017825527755910997e+01,1.923504546875529059e+03,7.313748727166365597e+02,5.292339531767127347e+00,1.452889491460093652e+01,1.334291235329561509e+01
2.866506024096688634e+02,2.035545424943034476e+01,1.923909355644424977e+03,7.309333172154066460e+02,5.344415499837240624e+00,1.471410917308681121e+01,1.334357924255568051e+01
3.144096385542085841e+02,2.053051123412564039e+01,1.923688898837792294e+03,7.304976227187328277e+02,5.394431781178754548e+00,1.489703301068638908e+01,1.334424602423713324e+01
3.421686746988057735e+02,2.070556821882129839e+01,1.923210814185001709e+03,7.300624473298993280e+02,5.444448062520370613e+00,1.507995684828635241e+01,1.334491269831851845e+01
3.705200587806530166e+02,2.088542625465702329e+01,1.922468276689938875e+03,7.296158780335615575e+02,5.492893090761602259e+00,1.526790297493175430e+01,1.334557926477838130e+01
3.827857375447700292e+02,2.094448062520350007e+01,1.921585122734853940e+03,7.294693692968469350e+02,5.700162813415750485e+00,1.532952406500208653e+01,1.334624572359528116e+01
3.937893194399256345e+02,2.099449690654511969e+01,1.920676395854736938e+03,7.293453304465926976e+02,5.925236079453025440e+00,1.538169623039756928e+01,1.334691207474777208e+01
4.047929013350812397e+02,2.104451318788673575e+01,1.919741755860509329e+03,7.292213337722580491e+02,6.150309345490299506e+00,1.543386839579305381e+01,1.334757831821441698e+01
4.161223516086787413e+02,2.109699816906509895e+01,1.918818241657970702e+03,7.290912623819257306e+02,6.376036090895687458e+00,1.548861567098758485e+01,1.334824445397376991e+01
4.194500162813424140e+02,2.098863562357534818e+01,1.911700836515924038e+03,7.293598640672962574e+02,6.578183002279451408e+00,1.537551440414280357e+01,1.334891048200440977e+01
4.222009117551313011e+02,2.086359492022130624e+01,1.903865012595380676e+03,7.296700526843427497e+02,6.778248127645917442e+00,1.524500775135873631e+01,1.334957640228490661e+01
4.249518072289145607e+02,2.073855421686752365e+01,1.896023474571370116e+03,7.299805052531643241e+02,6.978313253011968698e+00,1.511450109857494084e+01,1.335024221479382867e+01
4.278384301028574441e+02,2.061282802159351135e+01,1.888193654078381087e+03,7.302929263891534220e+02,7.188249462025996017e+00,1.498328458915575645e+01,1.335090791950975486e+01
4.177394985346682006e+02,2.051077824812755068e+01,1.879691618193343857e+03,7.305467096259009168e+02,7.177694562031886605e+00,1.487660413709834373e+01,1.335157351641127299e+01
4.062357538261202308e+02,2.041074568544452461e+01,1.871153332352818552e+03,7.307956477438121965e+02,7.152686421361131863e+00,1.477201478688718517e+01,1.335223900547695663e+01
3.947320091175484436e+02,2.031071312276128893e+01,1.862640237711181044e+03,7.310447555738301162e+02,7.127678280690322943e+00,1.466742543667580456e+01,1.335290438668539537e+01
3.826610109760221121e+02,2.021232477292720375e+01,1.854246762011072633e+03,7.312899342719257447e+02,7.101436980382657360e+00,1.456456064269023010e+01,1.335356966001519297e+01
3.833402800390745142e+02,2.002129599479006217e+01,1.841273463502167942e+03,7.317664390280669977e+02,7.189352002604967318e+00,1.436437996749070045e+01,1.335423482544493190e+01
3.848407684793230032e+02,1.982123086942359791e+01,1.827882426290487729e+03,7.322661500199232023e+02,7.289384565288201223e+00,1.415470362251294567e+01,1.335489988295322306e+01
3.863412569195714923e+02,1.962116574405713365e+01,1.814508003014099813e+03,7.327665439666187694e+02,7.389417127971434240e+00,1.394502727753519089e+01,1.335556483251865423e+01
3.879156755284981841e+02,1.942438640396580141e+01,1.801291700236758061e+03,7.332593859549493800e+02,7.494378368566547266e+00,1.373881680228720548e+01,1.335622967411983808e+01
3.515359817648901526e+02,1.904207098664922881e+01,1.781296172656008139e+03,7.342188122043629619e+02,7.186812113318075568e+00,1.333629016999385009e+01,1.335689440773538017e+01
3.107727124714727438e+02,1.864194073591629319e+01,1.760476177799252582e+03,7.352256363019689616e+02,6.836698143926758675e+00,1.291490024029073780e+01,1.335755903334389671e+01
2.700094431781396338e+02,1.824181048518418891e+01,1.739467618421414500e+03,7.362352254791951509e+02,6.486584174536168312e+00,1.249351031058850126e+01,1.335822355092400571e+01
2.290277916747683093e+02,1.784104492503382389e+01,1.718219629275124362e+03,7.372492012041202543e+02,6.133598077153511241e+00,1.207151793581553356e+01,1.335888796045432336e+01
1.956519049169381503e+02,1.746395310973593240e+01,1.699355743931135976e+03,7.382058328573882591e+02,5.875968739823955289e+00,1.167204098066518192e+01,1.335955226191346945e+01
1.628912406382471829e+02,1.708883099967458818e+01,1.680522932654437682e+03,7.391599344458189762e+02,5.625887333116390110e+00,1.127443954899031731e+01,1.336021645528007262e+01
1.301305763594883729e+02,1.671370888961246237e+01,1.661527278810133794e+03,7.401165055024194999e+02,5.375805926408307123e+00,1.087683811731463024e+01,1.336088054053276508e+01
9.600893181608977045e+01,1.633297437338102398e+01,1.641439694426174128e+03,7.410899269225906210e+02,5.121626572338501937e+00,1.047333144647677372e+01,1.336154451765017726e+01
9.153207424291927907e+01,1.612051449039412887e+01,1.643501270340805149e+03,7.416342300676307104e+02,4.987821556496330189e+00,1.024716168815830031e+01,1.336220838661094668e+01
8.878117876913036355e+01,1.592044936502766284e+01,1.646587065121527303e+03,7.421475137517309122e+02,4.862780853142289139e+00,1.003406577384303944e+01,1.336287214739371265e+01
8.603028329534146224e+01,1.572038423966119502e+01,1.649298780139263727e+03,7.426615084132811262e+02,4.737740149788248090e+00,9.820969859527780343e+00,1.336353579997712338e+01
8.314435367708624369e+01,1.551049844924263610e+01,1.651748745387361851e+03,7.432015022045397927e+02,4.612699446434465500e+00,9.597413633378428344e+00,1.336419934433982171e+01
8.412341256919575017e+01,1.550000000000000000e+01,1.624282580851819830e+03,7.432285303840321831e+02,4.487658743080424451e+00,9.586231391415196867e+00,1.336486278046045761e+01
8.537381960273616244e+01,1.550000000000000000e+01,1.593585124583498782e+03,7.432285303840321831e+02,4.362618039726383401e+00,9.586231391415196867e+00,1.336552610831768639e+01
8.662422663627398833e+01,1.550000000000000000e+01,1.562887668315241626e+03,7.432285303840321831e+02,4.237577336372600811e+00,9.586231391415196867e+00,1.336618932789016867e+01
8.793590895892836556e+01,1.550000000000000000e+01,1.531571354403895839e+03,7.432285303840321831e+02,4.114579142655690802e+00,9.586231391415196867e+00,1.336685243915655974e+01
8.057473135785821228e+01,1.565750569846967544e+01,1.517465729130568434e+03,7.428231990595653542e+02,3.874991859329036892e+00,7.549671104884438932e+00,1.336751544209553089e+01
7.232204493650856136e+01,1.583256268316496929e+01,1.504039346596422092e+03,7.423732190047767290e+02,3.624910452621471713e+00,5.286171394244425059e+00,1.336817833668574274e+01
6.406935851514184321e+01,1.600761966786063084e+01,1.490097441870865396e+03,7.419237837888313152e+02,3.374829045913389614e+00,3.022671683599726045e+00,1.336884112290587545e+01
5.571766624525501044e+01,1.619123869679893701e+01,1.475679455258514963e+03,7.414529530388309695e+02,3.120670475280236111e+00,6.862042052820337412e-01,1.336950380073459677e+01
5.049332464995482894e+01,1.617746662324977436e+01,1.458859551612326641e+03,7.414882444420901493e+02,2.987333116248870990e+00,1.161192723045860881e-01,1.337016637015058507e+01
4.549169651579318696e+01,1.615245848257896455e+01,1.441913835691661916e+03,7.415523408290342786e+02,2.862292412894829940e+00,-3.489652596206729851e-01,1.337082883113253295e+01
4.049006838163153787e+01,1.612745034190815829e+01,1.425017818584545694e+03,7.416164482982901518e+02,2.737251709540788891e+00,-8.140497915459321554e-01,1.337149118365911349e+01
3.553726066084625046e+01,1.610339148705284984e+01,1.407487282715481342e+03,7.416781327203678984e+02,2.614723821580844820e+00,-1.301832551416891803e+00,1.337215342770902105e+01
2.823021816997788846e+01,1.591947248453274533e+01,1.405095892375329868e+03,7.421500217627786924e+02,2.329208726799115503e+00,-3.741240143953810104e-01,1.337281556326095000e+01
2.072777596873541839e+01,1.571940735916627752e+01,1.403305109681503382e+03,7.426640198995216906e+02,2.029111038749416895e+00,6.791649571265491181e-01,1.337347759029358762e+01
1.322533376750846656e+01,1.551934223380022537e+01,1.401306023564266070e+03,7.431787304991864858e+02,1.729013350700338458e+00,1.732453928646300323e+00,1.337413950878564606e+01
5.461980222906055005e+00,1.532035940733955037e+01,1.399116099505208695e+03,7.436913644282228688e+02,1.428915662650639629e+00,2.837025008898728995e+00,1.337480131871581968e+01
3.870074894170587143e+00,1.507401497883411778e+01,1.396133104109665510e+03,7.443269961772795114e+02,1.128817974600941021e+00,1.438772968638134309e+00,1.337546302006281707e+01
2.619667860632762135e+00,1.482393357212655260e+01,1.392806166613919459e+03,7.449733822579413527e+02,8.287202865518629169e-01,-1.641323502459524353e-01,1.337612461280535214e+01
1.369260827092350308e+00,1.457385216541847051e+01,1.389187270365959876e+03,7.456208919794783014e+02,5.286225985021640872e-01,-1.767037669133355138e+00,1.337678609692213172e+01
5.813509360348304011e-02,1.432242145426709001e+01,1.385317059587596304e+03,7.462730315899159450e+02,2.181159904613014788e-01,-3.400005651917058724e+00,1.337744747239187326e+01
0.000000000000000000e+00,1.411895148160225766e+01,1.379706122667473892e+03,7.468016093938725817e+02,1.547378704005645256e-01,-4.164545686451634587e+00,1.337810873919329779e+01
0.000000000000000000e+00,1.391888635623579340e+01,1.373862832302855622e+03,7.473220731735030995e+02,1.047215890589480447e-01,-4.874247534102946311e+00,1.337876989730513699e+01
0.000000000000000000e+00,1.371882123086932559e+01,1.367913831751292037e+03,7.478432629062076558e+02,5.470530771733156383e-02,-5.583949381754257146e+00,1.337943094670611188e+01
0.000000000000000000e+00,1.351811030788146972e+01,1.361783168129044498e+03,7.483668662241553875e+02,2.267285294059186683e-03,-6.311487911968279185e+00,1.338009188737495236e+01
0.000000000000000000e+00,1.334135460761970648e+01,1.358055966696039377e+03,7.488285836379826605e+02,0.000000000000000000e+00,-6.563812068979611780e+00,1.338075271929039545e+01
0.000000000000000000e+00,1.316629762292405026e+01,1.354378046301966833e+03,7.492864258041252015e+02,0.000000000000000000e+00,-6.788503149098557010e+00,1.338141344243117992e+01
0.000000000000000000e+00,1.299124063822875286e+01,1.350587944954375416e+03,7.497448281724165327e+02,0.000000000000000000e+00,-7.013194229217038611e+00,1.338207405677603568e+01
0.000000000000000000e+00,1.281674695422517196e+01,1.346688215100561820e+03,7.502023138411386753e+02,0.000000000000000000e+00,-7.237103336235611195e+00,1.338273456230372638e+01
0.000000000000000000e+00,1.261843047867135681e+01,1.342673846590343373e+03,7.507229365259182714e+02,0.000000000000000000e+00,-7.494267797777423468e+00,1.338339495899299081e+01
0.000000000000000000e+00,1.241836535330530822e+01,1.338510078577932973e+03,7.512488823120539791e+02,0.000000000000000000e+00,-7.753878535846594033e+00,1.338405524682257841e+01
0.000000000000000000e+00,1.221830022793883863e+01,1.334199709931081543e+03,7.517755655550812435e+02,0.000000000000000000e+00,-8.013489273916301059e+00,1.338471542577125106e+01
0.000000000000000000e+00,1.201386063665252735e+01,1.329796079077167633e+03,7.523145295719309615e+02,0.000000000000000000e+00,-8.278736252417953523e+00,1.338537549581776354e+01
0.000000000000000000e+00,1.193181374145237328e+01,1.322759022860981759e+03,7.525310453157002257e+02,0.000000000000000000e+00,-8.385962696142938100e+00,1.338603545694087238e+01
0.000000000000000000e+00,1.185678931943994563e+01,1.315558255599363065e+03,7.527291395676162438e+02,0.000000000000000000e+00,-8.484108526755909097e+00,1.338669530911935901e+01
0.000000000000000000e+00,1.178176489742752153e+01,1.308392452836944585e+03,7.529273381385910398e+02,0.000000000000000000e+00,-8.582254357368880093e+00,1.338735505233198353e+01
0.000000000000000000e+00,1.170314472579470255e+01,1.301259843967348388e+03,7.531351482738351706e+02,0.000000000000000000e+00,-8.685104094039422407e+00,1.338801468655751492e+01
2.276131553239085781e-01,1.174552263106478023e+01,1.294200963263549284e+03,7.530231198935606471e+02,0.000000000000000000e+00,-5.410846755128263297e+00,1.338867421177473815e+01
4.776945620319909547e-01,1.179553891240639807e+01,1.287085971854741956e+03,7.528909422979220381e+02,0.000000000000000000e+00,-1.808859489396537956e+00,1.338933362796242577e+01
7.277759687395559673e-01,1.184555519374790933e+01,1.279908314112278276e+03,7.527588110962133214e+02,0.000000000000000000e+00,1.793127776327734457e+00,1.338999293509936450e+01
9.672450628689234220e-01,1.189795924541973982e+01,1.272494549169121456e+03,7.526204218547956089e+02,0.000000000000000000e+00,5.567073414257657227e+00,1.339065213316434644e+01
4.874959296647252138e+00,1.187720612178442892e+01,1.269802675024614246e+03,7.526752207776502246e+02,0.000000000000000000e+00,2.460842542696412671e+00,1.339131122213615299e+01
9.126343210675855744e+00,1.185219798111367240e+01,1.267370024945092837e+03,7.527412659097016103e+02,0.000000000000000000e+00,-1.108380905271084016e+00,1.339197020199358512e+01
1.337772712471325853e+01,1.182718984044286259e+01,1.264941524920474649e+03,7.528073226333192451e+02,0.000000000000000000e+00,-4.677604353245964575e+00,1.339262907271544023e+01
1.750335384645656234e+01,1.180099281875246930e+01,1.262402031035095433e+03,7.528765321473352969e+02,0.000000000000000000e+00,-8.416507829329280099e+00,1.339328783428051395e+01
3.466330185605212932e+01,1.200543796808831587e+01,1.276915570285896365e+03,7.523367494726130644e+02,0.000000000000000000e+00,-5.102685665037460794e+00,1.339394648666761434e+01
5.291924454574214565e+01,1.223051123412558638e+01,1.293076998734585914e+03,7.517433982005467215e+02,0.000000000000000000e+00,-1.316895177723019561e+00,1.339460502985554236e+01
7.117518723543216197e+01,1.245558450016286045e+01,1.309401943548908775e+03,7.511509821168378949e+02,0.000000000000000000e+00,2.468895309591421228e+00,1.339526346382312383e+01
8.921402110591002099e+01,1.267767517537651756e+01,1.325765018633989257e+03,7.505673299040008715e+02,0.000000000000000000e+00,6.397249600472382447e+00,1.339592178854916682e+01
1.188879843698969694e+02,1.306574405731012511e+01,1.348398415209675250e+03,7.495496657667921454e+02,0.000000000000000000e+00,6.973761655422892503e+00,1.339658000401248472e+01
1.493979159882830459e+02,1.346587430804305541e+01,1.371633526165905550e+03,7.485032565390266655e+02,0.000000000000000000e+00,7.404513916365155879e+00,1.339723811019190869e+01
1.799078476066690655e+02,1.386600455877598925e+01,1.395041433973138510e+03,7.474597649185026285e+02,0.000000000000000000e+00,7.835266177307420143e+00,1.339789610706626100e+01
2.102511601141183633e+02,1.426404068953536353e+01,1.419218849908612356e+03,7.464246158642662294e+02,0.000000000000000000e+00,8.263844444242124609e+00,1.339855399461435859e+01
2.482530120481985421e+02,1.475783132530128050e+01,1.426750928529753537e+03,7.451444245465960421e+02,0.000000000000000000e+00,8.791407656410687110e+00,1.339921177281505571e+01
2.867655486812431604e+02,1.525799413871744470e+01,1.432240172603767405e+03,7.438521804363189176e+02,0.000000000000000000e+00,9.325547091100764519e+00,1.339986944164717464e+01
3.252780853142082265e+02,1.575815695213257506e+01,1.436389795833717244e+03,7.425644106368887378e+02,0.000000000000000000e+00,9.859686525789737033e+00,1.340052700108956252e+01
3.638449495375783158e+02,1.626022030954163355e+01,1.439204399251108043e+03,7.412762253605123988e+02,0.000000000000000000e+00,1.041327151649139537e+01,1.340118445112105228e+01
4.002399869749555137e+02,1.668971019212016671e+01,1.425414218258587425e+03,7.401777870711621290e+02,1.146206447412259910e-01,1.049983890504909745e+01,1.340184179172049994e+01
4.365017909475524220e+02,1.711484858352302751e+01,1.408348905028976787e+03,7.390936806239532189e+02,2.396613480950084973e-01,1.056693125960735280e+01,1.340249902286675088e+01
4.727635949202244205e+02,1.753998697492676939e+01,1.389173544646154369e+03,7.380127452200645166e+02,3.647020514490497134e-01,1.063402361416574315e+01,1.340315614453866111e+01
5.103059507250914066e+02,1.797122310280041901e+01,1.367603527535650073e+03,7.369195347257287949e+02,4.856803145078515405e-01,1.069935252920438451e+01,1.340381315671509377e+01
5.165913383262852676e+02,1.820661022468284074e+01,1.351243750245321053e+03,7.363241737673686202e+02,1.142787365679939438e+00,1.092745259712157235e+01,1.340447005937489955e+01
5.215929664604365144e+02,1.843168349071964585e+01,1.334497425919784973e+03,7.357558016917716941e+02,1.843015304461121495e+00,1.116801956488269987e+01,1.340512685249694336e+01
5.265945945945982203e+02,1.865675675675691991e+01,1.316973131385773286e+03,7.351883063975121786e+02,2.543243243243752172e+00,1.140858653264432121e+01,1.340578353606010253e+01
5.315575839179152808e+02,1.888183002279419398e+01,1.298508642486539202e+03,7.346216858573457102e+02,3.251405017853152835e+00,1.166030413533539267e+01,1.340644011004323666e+01
5.384369912080757103e+02,1.910690328883100264e+01,1.284584774596621628e+03,7.340559380502734257e+02,3.690817323347450163e+00,1.006885078112168053e+01,1.340709657442522840e+01
5.454392705959020304e+02,1.933197655486828026e+01,1.270280250918356387e+03,7.334910609615137673e+02,4.115955714751191152e+00,8.328641658724965424e+00,1.340775292918495865e+01
5.524415499837283505e+02,1.955704982090555077e+01,1.255288607287603327e+03,7.329270525824849756e+02,4.541094106154930365e+00,6.588432536328254763e+00,1.340840917430129942e+01
5.597664624266634519e+02,1.978508604357104872e+01,1.238853380433218490e+03,7.323565040833849480e+02,4.978358671908517330e+00,4.768042525025085077e+00,1.340906530975314581e+01
5.438847281015839599e+02,1.991510908498868915e+01,1.241824833232728452e+03,7.320315815320631145e+02,5.092087267990947907e+00,5.947011154308547987e+00,1.340972133551938228e+01
5.263790296320181596e+02,2.004014978834273109e+01,1.245610046791247669e+03,7.317193822856075940e+02,5.192119830674181813e+00,7.290747704623814940e+00,1.341037725157890037e+01
5.088733311624887392e+02,2.016519049169651012e+01,1.249370091118525806e+03,7.314074492211618690e+02,5.292152393357208773e+00,8.634484254936300118e+00,1.341103305791059697e+01
4.905661113351011409e+02,2.029023119505055206e+01,1.253274713208935054e+03,7.310957819984481603e+02,5.389760185546189852e+00,1.002846860819036401e+01,1.341168875449337605e+01
4.985301204819397753e+02,2.041527189840459400e+01,1.248560546826865902e+03,7.307843802777707651e+02,5.699706935851938994e+00,1.020818070314810200e+01,1.341234434130613451e+01
5.077831325301196443e+02,2.054031260175837659e+01,1.243157841448065483e+03,7.304732437200124195e+02,6.024812764571773727e+00,1.034375274914535225e+01,1.341299981832778343e+01
5.170361445783187264e+02,2.066535330511241852e+01,1.237588308874292352e+03,7.301623719866310012e+02,6.349918593292279922e+00,1.047932479514288495e+01,1.341365518553723213e+01
5.260224705575199096e+02,2.079039400846646046e+01,1.231584515941402742e+03,7.298517647396623715e+02,6.675615906486763507e+00,1.060992074505508498e+01,1.341431044291339347e+01
5.650934549006789211e+02,2.091543471182024305e+01,1.235030110312339957e+03,7.295414216417174202e+02,6.977043308368573449e+00,1.179694975178479766e+01,1.341496559043518388e+01
6.063568870075124551e+02,2.104047541517428144e+01,1.238939315661556066e+03,7.292313423559781995e+02,7.277140996418273389e+00,1.306608640151948819e+01,1.341562062808152511e+01
6.476203191143461027e+02,2.116551611852832337e+01,1.242826507965697601e+03,7.289215265462017896e+02,7.577238684467970664e+00,1.433522305125417695e+01,1.341627555583134601e+01
6.894319282078969309e+02,2.129620470598855420e+01,1.246658101612812743e+03,7.285979987229957260e+02,7.878568638140275304e+00,1.566168452818796197e+01,1.341693037366356478e+01
7.128075545425060682e+02,2.127688049495277056e+01,1.252201864017987873e+03,7.286458183937065769e+02,8.131195050472289410e+00,1.567611326667416982e+01,1.341758508155712093e+01
7.353148811462335743e+02,2.125187235428196431e+01,1.257828274948528815e+03,7.287077136424693435e+02,8.381276457180373285e+00,1.565005243958066572e+01,1.341823967949094865e+01
7.578222077499143552e+02,2.122686421361120779e+01,1.263434220526438821e+03,7.287696194075820131e+02,8.631357863887938464e+00,1.562399161248721668e+01,1.341889416744397678e+01
7.813387471622194198e+02,2.120252888147944859e+01,1.269269669827446251e+03,7.288298697594245823e+02,8.888914921029927640e+00,1.559863227724654244e+01,1.341954854539516617e+01
7.597740149788061217e+02,2.110739172907836192e+01,1.263419716357694824e+03,7.290655097387341357e+02,8.946304135460820817e+00,1.549939651236785920e+01,1.342020281332344567e+01
7.357661999348799782e+02,2.100735916639533229e+01,1.256948951638664084e+03,7.293134392534323069e+02,8.996320416802332076e+00,1.539505213186245491e+01,1.342085697120776899e+01
7.117583848909040398e+02,2.090732660371210017e+01,1.250504208515861365e+03,7.295615374496936738e+02,9.046336698143949917e+00,1.529070775135683036e+01,1.342151101902709520e+01
6.882155807169425543e+02,2.080900600932197264e+01,1.243800468227646434e+03,7.298055539732797570e+02,9.098578538266602678e+00,1.518815416243404037e+01,1.342216495676037447e+01
6.294295017909630587e+02,2.059133832627814442e+01,1.245695956086380875e+03,7.303463534201468974e+02,9.030446108759379698e+00,1.496054458167276380e+01,1.342281878438656229e+01
5.684096385541909058e+02,2.036626506024087035e+01,1.247623348665693584e+03,7.309063954303193213e+02,8.955421686746955601e+00,1.472517162551969250e+01,1.342347250188463192e+01
5.073897753174189234e+02,2.014119179420359274e+01,1.249232654520907090e+03,7.314672969991005402e+02,8.880397264734531504e+00,1.448979866936661764e+01,1.342412610923354066e+01
4.459037395779753297e+02,1.991711201054979696e+01,1.250580766144791596e+03,7.320265782847653782e+02,8.802061234778889798e+00,1.425548512000746548e+01,1.342477960641226709e+01
4.020664278736400661e+02,1.964461087593607047e+01,1.240013169696557497e+03,7.327078686781345596e+02,8.892868772386883336e+00,1.396942853925170169e+01,1.342543299339978446e+01
3.590524259198498953e+02,1.936952132855718034e+01,1.228581678791003242e+03,7.333969176518243103e+02,8.992901335070117241e+00,1.368060341019888071e+01,1.342608627017506073e+01
3.160384239661486845e+02,1.909443178117885509e+01,1.217138316206537866e+03,7.340872638284677123e+02,9.092933897753141537e+00,1.339177828114665836e+01,1.342673943671708869e+01
2.725172641590217495e+02,1.881372321345082455e+01,1.205545068450437384e+03,7.347930537456905995e+02,9.197344917851292934e+00,1.309706857654194145e+01,1.342739249300484694e+01
2.469827417778968766e+02,1.870700097688039421e+01,1.198920590798951480e+03,7.350617411173400342e+02,9.199999999999999289e+00,1.298470589344823090e+01,1.342804543901732295e+01
2.222246825138479380e+02,1.860696841419736458e+01,1.192535909432038579e+03,7.353137663220638842e+02,9.199999999999999289e+00,1.287935948214448700e+01,1.342869827473351307e+01
1.974666232497477836e+02,1.850693585151413245e+01,1.186178517509767744e+03,7.355659644061133804e+02,9.199999999999999289e+00,1.277401307084052284e+01,1.342935100013240479e+01
1.727452426679386974e+02,1.840690328883089677e+01,1.179574363388907841e+03,7.358183355474312748e+02,9.199999999999999289e+00,1.266867040679683676e+01,1.343000361519300689e+01
1.463207424291864811e+02,1.830687072614787425e+01,1.196457919340674835e+03,7.360708799242049736e+02,9.060306089221809245e+00,1.256315929787848873e+01,1.343065611989431574e+01
1.198121133181297466e+02,1.820683816346463857e+01,1.214496674365317176e+03,7.363235977148683560e+02,8.910257245196959275e+00,1.245764000563449869e+01,1.343130851421533123e+01
9.330348420707301216e+01,1.810680560078140999e+01,1.232257973606180030e+03,7.365764890980982500e+02,8.760208401172111081e+00,1.235212071339050866e+01,1.343196079813507637e+01
6.639564571767975565e+01,1.800247280671536387e+01,1.249934171269546823e+03,7.368404373415453392e+02,8.613091533090537766e+00,1.224206532450130425e+01,1.343261297163255641e+01
5.310941061543145736e+01,1.800000000000000000e+01,1.260496319868333330e+03,7.368466951583408218e+02,8.226961901660594378e+00,1.223945688573434154e+01,1.343326503468678546e+01
4.035525887331925077e+01,1.800000000000000000e+01,1.270769929489041033e+03,7.368466951583408218e+02,7.826831650927662309e+00,1.223945688573434154e+01,1.343391698727679007e+01
2.760110713123344084e+01,1.800000000000000000e+01,1.281043539109726453e+03,7.368466951583408218e+02,7.426701400195558911e+00,1.223945688573434154e+01,1.343456882938158614e+01
1.452453567915147481e+01,1.800000000000000000e+01,1.291754559468023444e+03,7.368466951583408218e+02,7.009535144147403862e+00,1.223945688573434154e+01,1.343522056098020734e+01
1.096483230217877392e+01,1.804669488765878782e+01,1.291454972981478932e+03,7.367285380011470579e+02,7.000000000000000000e+00,1.228873323746061352e+01,1.343587218205168554e+01
7.713774014980428362e+00,1.809671116900030086e+01,1.290854481901042391e+03,7.366020183859343433e+02,7.000000000000000000e+00,1.234151460165264780e+01,1.343652369257504375e+01
4.462715727775357522e+00,1.814672745034191692e+01,1.290235942472477973e+03,7.364755422181076483e+02,7.000000000000000000e+00,1.239429596584479221e+01,1.343717509252933695e+01
1.094202143269371597e+00,1.819885190368637495e+01,1.289571991354556985e+03,7.363437814051789019e+02,7.000000000000000000e+00,1.244930204949381647e+01,1.343782638189359524e+01
7.661999348747646765e-01,1.819999999999999929e+01,1.300255514722686030e+03,7.363408796820008320e+02,7.046760013025046732e+00,1.245051361676814849e+01,1.343847756064686294e+01
5.161185281666823554e-01,1.819999999999999929e+01,1.311698859906166945e+03,7.363408796820008320e+02,7.096776294366662796e+00,1.245051361676814849e+01,1.343912862876819503e+01
2.660371214585999788e-01,1.819999999999999929e+01,1.323142205089648087e+03,7.363408796820008320e+02,7.146792575708280637e+00,1.245051361676814849e+01,1.343977958623663405e+01
5.525096048254823922e-03,1.819999999999999929e+01,1.334477984360479240e+03,7.363408796820008320e+02,7.196113482469606915e+00,1.245051361676814849e+01,1.344043043303124385e+01
0.000000000000000000e+00,1.808293715402147228e+01,1.352157006678596872e+03,7.366368563659165147e+02,7.293650276782818409e+00,1.232690241623207861e+01,1.344108116913108830e+01
0.000000000000000000e+00,1.795789645066743390e+01,1.369785937122047699e+03,7.369532668506871005e+02,7.393682839466051426e+00,1.219486708659125185e+01,1.344173179451521705e+01
0.000000000000000000e+00,1.783285574731365131e+01,1.387046890747454427e+03,7.372699492703067108e+02,7.493715402149077498e+00,1.206283175695069687e+01,1.344238230916270282e+01
0.000000000000000000e+00,1.770993908063290689e+01,1.403667809994492472e+03,7.375815173372625395e+02,7.597874664654712618e+00,1.193304731210859160e+01,1.344303271305261838e+01
0.000000000000000000e+00,1.741865841745336851e+01,1.440718536776282235e+03,7.383209065416006069e+02,7.529664604363341063e+00,1.162440704493077348e+01,1.344368300616402756e+01
0.000000000000000000e+00,1.711856072940429030e+01,1.476912018477043375e+03,7.390842286062935500e+02,7.454640182351072397e+00,1.130639405903647088e+01,1.344433318847601733e+01
0.000000000000000000e+00,1.681846304135459036e+01,1.511176980863915560e+03,7.398491306440959079e+02,7.379615760338648300e+00,1.098838107314151102e+01,1.344498325996766397e+01
0.000000000000000000e+00,1.651514454612302174e+01,1.543884684642784805e+03,7.406238534756326999e+02,7.305815245055334195e+00,1.066697938594441375e+01,1.344563322061805621e+01
0.000000000000000000e+00,1.633565613806588956e+01,1.562894937252435739e+03,7.410830579910758615e+02,7.135656138065891163e+00,1.047604688529294847e+01,1.344628307040627924e+01
0.000000000000000000e+00,1.616059915337023156e+01,1.580833305852286003e+03,7.415314749032824011e+02,6.960599153370234049e+00,1.028978880933777340e+01,1.344693280931141821e+01
0.000000000000000000e+00,1.598554216867457711e+01,1.598159459857629145e+03,7.419804348031263999e+02,6.785542168674576047e+00,1.010353073338260543e+01,1.344758243731257252e+01
0.000000000000000000e+00,1.580519422955286046e+01,1.614850713339631511e+03,7.424435337821925032e+02,6.609309416328964737e+00,9.911645991429544722e+00,1.344823195438884333e+01
0.000000000000000000e+00,1.577648974275480320e+01,1.632748375272035673e+03,7.425172938845446424e+02,6.482448713774015658e+00,9.881058845997543472e+00,1.344888136051933358e+01
0.000000000000000000e+00,1.575148160208399695e+01,1.650646211560864458e+03,7.425815683106671941e+02,6.357408010419974609e+00,9.854404641448468283e+00,1.344953065568314443e+01
0.000000000000000000e+00,1.572647346141323688e+01,1.668482353025564407e+03,7.426458538653103005e+02,6.232367307066192019e+00,9.827750436899444608e+00,1.345017983985938059e+01
0.000000000000000000e+00,1.570047001306340562e+01,1.686291910751224123e+03,7.427127097650263750e+02,6.102350065317027727e+00,9.800035412403168777e+00,1.345082891302716632e+01
0.000000000000000000e+00,1.574708563985675625e+01,1.702436560640850303e+03,7.425928676995748674e+02,6.099999999999999645e+00,9.849708472738484488e+00,1.345147787516560989e+01
0.000000000000000000e+00,1.579710192119826928e+01,1.718599883675757610e+03,7.424643260615169993e+02,6.099999999999999645e+00,9.903005346628804162e+00,1.345212672625383199e+01
0.000000000000000000e+00,1.584711820253988535e+01,1.734846906215527042e+03,7.423358289164609687e+02,6.099999999999999645e+00,9.956302220519239299e+00,1.345277546627096044e+01
0.000000000000000000e+00,1.589909936347915043e+01,1.751482841976896907e+03,7.422023309769156185e+02,6.099999999999999645e+00,1.001169285142872134e+01,1.345342409519611770e+01
4.715076522301469009e-01,1.590000000000000036e+01,1.757629364924679749e+03,7.422000183198441619e+02,6.147150765223014623e+00,1.001265256114294466e+01,1.345407261300843338e+01
9.716704656463116541e-01,1.590000000000000036e+01,1.763477652074310981e+03,7.422000183198441619e+02,6.197167046564630688e+00,1.001265256114294466e+01,1.345472101968704770e+01
1.471833279062476407e+00,1.590000000000000036e+01,1.769325939223942214e+03,7.422000183198441619e+02,6.247183327906247641e+00,1.001265256114294466e+01,1.345536931521109381e+01
1.959660893321586661e+00,1.590000000000000036e+01,1.775134154697052509e+03,7.422000183198441619e+02,6.299137997686564461e+00,1.001265256114294466e+01,1.345601749955970838e+01
4.124715076521970225e+00,1.594721589058937639e+01,1.783403458990459058e+03,7.420788008437349390e+02,6.229176164115934000e+00,1.006292191810460501e+01,1.345666557271204766e+01
6.375447736894711781e+00,1.599723217193099423e+01,1.791806071225807273e+03,7.419504370969964384e+02,6.154151742103509903e+00,1.011617276796196485e+01,1.345731353464725011e+01
8.626180397262796617e+00,1.604724845327250904e+01,1.800241882651612514e+03,7.418221177509383324e+02,6.079127320091239461e+00,1.016942361781921633e+01,1.345796138534447728e+01
1.084619837328501468e+01,1.609688250743109350e+01,1.808708286739417417e+03,7.416948228788705819e+02,6.002669546142457513e+00,1.022226857135540712e+01,1.345860912478287830e+01
1.549169651579525642e+01,1.617092152393360749e+01,1.817350051349001433e+03,7.415050185978478794e+02,5.976359492022130127e+00,1.030101356945701596e+01,1.345925675294160762e+01
2.024324324323898949e+01,1.624594594594587704e+01,1.826033127972792045e+03,7.413127872061550079e+02,5.951351351351373609e+00,1.038080405771218118e+01,1.345990426979983923e+01
2.499478997069255826e+01,1.632097036795829936e+01,1.834752537611280559e+03,7.411206554586439097e+02,5.926343210680566465e+00,1.046059454596751159e+01,1.346055167533672936e+01
2.968266184152678377e+01,1.639655972478885460e+01,1.843574493334824183e+03,7.409271776878492801e+02,5.902007611459907821e+00,1.054098739945015417e+01,1.346119896953145911e+01
3.946922826439969612e+01,1.644734614132199724e+01,1.849522555008697054e+03,7.407972419424727377e+02,5.757961576034005269e+00,1.059494475663656132e+01,1.346184615236319004e+01
4.947248453272300139e+01,1.649736242266361330e+01,1.855396860128862272e+03,7.406693211391890372e+02,5.607912732009155299e+00,1.064808156103183023e+01,1.346249322381110858e+01
5.947574080104629957e+01,1.654737870400522937e+01,1.861287505974859869e+03,7.405414445069843623e+02,5.457863887984306217e+00,1.070121836542709914e+01,1.346314018385439049e+01
6.943778989360680498e+01,1.659677687771061372e+01,1.867117643786601548e+03,7.404151914921574189e+02,5.302252075234584971e+00,1.075369961501118965e+01,1.346378703247221331e+01
8.185281667209024192e+01,1.669482253337672617e+01,1.879196606031365036e+03,7.401647316665339531e+02,5.442233800065082505e+00,1.085773286872051635e+01,1.346443376964378125e+01
9.435688700749436464e+01,1.679485509605995830e+01,1.891603211618393743e+03,7.399093707811275635e+02,5.592282644089931587e+00,1.096387105632778081e+01,1.346508039534827716e+01
1.068609573428726094e+02,1.689488765874298082e+01,1.904082158912305886e+03,7.396541860367595973e+02,5.742331488114471583e+00,1.107000924393482677e+01,1.346572690956488927e+01
1.198212153014467845e+02,1.699544157870983696e+01,1.916708202428225150e+03,7.393978486818933789e+02,5.895117457878341405e+00,1.117670341429533742e+01,1.346637331227283063e+01
1.192878541191791442e+02,1.707121458808208558e+01,1.925911041462147978e+03,7.392048014127522038e+02,5.947476392054723782e+00,1.125698690031325810e+01,1.346701960345129478e+01
1.185376098990564486e+02,1.714623901009435158e+01,1.935047899378354032e+03,7.390137606567167268e+02,5.997492673396236817e+00,1.133647293968150116e+01,1.346766578307948414e+01
1.177873656789322041e+02,1.722126343210677746e+01,1.944222700523326466e+03,7.388228186206584951e+02,6.047508954737852882e+00,1.141595897904990764e+01,1.346831185113661356e+01
1.170102055661024139e+02,1.729628785411920333e+01,1.953464337940596806e+03,7.386319752280777493e+02,6.098123367028480679e+00,1.149544681262901236e+01,1.346895780760189609e+01
1.227049820905178734e+02,1.737131227613147644e+01,1.961278582066575609e+03,7.384412304025532876e+02,6.123770758710490369e+00,1.157483604418456480e+01,1.346960365245454661e+01
1.287069358515118438e+02,1.744633669814389876e+01,1.969072957261543252e+03,7.382505840677417837e+02,6.148778899381299290e+00,1.165422212403745128e+01,1.347024938567378882e+01
1.347088896125058284e+02,1.752136112015632463e+01,1.976891703689068891e+03,7.380600361473808562e+02,6.173787040052108210e+00,1.173360820389033776e+01,1.347089500723883759e+01
1.406365011938076464e+02,1.759638554216859063e+01,1.985011839631452176e+03,7.378695865652850898e+02,6.198165450720997782e+00,1.181299603357839878e+01,1.347154051712893086e+01
1.529016606968361600e+02,1.767140996418101651e+01,1.981107501776510844e+03,7.376792352453481953e+02,6.342819928362033899e+00,1.189228593340617657e+01,1.347218591532329235e+01
1.654057310322402827e+02,1.774643438619343883e+01,1.976811519665329342e+03,7.374889821115426685e+02,6.492868772386883869e+00,1.197157280342904784e+01,1.347283120180115645e+01
1.779098013676185701e+02,1.782145880820570838e+01,1.972425352078165133e+03,7.372988270879193351e+02,6.642917616411422976e+00,1.205085967345175746e+01,1.347347637654176822e+01
1.902880149334569921e+02,1.789611223778938154e+01,1.968057815851092528e+03,7.371097096569942551e+02,6.792224475578762188e+00,1.212975642108644614e+01,1.347412143952436203e+01
2.126906545099367634e+02,1.799534353630741279e+01,1.942820182636477284e+03,7.368584799935071032e+02,6.990687072614828246e+00,1.223447764285037387e+01,1.347476639072818827e+01
2.354480625203722752e+02,1.809537609899064847e+01,1.916272497668870983e+03,7.366053949726359633e+02,7.190752197981294280e+00,1.234004042563692494e+01,1.347541123013249376e+01
2.582054705307606923e+02,1.819540866167367099e+01,1.889305191554709609e+03,7.363524837437145152e+02,7.390817323347344647e+00,1.244560320842326462e+01,1.347605595771652354e+01
2.811340443885005129e+02,1.829883832209228345e+01,1.861806974381847340e+03,7.360911663931294697e+02,7.591335395078529835e+00,1.255475089477246797e+01,1.347670057345954930e+01
2.958436991208201334e+02,1.830000000000000071e+01,1.839674591747071872e+03,7.360882322708901029e+02,7.767079127320243970e+00,1.255597679511282649e+01,1.347734507734082143e+01
3.103484207098589422e+02,1.830000000000000071e+01,1.817691181907933242e+03,7.360882322708901029e+02,7.942136112015539595e+00,1.255597679511282649e+01,1.347798946933960096e+01
3.248531422989277075e+02,1.830000000000000071e+01,1.795707772068749591e+03,7.360882322708901029e+02,8.117193096711197597e+00,1.255597679511282649e+01,1.347863374943516135e+01
3.394241370448211228e+02,1.830000000000000071e+01,1.773682525728387418e+03,7.360882322708901029e+02,8.298077548644881674e+00,1.255597679511282649e+01,1.347927791760676719e+01
3.505164441549923140e+02,1.834780201888633044e+01,1.753971009125970113e+03,7.359675229436247719e+02,8.276098990556837620e+00,1.187133044755355549e+01,1.347992197383369195e+01
3.615200260501479192e+02,1.839781830022794296e+01,1.734181603181292530e+03,7.358412645517753390e+02,8.251090849886027812e+00,1.115497023648246788e+01,1.348056591809522153e+01
3.725236079453035813e+02,1.844783458156956257e+01,1.714249086450903860e+03,7.357150494728346075e+02,8.226082709215219779e+00,1.043861002541137495e+01,1.348120975037063118e+01
3.838859256574065171e+02,1.849752473944110065e+01,1.694127046705606062e+03,7.355897002150511526e+02,8.201482222881928408e+00,9.698895231442120846e+00,1.348185347063920858e+01
3.720332139368272237e+02,1.857180071637903751e+01,1.676453088101252433e+03,7.354024099965243977e+02,8.128199283620961779e+00,1.050309836681630493e+01,1.348249707888023785e+01
3.595291436014230726e+02,1.864682513839145983e+01,1.658639917024798706e+03,7.352133293211935552e+02,8.053174861608537682e+00,1.135116853724686337e+01,1.348314057507301555e+01
3.470250732660448421e+02,1.872184956040372938e+01,1.640618364916123255e+03,7.350243458506357683e+02,7.978150439596269017e+00,1.219923870767567031e+01,1.348378395919683470e+01
3.343580900153427251e+02,1.879687398241615526e+01,1.622046885572495739e+03,7.348354595099111748e+02,7.900732883034983445e+00,1.306975573924643896e+01,1.348442723123099185e+01
3.289671116899993990e+02,1.887189840442857758e+01,1.616940094719233230e+03,7.346466702241583562e+02,7.995864539238106694e+00,1.315825513118023871e+01,1.348507039115479955e+01
3.237154021491296589e+02,1.894692282644100700e+01,1.611969865815805633e+03,7.344579779185920643e+02,8.095897101921339711e+00,1.323715251828229178e+01,1.348571343894755614e+01
3.184636926082707760e+02,1.902194724845327300e+01,1.606913382212580473e+03,7.342693825185048127e+02,8.195929664604367559e+00,1.331604990538418321e+01,1.348635637458857062e+01
3.133174409126232263e+02,1.909931077304769431e+01,1.601831097903751015e+03,7.340750085935808329e+02,8.295962227287599688e+00,1.339740714591706450e+01,1.348699919805716618e+01
2.897212634320733287e+02,1.910000000000000142e+01,1.590473465881303582e+03,7.340732773151443098e+02,8.395994789970831818e+00,1.339813195264264323e+01,1.348764190933265184e+01
2.654633669814395489e+02,1.910000000000000142e+01,1.578919989181251822e+03,7.340732773151443098e+02,8.496027352653857889e+00,1.339813195264264323e+01,1.348828450839434545e+01
2.412054705307555196e+02,1.910000000000000142e+01,1.567366512481176414e+03,7.340732773151443098e+02,8.596059915337090018e+00,1.339813195264264323e+01,1.348892699522158267e+01
2.170549237361717871e+02,1.910000000000000142e+01,1.555834401235805672e+03,7.340732773151443098e+02,8.699137572920012218e+00,1.339813195264264323e+01,1.348956936979368315e+01
1.847593617714113634e+02,1.893178117876913902e+01,1.542846671433597294e+03,7.344960525423721265e+02,8.579843699120813127e+00,1.322108517761198954e+01,1.349021163208998253e+01
1.522487788993606443e+02,1.875672419407348102e+01,1.529898404105921827e+03,7.349365311390333773e+02,8.454802995766771190e+00,1.303684137920596875e+01,1.349085378208981822e+01
1.197381960273099395e+02,1.858166720937781946e+01,1.517027066487541333e+03,7.353775383643187524e+02,8.329762292412731028e+00,1.285259758079995329e+01,1.349149581977252232e+01
8.675882345580190247e+01,1.840453142872988579e+01,1.504225875378641831e+03,7.358243217915770629e+02,8.206887001509617363e+00,1.266617059021482028e+01,1.349213774511744290e+01
7.517127971344162063e+01,1.832780853142294575e+01,1.491939310253819713e+03,7.360180055430294033e+02,7.742787365678645450e+00,1.258526121649257767e+01,1.349277955810392626e+01
6.391761641157791018e+01,1.825278410941051987e+01,1.479740569957725711e+03,7.362075003881983548e+02,7.267632692933289285e+00,1.250613804943066221e+01,1.349342125871131692e+01
5.266395310973748423e+01,1.817775968739825032e+01,1.467619290617004935e+03,7.363970928329999879e+02,6.792478020188917220e+00,1.242701488236890839e+01,1.349406284691897540e+01
4.131731234037759748e+01,1.810230137053751065e+01,1.455227982153667881e+03,7.365878803063753821e+02,6.317323347443559278e+00,1.234743524770641976e+01,1.349470432270625153e+01
3.497590361445003992e+01,1.805180722891559952e+01,1.458698318749612781e+03,7.367156039890413695e+02,5.842168674698203112e+00,1.229412896807388478e+01,1.349534568605251472e+01
2.872386844676091400e+01,1.800179094757408649e+01,1.462355553183468828e+03,7.368421626298035108e+02,5.367014001953829272e+00,1.224132580429384909e+01,1.349598693693712192e+01
2.247183327905885264e+01,1.795177466623247042e+01,1.465973845344393567e+03,7.369687647604592939e+02,4.891859329208473106e+00,1.218852264051370504e+01,1.349662807533944076e+01
1.617019490840112539e+01,1.790128940915381506e+01,1.469482432434647308e+03,7.370965981098433986e+02,4.411931153425435070e+00,1.213522477981599401e+01,1.349726910123885126e+01
1.262194724845389437e+01,1.787587105177466995e+01,1.489586776099200961e+03,7.371609765139562569e+02,4.182839465972036486e+00,1.210837389324925795e+01,1.349791001461472284e+01
9.120807554540741435e+00,1.785086291110386369e+01,1.510152915211533582e+03,7.372243269288425154e+02,3.957766199934761975e+00,1.208195591390519219e+01,1.349855081544643021e+01
5.619667860627588496e+00,1.782585477043305389e+01,1.530650467118308597e+03,7.372876882331278239e+02,3.732692933897487464e+00,1.205553793456112999e+01,1.349919150371336407e+01
2.046777391340759866e+00,1.780107441000160051e+01,1.551115153559007013e+03,7.373504831672389628e+02,3.501469601399457954e+00,1.202975965708624351e+01,1.349983207939490448e+01
1.516769781829789165e+00,1.775167697818298151e+01,1.569059175095557066e+03,7.374756911815276226e+02,3.548323021817020972e+00,1.160525678287171125e+01,1.350047254247044215e+01
1.016606968413624523e+00,1.770166069684136545e+01,1.586827017138510882e+03,7.376025111266649219e+02,3.598339303158637481e+00,1.116746695955851898e+01,1.350111289291937489e+01
5.164441549984944979e-01,1.765164441549985241e+01,1.604466057144668184e+03,7.377293746964666070e+02,3.648355584500150517e+00,1.072967713624623087e+01,1.350175313072109518e+01
3.025612894359264171e-03,1.760118627653530154e+01,1.622391115826105306e+03,7.378574032522197967e+02,3.698106751268007919e+00,1.029162693501412029e+01,1.350239325585500438e+01
0.000000000000000000e+00,1.757580592640831085e+01,1.623466707084149675e+03,7.379218181603591802e+02,3.772582220775074990e+00,9.872689706967442191e+00,1.350303326830050921e+01
0.000000000000000000e+00,1.755079778573755078e+01,1.624412350580116254e+03,7.379852994193481663e+02,3.847606642787344544e+00,9.454117680321260764e+00,1.350367316803701101e+01
0.000000000000000000e+00,1.752578964506674453e+01,1.625350517814681325e+03,7.380487916014917573e+02,3.922631064799769085e+00,9.035545653674212474e+00,1.350431295504392715e+01
0.000000000000000000e+00,1.750120936957720019e+01,1.626305011146383322e+03,7.381112081333150172e+02,3.997655486812194070e+00,8.606231581162340660e+00,1.350495262930066609e+01
0.000000000000000000e+00,1.737886681862589100e+01,1.585246129158005033e+03,7.384220289176344068e+02,4.072679908824463624e+00,8.853081198451683065e+00,1.350559219078665940e+01
0.000000000000000000e+00,1.725382611527184906e+01,1.543401410399865881e+03,7.387399751757920967e+02,4.147704330836888609e+00,9.110307466587970637e+00,1.350623163948132088e+01
0.000000000000000000e+00,1.712878541191781068e+01,1.502104062581003973e+03,7.390581953514779343e+02,4.222728752849313594e+00,9.367533734724258210e+00,1.350687097536407144e+01
0.000000000000000000e+00,1.700426168502010782e+01,1.461321165072381291e+03,7.393753723930883552e+02,4.299614290103463965e+00,9.631140961425231239e+00,1.350751019841434974e+01
0.000000000000000000e+00,1.683018560729398061e+01,1.423259644546508980e+03,7.398192219446414128e+02,4.275740801041997941e+00,7.032876940480064398e+00,1.350814930861158203e+01
0.000000000000000000e+00,1.665512862259832261e+01,1.385873224249403165e+03,7.402661102479265764e+02,4.250732660371189908e+00,4.353034798096613756e+00,1.350878830593521229e+01
0.000000000000000000e+00,1.648007163790303053e+01,1.349117174029979878e+03,7.407135387638927568e+02,4.225724519700432502e+00,1.673192655718706234e+00,1.350942719036467388e+01
0.000000000000000000e+00,1.630268713229533617e+01,1.312991949228098747e+03,7.411674683925092495e+02,4.200117873652244427e+00,-1.070784599860951758e+00,1.351006596187941611e+01
0.000000000000000000e+00,1.625141647671763323e+01,1.276636095582881353e+03,7.412987742325377667e+02,4.467209378053020430e+00,5.038339343913739166e-01,1.351070462045888654e+01
0.000000000000000000e+00,1.620140019537612375e+01,1.240486022078281621e+03,7.414269125723733396e+02,4.742298925431342127e+00,2.137892640155395263e+00,1.351134316608253627e+01
0.000000000000000000e+00,1.615138391403450413e+01,1.204550946390320405e+03,7.415550952189674945e+02,5.017388472810233147e+00,3.771951345922798016e+00,1.351198159872981286e+01
0.000000000000000000e+00,1.610186151470350069e+01,1.168009564088828483e+03,7.416820557967478180e+02,5.297759813913717863e+00,5.443659294709327412e+00,1.351261991838018162e+01
2.432432432431313463e-01,1.597837837837843544e+01,1.168090040633259832e+03,7.419988189972639248e+02,5.324324324324313018e+00,3.655379730464911159e+00,1.351325812501310253e+01
4.933246499512137229e-01,1.585333767502439350e+01,1.168245308093161384e+03,7.423198535395004001e+02,5.349332464995121050e+00,1.809597508881912509e+00,1.351389621860804802e+01
7.434060566592961550e-01,1.572829697167035334e+01,1.168315591673671179e+03,7.426411660007454429e+02,5.374340605665929971e+00,-3.618471270108589849e-02,1.351453419914448340e+01
9.886041721681922967e-01,1.560294880183369060e+01,1.168302257687302472e+03,7.429635478718183776e+02,5.399016682535176415e+00,-1.922814797203884929e+00,1.351517206660187576e+01
4.897101921199096708e+00,1.550257245197002298e+01,1.167461483920464843e+03,7.432219067822366014e+02,5.497427548029977018e+00,7.969536530166264621e-01,1.351580982095971351e+01
8.898404428528415622e+00,1.540253988928679085e+01,1.166558596289137313e+03,7.434795596589236766e+02,5.597460110713210035e+00,3.596855598841928625e+00,1.351644746219746374e+01
1.289970693584945494e+01,1.530250732660376478e+01,1.165613923207214839e+03,7.437373912387022301e+02,5.697492673396236995e+00,6.396757544661437755e+00,1.351708499029461841e+01
1.684667531503390947e+01,1.520035382646224242e+01,1.164606607816751875e+03,7.440008741586020733e+02,5.796946798590845162e+00,9.256024328866764961e+00,1.351772240523066770e+01
3.480429827419316524e+01,1.522438944969067620e+01,1.166423271725448103e+03,7.439388626179578523e+02,5.970726147834729325e+00,6.446244235928144661e+00,1.351835970698510003e+01
5.306024096384540911e+01,1.524939759036143094e+01,1.168292249980214592e+03,7.438743530250731055e+02,6.145783132530024950e+00,3.555033217948954771e+00,1.351899689553740735e+01
7.131618365353541833e+01,1.527440573103224075e+01,1.170163853395191154e+03,7.438098546189320359e+02,6.320840117225682064e+00,6.638221999637826665e-01,1.351963397086709584e+01
8.947778934043542165e+01,1.529916058331199480e+01,1.172017122643182120e+03,7.437460204792550940e+02,6.495109093593621097e+00,-2.285954562398702983e+00,1.352027093295365567e+01
1.200390752197802016e+02,1.537326603712141448e+01,1.178437900734689720e+03,7.435549938206685283e+02,6.768642136111855834e+00,-9.454426392249382083e-01,1.352090778177660546e+01
1.507990882448743264e+02,1.544829045913384036e+01,1.184978054421054821e+03,7.433616982070420818e+02,7.043731683490745965e+00,4.366593122935926718e-01,1.352154451731545137e+01
1.815591012699684654e+02,1.552331488114626445e+01,1.191550477879271966e+03,7.431685030661020619e+02,7.318821230869636096e+00,1.818761263812123996e+00,1.352218113954970313e+01
2.122470548595864273e+02,1.559813253289909873e+01,1.198283059117011589e+03,7.429759403518586396e+02,7.592927981335836130e+00,3.227527106896607378e+00,1.352281764845887579e+01
2.513936828394683971e+02,1.569781830022794367e+01,1.194948214689885162e+03,7.427195280816204104e+02,7.991273200911780172e+00,2.514181571552553507e+00,1.352345404402249684e+01
2.906564636926373737e+02,1.579785086291117757e+01,1.191420682891677188e+03,7.424624016225481000e+02,8.391403451644711353e+00,1.780669939600254104e+00,1.352409032622008311e+01
3.299192445457250074e+02,1.589788342559420364e+01,1.187793117928805259e+03,7.422054531341183292e+02,8.791533702376815640e+00,1.047158307649472153e+00,1.352472649503116919e+01
3.691212444615496224e+02,1.599791598827743755e+01,1.184101074006428234e+03,7.419486824316190905e+02,9.194106048315443758e+00,3.082942225138665671e-01,1.352536255043528257e+01
4.155460761967115104e+02,1.609794855096066968e+01,1.171758376541809412e+03,7.416920893305964455e+02,9.395897101921340422e+00,-1.052459820230435515e-02,1.352599849241196139e+01
4.620612178443186053e+02,1.619798111364369575e+01,1.159059582457125316e+03,7.414356736468515692e+02,9.595962227287390789e+00,-3.259865027808747651e-01,1.352663432094074025e+01
5.085763594920219361e+02,1.629801367632692788e+01,1.146145385382508948e+03,7.411794351964381349e+02,9.796027352653856823e+00,-6.414484073600977831e-01,1.352727003600116440e+01
5.551831016867205335e+02,1.639769995058122731e+01,1.132893097776209061e+03,7.409242598998270068e+02,9.999555362309678230e+00,-9.623705742976718103e-01,1.352790563757278264e+01
5.922891566264795529e+02,1.654711820253978161e+01,1.128663290840295531e+03,7.405421104167204476e+02,9.926440898730108486e+00,-3.647342575164703726e-01,1.352854112563513311e+01
6.293012048192757675e+02,1.669716704656462980e+01,1.124295947534445077e+03,7.401587446286330305e+02,9.851416476717684390e+00,2.455222343373394400e-01,1.352917650016778239e+01
6.663132530120719821e+02,1.684721589058948155e+01,1.119729816352361468e+03,7.397757755587906559e+02,9.776392054705258516e+00,8.557787261911492527e-01,1.352981176115028639e+01
7.033784981520943802e+02,1.699748693316540837e+01,1.114946215052587831e+03,7.393926363654485385e+02,9.700145540660354726e+00,1.475975842397113214e+00,1.353044690856219390e+01
7.344448062520330041e+02,1.712276131553239367e+01,1.111612491818546232e+03,7.390735331936615466e+02,9.773656789319435489e+00,1.200657694422755606e+00,1.353108194238308570e+01
7.654549006838352625e+02,1.724780201888643560e+01,1.108161369989323703e+03,7.387552998124913302e+02,9.848681211331859586e+00,9.190217142803930317e-01,1.353171686259251771e+01
7.964649951155732879e+02,1.737284272224021464e+01,1.104577467461042261e+03,7.384373403658972848e+02,9.923705633344129140e+00,6.373857341386129916e-01,1.353235166917006005e+01
8.275528020951286408e+02,1.749771006182517752e+01,1.100898437299139687e+03,7.381200947627507958e+02,9.999874256232457626e+00,3.514545108404669715e-01,1.353298636209529882e+01
8.498804949527967665e+02,1.764750895473795822e+01,1.080424585305489018e+03,7.377398660204565886e+02,1.000000000000000000e+01,2.151488662008153252e+00,1.353362094134780413e+01
8.721377401497700248e+02,1.779755779876249733e+01,1.059204393779202974e+03,7.373593953441441045e+02,1.000000000000000000e+01,3.982996938951576471e+00,1.353425540690716566e+01
8.943949853467894400e+02,1.794760664278734907e+01,1.037474260882492899e+03,7.369793169018021217e+02,1.000000000000000000e+01,5.814505215898788215e+00,1.353488975875296596e+01
9.169681506365484438e+02,1.809872038600120803e+01,1.015145720484547383e+03,7.365969368750675130e+02,1.000000000000000000e+01,7.655681131630952763e+00,1.353552399686479291e+01
9.096147834581632878e+02,1.814923477694557619e+01,1.001674934152215542e+03,7.364692030846687203e+02,1.004923477694557832e+01,8.500085960190792989e+00,1.353615812122223794e+01
9.021123412569208995e+02,1.819925105828719580e+01,9.881701397048494755e+02,7.363427725181677488e+02,1.009925105828719438e+01,9.338643573417231281e+00,1.353679213180490848e+01
8.946098990556783974e+02,1.824926733962881187e+01,9.745696683190242311e+02,7.362163853531951645e+02,1.014926733962881045e+01,1.017720118664366957e+01,1.353742602859239241e+01
8.870090390521871768e+02,1.829928362097032490e+01,9.607530630533825615e+02,7.360900415674065016e+02,1.019900242724956740e+01,1.102544025608641398e+01,1.353805981156430782e+01
8.990784760664254236e+02,1.834929990231194097e+01,9.579477586742491440e+02,7.359637411384719599e+02,1.032324975577984993e+01,1.108047643652842140e+01,1.353869348070025325e+01
9.113324649951214269e+02,1.839931618365355348e+01,9.551519254036680877e+02,7.358374840440777689e+02,1.044829045913389010e+01,1.113394937075418589e+01,1.353932703597984677e+01
9.235864539237920781e+02,1.844933246499507007e+01,9.523280559157625476e+02,7.357112702619249376e+02,1.057333116248767269e+01,1.118742230497983670e+01,1.353996047738270114e+01
9.359877741622500480e+02,1.849995009862142936e+01,9.494759201795079662e+02,7.355835830723442541e+02,1.069987524655356914e+01,1.124044557172771697e+01,1.354059380488842734e+01
9.088492347769335993e+02,1.842595245848254493e+01,9.466223854767154080e+02,7.357702632417816631e+02,1.060126994464339489e+01,1.153998386980771684e+01,1.354122701847666477e+01
8.813402800391014580e+02,1.835092803647027893e+01,9.437722500142166382e+02,7.359596305247791861e+02,1.050123738196036882e+01,1.184231281302636951e+01,1.354186011812702795e+01
8.538313253012124733e+02,1.827590361445785305e+01,9.409254960645130268e+02,7.361490953088625702e+02,1.040120481927713669e+01,1.214464175624564568e+01,1.354249310381914917e+01
8.263932263743106432e+02,1.820006075099231069e+01,9.380511523825358609e+02,7.363407261502158008e+02,1.030146987166776285e+01,1.244800397564216254e+01,1.354312597553266961e+01
7.820071637903402006e+02,1.834829045913368617e+01,9.550866815144655675e+02,7.359662897420222407e+02,1.012699446434403505e+01,1.260674540527187126e+01,1.354375873324721269e+01
7.374926733963014840e+02,1.849833930315853436e+01,9.725561610382278559e+02,7.355876457515200855e+02,9.951937479648377050e+00,1.276482974462768283e+01,1.354439137694242845e+01
6.929781830022628810e+02,1.864838814718338256e+01,9.902590640678154159e+02,7.352093911743621675e+02,9.776880494952719047e+00,1.292291408398349439e+01,1.354502390659796518e+01
6.483701267492800753e+02,1.879917039935927647e+01,1.008347016078889283e+03,7.348296794483319445e+02,9.600112224570933606e+00,1.308177205207570104e+01,1.354565632219346583e+01
6.195402149137186143e+02,1.884949527841092376e+01,1.009889446031158286e+03,7.347030346432673014e+02,9.748485835232772345e+00,1.313470603739821740e+01,1.354628862370858577e+01
5.907808531422891747e+02,1.889951155975253982e+01,1.011407188027572829e+03,7.345772096984250084e+02,9.898534679257620539e+00,1.318731494908580260e+01,1.354692081112298041e+01
5.620214913709191933e+02,1.894952784109405286e+01,1.012923354145959365e+03,7.344514278436615768e+02,1.004858352328216142e+01,1.323992386077328121e+01,1.354755288441630334e+01
5.333237208528704514e+02,1.899997540215041880e+01,1.014430432679430510e+03,7.343246050271366130e+02,1.019927928687913088e+01,1.329298640787352248e+01,1.354818484356822417e+01
4.856698143926914781e+02,1.895043959622271146e+01,1.019972372531396559e+03,7.344491353450367797e+02,1.024956040377728606e+01,1.324088287739262526e+01,1.354881668855840893e+01
4.379042657115466000e+02,1.890042331488120197e+01,1.025498397426315933e+03,7.345749164145094028e+02,1.029957668511880087e+01,1.318827396570514843e+01,1.354944841936652900e+01
3.901387170303028142e+02,1.885040703353958591e+01,1.030979006094966280e+03,7.347007405736572991e+02,1.034959296646041693e+01,1.313566505401756146e+01,1.355008003597225752e+01
3.423703513925332800e+02,1.880057707445334358e+01,1.036391598057618239e+03,7.348261388782484573e+02,1.039998189231277870e+01,1.308325236235068090e+01,1.355071153835527120e+01
2.953520026050673550e+02,1.865112341256936190e+01,1.055553790964755763e+03,7.352024995189236733e+02,1.027593617714113705e+01,1.292579582975311858e+01,1.355134292649525207e+01
2.483366981439478707e+02,1.850107456854451371e+01,1.074343466771454587e+03,7.355807470029769775e+02,1.015089547378709689e+01,1.276771149039730702e+01,1.355197420037189104e+01
2.013213936828283863e+02,1.835102572451966552e+01,1.092679577768579747e+03,7.359593838894181772e+02,1.002585477043305495e+01,1.260962715104149545e+01,1.355260535996486304e+01
1.542201412065085151e+02,1.820097688049481377e+01,1.110535642960714085e+03,7.363384107798863170e+02,9.900994659688212352e+00,1.245154403350460370e+01,1.355323640525387496e+01
1.284093129273974796e+02,1.805092803647027466e+01,1.142350066644390836e+03,7.367178282772597413e+02,9.701237381960369888e+00,1.229307008401262635e+01,1.355386733621861417e+01
1.026509280364650039e+02,1.790087919244542647e+01,1.173521014869331793e+03,7.370976369856620067e+02,9.501172256593902077e+00,1.213459481119954297e+01,1.355449815283878934e+01
7.689254314553251390e+01,1.775083034842057828e+01,1.203995270599592004e+03,7.374778375104618817e+02,9.301107131227437819e+00,1.197611953838645604e+01,1.355512885509409848e+01
5.107423045873569123e+01,1.760071266209127216e+01,1.233774730783795803e+03,7.378586051651086564e+02,9.101317375080455463e+00,1.181757246588253096e+01,1.355575944296424495e+01
4.154640182350865274e+01,1.747561055030932309e+01,1.265856822084412443e+03,7.381762222851785964e+02,8.751709540866107417e+00,1.168514265821537990e+01,1.355638991642894453e+01
3.204330836860152942e+01,1.735056984695528115e+01,1.297358842434203552e+03,7.384939568565166610e+02,8.401595571474793189e+00,1.155277703863431427e+01,1.355702027546791477e+01
2.254021491371405617e+01,1.722552914360150211e+01,1.328278989356802640e+03,7.388119650718100502e+02,8.051481602084201938e+00,1.142041141905352575e+01,1.355765052006087146e+01
1.301826821271378165e+01,1.710028398775223479e+01,1.358641446200417022e+03,7.391307679299490019e+02,7.701145006642530433e+00,1.128782967340415411e+01,1.355828065018753570e+01
1.001074568544204091e+01,1.705017909475736815e+01,1.380504545430489770e+03,7.392583835218817967e+02,7.450895473786837364e+00,1.123471168208353888e+01,1.355891066582763216e+01
7.009768804951260535e+00,1.700016281341585511e+01,1.402200827042780020e+03,7.393858173821139417e+02,7.200814067079272185e+00,1.118168749215428903e+01,1.355954056696089438e+01
4.008791924454271793e+00,1.695014653207423905e+01,1.423744837795311241e+03,7.395132951841912927e+02,6.950732660371190086e+00,1.112866330222492728e+01,1.356017035356705058e+01
1.001305268126570169e+00,1.690008750978019947e+01,1.445148521126645846e+03,7.396409259422850937e+02,6.700617510805931154e+00,1.107576642777895692e+01,1.356080002562584141e+01
7.505698469555419639e-01,1.687505698469555426e+01,1.459145742143022517e+03,7.397047604292745291e+02,6.475512862259987124e+00,9.460113796860081692e+00,1.356142958311700575e+01
5.004884402474595317e-01,1.685004884402474801e+01,1.473086992659402313e+03,7.397685488347502769e+02,6.250439596222713945e+00,7.840508844019050905e+00,1.356205902602029312e+01
2.504070335393770996e-01,1.682504070335393820e+01,1.486980103314783264e+03,7.398323482427554154e+02,6.025366330185438990e+00,6.220903891178021006e+00,1.356268835431544062e+01
2.539816090690871775e-06,1.680000025398161156e+01,1.500832583060931938e+03,7.398962411016850638e+02,5.800108023403093505e+00,4.599206526362380920e+00,1.356331756798220844e+01
0.000000000000000000e+00,1.680000000000000071e+01,1.506551461281412003e+03,7.398962417497875776e+02,5.750048844024745698e+00,6.190191803649748969e+00,1.356394666700034080e+01
0.000000000000000000e+00,1.680000000000000071e+01,1.512267191819138361e+03,7.398962417497875776e+02,5.700032562683129633e+00,7.783267847342125734e+00,1.356457565134961563e+01
0.000000000000000000e+00,1.680000000000000071e+01,1.517982922356864719e+03,7.398962417497875776e+02,5.650016281341513569e+00,9.376343891034503386e+00,1.356520452100977892e+01
0.000000000000000000e+00,1.680000000000000071e+01,1.523698652894579254e+03,7.398962417497875776e+02,5.599999999999999645e+00,1.096941993472358767e+01,1.356583327596060151e+01
